age;experience_years;daily_work_hours;sleep_hours;caffeine_intake;bugs_per_day;commits_per_day;meetings_per_day;screen_time;exercise_hours;burnout_level
26.0;12.0;10.33;4.45;2.0;11.0;4.0;1.0;15.07;0.14;Medium
39.0;10.0;8.62;5.77;5.0;15.0;11.0;5.0;13.25;0.54;High
34.0;13.0;;4.03;5.0;2.0;18.0;9.0;11.18;1.54;Medium
30.0;1.0;6.85;6.47;2.0;15.0;26.0;1.0;11.14;0.96;Medium
27.0;7.0;4.24;5.8;;9.0;17.0;7.0;8.05;0.36;Low
40.0;2.0;10.25;6.78;0.0;19.0;27.0;4.0;15.15;0.78;Medium
26.0;;6.53;7.6;6.0;4.0;11.0;9.0;9.38;0.54;Medium
38.0;0.0;10.69;5.25;5.0;12.0;2.0;2.0;14.58;0.1;High
42.0;18.0;11.47;4.79;4.0;11.0;25.0;1.0;14.54;1.53;High
30.0;17.0;13.16;5.39;3.0;0.0;3.0;3.0;14.44;0.58;Medium
30.0;16.0;13.58;4.01;2.0;19.0;14.0;7.0;14.77;1.89;High
43.0;19.0;4.11;4.6;5.0;10.0;14.0;0.0;5.6;1.78;Low
;12.0;13.9;7.75;6.0;18.0;10.0;9.0;16.08;1.43;High
23.0;2.0;10.83;5.11;0.0;14.0;1.0;2.0;12.87;0.65;High
27.0;0.0;10.44;8.97;2.0;17.0;17.0;0.0;14.35;0.56;Medium
43.0;3.0;4.15;4.84;7.0;15.0;2.0;1.0;8.01;0.95;Low
22.0;12.0;12.61;7.94;5.0;6.0;17.0;9.0;17.5;0.71;High
41.0;16.0;5.45;7.53;3.0;9.0;13.0;6.0;7.69;1.8;Low
40.0;10.0;12.37;5.61;4.0;15.0;5.0;0.0;17.12;0.25;High
21.0;1.0;4.16;5.65;2.0;16.0;1.0;8.0;7.61;1.45;Medium
43.0;15.0;10.46;6.82;5.0;6.0;0.0;7.0;13.44;1.22;Medium
31.0;1.0;8.35;8.26;1.0;10.0;7.0;0.0;12.02;1.61;Low
25.0;18.0;6.01;5.93;0.0;16.0;9.0;9.0;9.82;1.08;Medium
21.0;18.0;5.08;4.31;4.0;4.0;19.0;0.0;6.77;1.26;Low
40.0;15.0;8.4;5.87;2.0;0.0;17.0;1.0;12.41;1.93;Low
20.0;18.0;5.23;5.04;5.0;2.0;19.0;1.0;9.13;0.18;Low
31.0;8.0;8.86;8.7;4.0;15.0;10.0;5.0;13.85;0.21;Medium
41.0;0.0;10.25;7.49;1.0;14.0;17.0;0.0;14.9;0.79;Medium
31.0;9.0;12.27;4.25;2.0;3.0;26.0;3.0;16.01;0.95;Medium
44.0;18.0;10.79;5.46;7.0;11.0;15.0;6.0;14.64;0.4;High
36.0;0.0;4.65;4.25;4.0;0.0;4.0;8.0;9.43;0.17;Medium
29.0;1.0;7.07;8.15;2.0;16.0;6.0;9.0;11.94;0.04;Medium
35.0;15.0;6.88;8.53;7.0;14.0;;2.0;11.19;1.53;Low
34.0;11.0;13.15;4.56;2.0;19.0;1.0;3.0;17.22;0.97;High
34.0;7.0;12.68;6.2;4.0;19.0;10.0;4.0;14.13;1.69;High
38.0;17.0;7.7;8.66;2.0;9.0;12.0;4.0;12.02;0.72;Low
31.0;1.0;4.71;4.73;1.0;10.0;19.0;1.0;6.72;1.41;Low
;12.0;12.94;5.46;4.0;17.0;23.0;4.0;16.2;0.98;High
39.0;5.0;12.88;5.52;5.0;1.0;27.0;9.0;15.5;1.22;High
44.0;5.0;12.55;4.15;6.0;5.0;15.0;0.0;14.93;0.74;High
22.0;8.0;12.45;4.18;4.0;15.0;29.0;6.0;14.69;0.16;High
24.0;15.0;8.8;8.76;1.0;6.0;13.0;4.0;13.22;1.89;Low
;10.0;5.77;6.86;1.0;18.0;6.0;5.0;9.85;1.67;Medium
26.0;6.0;8.77;5.53;1.0;11.0;6.0;8.0;11.86;0.62;High
40.0;9.0;8.95;5.89;7.0;17.0;11.0;2.0;12.61;1.92;High
28.0;9.0;8.9;7.57;5.0;9.0;11.0;0.0;;0.6;Medium
26.0;19.0;9.39;5.83;5.0;6.0;19.0;7.0;11.98;0.89;Medium
37.0;;6.58;5.14;6.0;3.0;0.0;1.0;9.78;1.51;Low
23.0;19.0;7.66;4.51;6.0;16.0;22.0;1.0;10.79;0.62;
44.0;8.0;8.34;7.64;2.0;16.0;5.0;9.0;13.08;0.65;High
33.0;14.0;5.31;4.9;2.0;3.0;7.0;3.0;7.72;0.82;Low
37.0;3.0;8.55;4.35;3.0;4.0;26.0;4.0;13.5;0.94;Low
28.0;7.0;12.1;6.13;6.0;0.0;12.0;0.0;14.32;0.25;Medium
40.0;8.0;12.28;4.2;6.0;18.0;;2.0;13.72;0.03;High
21.0;12.0;8.12;8.82;2.0;10.0;23.0;7.0;9.89;;
39.0;8.0;9.19;7.14;1.0;0.0;9.0;5.0;11.89;0.71;Medium
34.0;;4.34;4.76;3.0;7.0;26.0;2.0;7.94;0.2;Low
26.0;16.0;10.74;4.86;6.0;3.0;13.0;6.0;13.81;1.52;Medium
31.0;15.0;8.05;6.85;1.0;;23.0;5.0;10.56;0.59;Medium
27.0;14.0;8.45;5.78;0.0;16.0;8.0;4.0;11.7;;Medium
34.0;2.0;12.74;7.87;7.0;17.0;16.0;7.0;17.1;1.93;High
22.0;19.0;8.62;6.73;6.0;2.0;2.0;7.0;12.98;1.84;Medium
33.0;4.0;4.21;6.17;5.0;17.0;11.0;2.0;8.11;0.21;Medium
36.0;4.0;6.27;8.81;4.0;6.0;11.0;7.0;11.08;1.8;Low
;19.0;8.76;5.95;0.0;16.0;10.0;9.0;12.12;1.78;Medium
37.0;14.0;8.24;6.0;5.0;17.0;21.0;8.0;9.27;1.27;High
27.0;17.0;12.6;7.33;5.0;19.0;28.0;9.0;14.76;1.06;High
23.0;14.0;9.42;8.05;7.0;7.0;3.0;2.0;11.73;0.43;Medium
21.0;1.0;10.9;7.13;1.0;10.0;7.0;7.0;14.09;0.24;Medium
25.0;12.0;8.69;7.49;2.0;2.0;9.0;7.0;13.31;1.21;Low
41.0;3.0;8.4;5.86;4.0;6.0;13.0;6.0;12.75;1.64;Medium
29.0;9.0;8.46;6.4;2.0;14.0;29.0;7.0;10.39;1.38;High
23.0;12.0;8.11;4.99;2.0;9.0;0.0;0.0;11.19;0.36;Medium
41.0;9.0;9.39;7.4;6.0;11.0;11.0;2.0;13.03;0.58;Medium
37.0;8.0;6.5;5.11;4.0;11.0;4.0;5.0;11.45;1.09;Medium
31.0;7.0;12.91;4.01;4.0;18.0;13.0;6.0;14.04;1.25;High
21.0;2.0;7.33;8.67;0.0;18.0;3.0;6.0;10.19;0.14;Medium
29.0;15.0;5.48;5.53;1.0;14.0;27.0;5.0;10.43;1.23;Low
23.0;13.0;4.97;4.98;2.0;4.0;16.0;3.0;9.88;1.47;Low
33.0;8.0;4.13;5.34;7.0;12.0;25.0;4.0;6.45;0.36;Medium
35.0;10.0;8.23;5.65;1.0;8.0;21.0;8.0;9.23;0.49;Medium
34.0;2.0;5.88;6.37;1.0;9.0;25.0;0.0;9.23;0.52;Low
27.0;4.0;4.22;4.35;7.0;7.0;12.0;1.0;8.69;1.88;Low
33.0;9.0;9.2;4.26;6.0;8.0;2.0;4.0;11.5;0.81;Medium
;12.0;10.8;5.46;3.0;5.0;10.0;4.0;15.54;1.06;Medium
44.0;3.0;4.86;5.48;0.0;17.0;10.0;6.0;7.19;1.45;Medium
27.0;12.0;8.61;4.59;2.0;9.0;4.0;7.0;12.05;0.74;Medium
40.0;11.0;11.44;6.02;5.0;14.0;5.0;9.0;15.33;0.21;High
35.0;4.0;13.86;5.42;4.0;12.0;3.0;5.0;16.24;1.31;High
32.0;9.0;10.67;4.13;4.0;10.0;9.0;5.0;13.08;1.33;High
37.0;8.0;6.45;8.43;1.0;1.0;9.0;4.0;9.33;0.52;Low
34.0;19.0;11.17;8.43;7.0;7.0;11.0;4.0;15.51;0.07;High
40.0;6.0;9.98;5.05;0.0;17.0;21.0;7.0;11.38;1.33;High
43.0;1.0;6.12;4.81;0.0;2.0;22.0;4.0;9.65;1.41;Low
44.0;6.0;12.51;6.74;2.0;2.0;17.0;5.0;16.22;0.05;Medium
32.0;7.0;8.27;7.15;2.0;6.0;29.0;2.0;11.5;1.39;Low
28.0;6.0;13.62;8.79;1.0;17.0;14.0;4.0;18.36;1.88;Medium
34.0;13.0;11.23;5.89;1.0;8.0;22.0;8.0;14.64;0.36;Medium
32.0;18.0;10.45;7.09;1.0;17.0;22.0;2.0;13.99;1.04;Medium
20.0;4.0;11.28;8.39;3.0;0.0;17.0;7.0;14.68;1.39;Low
44.0;17.0;8.78;6.25;0.0;3.0;2.0;6.0;12.67;0.46;Low
26.0;19.0;9.05;4.61;1.0;3.0;2.0;3.0;10.59;1.5;Low
28.0;11.0;12.51;5.89;6.0;16.0;0.0;4.0;;1.74;High
43.0;16.0;10.81;4.68;0.0;1.0;16.0;7.0;11.98;1.63;Medium
20.0;12.0;12.97;4.08;5.0;14.0;9.0;9.0;16.53;0.52;High
31.0;1.0;12.91;7.76;4.0;12.0;26.0;6.0;16.37;1.61;High
27.0;12.0;13.76;5.19;4.0;8.0;5.0;9.0;15.59;0.83;High
43.0;6.0;11.0;4.01;0.0;6.0;24.0;9.0;12.16;0.53;Medium
30.0;9.0;9.02;8.36;5.0;11.0;24.0;1.0;10.58;0.34;Medium
38.0;5.0;5.66;6.22;4.0;11.0;10.0;7.0;7.75;1.82;Medium
36.0;2.0;11.05;5.19;4.0;13.0;13.0;7.0;15.58;0.85;High
27.0;2.0;6.92;5.31;4.0;14.0;16.0;8.0;11.34;1.73;Medium
22.0;17.0;6.83;5.2;2.0;0.0;27.0;1.0;8.09;0.32;Low
22.0;10.0;6.38;4.97;5.0;8.0;6.0;3.0;8.54;1.53;Low
20.0;19.0;12.75;8.21;7.0;15.0;21.0;1.0;17.31;0.22;Medium
24.0;4.0;12.68;4.85;2.0;8.0;3.0;3.0;;0.04;Medium
29.0;18.0;10.31;6.81;0.0;15.0;10.0;2.0;15.29;1.99;Medium
26.0;18.0;8.73;4.39;0.0;1.0;18.0;6.0;10.76;0.15;Medium
28.0;14.0;10.72;8.75;3.0;9.0;8.0;;14.68;0.92;Medium
26.0;15.0;10.07;7.02;7.0;17.0;25.0;6.0;12.74;1.76;High
28.0;8.0;8.16;8.52;2.0;12.0;20.0;1.0;9.7;1.64;Low
27.0;3.0;7.8;5.99;0.0;1.0;7.0;3.0;9.82;0.94;Low
31.0;14.0;7.83;8.05;7.0;12.0;19.0;5.0;11.53;1.22;Medium
21.0;11.0;9.89;8.27;2.0;2.0;3.0;4.0;12.24;1.26;Low
20.0;2.0;10.48;7.51;3.0;14.0;15.0;1.0;13.9;0.22;Medium
35.0;13.0;8.52;4.46;0.0;2.0;5.0;6.0;10.34;0.57;Medium
42.0;16.0;13.69;4.08;0.0;9.0;5.0;1.0;16.48;0.6;High
42.0;18.0;4.84;4.84;0.0;5.0;18.0;8.0;7.89;0.76;Medium
43.0;5.0;7.47;4.59;0.0;13.0;1.0;6.0;10.12;0.55;Medium
24.0;3.0;8.19;7.63;1.0;8.0;10.0;2.0;9.98;0.5;Low
22.0;6.0;4.17;6.79;5.0;17.0;24.0;5.0;7.02;0.71;High
31.0;18.0;7.65;6.63;5.0;;17.0;4.0;11.42;0.76;Medium
27.0;16.0;6.74;5.26;2.0;5.0;8.0;8.0;11.6;0.97;Medium
41.0;15.0;9.06;4.77;2.0;14.0;27.0;2.0;13.22;0.35;High
22.0;14.0;7.36;5.03;7.0;13.0;15.0;1.0;9.01;1.58;Medium
20.0;7.0;11.26;6.0;7.0;14.0;10.0;1.0;13.35;1.72;High
22.0;18.0;9.1;7.7;2.0;19.0;13.0;3.0;10.42;0.5;High
24.0;7.0;5.3;5.27;3.0;5.0;7.0;0.0;6.84;0.25;Low
34.0;17.0;11.5;7.49;6.0;11.0;26.0;8.0;13.5;1.44;High
33.0;;4.99;6.46;1.0;9.0;12.0;2.0;6.79;1.85;Low
22.0;19.0;;8.43;6.0;18.0;9.0;4.0;14.24;0.07;High
20.0;18.0;13.31;5.16;2.0;7.0;22.0;;15.23;0.03;Medium
24.0;9.0;7.22;6.25;7.0;4.0;11.0;7.0;9.42;0.37;Medium
42.0;16.0;13.26;4.48;7.0;9.0;20.0;2.0;14.76;1.37;High
33.0;12.0;11.93;5.68;2.0;10.0;28.0;4.0;14.04;1.93;Medium
26.0;12.0;13.22;6.53;0.0;19.0;2.0;6.0;16.97;1.5;High
28.0;6.0;10.66;7.66;7.0;13.0;1.0;1.0;12.61;;Medium
34.0;9.0;6.36;4.99;6.0;13.0;10.0;2.0;8.05;1.4;High
34.0;1.0;12.95;5.09;7.0;1.0;23.0;7.0;14.22;0.46;High
29.0;3.0;5.84;7.16;0.0;16.0;17.0;9.0;8.84;1.38;Medium
32.0;5.0;6.13;5.91;7.0;14.0;23.0;7.0;10.5;0.64;High
38.0;17.0;6.71;6.41;6.0;2.0;20.0;2.0;7.95;0.44;Medium
26.0;5.0;7.04;8.18;;2.0;24.0;9.0;10.21;0.47;Medium
36.0;16.0;9.14;6.5;0.0;2.0;3.0;6.0;12.74;1.34;Medium
39.0;13.0;11.13;7.26;2.0;2.0;7.0;1.0;14.5;1.53;Low
23.0;10.0;13.26;7.28;0.0;17.0;28.0;8.0;17.77;1.16;High
24.0;;4.88;8.02;2.0;5.0;10.0;7.0;9.35;0.13;Low
42.0;1.0;13.54;7.19;6.0;13.0;14.0;;14.77;0.08;High
26.0;2.0;13.21;4.32;3.0;2.0;22.0;8.0;15.65;0.43;Medium
32.0;10.0;4.54;5.71;3.0;0.0;27.0;6.0;8.22;0.57;Low
34.0;5.0;7.6;8.95;4.0;9.0;23.0;3.0;12.41;0.81;Low
30.0;13.0;12.13;4.98;7.0;12.0;20.0;4.0;16.35;0.15;High
23.0;18.0;10.12;6.93;1.0;8.0;1.0;6.0;11.83;1.45;Medium
32.0;15.0;11.79;8.21;0.0;1.0;22.0;4.0;13.91;1.42;Medium
26.0;6.0;11.19;6.93;5.0;9.0;18.0;9.0;15.24;0.69;High
38.0;7.0;8.97;5.86;0.0;11.0;14.0;7.0;11.86;1.13;Medium
41.0;18.0;4.41;4.4;1.0;18.0;28.0;4.0;7.6;0.2;High
21.0;19.0;9.84;5.81;7.0;2.0;25.0;4.0;13.28;0.83;Medium
29.0;15.0;4.49;4.91;7.0;18.0;25.0;4.0;5.9;1.72;Medium
32.0;6.0;;8.8;6.0;0.0;25.0;3.0;14.46;1.32;Low
44.0;8.0;12.0;7.58;1.0;14.0;27.0;6.0;16.45;0.21;High
40.0;12.0;;7.75;6.0;12.0;26.0;1.0;12.72;1.7;Medium
25.0;0.0;13.97;6.18;4.0;6.0;25.0;9.0;17.48;1.36;High
31.0;7.0;8.56;4.55;1.0;1.0;12.0;3.0;12.2;0.91;Medium
31.0;3.0;11.49;5.33;2.0;19.0;1.0;2.0;13.25;1.38;High
39.0;2.0;10.67;5.3;0.0;10.0;2.0;9.0;12.12;0.35;Medium
30.0;2.0;13.91;6.43;1.0;15.0;29.0;7.0;14.99;1.1;High
42.0;12.0;11.13;6.3;2.0;13.0;13.0;6.0;15.78;1.24;Medium
44.0;7.0;5.64;6.17;1.0;14.0;19.0;2.0;8.02;1.86;Medium
26.0;6.0;13.56;6.48;5.0;19.0;25.0;3.0;14.9;0.13;High
20.0;0.0;10.68;8.94;2.0;18.0;12.0;3.0;13.54;0.75;Medium
20.0;;4.59;5.49;3.0;6.0;26.0;9.0;5.89;1.87;Medium
44.0;5.0;10.58;7.08;7.0;8.0;22.0;6.0;11.92;0.43;Medium
;6.0;12.83;5.2;2.0;3.0;25.0;7.0;15.79;1.63;High
39.0;11.0;;6.33;4.0;5.0;15.0;3.0;12.81;0.0;Medium
32.0;8.0;7.54;5.0;6.0;9.0;11.0;7.0;10.86;0.05;Medium
28.0;10.0;12.21;6.79;2.0;2.0;0.0;0.0;15.84;0.66;Medium
22.0;9.0;11.83;5.33;1.0;0.0;5.0;8.0;15.5;1.54;
26.0;0.0;9.44;4.18;3.0;5.0;12.0;6.0;;0.21;Medium
25.0;17.0;5.54;8.08;7.0;4.0;21.0;3.0;9.11;0.77;Medium
27.0;3.0;6.51;4.64;7.0;14.0;23.0;7.0;8.73;0.26;High
28.0;4.0;11.38;5.84;3.0;10.0;1.0;9.0;14.15;0.45;High
24.0;8.0;12.06;6.39;2.0;19.0;17.0;1.0;14.63;1.01;Medium
20.0;16.0;6.79;6.16;1.0;12.0;16.0;7.0;9.11;0.64;Medium
38.0;2.0;7.68;7.63;7.0;5.0;18.0;9.0;9.63;0.42;Medium
29.0;15.0;4.78;6.98;3.0;4.0;22.0;5.0;6.09;0.79;Low
31.0;4.0;11.13;5.48;5.0;1.0;14.0;6.0;14.15;1.4;High
43.0;15.0;4.04;4.26;2.0;16.0;7.0;6.0;7.19;0.24;Medium
34.0;2.0;4.47;;2.0;11.0;22.0;1.0;6.81;0.96;Low
41.0;19.0;4.04;5.76;6.0;11.0;8.0;1.0;8.94;0.55;Medium
43.0;14.0;10.45;8.45;7.0;13.0;7.0;3.0;13.68;0.76;Medium
28.0;2.0;8.17;5.98;7.0;6.0;7.0;5.0;12.73;1.64;Medium
39.0;19.0;6.98;7.59;7.0;13.0;10.0;3.0;10.26;1.86;Medium
36.0;13.0;13.13;8.7;2.0;;17.0;5.0;14.89;0.49;Medium
36.0;15.0;5.93;7.26;3.0;8.0;16.0;4.0;10.83;1.26;Low
39.0;16.0;7.89;6.07;0.0;13.0;21.0;5.0;12.43;1.35;Medium
31.0;19.0;13.4;6.84;1.0;16.0;22.0;8.0;16.29;1.68;High
26.0;17.0;8.27;6.72;4.0;16.0;5.0;5.0;10.24;1.8;High
21.0;17.0;9.55;6.92;4.0;12.0;22.0;5.0;11.44;0.94;High
22.0;13.0;4.8;4.73;7.0;17.0;23.0;7.0;9.02;1.97;Medium
36.0;17.0;11.9;7.49;1.0;18.0;1.0;4.0;13.18;1.94;High
24.0;14.0;8.23;4.73;0.0;16.0;0.0;4.0;11.78;1.01;Medium
36.0;14.0;12.01;4.07;6.0;5.0;9.0;9.0;15.57;1.08;High
43.0;5.0;6.54;7.12;6.0;11.0;7.0;0.0;8.27;1.34;Low
36.0;14.0;8.22;4.58;6.0;5.0;15.0;5.0;12.04;0.75;Medium
36.0;17.0;11.87;7.85;6.0;2.0;23.0;0.0;15.69;1.32;Medium
21.0;3.0;13.74;8.33;1.0;14.0;13.0;7.0;16.14;1.03;High
21.0;7.0;4.6;8.72;2.0;;23.0;9.0;7.53;0.07;Low
41.0;14.0;12.12;7.32;5.0;14.0;15.0;8.0;16.45;1.71;High
42.0;2.0;7.01;6.41;1.0;0.0;13.0;5.0;10.1;1.88;Low
24.0;14.0;9.51;5.76;1.0;2.0;25.0;8.0;12.98;0.05;Low
20.0;12.0;6.9;6.45;5.0;4.0;6.0;1.0;9.55;1.58;Low
20.0;8.0;10.13;4.95;3.0;13.0;17.0;8.0;11.73;0.77;High
38.0;1.0;7.54;5.74;4.0;3.0;19.0;3.0;12.53;1.17;Low
21.0;7.0;7.34;7.59;7.0;8.0;8.0;2.0;10.47;1.0;Medium
40.0;19.0;4.38;5.09;4.0;17.0;23.0;0.0;6.73;1.1;Medium
31.0;16.0;5.47;5.32;7.0;9.0;3.0;0.0;9.33;0.99;Low
25.0;12.0;13.17;7.75;2.0;7.0;23.0;7.0;16.65;1.71;High
42.0;0.0;13.98;4.89;5.0;12.0;25.0;1.0;15.91;1.37;High
23.0;1.0;11.81;5.23;6.0;1.0;28.0;0.0;16.32;0.83;Low
42.0;14.0;6.87;4.09;6.0;19.0;15.0;1.0;8.15;1.38;Medium
;11.0;8.02;7.6;2.0;19.0;21.0;2.0;11.44;1.93;Medium
;13.0;11.4;7.09;3.0;6.0;10.0;3.0;14.31;0.16;Medium
36.0;1.0;13.69;7.47;2.0;10.0;8.0;8.0;15.96;0.78;High
25.0;17.0;8.55;5.07;5.0;4.0;16.0;6.0;12.86;1.74;Low
43.0;6.0;12.3;7.44;5.0;17.0;21.0;4.0;15.93;1.48;High
24.0;5.0;13.75;6.98;0.0;7.0;10.0;4.0;17.79;1.87;Medium
39.0;13.0;12.73;5.83;3.0;9.0;19.0;5.0;15.39;0.08;High
21.0;7.0;6.27;6.19;5.0;1.0;2.0;0.0;11.04;1.73;Low
25.0;1.0;4.08;6.84;5.0;2.0;20.0;5.0;;1.58;Low
41.0;16.0;8.92;6.47;3.0;4.0;;5.0;12.04;1.63;Low
30.0;4.0;9.31;7.21;6.0;15.0;10.0;4.0;14.04;1.19;Medium
35.0;13.0;6.01;4.9;1.0;9.0;7.0;9.0;7.34;;Medium
35.0;19.0;6.85;6.7;6.0;10.0;26.0;8.0;8.29;1.08;Medium
20.0;2.0;11.65;6.25;;18.0;9.0;9.0;16.63;0.82;High
28.0;4.0;8.7;6.31;0.0;15.0;5.0;9.0;13.59;1.05;High
25.0;15.0;7.17;6.35;6.0;11.0;16.0;4.0;11.26;1.48;Medium
35.0;17.0;10.23;8.41;5.0;1.0;5.0;8.0;13.17;1.19;Low
22.0;16.0;10.53;8.09;3.0;10.0;6.0;9.0;13.55;0.59;Medium
39.0;10.0;11.69;7.15;3.0;0.0;12.0;6.0;13.72;1.2;Medium
23.0;16.0;5.57;7.58;7.0;4.0;5.0;2.0;8.3;0.17;Low
38.0;15.0;11.42;;1.0;13.0;2.0;8.0;14.15;0.01;High
22.0;1.0;9.99;7.72;6.0;;26.0;9.0;11.13;0.8;High
38.0;3.0;4.58;6.43;4.0;6.0;24.0;6.0;7.39;1.51;Medium
39.0;6.0;11.77;5.59;4.0;4.0;12.0;3.0;14.69;1.65;
26.0;1.0;7.83;4.7;5.0;7.0;9.0;8.0;11.49;1.1;High
39.0;5.0;7.3;4.38;1.0;14.0;25.0;5.0;10.37;1.74;High
28.0;16.0;8.48;;5.0;4.0;3.0;8.0;12.93;0.25;High
20.0;6.0;7.46;4.81;2.0;12.0;4.0;3.0;9.93;1.93;Medium
27.0;4.0;7.38;4.15;3.0;18.0;20.0;9.0;10.02;1.84;High
26.0;;12.08;7.66;6.0;1.0;18.0;1.0;15.37;1.2;Medium
37.0;19.0;5.25;5.24;6.0;4.0;27.0;8.0;;0.12;Medium
27.0;15.0;13.71;5.84;5.0;4.0;17.0;9.0;16.28;0.91;High
20.0;18.0;9.55;8.11;0.0;5.0;;3.0;13.29;0.36;Low
30.0;8.0;;4.57;6.0;15.0;6.0;1.0;8.48;1.26;Medium
44.0;4.0;5.31;8.18;4.0;1.0;20.0;6.0;9.94;0.38;Low
44.0;7.0;9.92;7.2;5.0;4.0;28.0;6.0;13.38;0.96;Medium
37.0;8.0;10.33;5.71;2.0;14.0;0.0;4.0;11.95;0.41;High
42.0;4.0;4.53;4.59;3.0;0.0;25.0;4.0;7.48;0.36;Low
29.0;9.0;6.43;4.46;7.0;18.0;16.0;7.0;10.49;0.5;High
22.0;1.0;11.95;5.68;6.0;2.0;23.0;5.0;15.52;0.06;Medium
26.0;8.0;4.5;4.7;7.0;18.0;19.0;0.0;9.04;1.43;Medium
35.0;10.0;12.55;5.34;2.0;14.0;28.0;3.0;16.55;0.61;Medium
35.0;3.0;10.58;4.26;7.0;2.0;19.0;0.0;11.83;1.4;Medium
44.0;1.0;8.34;6.98;5.0;7.0;29.0;4.0;9.79;1.31;Low
39.0;5.0;7.46;4.73;3.0;14.0;24.0;4.0;11.06;;Medium
36.0;13.0;4.19;7.78;3.0;0.0;17.0;3.0;6.14;0.62;Low
21.0;0.0;12.25;5.09;1.0;5.0;4.0;8.0;15.6;1.13;Medium
20.0;17.0;5.43;7.99;1.0;16.0;21.0;7.0;9.6;1.84;Medium
35.0;6.0;7.1;4.95;7.0;15.0;5.0;9.0;10.41;0.8;High
31.0;0.0;9.69;7.61;0.0;12.0;9.0;2.0;12.35;1.01;Medium
24.0;0.0;6.46;5.67;0.0;0.0;27.0;4.0;10.05;1.5;Low
24.0;0.0;8.97;6.92;6.0;2.0;29.0;5.0;10.54;1.61;Medium
42.0;3.0;12.09;4.19;7.0;5.0;18.0;4.0;15.98;1.85;Medium
28.0;3.0;8.71;6.48;2.0;19.0;9.0;7.0;12.5;0.99;High
28.0;17.0;13.49;4.74;1.0;2.0;5.0;4.0;16.55;0.39;Medium
22.0;10.0;12.48;6.43;3.0;14.0;9.0;7.0;14.6;1.53;High
38.0;0.0;7.33;4.71;1.0;14.0;9.0;9.0;11.52;0.25;Medium
35.0;9.0;8.0;6.19;7.0;10.0;20.0;9.0;11.04;0.84;High
35.0;8.0;8.23;4.55;3.0;5.0;11.0;2.0;9.47;1.26;Medium
22.0;3.0;10.26;5.1;1.0;5.0;23.0;4.0;14.93;1.38;Medium
39.0;5.0;6.87;6.98;3.0;8.0;3.0;3.0;10.94;1.47;Low
43.0;15.0;13.69;8.88;7.0;13.0;12.0;5.0;17.03;0.39;High
;1.0;10.09;6.25;2.0;10.0;25.0;2.0;12.84;1.96;Medium
43.0;17.0;7.99;7.44;1.0;5.0;9.0;9.0;12.83;0.36;Medium
20.0;9.0;10.45;6.7;4.0;17.0;15.0;3.0;14.55;0.19;High
43.0;16.0;7.95;6.49;4.0;19.0;18.0;3.0;;1.33;Medium
39.0;12.0;12.18;4.32;3.0;14.0;5.0;4.0;15.79;1.82;High
30.0;17.0;9.68;4.72;2.0;8.0;25.0;5.0;11.8;1.12;Medium
36.0;12.0;4.42;8.42;3.0;10.0;29.0;1.0;6.2;1.19;Low
27.0;16.0;5.77;6.05;2.0;1.0;8.0;9.0;7.86;1.08;Low
23.0;4.0;12.65;7.07;7.0;5.0;13.0;7.0;14.82;0.09;High
25.0;10.0;9.63;6.64;;13.0;23.0;3.0;;1.36;Medium
27.0;6.0;13.5;5.89;1.0;13.0;9.0;6.0;15.06;0.72;High
39.0;9.0;4.72;5.94;2.0;12.0;7.0;6.0;8.83;1.87;Low
22.0;16.0;6.95;6.78;;4.0;2.0;9.0;10.04;0.37;Medium
35.0;14.0;5.94;4.71;3.0;8.0;16.0;1.0;8.48;0.6;Medium
44.0;17.0;9.54;5.94;6.0;10.0;18.0;6.0;11.74;1.01;Medium
22.0;18.0;7.83;6.23;6.0;6.0;29.0;0.0;10.88;0.95;Medium
44.0;1.0;5.57;8.93;0.0;1.0;2.0;1.0;7.84;0.8;Low
37.0;3.0;10.43;5.76;6.0;11.0;13.0;4.0;13.15;0.63;Medium
33.0;2.0;9.36;7.22;;4.0;27.0;7.0;13.32;0.29;Medium
37.0;6.0;6.75;4.69;4.0;1.0;5.0;6.0;10.25;1.64;Medium
21.0;17.0;8.8;4.33;4.0;13.0;;2.0;12.79;0.9;Medium
41.0;9.0;11.46;8.36;1.0;6.0;18.0;9.0;15.31;1.15;Medium
22.0;6.0;6.05;7.65;5.0;4.0;17.0;8.0;10.31;1.09;Medium
35.0;7.0;6.93;5.59;1.0;3.0;11.0;4.0;8.74;1.15;Low
28.0;5.0;7.46;6.52;6.0;9.0;14.0;2.0;12.44;1.41;Medium
23.0;0.0;;4.68;0.0;15.0;24.0;6.0;14.37;1.26;High
20.0;3.0;12.47;7.54;6.0;5.0;5.0;3.0;16.34;0.55;Medium
23.0;13.0;7.76;4.35;4.0;5.0;20.0;0.0;11.47;1.11;Low
20.0;16.0;6.97;7.79;7.0;8.0;11.0;4.0;10.23;0.49;Medium
33.0;19.0;12.89;6.73;2.0;0.0;18.0;7.0;17.87;1.18;Medium
40.0;17.0;13.99;5.39;4.0;15.0;6.0;3.0;15.86;0.86;High
35.0;10.0;10.7;8.31;5.0;16.0;22.0;6.0;13.39;0.08;High
39.0;13.0;13.9;8.93;1.0;12.0;19.0;7.0;15.41;1.47;Medium
43.0;8.0;10.6;5.27;3.0;5.0;9.0;8.0;12.33;0.55;High
27.0;14.0;11.33;8.03;6.0;1.0;17.0;8.0;15.18;1.84;Medium
26.0;11.0;7.89;7.75;0.0;7.0;1.0;4.0;8.91;0.56;Low
22.0;9.0;8.33;7.74;5.0;3.0;12.0;5.0;12.89;1.99;Medium
36.0;18.0;5.44;8.79;4.0;8.0;14.0;6.0;8.97;0.93;Medium
20.0;18.0;12.23;6.43;2.0;6.0;27.0;9.0;14.99;0.05;High
35.0;5.0;13.31;7.37;5.0;0.0;23.0;1.0;15.64;0.15;Medium
31.0;19.0;;8.12;7.0;13.0;3.0;8.0;11.74;0.16;High
38.0;5.0;7.44;6.4;7.0;1.0;6.0;0.0;12.13;0.11;Medium
41.0;7.0;5.54;6.41;;7.0;2.0;5.0;9.39;0.54;Medium
42.0;0.0;6.65;;2.0;10.0;24.0;5.0;9.0;0.65;Low
41.0;16.0;6.55;7.9;0.0;4.0;15.0;6.0;7.83;;Low
;16.0;10.14;7.43;7.0;17.0;25.0;;12.44;0.88;
25.0;14.0;13.45;6.26;2.0;11.0;8.0;5.0;15.19;0.73;Medium
25.0;6.0;4.48;6.1;2.0;19.0;22.0;5.0;8.63;1.27;Medium
32.0;18.0;;4.36;7.0;18.0;22.0;8.0;7.89;0.39;Medium
;2.0;10.0;4.03;4.0;4.0;16.0;;12.99;1.83;Medium
41.0;10.0;6.84;6.64;0.0;6.0;25.0;4.0;11.38;1.03;Low
27.0;19.0;12.81;6.09;7.0;1.0;7.0;6.0;14.53;1.25;Medium
21.0;18.0;7.27;7.98;7.0;16.0;17.0;6.0;10.08;0.08;Medium
40.0;8.0;6.9;6.71;3.0;12.0;23.0;4.0;10.74;1.12;Medium
20.0;9.0;6.7;8.68;7.0;10.0;26.0;6.0;7.97;0.74;Medium
34.0;1.0;5.45;4.98;3.0;4.0;12.0;2.0;7.94;1.85;Medium
20.0;0.0;9.82;8.95;2.0;12.0;1.0;6.0;13.11;1.77;Medium
24.0;15.0;5.68;5.49;5.0;12.0;0.0;5.0;8.15;1.28;Medium
35.0;17.0;8.25;7.21;7.0;7.0;15.0;5.0;11.17;1.54;Medium
38.0;16.0;;6.51;1.0;10.0;15.0;1.0;12.04;1.29;Medium
23.0;5.0;4.2;5.8;0.0;7.0;10.0;1.0;6.67;0.03;Low
22.0;13.0;4.17;4.7;6.0;9.0;23.0;6.0;5.59;1.41;Medium
36.0;14.0;9.2;4.67;1.0;10.0;3.0;0.0;10.76;;Medium
36.0;13.0;10.96;7.56;0.0;0.0;10.0;8.0;14.07;1.37;Low
31.0;2.0;13.42;5.89;0.0;6.0;25.0;2.0;15.12;0.02;Medium
33.0;18.0;5.79;8.81;4.0;7.0;5.0;5.0;10.35;0.62;Low
40.0;11.0;5.03;5.63;7.0;5.0;25.0;2.0;9.37;1.03;Low
25.0;1.0;4.52;8.92;2.0;13.0;28.0;8.0;6.92;0.67;Medium
22.0;2.0;8.36;5.03;4.0;19.0;10.0;9.0;12.68;1.39;High
28.0;17.0;10.23;4.51;7.0;6.0;25.0;6.0;13.36;1.05;Medium
24.0;0.0;12.41;5.56;5.0;2.0;0.0;0.0;14.05;1.92;Low
43.0;19.0;10.83;8.43;6.0;1.0;8.0;3.0;14.29;0.72;Medium
36.0;5.0;6.08;6.61;1.0;17.0;26.0;4.0;9.8;1.44;Medium
33.0;4.0;8.62;4.68;;2.0;6.0;6.0;9.96;1.67;Low
40.0;0.0;13.1;5.01;3.0;13.0;20.0;6.0;15.36;0.51;High
22.0;18.0;7.27;5.56;5.0;17.0;21.0;4.0;8.29;1.51;Medium
20.0;0.0;8.99;6.95;6.0;12.0;2.0;0.0;11.26;0.79;Medium
39.0;15.0;13.59;5.66;5.0;7.0;28.0;4.0;15.93;0.26;High
40.0;11.0;11.35;7.74;7.0;3.0;8.0;4.0;14.87;0.01;Medium
42.0;7.0;11.48;7.08;4.0;14.0;1.0;3.0;13.28;1.49;High
20.0;15.0;6.52;8.37;7.0;11.0;27.0;5.0;7.64;0.37;Medium
22.0;0.0;8.15;;4.0;13.0;9.0;7.0;10.41;0.1;High
37.0;3.0;4.82;5.66;5.0;19.0;16.0;9.0;9.12;0.99;Medium
44.0;9.0;10.07;;4.0;6.0;29.0;4.0;12.67;0.69;Medium
29.0;10.0;5.04;5.78;3.0;11.0;0.0;7.0;7.7;1.38;Medium
41.0;16.0;12.36;6.14;7.0;8.0;25.0;4.0;;0.21;High
22.0;6.0;12.15;8.05;6.0;9.0;17.0;2.0;16.16;0.27;Medium
27.0;11.0;9.34;4.44;6.0;7.0;5.0;7.0;12.26;0.81;High
33.0;6.0;5.41;5.93;4.0;19.0;5.0;3.0;6.78;1.04;Medium
43.0;11.0;4.26;4.43;4.0;1.0;8.0;2.0;6.09;1.65;Low
37.0;14.0;11.97;4.7;6.0;15.0;9.0;2.0;13.72;1.17;High
34.0;1.0;10.0;4.02;5.0;17.0;14.0;5.0;13.03;1.81;High
41.0;13.0;11.11;4.05;6.0;19.0;3.0;7.0;12.23;0.44;High
42.0;12.0;7.04;5.9;5.0;9.0;7.0;9.0;9.17;1.19;Medium
21.0;3.0;9.09;8.05;4.0;5.0;3.0;4.0;12.52;1.31;Low
29.0;13.0;11.47;6.94;4.0;5.0;2.0;0.0;13.89;1.45;Medium
21.0;13.0;8.63;7.17;7.0;19.0;3.0;0.0;12.46;1.98;High
36.0;15.0;10.01;6.6;7.0;12.0;0.0;2.0;12.57;0.94;Medium
27.0;6.0;;8.1;5.0;18.0;8.0;5.0;16.82;0.74;High
20.0;18.0;6.15;8.4;1.0;16.0;10.0;1.0;11.01;1.7;Low
28.0;1.0;4.66;8.25;2.0;1.0;20.0;0.0;8.86;0.35;Low
30.0;9.0;9.32;8.06;1.0;17.0;22.0;6.0;14.14;0.07;Medium
41.0;17.0;4.62;4.91;4.0;6.0;18.0;1.0;6.44;0.89;Low
35.0;16.0;11.67;6.97;0.0;13.0;20.0;7.0;15.67;0.49;High
26.0;4.0;11.19;6.91;0.0;14.0;28.0;1.0;13.48;0.79;Medium
29.0;11.0;12.82;6.64;3.0;7.0;25.0;0.0;16.72;1.97;Medium
42.0;5.0;10.4;6.4;1.0;8.0;29.0;9.0;12.9;0.7;Medium
22.0;8.0;4.67;4.45;;10.0;19.0;1.0;6.83;1.42;Low
37.0;19.0;6.53;4.51;7.0;2.0;6.0;1.0;11.37;0.5;Medium
44.0;0.0;12.08;8.51;3.0;19.0;4.0;6.0;13.92;0.61;High
43.0;14.0;5.67;7.15;3.0;13.0;1.0;0.0;9.7;0.49;Low
32.0;5.0;10.98;5.31;0.0;7.0;18.0;2.0;14.68;1.14;
26.0;18.0;11.8;5.4;1.0;2.0;23.0;4.0;14.01;0.45;Medium
44.0;17.0;7.3;7.05;2.0;17.0;2.0;6.0;10.13;1.44;
23.0;5.0;7.22;6.03;6.0;13.0;14.0;5.0;8.79;1.36;Medium
32.0;12.0;9.58;6.21;5.0;19.0;6.0;7.0;14.26;0.84;
39.0;0.0;12.61;4.3;1.0;7.0;4.0;0.0;17.48;0.05;High
20.0;12.0;6.24;4.69;7.0;;22.0;6.0;10.17;0.05;Medium
27.0;6.0;13.41;5.97;3.0;7.0;9.0;8.0;17.81;1.07;High
33.0;14.0;9.99;7.5;4.0;4.0;8.0;6.0;11.32;1.68;Medium
35.0;11.0;13.92;4.24;3.0;11.0;22.0;5.0;16.46;1.2;High
33.0;0.0;4.9;5.67;1.0;1.0;13.0;8.0;7.22;0.87;Low
31.0;14.0;5.27;7.48;0.0;16.0;21.0;3.0;8.53;1.76;Low
38.0;3.0;12.27;7.96;6.0;12.0;27.0;9.0;14.0;0.39;High
42.0;12.0;12.65;4.95;1.0;13.0;12.0;5.0;15.9;0.72;Medium
34.0;4.0;8.45;7.66;2.0;8.0;0.0;5.0;12.07;1.13;Low
21.0;1.0;11.14;8.78;5.0;8.0;15.0;9.0;12.67;0.58;Medium
21.0;0.0;12.68;8.53;5.0;8.0;19.0;2.0;14.21;2.0;Medium
42.0;15.0;4.43;7.95;4.0;19.0;7.0;6.0;5.57;0.9;Medium
41.0;5.0;9.74;7.56;4.0;5.0;16.0;0.0;13.78;0.1;Medium
38.0;15.0;12.53;5.18;3.0;11.0;5.0;7.0;14.85;0.35;Medium
44.0;13.0;7.98;7.17;1.0;9.0;1.0;7.0;9.88;1.06;Medium
41.0;2.0;7.02;7.22;5.0;4.0;12.0;7.0;11.13;1.1;Medium
41.0;14.0;11.96;6.03;0.0;17.0;24.0;8.0;13.53;1.97;High
36.0;2.0;7.36;6.47;2.0;6.0;7.0;3.0;10.07;1.2;Low
39.0;1.0;4.03;7.47;3.0;12.0;24.0;5.0;8.01;1.33;Low
29.0;0.0;13.6;8.76;1.0;0.0;8.0;6.0;16.9;0.43;Medium
25.0;8.0;;5.48;0.0;5.0;29.0;1.0;13.14;0.21;Low
34.0;8.0;12.2;5.23;1.0;7.0;12.0;5.0;13.83;1.2;High
41.0;6.0;12.25;7.01;0.0;8.0;17.0;7.0;13.97;1.73;Medium
30.0;2.0;4.66;4.65;7.0;6.0;17.0;3.0;7.99;1.17;Medium
24.0;17.0;5.71;6.91;6.0;9.0;8.0;4.0;;0.89;Medium
20.0;10.0;7.11;4.44;1.0;7.0;1.0;7.0;11.59;1.16;Medium
27.0;6.0;7.21;6.45;1.0;1.0;3.0;2.0;9.61;0.94;Low
40.0;;10.59;7.1;7.0;17.0;17.0;5.0;;;High
31.0;0.0;10.23;4.35;6.0;14.0;16.0;0.0;12.26;1.48;Medium
31.0;13.0;8.95;5.03;5.0;5.0;11.0;3.0;13.46;1.07;Low
24.0;19.0;6.11;5.68;3.0;13.0;15.0;5.0;9.68;0.8;Medium
26.0;5.0;7.82;5.84;1.0;17.0;12.0;2.0;10.62;1.12;Medium
23.0;6.0;9.44;7.38;1.0;2.0;10.0;0.0;12.78;0.48;Low
25.0;9.0;8.68;6.65;3.0;0.0;13.0;5.0;11.2;0.86;Low
32.0;6.0;5.27;5.91;3.0;0.0;9.0;2.0;8.13;1.24;Low
39.0;1.0;10.5;6.25;4.0;13.0;22.0;7.0;12.93;0.45;High
34.0;3.0;4.73;4.06;4.0;0.0;27.0;6.0;7.37;;Low
22.0;16.0;7.78;7.85;5.0;0.0;26.0;6.0;10.04;1.04;Low
42.0;;11.1;4.21;3.0;3.0;20.0;7.0;12.41;1.72;High
27.0;9.0;4.2;8.15;6.0;11.0;18.0;6.0;5.35;1.69;Low
39.0;18.0;9.7;6.7;2.0;14.0;23.0;4.0;11.4;0.99;Medium
35.0;14.0;7.35;6.64;5.0;3.0;20.0;9.0;9.36;0.39;Medium
32.0;9.0;4.09;7.52;0.0;9.0;16.0;7.0;8.65;1.47;Low
37.0;18.0;5.9;8.3;7.0;10.0;8.0;7.0;9.34;0.84;
29.0;11.0;13.41;8.71;3.0;5.0;13.0;;18.24;1.19;Medium
38.0;15.0;9.21;6.72;4.0;9.0;29.0;9.0;11.57;0.21;High
36.0;8.0;13.97;4.75;7.0;11.0;4.0;5.0;16.58;1.26;High
43.0;14.0;9.25;8.39;1.0;2.0;2.0;1.0;13.13;0.75;Low
38.0;16.0;9.44;4.2;3.0;14.0;21.0;7.0;12.75;0.67;High
;13.0;7.92;8.04;3.0;15.0;7.0;9.0;11.03;1.96;Medium
24.0;17.0;7.1;7.4;4.0;9.0;17.0;0.0;10.4;0.86;Low
40.0;1.0;6.52;8.52;4.0;10.0;26.0;8.0;9.86;1.36;Medium
42.0;3.0;7.43;8.49;2.0;15.0;29.0;8.0;11.49;1.26;Medium
28.0;17.0;8.6;4.27;5.0;16.0;2.0;5.0;12.27;0.21;Medium
31.0;6.0;5.92;7.05;4.0;13.0;22.0;9.0;10.75;1.5;Medium
40.0;12.0;6.25;4.62;4.0;15.0;1.0;5.0;11.04;0.65;High
20.0;14.0;6.72;4.39;4.0;13.0;26.0;5.0;9.41;1.6;Medium
20.0;0.0;8.49;6.24;7.0;5.0;10.0;3.0;9.63;1.22;Medium
34.0;10.0;10.53;4.49;5.0;9.0;27.0;0.0;11.57;0.63;Medium
21.0;9.0;12.56;7.64;1.0;16.0;4.0;0.0;14.05;0.71;High
41.0;4.0;6.87;8.84;3.0;9.0;24.0;0.0;8.17;1.46;Low
35.0;15.0;5.84;6.85;3.0;9.0;29.0;4.0;8.33;1.1;Medium
44.0;10.0;7.79;5.18;4.0;13.0;6.0;6.0;9.0;1.34;Medium
27.0;5.0;12.94;8.22;6.0;19.0;;0.0;16.44;;High
32.0;8.0;4.1;8.27;6.0;16.0;13.0;;5.86;1.57;Low
;12.0;10.78;7.66;5.0;8.0;28.0;5.0;13.84;0.64;Medium
20.0;7.0;8.77;7.08;2.0;14.0;18.0;1.0;10.18;1.24;Medium
35.0;13.0;5.61;8.34;4.0;6.0;1.0;1.0;9.92;0.23;Low
26.0;0.0;7.21;4.82;7.0;1.0;25.0;6.0;11.33;0.64;Medium
24.0;16.0;6.25;8.66;5.0;;8.0;8.0;8.8;1.3;Low
41.0;4.0;12.78;8.74;5.0;19.0;24.0;7.0;17.42;0.55;High
42.0;1.0;8.82;;7.0;17.0;24.0;1.0;10.56;1.76;Medium
22.0;8.0;9.63;5.25;2.0;10.0;9.0;6.0;13.89;1.32;Medium
31.0;3.0;9.94;8.29;5.0;4.0;18.0;4.0;13.12;1.74;Medium
35.0;16.0;10.4;6.49;7.0;7.0;16.0;9.0;12.72;0.79;High
38.0;16.0;8.96;6.97;3.0;19.0;24.0;3.0;10.3;0.07;High
24.0;17.0;4.18;8.2;2.0;4.0;6.0;9.0;5.87;;Low
41.0;15.0;7.35;4.15;2.0;1.0;17.0;3.0;11.8;0.68;Low
44.0;7.0;5.84;5.81;0.0;4.0;5.0;3.0;9.27;0.9;Low
33.0;10.0;10.8;8.08;2.0;2.0;26.0;8.0;12.75;1.36;Medium
24.0;17.0;4.57;8.07;2.0;11.0;8.0;6.0;7.55;1.4;Low
34.0;9.0;9.64;8.24;7.0;18.0;7.0;6.0;11.07;0.06;High
36.0;12.0;6.11;4.85;1.0;6.0;26.0;3.0;7.51;1.54;Low
33.0;16.0;13.49;7.53;3.0;18.0;27.0;8.0;18.12;0.99;High
39.0;17.0;7.36;4.73;4.0;3.0;21.0;7.0;10.19;1.11;Medium
24.0;9.0;7.25;7.93;7.0;13.0;21.0;9.0;9.7;0.6;High
31.0;15.0;13.23;5.23;0.0;18.0;23.0;3.0;18.03;0.84;High
35.0;19.0;8.17;7.69;2.0;17.0;8.0;5.0;10.77;1.42;Medium
35.0;4.0;13.63;6.28;1.0;6.0;;3.0;15.97;1.55;Medium
40.0;12.0;4.24;8.93;1.0;14.0;0.0;0.0;6.33;0.77;Low
26.0;17.0;7.06;6.9;7.0;0.0;1.0;4.0;10.32;1.38;Low
23.0;16.0;10.66;7.16;5.0;11.0;21.0;;13.89;0.52;High
20.0;8.0;12.91;;4.0;18.0;23.0;2.0;13.97;1.66;High
24.0;13.0;6.56;7.67;4.0;5.0;3.0;0.0;10.18;1.22;Medium
42.0;16.0;13.3;6.47;6.0;12.0;27.0;1.0;17.45;1.55;Medium
29.0;3.0;9.94;4.09;3.0;5.0;19.0;1.0;13.4;0.95;Medium
41.0;17.0;12.01;7.04;6.0;12.0;28.0;7.0;16.49;0.46;High
24.0;19.0;7.97;8.15;5.0;14.0;17.0;3.0;10.08;0.86;Medium
23.0;14.0;6.12;5.18;2.0;15.0;9.0;2.0;7.89;0.76;
21.0;10.0;13.11;5.11;1.0;7.0;0.0;3.0;16.9;0.67;Medium
39.0;11.0;13.33;7.04;0.0;12.0;9.0;9.0;15.08;0.42;High
29.0;8.0;8.98;8.09;3.0;12.0;8.0;0.0;10.34;1.52;Medium
38.0;12.0;4.06;5.25;7.0;19.0;22.0;0.0;5.45;0.17;Medium
20.0;14.0;5.1;8.66;2.0;19.0;24.0;4.0;9.17;1.78;Low
43.0;14.0;9.73;8.64;5.0;11.0;12.0;6.0;10.84;0.35;High
24.0;4.0;4.24;;4.0;18.0;14.0;8.0;6.4;1.96;Medium
32.0;18.0;7.97;5.32;5.0;16.0;17.0;6.0;9.49;1.98;Medium
23.0;19.0;7.03;7.5;2.0;2.0;25.0;4.0;11.05;0.8;Low
35.0;13.0;11.14;8.76;5.0;14.0;12.0;2.0;14.15;1.98;High
43.0;16.0;4.56;7.55;4.0;16.0;4.0;7.0;6.38;1.74;Medium
35.0;17.0;8.89;6.22;2.0;5.0;1.0;6.0;12.89;0.16;Medium
42.0;2.0;9.79;4.85;0.0;;25.0;3.0;13.79;1.89;Medium
21.0;1.0;10.17;6.31;6.0;11.0;6.0;0.0;13.26;0.09;
36.0;0.0;8.05;7.03;3.0;3.0;8.0;2.0;10.15;0.36;Low
39.0;9.0;7.04;5.65;5.0;11.0;18.0;7.0;10.39;1.17;Medium
43.0;18.0;10.82;6.55;4.0;1.0;13.0;1.0;15.55;0.16;Low
31.0;16.0;;;0.0;6.0;16.0;8.0;13.69;0.32;High
37.0;11.0;10.94;6.26;1.0;15.0;19.0;3.0;13.01;1.91;Medium
22.0;0.0;13.32;4.45;0.0;11.0;19.0;6.0;15.46;1.99;Medium
20.0;11.0;11.17;4.25;0.0;15.0;10.0;9.0;14.7;1.6;High
20.0;16.0;11.65;8.29;0.0;13.0;21.0;6.0;15.25;1.03;Medium
38.0;2.0;5.68;5.03;7.0;0.0;4.0;7.0;7.51;1.8;Medium
30.0;10.0;8.2;6.88;4.0;8.0;11.0;6.0;10.06;0.22;Medium
24.0;16.0;8.85;4.74;7.0;6.0;28.0;3.0;13.56;1.89;Medium
31.0;2.0;6.56;5.31;1.0;4.0;20.0;6.0;10.59;0.7;Medium
22.0;7.0;9.29;5.81;3.0;9.0;8.0;4.0;14.03;1.72;Medium
;19.0;6.91;4.72;0.0;9.0;28.0;9.0;11.23;1.34;Medium
20.0;3.0;10.88;4.23;4.0;17.0;26.0;6.0;13.49;1.92;High
27.0;6.0;8.7;8.39;4.0;6.0;16.0;2.0;10.19;1.73;Low
29.0;13.0;8.59;4.06;3.0;17.0;7.0;9.0;12.11;1.78;High
30.0;13.0;13.84;4.31;6.0;;23.0;6.0;16.25;1.26;High
31.0;3.0;7.92;8.03;2.0;10.0;26.0;6.0;10.62;1.67;Medium
32.0;15.0;7.62;5.41;1.0;9.0;7.0;1.0;10.32;1.51;Low
31.0;0.0;7.19;7.61;1.0;8.0;28.0;7.0;11.94;0.32;Low
33.0;16.0;12.95;4.73;5.0;14.0;11.0;6.0;14.23;1.3;High
21.0;9.0;8.97;5.19;0.0;13.0;29.0;8.0;10.74;0.3;Medium
38.0;15.0;10.0;6.86;2.0;2.0;28.0;3.0;13.43;1.74;Low
37.0;15.0;5.81;8.94;6.0;13.0;18.0;8.0;10.35;0.13;Medium
22.0;7.0;9.41;4.37;1.0;15.0;9.0;0.0;14.08;1.97;Medium
42.0;6.0;6.75;6.0;6.0;2.0;23.0;4.0;9.98;0.8;Low
36.0;5.0;11.31;4.22;5.0;7.0;1.0;9.0;12.45;0.34;High
27.0;15.0;12.33;5.0;0.0;1.0;23.0;6.0;14.78;1.87;Medium
29.0;19.0;11.15;8.54;2.0;1.0;27.0;3.0;15.83;0.09;Low
21.0;15.0;11.3;4.48;4.0;17.0;7.0;6.0;14.3;0.94;High
38.0;6.0;9.12;8.28;0.0;6.0;13.0;8.0;13.03;1.54;Medium
28.0;8.0;11.12;4.89;2.0;16.0;18.0;4.0;13.2;0.63;High
26.0;13.0;8.23;8.31;3.0;5.0;3.0;4.0;9.33;1.06;Low
23.0;10.0;10.51;6.69;1.0;9.0;8.0;1.0;13.82;1.4;Medium
40.0;13.0;6.59;8.39;6.0;6.0;12.0;4.0;10.93;1.9;Medium
37.0;6.0;4.7;4.76;0.0;3.0;8.0;7.0;9.66;0.21;Low
32.0;0.0;8.13;7.81;5.0;10.0;25.0;3.0;12.52;0.31;Medium
30.0;;8.62;7.4;4.0;15.0;12.0;1.0;11.84;1.02;Medium
43.0;19.0;6.56;6.71;5.0;16.0;24.0;7.0;9.99;0.84;Medium
23.0;2.0;11.28;8.05;6.0;5.0;15.0;3.0;15.58;;Medium
44.0;19.0;4.74;7.24;0.0;19.0;25.0;4.0;5.82;;Medium
40.0;3.0;6.23;8.39;1.0;18.0;21.0;6.0;11.04;1.12;Medium
44.0;10.0;11.49;;1.0;19.0;0.0;4.0;14.61;1.77;High
23.0;1.0;8.37;6.95;2.0;17.0;7.0;9.0;13.18;0.32;High
29.0;13.0;11.05;8.35;5.0;14.0;28.0;3.0;15.11;0.43;High
24.0;11.0;9.67;5.07;;1.0;8.0;6.0;11.28;1.34;Medium
;16.0;13.51;6.43;4.0;18.0;23.0;3.0;15.17;0.11;High
43.0;11.0;9.98;8.8;6.0;5.0;12.0;9.0;12.39;1.35;Medium
22.0;11.0;4.15;6.37;2.0;11.0;16.0;3.0;6.21;0.63;Medium
36.0;0.0;7.53;5.26;4.0;0.0;27.0;1.0;10.29;0.72;Low
22.0;12.0;5.43;5.76;7.0;;21.0;4.0;8.85;0.81;Medium
35.0;13.0;13.25;8.43;0.0;18.0;24.0;7.0;16.0;0.7;High
23.0;1.0;5.04;8.77;0.0;3.0;8.0;3.0;6.27;1.68;Low
37.0;11.0;7.88;8.75;7.0;18.0;6.0;1.0;12.78;1.89;Medium
36.0;15.0;6.26;7.49;5.0;5.0;22.0;8.0;8.96;1.1;Medium
;3.0;12.47;6.55;6.0;7.0;19.0;5.0;16.87;1.16;High
43.0;7.0;7.09;4.91;2.0;8.0;22.0;2.0;8.39;0.14;Low
42.0;1.0;13.92;4.62;7.0;9.0;9.0;9.0;18.16;1.43;High
24.0;9.0;4.39;4.3;;9.0;20.0;4.0;6.08;1.17;Medium
31.0;8.0;5.28;4.09;3.0;9.0;26.0;5.0;9.0;0.1;Medium
36.0;14.0;6.25;8.39;1.0;3.0;25.0;8.0;9.9;0.4;Low
42.0;12.0;12.11;8.05;7.0;17.0;4.0;4.0;16.75;0.4;High
32.0;16.0;12.79;6.84;6.0;11.0;16.0;8.0;15.07;0.34;High
42.0;15.0;4.71;8.99;2.0;10.0;1.0;0.0;6.15;1.32;Low
44.0;1.0;4.32;8.77;7.0;15.0;8.0;9.0;8.78;1.86;Medium
22.0;19.0;11.45;7.28;6.0;18.0;1.0;3.0;13.78;1.53;High
28.0;19.0;5.33;6.32;7.0;10.0;9.0;0.0;7.26;0.95;Low
36.0;13.0;5.33;4.76;2.0;3.0;26.0;1.0;8.27;0.81;Low
36.0;2.0;4.22;6.58;0.0;11.0;11.0;1.0;5.8;0.77;Low
39.0;11.0;4.5;4.79;1.0;16.0;1.0;9.0;6.69;1.2;Medium
35.0;7.0;6.64;5.99;6.0;12.0;14.0;4.0;9.18;0.72;Medium
44.0;1.0;4.65;8.71;6.0;3.0;24.0;0.0;6.76;0.45;Low
41.0;3.0;7.69;5.71;6.0;5.0;2.0;9.0;10.49;1.21;Medium
32.0;13.0;12.33;4.76;7.0;6.0;1.0;2.0;14.87;0.78;Medium
38.0;15.0;7.26;6.91;2.0;7.0;6.0;5.0;11.36;0.03;Medium
36.0;18.0;11.28;7.01;7.0;1.0;27.0;0.0;15.95;0.04;Medium
23.0;1.0;4.94;4.97;6.0;8.0;8.0;0.0;6.34;0.55;Low
31.0;11.0;10.59;4.98;0.0;9.0;10.0;2.0;14.88;1.02;Medium
28.0;13.0;7.17;8.95;0.0;18.0;28.0;8.0;11.9;0.71;Medium
38.0;5.0;11.5;5.22;5.0;0.0;21.0;1.0;15.25;0.05;Medium
31.0;12.0;5.36;8.19;7.0;15.0;27.0;5.0;10.35;0.45;Medium
28.0;3.0;12.98;6.35;5.0;17.0;15.0;2.0;15.32;0.19;High
26.0;17.0;6.43;6.17;2.0;7.0;6.0;5.0;10.75;1.9;Medium
33.0;11.0;7.53;5.47;2.0;9.0;28.0;6.0;11.22;0.63;Medium
39.0;19.0;13.5;7.87;0.0;10.0;12.0;6.0;15.79;0.03;Medium
38.0;18.0;9.78;8.4;5.0;16.0;2.0;1.0;13.6;1.32;Medium
34.0;7.0;7.66;5.31;6.0;6.0;10.0;2.0;10.7;0.46;Medium
35.0;6.0;13.5;4.48;6.0;2.0;2.0;3.0;15.26;1.13;High
40.0;15.0;7.29;4.68;7.0;6.0;14.0;7.0;8.99;0.3;Medium
24.0;18.0;4.95;7.96;2.0;5.0;7.0;4.0;8.8;1.97;Low
22.0;5.0;13.97;6.18;1.0;2.0;6.0;0.0;17.82;1.94;Low
31.0;19.0;6.68;4.66;0.0;7.0;4.0;8.0;9.8;1.31;Medium
44.0;10.0;12.51;5.7;0.0;0.0;5.0;0.0;15.52;1.41;Medium
39.0;4.0;5.66;6.57;2.0;4.0;24.0;1.0;7.38;0.85;Low
40.0;15.0;11.31;8.26;2.0;18.0;18.0;6.0;14.03;1.92;High
23.0;6.0;9.24;7.21;2.0;12.0;27.0;2.0;13.73;0.85;Medium
40.0;4.0;13.81;4.88;7.0;10.0;2.0;5.0;18.23;0.48;High
42.0;10.0;9.53;;6.0;10.0;29.0;7.0;13.17;0.23;High
35.0;14.0;4.25;6.06;6.0;1.0;10.0;4.0;9.24;0.42;Low
44.0;2.0;10.04;4.38;7.0;8.0;5.0;0.0;14.61;1.14;Medium
26.0;4.0;5.45;7.78;1.0;1.0;26.0;9.0;7.03;0.49;Low
32.0;4.0;11.99;6.01;7.0;18.0;23.0;2.0;14.59;1.31;High
40.0;8.0;12.57;5.72;0.0;11.0;20.0;1.0;14.1;0.76;High
29.0;14.0;8.82;6.55;3.0;8.0;13.0;5.0;11.68;1.77;Medium
26.0;2.0;11.83;7.54;7.0;8.0;16.0;4.0;15.94;1.12;High
33.0;5.0;5.45;6.85;1.0;;;6.0;7.07;1.25;Low
24.0;16.0;8.92;8.01;1.0;4.0;28.0;1.0;13.44;1.11;Low
22.0;7.0;7.94;7.15;6.0;8.0;23.0;5.0;11.22;1.77;Medium
42.0;10.0;10.11;7.94;7.0;17.0;3.0;4.0;14.11;0.13;High
30.0;5.0;4.44;7.48;5.0;9.0;8.0;5.0;5.62;0.13;Medium
30.0;7.0;11.52;4.97;0.0;16.0;12.0;4.0;12.9;1.4;High
37.0;;4.79;4.26;6.0;9.0;5.0;6.0;8.27;1.54;Medium
34.0;2.0;10.56;8.52;3.0;13.0;9.0;4.0;14.91;0.87;Medium
31.0;13.0;4.18;8.73;0.0;3.0;19.0;6.0;8.68;0.7;Low
28.0;13.0;12.32;7.63;1.0;9.0;19.0;0.0;16.07;0.56;Medium
29.0;9.0;5.75;7.62;2.0;17.0;25.0;8.0;7.55;0.47;High
31.0;11.0;9.15;5.35;0.0;4.0;20.0;5.0;10.93;1.82;Medium
36.0;5.0;6.61;6.71;7.0;8.0;12.0;8.0;11.14;0.59;Medium
25.0;11.0;11.23;;0.0;5.0;22.0;0.0;12.68;1.3;Low
26.0;13.0;7.21;8.28;2.0;15.0;13.0;1.0;10.95;1.57;Low
33.0;1.0;11.25;5.52;3.0;15.0;11.0;6.0;14.38;0.04;High
32.0;;6.85;5.51;3.0;10.0;22.0;3.0;9.54;0.07;Medium
27.0;9.0;11.52;6.42;0.0;14.0;12.0;9.0;14.28;0.67;High
29.0;16.0;4.31;6.02;6.0;18.0;9.0;0.0;9.09;1.39;Medium
28.0;16.0;6.83;5.86;7.0;2.0;6.0;4.0;11.28;0.52;Medium
37.0;2.0;8.99;7.13;2.0;15.0;4.0;3.0;13.45;0.0;Medium
21.0;18.0;4.45;4.06;5.0;19.0;11.0;5.0;;0.58;Medium
24.0;0.0;5.86;7.82;0.0;4.0;28.0;6.0;7.29;0.18;Low
24.0;11.0;13.35;;2.0;8.0;24.0;2.0;18.34;0.44;Medium
25.0;6.0;13.77;8.15;1.0;4.0;1.0;5.0;15.35;0.67;Medium
38.0;3.0;11.4;8.21;5.0;3.0;7.0;1.0;;0.26;Low
27.0;9.0;6.52;6.83;2.0;12.0;25.0;9.0;8.58;1.41;Medium
35.0;12.0;6.61;7.9;6.0;19.0;7.0;3.0;9.65;0.51;Medium
32.0;1.0;10.46;6.46;0.0;16.0;18.0;9.0;12.68;1.32;Medium
20.0;9.0;5.18;8.76;4.0;19.0;4.0;8.0;9.77;1.2;Medium
41.0;3.0;13.48;4.95;3.0;11.0;29.0;6.0;18.35;1.8;High
39.0;17.0;6.25;8.58;0.0;19.0;7.0;1.0;8.89;0.18;Medium
36.0;4.0;14.0;5.29;2.0;19.0;9.0;5.0;15.28;0.43;High
26.0;18.0;;4.51;7.0;6.0;12.0;3.0;;1.73;Medium
44.0;1.0;11.71;6.2;5.0;0.0;8.0;7.0;14.22;1.64;Medium
32.0;11.0;4.02;7.07;5.0;15.0;6.0;7.0;8.96;0.38;Medium
23.0;16.0;12.89;5.15;2.0;6.0;19.0;0.0;14.25;0.22;Medium
23.0;9.0;6.7;6.78;7.0;1.0;19.0;7.0;8.18;1.71;Medium
25.0;1.0;10.68;8.04;3.0;11.0;18.0;9.0;14.48;0.36;Medium
38.0;5.0;12.06;5.29;0.0;10.0;10.0;6.0;16.09;1.74;Medium
31.0;7.0;5.64;6.9;5.0;7.0;7.0;0.0;8.52;1.92;Low
41.0;18.0;8.43;5.7;5.0;0.0;21.0;2.0;10.54;0.44;Low
26.0;10.0;8.94;6.65;4.0;2.0;15.0;4.0;11.18;1.68;Medium
29.0;11.0;7.12;7.33;1.0;7.0;9.0;2.0;9.47;0.85;Medium
38.0;8.0;8.82;5.75;4.0;7.0;5.0;2.0;10.72;1.58;Medium
26.0;1.0;7.18;8.97;1.0;10.0;9.0;0.0;11.58;0.81;Low
22.0;7.0;7.61;6.82;5.0;4.0;9.0;7.0;8.87;0.14;Medium
32.0;10.0;10.69;8.12;1.0;7.0;24.0;8.0;13.32;1.43;Medium
32.0;3.0;10.33;7.63;0.0;8.0;26.0;4.0;14.32;0.3;Medium
37.0;9.0;6.32;8.26;5.0;16.0;18.0;0.0;7.34;1.85;Low
39.0;19.0;12.97;4.87;5.0;;3.0;0.0;17.48;0.84;High
27.0;15.0;12.63;5.11;7.0;18.0;18.0;8.0;16.46;0.16;High
28.0;7.0;9.09;6.44;1.0;18.0;2.0;0.0;10.38;0.46;Medium
26.0;3.0;8.33;8.26;2.0;1.0;16.0;8.0;12.91;1.73;Low
20.0;;7.77;4.99;1.0;18.0;13.0;2.0;10.72;0.64;High
22.0;11.0;11.07;8.86;1.0;14.0;9.0;2.0;14.68;1.71;Medium
32.0;13.0;10.72;4.64;3.0;7.0;5.0;3.0;15.25;0.34;Medium
44.0;15.0;5.96;4.88;3.0;7.0;15.0;4.0;10.48;0.94;Medium
36.0;17.0;10.71;4.84;0.0;0.0;8.0;5.0;13.34;1.76;Low
44.0;11.0;6.52;6.93;0.0;13.0;20.0;5.0;8.47;0.1;Medium
43.0;17.0;4.19;8.59;2.0;10.0;11.0;9.0;6.22;0.61;Medium
20.0;6.0;10.99;5.28;3.0;6.0;11.0;8.0;15.05;1.82;High
25.0;19.0;10.45;6.77;4.0;17.0;27.0;0.0;15.17;1.19;Medium
40.0;6.0;8.11;4.88;0.0;14.0;13.0;8.0;9.4;1.43;Medium
25.0;8.0;9.26;7.16;0.0;9.0;25.0;3.0;10.32;1.68;Low
31.0;0.0;13.47;4.62;3.0;3.0;1.0;6.0;17.76;1.05;Medium
32.0;5.0;9.95;6.46;3.0;0.0;9.0;5.0;12.5;1.69;Low
32.0;5.0;10.58;7.28;2.0;13.0;3.0;8.0;12.69;1.28;High
34.0;11.0;4.64;6.9;7.0;19.0;27.0;1.0;6.39;1.37;Medium
40.0;11.0;5.66;4.7;3.0;19.0;5.0;1.0;8.05;0.31;Medium
35.0;9.0;7.01;4.81;7.0;8.0;29.0;6.0;11.9;1.88;Medium
41.0;5.0;9.39;7.36;6.0;12.0;22.0;8.0;14.3;1.59;Medium
40.0;16.0;11.77;8.04;1.0;16.0;27.0;4.0;14.1;0.51;Medium
30.0;18.0;7.21;8.54;5.0;19.0;28.0;6.0;12.06;1.16;Medium
24.0;17.0;7.56;8.07;4.0;3.0;12.0;7.0;9.76;0.75;Low
23.0;;6.56;8.87;5.0;4.0;22.0;7.0;10.98;1.32;Low
22.0;18.0;6.55;6.04;1.0;;13.0;3.0;8.4;1.99;Medium
38.0;9.0;13.49;5.66;6.0;16.0;3.0;9.0;17.8;;High
39.0;7.0;10.35;4.14;6.0;6.0;9.0;6.0;12.76;1.91;Medium
44.0;5.0;5.56;6.25;1.0;9.0;9.0;0.0;7.34;0.14;Low
37.0;6.0;11.22;7.26;5.0;8.0;4.0;3.0;15.96;0.92;Medium
34.0;0.0;11.22;8.08;1.0;12.0;28.0;4.0;13.08;0.96;Medium
28.0;17.0;10.66;5.34;0.0;17.0;3.0;9.0;15.63;0.54;High
36.0;19.0;5.35;6.57;6.0;11.0;11.0;6.0;6.78;1.13;Medium
33.0;11.0;8.08;7.31;5.0;7.0;25.0;5.0;9.12;1.67;Medium
34.0;15.0;5.07;6.76;7.0;17.0;21.0;3.0;9.55;0.59;Medium
20.0;9.0;12.17;5.37;1.0;4.0;26.0;2.0;15.52;0.14;Medium
40.0;9.0;10.55;7.98;7.0;6.0;13.0;5.0;13.24;1.26;Medium
41.0;13.0;9.07;4.87;0.0;14.0;6.0;9.0;10.4;1.5;Medium
41.0;19.0;7.43;;3.0;2.0;1.0;4.0;10.73;1.91;Low
22.0;9.0;5.84;8.76;6.0;17.0;13.0;;8.41;0.32;Low
35.0;9.0;5.06;5.83;4.0;5.0;9.0;3.0;7.99;1.8;Low
42.0;10.0;13.69;5.88;4.0;5.0;27.0;1.0;17.21;0.96;High
44.0;1.0;6.0;7.72;1.0;19.0;15.0;8.0;9.56;0.47;Medium
30.0;19.0;4.6;6.28;4.0;0.0;2.0;6.0;9.44;1.93;Low
31.0;7.0;13.62;4.14;0.0;16.0;26.0;9.0;17.24;0.48;High
;6.0;9.49;8.6;3.0;10.0;7.0;2.0;11.85;1.47;Medium
35.0;7.0;11.97;6.15;1.0;1.0;22.0;7.0;14.29;1.57;Medium
27.0;0.0;4.44;5.02;2.0;8.0;27.0;7.0;7.35;0.86;Medium
;1.0;9.67;6.78;;18.0;16.0;0.0;11.71;1.38;High
31.0;17.0;7.98;5.09;6.0;5.0;3.0;4.0;10.49;1.14;Medium
43.0;14.0;11.72;5.03;7.0;6.0;;4.0;16.09;0.38;High
40.0;0.0;4.38;6.73;4.0;3.0;29.0;2.0;8.82;1.52;Low
27.0;4.0;8.02;5.96;4.0;2.0;18.0;1.0;11.53;1.86;Low
23.0;1.0;11.99;6.86;1.0;1.0;14.0;0.0;15.32;0.98;Low
27.0;19.0;9.23;8.98;5.0;9.0;19.0;3.0;11.94;1.99;Low
37.0;2.0;9.5;8.3;5.0;9.0;25.0;9.0;13.04;0.86;Medium
24.0;18.0;4.97;4.04;4.0;16.0;9.0;1.0;9.19;0.96;Medium
28.0;17.0;5.32;4.25;4.0;15.0;29.0;4.0;9.27;1.35;Medium
23.0;17.0;10.77;7.05;7.0;0.0;9.0;9.0;11.91;0.37;Medium
41.0;13.0;10.75;7.13;2.0;11.0;22.0;1.0;14.67;1.8;Medium
36.0;7.0;13.79;;5.0;19.0;23.0;0.0;17.67;1.6;High
28.0;11.0;11.12;7.15;0.0;19.0;11.0;9.0;12.52;1.74;High
20.0;9.0;8.93;5.14;6.0;9.0;;9.0;10.53;1.22;High
40.0;19.0;12.57;6.34;1.0;0.0;14.0;9.0;16.72;1.77;Medium
39.0;16.0;5.04;8.04;1.0;15.0;28.0;9.0;8.28;1.36;Medium
32.0;10.0;8.49;8.61;2.0;10.0;17.0;8.0;12.78;1.02;Medium
35.0;1.0;6.87;5.18;6.0;3.0;19.0;1.0;8.61;1.86;Low
32.0;3.0;5.05;6.7;2.0;2.0;0.0;9.0;6.17;0.88;Low
33.0;0.0;11.64;4.79;0.0;12.0;2.0;3.0;13.29;1.0;High
22.0;14.0;9.11;6.48;3.0;14.0;7.0;2.0;11.92;0.34;Medium
25.0;12.0;9.57;4.45;1.0;9.0;6.0;0.0;12.66;1.9;Medium
37.0;7.0;8.11;8.71;5.0;5.0;14.0;7.0;12.54;0.44;
38.0;3.0;8.6;7.19;6.0;10.0;7.0;1.0;12.46;0.4;Medium
24.0;9.0;5.16;8.27;4.0;0.0;14.0;7.0;10.12;0.2;Low
34.0;18.0;10.73;8.99;6.0;19.0;26.0;0.0;12.04;0.91;High
44.0;17.0;8.32;4.91;0.0;3.0;21.0;5.0;9.84;0.55;Medium
21.0;4.0;12.17;7.47;7.0;9.0;4.0;3.0;13.51;1.48;Medium
29.0;18.0;5.96;8.43;1.0;14.0;11.0;2.0;9.11;0.62;Low
43.0;15.0;6.05;6.88;5.0;0.0;11.0;0.0;8.12;1.44;Low
37.0;0.0;10.46;7.2;0.0;14.0;25.0;9.0;14.19;0.39;High
32.0;11.0;12.46;6.04;7.0;2.0;8.0;0.0;13.99;0.46;Medium
24.0;1.0;8.72;7.37;3.0;0.0;20.0;6.0;10.13;1.61;Low
42.0;7.0;11.27;5.98;5.0;5.0;8.0;5.0;14.11;0.74;Medium
;17.0;13.99;6.38;1.0;18.0;14.0;2.0;16.49;0.22;High
20.0;15.0;13.9;4.51;6.0;3.0;14.0;1.0;18.22;1.92;Medium
41.0;4.0;11.44;4.04;4.0;11.0;28.0;9.0;15.79;0.35;High
20.0;12.0;11.4;4.28;5.0;1.0;19.0;2.0;12.87;0.3;Medium
37.0;18.0;6.48;4.96;7.0;16.0;11.0;7.0;10.73;0.72;High
34.0;2.0;12.34;6.28;7.0;5.0;4.0;6.0;15.6;;High
36.0;7.0;8.05;4.1;1.0;11.0;0.0;6.0;11.06;0.31;Medium
30.0;11.0;13.62;4.78;7.0;14.0;21.0;4.0;15.0;1.69;High
40.0;1.0;;7.91;0.0;16.0;18.0;9.0;8.77;0.34;Medium
44.0;10.0;8.36;7.81;3.0;0.0;10.0;2.0;9.6;0.22;Low
41.0;11.0;9.56;7.95;7.0;13.0;25.0;0.0;11.67;1.76;Low
36.0;17.0;8.05;8.61;5.0;1.0;17.0;0.0;9.43;0.89;Low
32.0;12.0;6.11;4.6;0.0;3.0;5.0;5.0;9.23;0.31;Low
20.0;4.0;9.93;4.82;0.0;19.0;16.0;3.0;13.51;1.16;High
21.0;11.0;11.56;5.67;2.0;1.0;13.0;6.0;16.12;0.08;High
28.0;1.0;10.45;8.58;0.0;13.0;11.0;9.0;14.39;0.85;High
22.0;4.0;6.34;7.88;6.0;17.0;24.0;9.0;11.18;1.18;High
20.0;6.0;11.32;5.62;5.0;7.0;4.0;9.0;15.36;1.91;High
40.0;11.0;6.57;4.44;3.0;19.0;6.0;0.0;8.76;0.65;Medium
35.0;15.0;5.75;7.08;4.0;;26.0;5.0;8.94;1.53;Low
42.0;7.0;10.91;5.28;2.0;15.0;25.0;6.0;13.74;0.27;High
25.0;8.0;12.43;6.66;0.0;6.0;15.0;0.0;15.69;0.87;Medium
36.0;14.0;8.82;8.71;5.0;5.0;24.0;1.0;12.11;0.45;Low
24.0;4.0;;6.86;6.0;18.0;8.0;8.0;13.12;0.98;High
24.0;12.0;7.03;8.62;6.0;9.0;28.0;8.0;8.36;0.83;Medium
25.0;4.0;8.95;5.97;6.0;5.0;;5.0;12.94;1.96;
22.0;10.0;5.32;7.17;1.0;9.0;14.0;3.0;6.89;;Low
40.0;9.0;13.56;8.47;2.0;;3.0;6.0;14.66;1.16;High
42.0;19.0;12.0;6.94;3.0;2.0;19.0;4.0;15.08;0.35;Medium
24.0;12.0;10.68;7.07;1.0;19.0;22.0;2.0;14.01;1.11;Medium
40.0;8.0;9.38;7.58;7.0;2.0;23.0;3.0;10.52;1.58;Low
24.0;13.0;11.92;8.41;3.0;19.0;6.0;1.0;14.98;0.08;High
29.0;17.0;8.95;4.44;1.0;5.0;26.0;5.0;12.09;0.87;Medium
29.0;14.0;7.0;5.68;4.0;;13.0;2.0;8.21;0.09;Medium
38.0;9.0;5.6;5.99;3.0;17.0;29.0;6.0;9.45;0.49;Medium
;6.0;10.48;8.55;1.0;9.0;25.0;3.0;12.32;0.18;Medium
40.0;7.0;13.29;8.78;7.0;5.0;3.0;7.0;17.47;1.92;Medium
33.0;2.0;5.54;4.6;6.0;12.0;3.0;0.0;7.78;0.34;Medium
28.0;14.0;5.8;4.6;7.0;5.0;23.0;8.0;8.71;0.3;Medium
33.0;15.0;8.34;8.67;3.0;11.0;27.0;2.0;12.91;1.94;Low
20.0;3.0;12.07;5.48;7.0;13.0;13.0;2.0;16.29;1.03;High
38.0;5.0;6.94;5.21;2.0;16.0;24.0;4.0;11.07;1.52;Medium
32.0;0.0;6.54;4.18;3.0;7.0;6.0;9.0;8.18;0.65;Medium
32.0;3.0;10.2;5.38;5.0;4.0;14.0;0.0;11.39;1.07;Medium
23.0;10.0;;7.47;3.0;3.0;11.0;2.0;12.78;0.01;Low
20.0;11.0;4.6;6.13;1.0;5.0;13.0;3.0;7.24;0.82;Low
36.0;4.0;4.81;6.58;7.0;10.0;12.0;1.0;9.45;1.11;Medium
27.0;15.0;10.43;8.59;7.0;4.0;29.0;5.0;12.83;1.03;Medium
21.0;12.0;8.65;4.57;3.0;13.0;18.0;9.0;11.29;0.81;High
27.0;12.0;13.71;4.36;4.0;9.0;11.0;3.0;16.81;1.58;Medium
26.0;16.0;10.79;8.26;0.0;10.0;15.0;0.0;14.98;;Low
21.0;6.0;4.1;7.87;2.0;2.0;25.0;2.0;6.17;1.27;Low
41.0;7.0;8.81;5.32;5.0;7.0;15.0;6.0;13.58;0.37;Medium
41.0;12.0;8.14;5.62;6.0;4.0;0.0;2.0;11.3;1.72;Low
22.0;15.0;5.07;5.55;1.0;19.0;14.0;5.0;9.43;0.73;Medium
37.0;3.0;13.23;7.24;6.0;9.0;4.0;5.0;16.33;0.96;High
31.0;7.0;12.05;4.31;6.0;7.0;5.0;;16.14;0.7;Medium
20.0;15.0;6.3;6.45;7.0;8.0;26.0;1.0;7.51;1.78;Low
41.0;9.0;6.56;4.67;3.0;14.0;24.0;9.0;10.76;1.8;High
31.0;11.0;4.32;8.1;3.0;0.0;20.0;5.0;7.42;0.45;Low
24.0;11.0;;5.9;3.0;4.0;16.0;1.0;9.77;1.51;Low
;4.0;9.85;6.64;7.0;14.0;10.0;1.0;11.3;0.21;High
36.0;15.0;8.21;4.15;2.0;3.0;26.0;3.0;12.18;0.06;Medium
35.0;0.0;13.69;4.29;5.0;18.0;3.0;7.0;15.21;1.67;High
34.0;8.0;4.56;7.38;0.0;9.0;17.0;5.0;6.33;0.26;Medium
42.0;11.0;9.91;7.83;4.0;1.0;19.0;7.0;11.42;0.31;Medium
34.0;4.0;12.58;7.55;5.0;4.0;13.0;3.0;13.61;1.21;Medium
24.0;19.0;8.81;7.69;4.0;17.0;22.0;2.0;12.46;1.63;Medium
40.0;2.0;4.03;4.52;6.0;5.0;8.0;6.0;6.11;0.38;Medium
33.0;4.0;6.43;7.47;5.0;9.0;27.0;6.0;8.03;0.23;Medium
21.0;1.0;7.24;4.91;1.0;14.0;2.0;1.0;9.52;0.15;Medium
30.0;13.0;13.66;4.49;0.0;8.0;2.0;0.0;16.66;0.05;Medium
38.0;1.0;13.12;7.79;0.0;12.0;10.0;7.0;16.13;0.23;Medium
26.0;12.0;13.49;8.45;2.0;17.0;19.0;2.0;15.96;1.89;Medium
25.0;6.0;12.26;7.58;7.0;6.0;22.0;5.0;15.24;0.19;High
21.0;9.0;7.52;8.03;5.0;1.0;21.0;6.0;10.23;1.2;Low
25.0;12.0;;8.96;3.0;15.0;29.0;7.0;17.35;1.84;High
37.0;15.0;13.82;4.67;0.0;1.0;4.0;5.0;14.94;1.26;Medium
21.0;13.0;7.5;;;3.0;3.0;6.0;11.97;0.07;Medium
;10.0;6.61;7.01;3.0;1.0;11.0;4.0;8.59;1.19;Low
34.0;9.0;9.47;8.07;2.0;16.0;23.0;2.0;13.36;1.81;Medium
38.0;5.0;5.87;7.25;6.0;5.0;11.0;1.0;8.49;0.65;
21.0;3.0;4.33;6.85;6.0;9.0;3.0;6.0;6.51;0.63;Medium
39.0;0.0;13.46;7.52;5.0;13.0;2.0;7.0;16.92;0.5;High
44.0;6.0;13.26;5.6;5.0;14.0;22.0;7.0;17.34;1.01;High
25.0;8.0;5.63;8.62;1.0;11.0;1.0;;8.43;0.48;Medium
20.0;7.0;8.08;4.58;5.0;18.0;3.0;1.0;10.95;1.45;High
43.0;4.0;12.31;5.59;1.0;10.0;23.0;8.0;13.55;1.29;High
34.0;18.0;10.61;4.16;3.0;0.0;3.0;5.0;15.31;0.8;Medium
42.0;9.0;;5.36;7.0;7.0;25.0;9.0;12.34;1.45;Medium
29.0;10.0;11.44;5.09;6.0;5.0;27.0;2.0;14.03;0.2;High
38.0;14.0;12.97;4.25;7.0;11.0;6.0;4.0;17.03;1.5;
36.0;5.0;13.26;6.46;3.0;19.0;1.0;0.0;15.51;1.21;High
24.0;14.0;7.79;6.34;6.0;;10.0;1.0;11.71;;Medium
23.0;4.0;5.74;4.39;6.0;17.0;4.0;8.0;8.81;0.13;High
29.0;18.0;13.13;5.31;0.0;11.0;27.0;9.0;15.97;1.24;
43.0;18.0;4.93;8.77;2.0;19.0;12.0;9.0;6.16;0.99;Medium
36.0;9.0;11.22;4.55;7.0;1.0;3.0;2.0;16.08;0.97;Medium
29.0;11.0;5.4;5.53;1.0;6.0;8.0;7.0;9.75;0.64;Medium
36.0;3.0;7.89;4.18;6.0;8.0;6.0;9.0;12.06;0.02;Medium
39.0;17.0;8.12;4.74;0.0;17.0;29.0;7.0;10.34;0.85;Medium
43.0;15.0;5.59;7.5;7.0;8.0;24.0;4.0;7.75;0.8;Medium
24.0;7.0;13.23;5.83;4.0;7.0;26.0;7.0;16.52;0.85;High
21.0;3.0;4.03;6.26;0.0;0.0;28.0;1.0;8.41;1.22;Low
25.0;11.0;12.94;4.78;3.0;4.0;12.0;1.0;17.68;0.6;Medium
40.0;1.0;12.84;7.41;4.0;15.0;9.0;3.0;14.92;0.54;High
21.0;3.0;7.17;7.76;7.0;13.0;6.0;7.0;10.6;1.0;Medium
32.0;4.0;11.04;4.91;0.0;12.0;17.0;1.0;14.94;1.18;Medium
30.0;;6.53;4.22;5.0;10.0;27.0;3.0;8.44;1.13;Medium
30.0;8.0;11.59;4.4;2.0;19.0;17.0;7.0;14.22;1.76;High
35.0;17.0;9.61;7.29;1.0;12.0;1.0;2.0;11.36;1.54;Medium
30.0;10.0;7.0;4.68;5.0;14.0;20.0;7.0;10.8;0.1;High
38.0;2.0;8.0;6.47;4.0;15.0;0.0;1.0;12.46;1.13;Medium
34.0;1.0;10.9;4.76;6.0;12.0;12.0;0.0;15.41;0.84;Medium
44.0;8.0;13.06;4.85;2.0;7.0;22.0;5.0;16.74;0.72;High
42.0;13.0;5.31;4.02;6.0;17.0;1.0;7.0;7.7;1.92;Medium
42.0;3.0;9.71;5.6;0.0;18.0;3.0;8.0;13.35;0.91;High
35.0;8.0;6.54;4.45;5.0;14.0;8.0;9.0;11.0;1.44;High
30.0;12.0;12.01;5.97;3.0;9.0;7.0;7.0;15.51;1.93;High
41.0;17.0;4.7;6.99;;3.0;25.0;1.0;7.35;0.3;Low
35.0;14.0;10.89;5.84;3.0;5.0;17.0;0.0;15.57;0.11;Medium
27.0;9.0;5.75;7.53;2.0;7.0;29.0;6.0;10.09;0.63;Low
23.0;15.0;9.96;7.71;3.0;6.0;15.0;6.0;14.49;0.09;Medium
27.0;11.0;12.36;7.48;1.0;11.0;3.0;2.0;16.97;0.23;Medium
23.0;;11.55;8.68;7.0;17.0;3.0;5.0;14.13;1.98;High
43.0;4.0;11.53;5.19;6.0;17.0;17.0;6.0;15.97;1.92;High
44.0;1.0;9.18;4.95;2.0;18.0;1.0;8.0;12.46;1.38;High
22.0;9.0;12.91;7.05;7.0;3.0;20.0;0.0;14.06;1.51;Medium
22.0;0.0;9.88;6.97;2.0;0.0;10.0;2.0;13.42;0.28;Low
37.0;6.0;13.18;6.55;3.0;4.0;19.0;4.0;16.06;1.19;Medium
38.0;16.0;9.47;4.02;2.0;6.0;23.0;2.0;11.57;0.31;Medium
;15.0;9.06;6.78;0.0;10.0;3.0;7.0;13.94;0.76;Medium
40.0;2.0;6.22;8.66;4.0;10.0;23.0;9.0;7.44;0.69;Medium
24.0;13.0;9.45;5.67;5.0;9.0;13.0;5.0;14.23;1.23;Medium
37.0;9.0;5.41;8.84;4.0;6.0;20.0;1.0;7.05;0.16;Low
29.0;6.0;12.7;5.78;7.0;15.0;16.0;0.0;15.21;0.21;High
41.0;16.0;10.76;4.7;6.0;0.0;29.0;9.0;13.43;1.22;High
40.0;5.0;13.94;5.99;5.0;0.0;29.0;4.0;17.86;1.27;Medium
25.0;3.0;4.92;6.47;3.0;11.0;24.0;8.0;6.78;0.68;Medium
20.0;16.0;6.41;7.15;7.0;15.0;7.0;9.0;11.35;0.29;High
24.0;8.0;12.77;6.52;1.0;4.0;0.0;8.0;16.77;;Medium
28.0;3.0;7.95;6.68;1.0;13.0;27.0;0.0;12.11;0.11;Medium
31.0;6.0;8.66;4.12;;17.0;18.0;2.0;10.09;1.43;Medium
33.0;1.0;12.61;5.27;6.0;8.0;18.0;5.0;15.52;0.28;Medium
21.0;16.0;9.22;5.55;3.0;1.0;20.0;4.0;14.0;1.27;Low
36.0;7.0;5.93;8.94;2.0;11.0;6.0;3.0;8.01;1.33;Medium
33.0;14.0;12.92;5.48;1.0;9.0;0.0;1.0;14.5;1.61;Medium
32.0;14.0;4.31;8.48;7.0;1.0;0.0;3.0;7.25;0.79;Low
28.0;7.0;12.95;5.52;4.0;14.0;9.0;4.0;17.67;0.04;High
44.0;15.0;4.51;4.48;3.0;3.0;12.0;1.0;7.46;1.62;Low
34.0;18.0;10.66;5.24;6.0;18.0;21.0;9.0;13.28;0.89;High
44.0;10.0;4.72;5.36;7.0;3.0;29.0;0.0;8.32;1.69;Low
41.0;1.0;11.06;8.89;6.0;8.0;4.0;6.0;15.81;1.55;Medium
34.0;16.0;4.34;7.37;4.0;12.0;11.0;6.0;5.54;1.0;Medium
43.0;15.0;12.42;8.66;5.0;9.0;27.0;7.0;14.03;2.0;Medium
30.0;14.0;8.66;8.17;4.0;13.0;28.0;9.0;10.19;0.92;High
35.0;12.0;4.93;6.89;6.0;2.0;2.0;5.0;6.27;1.39;Low
36.0;14.0;11.07;7.38;1.0;2.0;28.0;0.0;13.28;1.34;Low
23.0;3.0;8.89;7.12;5.0;19.0;18.0;7.0;10.81;1.04;High
20.0;15.0;5.91;7.33;7.0;15.0;3.0;1.0;9.1;1.17;Medium
27.0;11.0;4.16;5.32;4.0;8.0;14.0;2.0;6.47;1.6;Low
36.0;3.0;8.18;6.04;2.0;13.0;12.0;7.0;10.8;1.14;Medium
22.0;2.0;4.86;6.96;2.0;15.0;10.0;3.0;9.63;0.9;Low
39.0;16.0;4.94;4.18;1.0;8.0;25.0;4.0;6.56;1.32;Low
34.0;17.0;6.67;6.41;7.0;4.0;1.0;8.0;9.22;0.07;Medium
34.0;17.0;10.3;8.3;2.0;;28.0;6.0;12.33;0.22;Medium
43.0;16.0;9.3;6.46;3.0;14.0;8.0;9.0;;0.25;High
41.0;11.0;4.69;6.76;5.0;3.0;28.0;6.0;8.64;0.85;Low
33.0;3.0;13.68;5.01;1.0;13.0;11.0;0.0;17.95;1.74;Medium
42.0;11.0;12.87;7.97;5.0;19.0;3.0;0.0;15.93;1.29;High
33.0;19.0;6.59;5.79;7.0;19.0;25.0;7.0;11.01;1.95;High
43.0;14.0;5.22;8.78;6.0;6.0;18.0;9.0;9.36;0.08;Low
21.0;15.0;13.42;8.97;4.0;3.0;9.0;0.0;15.05;1.44;Low
32.0;;8.61;8.58;3.0;16.0;10.0;9.0;10.59;0.63;High
33.0;14.0;7.11;4.42;1.0;8.0;6.0;1.0;10.8;0.05;Low
43.0;16.0;8.9;5.67;4.0;3.0;12.0;3.0;13.8;1.65;Medium
38.0;17.0;11.73;8.73;4.0;2.0;8.0;8.0;14.23;;High
26.0;4.0;5.68;8.02;4.0;18.0;11.0;6.0;7.6;0.43;Medium
22.0;12.0;11.67;8.56;4.0;8.0;28.0;6.0;16.15;0.68;Medium
34.0;18.0;11.49;6.86;4.0;7.0;1.0;9.0;13.29;1.58;High
42.0;12.0;9.39;6.4;1.0;6.0;29.0;6.0;13.18;1.25;Medium
33.0;17.0;12.66;4.53;2.0;6.0;21.0;4.0;13.8;0.53;Medium
30.0;13.0;5.32;8.2;4.0;3.0;20.0;0.0;6.4;0.34;Low
34.0;3.0;9.95;7.73;6.0;18.0;0.0;4.0;12.76;;High
32.0;3.0;8.49;4.29;6.0;11.0;26.0;7.0;12.12;0.3;High
37.0;19.0;8.22;5.05;3.0;19.0;6.0;6.0;9.79;1.74;Medium
25.0;19.0;6.53;6.79;1.0;5.0;0.0;6.0;10.59;1.85;Low
22.0;18.0;7.72;7.42;0.0;11.0;25.0;1.0;9.23;1.94;Low
38.0;12.0;5.08;4.69;2.0;19.0;24.0;0.0;8.21;1.67;Low
;11.0;6.52;5.22;;3.0;15.0;3.0;8.75;1.77;Low
44.0;6.0;6.72;4.97;6.0;1.0;3.0;7.0;10.73;1.63;Medium
42.0;11.0;11.21;5.1;4.0;14.0;29.0;0.0;15.43;1.92;Low
24.0;3.0;4.49;8.6;1.0;5.0;7.0;1.0;5.75;1.69;Low
29.0;1.0;10.51;;1.0;17.0;16.0;6.0;12.28;0.92;High
26.0;1.0;6.21;7.69;4.0;4.0;20.0;;10.78;0.65;Low
44.0;4.0;4.82;7.97;6.0;3.0;18.0;5.0;7.48;1.17;Low
36.0;9.0;7.01;5.78;3.0;10.0;3.0;7.0;9.92;1.22;Medium
26.0;9.0;6.24;7.84;1.0;10.0;27.0;8.0;7.91;1.15;Low
41.0;8.0;9.52;8.89;5.0;8.0;3.0;7.0;14.5;1.41;Medium
31.0;12.0;7.57;7.49;6.0;2.0;7.0;0.0;12.26;1.4;Low
44.0;;13.66;6.08;6.0;10.0;9.0;3.0;14.67;0.17;High
36.0;4.0;13.64;7.58;2.0;1.0;25.0;4.0;16.84;0.57;Medium
32.0;9.0;8.44;8.5;3.0;8.0;28.0;8.0;12.93;1.78;Medium
39.0;9.0;11.95;4.64;6.0;9.0;15.0;5.0;14.67;1.18;High
44.0;5.0;4.13;5.33;7.0;10.0;18.0;5.0;6.88;0.66;Medium
23.0;;9.48;8.6;4.0;2.0;0.0;2.0;12.0;1.7;Low
29.0;7.0;11.43;8.73;7.0;16.0;4.0;1.0;12.55;0.5;Medium
22.0;0.0;6.17;6.42;6.0;10.0;1.0;1.0;10.33;0.82;Medium
28.0;16.0;4.61;5.87;7.0;16.0;28.0;6.0;7.44;0.55;Medium
32.0;6.0;5.56;5.41;3.0;18.0;26.0;4.0;8.68;1.74;Medium
37.0;13.0;8.42;6.49;7.0;3.0;15.0;9.0;10.44;1.46;Medium
34.0;16.0;9.06;8.67;5.0;1.0;12.0;0.0;13.2;0.92;Low
23.0;8.0;7.81;4.75;6.0;13.0;29.0;4.0;11.98;1.86;Medium
34.0;16.0;8.4;6.1;3.0;14.0;5.0;0.0;11.61;1.85;Medium
41.0;4.0;8.7;8.56;6.0;2.0;3.0;8.0;13.32;1.42;Medium
21.0;19.0;11.69;5.75;0.0;19.0;24.0;7.0;13.15;1.78;High
34.0;7.0;5.05;7.84;7.0;12.0;6.0;3.0;9.2;1.44;Low
27.0;5.0;11.69;5.95;7.0;12.0;1.0;0.0;14.92;1.26;High
27.0;10.0;10.89;8.02;4.0;17.0;22.0;7.0;12.81;0.84;High
36.0;18.0;11.42;8.91;2.0;19.0;9.0;4.0;12.95;0.55;Medium
31.0;3.0;11.34;5.94;4.0;6.0;13.0;0.0;13.54;0.12;High
38.0;17.0;8.71;8.23;0.0;15.0;7.0;1.0;13.14;;Low
29.0;0.0;6.11;8.94;4.0;15.0;2.0;4.0;10.26;0.24;Medium
28.0;12.0;9.37;8.92;4.0;5.0;2.0;8.0;12.95;0.82;Medium
24.0;13.0;13.58;6.17;2.0;5.0;26.0;9.0;14.94;0.47;High
25.0;0.0;9.89;6.43;7.0;3.0;1.0;7.0;14.71;0.91;Medium
39.0;10.0;4.11;5.52;0.0;2.0;27.0;9.0;6.33;0.63;Low
21.0;16.0;4.6;5.57;4.0;0.0;16.0;7.0;8.03;1.66;Low
43.0;3.0;13.93;6.46;5.0;2.0;18.0;8.0;18.14;1.96;High
32.0;11.0;4.72;5.0;6.0;18.0;9.0;1.0;6.25;1.88;Medium
25.0;9.0;4.46;7.56;4.0;8.0;11.0;6.0;8.07;1.24;Low
24.0;5.0;7.53;6.68;1.0;13.0;;9.0;8.66;1.96;Medium
44.0;0.0;13.69;8.49;4.0;18.0;22.0;4.0;15.1;0.8;High
20.0;6.0;7.19;8.05;2.0;18.0;10.0;2.0;11.08;1.04;Medium
40.0;15.0;8.1;5.61;1.0;12.0;8.0;9.0;9.72;0.51;Medium
41.0;13.0;10.34;6.53;5.0;15.0;29.0;7.0;13.11;1.8;Medium
40.0;19.0;4.24;7.75;6.0;7.0;24.0;1.0;6.23;0.36;Low
25.0;19.0;12.98;4.97;5.0;15.0;12.0;3.0;15.66;1.22;High
25.0;5.0;9.19;4.16;5.0;8.0;5.0;4.0;;1.6;Medium
42.0;4.0;8.67;8.26;;8.0;13.0;4.0;12.69;1.19;Medium
35.0;17.0;12.61;4.69;5.0;2.0;;3.0;13.93;0.16;High
23.0;14.0;13.53;8.45;3.0;6.0;10.0;2.0;17.88;1.22;Medium
30.0;5.0;8.23;8.57;2.0;19.0;4.0;2.0;11.88;1.53;Medium
43.0;18.0;5.72;6.3;0.0;17.0;1.0;4.0;8.39;0.38;Medium
42.0;0.0;12.16;8.03;1.0;;6.0;9.0;16.63;1.47;Medium
28.0;0.0;8.03;5.82;3.0;0.0;;5.0;9.77;1.76;Low
42.0;12.0;13.36;8.29;0.0;11.0;5.0;0.0;15.42;;Medium
22.0;2.0;13.5;8.12;2.0;15.0;13.0;3.0;15.05;0.82;High
38.0;9.0;5.15;4.39;1.0;11.0;3.0;9.0;7.68;0.05;Medium
27.0;2.0;13.57;6.91;2.0;9.0;2.0;9.0;18.52;0.84;High
24.0;8.0;7.68;7.2;2.0;8.0;10.0;5.0;9.32;1.32;Medium
23.0;7.0;10.46;4.0;1.0;17.0;28.0;1.0;14.78;1.78;Medium
43.0;2.0;4.35;8.9;5.0;3.0;0.0;9.0;7.96;1.88;Medium
25.0;12.0;12.89;6.03;4.0;7.0;13.0;4.0;13.95;1.82;Medium
21.0;5.0;10.42;6.59;2.0;3.0;5.0;8.0;15.2;1.32;Low
39.0;12.0;10.44;4.97;5.0;15.0;28.0;2.0;15.32;1.37;High
30.0;;13.02;7.05;6.0;7.0;22.0;2.0;17.72;0.0;Medium
23.0;19.0;9.08;8.05;1.0;6.0;26.0;8.0;12.09;0.73;Medium
34.0;11.0;8.11;6.93;2.0;12.0;16.0;2.0;9.99;1.81;Low
25.0;12.0;12.66;7.94;4.0;7.0;26.0;3.0;15.23;1.38;Medium
41.0;1.0;11.42;7.66;6.0;6.0;16.0;8.0;14.88;0.94;Medium
36.0;15.0;13.49;5.19;1.0;4.0;22.0;3.0;16.01;0.21;High
43.0;5.0;13.4;;7.0;17.0;10.0;4.0;17.23;0.49;High
25.0;18.0;7.82;4.74;0.0;18.0;27.0;1.0;12.0;1.11;Medium
38.0;12.0;8.47;4.21;0.0;9.0;21.0;7.0;10.31;1.8;Medium
44.0;16.0;6.56;4.32;7.0;10.0;6.0;8.0;9.18;0.19;High
21.0;8.0;10.61;8.71;5.0;7.0;12.0;9.0;15.44;0.31;Medium
34.0;16.0;7.65;8.92;0.0;;7.0;3.0;9.65;1.31;Low
30.0;1.0;11.86;4.47;3.0;10.0;7.0;2.0;14.25;0.59;High
27.0;18.0;5.22;5.68;7.0;15.0;8.0;3.0;6.36;0.34;Medium
38.0;18.0;5.16;4.57;2.0;3.0;28.0;6.0;7.49;0.36;Low
32.0;6.0;6.04;8.17;2.0;1.0;24.0;0.0;8.52;0.99;Low
31.0;9.0;4.84;6.48;1.0;12.0;6.0;1.0;6.24;1.17;Low
24.0;9.0;10.2;7.11;3.0;6.0;24.0;9.0;11.21;1.81;Medium
25.0;19.0;5.47;6.7;2.0;16.0;21.0;4.0;8.77;;Medium
41.0;8.0;5.6;7.55;1.0;12.0;8.0;8.0;7.81;1.38;Medium
23.0;16.0;4.14;5.6;4.0;9.0;10.0;5.0;5.21;0.36;Low
38.0;14.0;11.82;4.69;2.0;12.0;1.0;2.0;16.26;1.43;Medium
39.0;1.0;12.12;4.09;5.0;9.0;26.0;2.0;15.46;1.3;Medium
20.0;3.0;5.62;6.23;2.0;6.0;17.0;6.0;7.3;0.43;Low
39.0;18.0;11.4;8.54;4.0;9.0;29.0;2.0;15.86;1.34;Medium
36.0;16.0;8.34;5.53;4.0;15.0;21.0;9.0;10.35;0.42;High
31.0;;6.4;4.98;;2.0;2.0;2.0;8.31;1.19;Low
34.0;6.0;10.21;8.63;4.0;3.0;17.0;9.0;14.79;1.34;Low
20.0;17.0;5.78;;1.0;3.0;15.0;6.0;7.5;1.39;Medium
33.0;6.0;11.57;4.26;2.0;3.0;7.0;8.0;16.09;1.82;High
25.0;16.0;4.48;8.4;2.0;15.0;22.0;8.0;8.69;1.9;Medium
24.0;6.0;13.59;7.5;0.0;8.0;7.0;2.0;15.83;1.62;Medium
30.0;3.0;4.72;6.11;5.0;5.0;5.0;7.0;5.86;1.76;Medium
23.0;7.0;9.79;7.76;2.0;9.0;24.0;0.0;11.12;0.04;Medium
32.0;12.0;13.02;7.71;6.0;3.0;24.0;7.0;14.46;0.73;Medium
30.0;3.0;4.12;4.2;0.0;11.0;1.0;1.0;8.68;0.08;Low
22.0;5.0;8.99;7.38;4.0;9.0;15.0;3.0;11.61;;Low
20.0;4.0;7.5;7.2;5.0;11.0;25.0;6.0;8.63;0.76;Medium
25.0;11.0;9.8;8.82;5.0;18.0;20.0;5.0;13.03;1.74;Medium
37.0;3.0;6.25;8.83;4.0;18.0;8.0;8.0;8.08;1.02;Medium
43.0;8.0;4.65;;1.0;0.0;18.0;7.0;6.59;1.3;Low
29.0;3.0;10.26;6.95;7.0;3.0;20.0;1.0;11.9;0.73;Medium
24.0;18.0;8.17;4.71;7.0;12.0;14.0;3.0;12.22;1.21;Medium
42.0;13.0;10.22;4.33;0.0;7.0;23.0;0.0;11.22;1.63;
;4.0;6.11;6.16;2.0;13.0;1.0;;8.87;0.6;Medium
31.0;17.0;7.39;7.45;0.0;15.0;14.0;3.0;8.74;;Low
21.0;9.0;9.62;6.84;4.0;1.0;21.0;7.0;12.83;0.43;Low
32.0;18.0;9.93;6.15;4.0;7.0;10.0;1.0;12.31;1.84;Medium
27.0;11.0;7.72;8.09;6.0;12.0;19.0;7.0;8.83;0.06;Medium
21.0;17.0;6.8;7.97;7.0;0.0;11.0;1.0;9.64;1.09;Low
39.0;16.0;6.74;7.66;1.0;11.0;14.0;7.0;10.02;1.97;Medium
20.0;10.0;5.75;4.39;7.0;16.0;15.0;0.0;7.74;1.22;Medium
24.0;2.0;7.25;7.98;5.0;6.0;29.0;1.0;11.31;1.11;Low
28.0;16.0;5.99;8.6;5.0;15.0;27.0;4.0;8.47;1.36;Low
36.0;0.0;10.34;4.3;4.0;13.0;5.0;0.0;14.34;0.58;Medium
28.0;14.0;9.69;6.01;0.0;9.0;2.0;4.0;13.01;0.11;Medium
30.0;8.0;7.83;8.94;5.0;2.0;5.0;4.0;12.31;0.5;Low
34.0;14.0;7.26;7.0;6.0;11.0;22.0;6.0;10.45;0.35;Medium
43.0;2.0;;6.57;6.0;7.0;25.0;1.0;8.12;1.85;Low
25.0;;9.35;4.89;2.0;15.0;2.0;1.0;13.64;1.7;Medium
42.0;12.0;13.19;6.83;2.0;0.0;20.0;5.0;17.32;0.64;Medium
22.0;;10.86;6.2;0.0;16.0;12.0;9.0;15.75;1.67;High
36.0;19.0;11.44;4.64;7.0;5.0;11.0;2.0;12.81;0.42;
24.0;0.0;12.34;6.32;7.0;0.0;7.0;7.0;15.7;0.4;Medium
31.0;16.0;7.52;4.82;1.0;14.0;1.0;2.0;10.49;1.54;Medium
37.0;12.0;4.63;7.65;2.0;12.0;6.0;9.0;8.31;0.65;Medium
33.0;0.0;10.23;8.87;0.0;5.0;28.0;3.0;15.15;0.13;Medium
40.0;9.0;5.89;6.35;0.0;12.0;16.0;6.0;9.02;1.44;Medium
43.0;14.0;9.69;7.16;4.0;3.0;6.0;0.0;13.43;1.98;Low
30.0;6.0;11.4;6.15;5.0;0.0;0.0;0.0;13.79;1.13;Low
28.0;17.0;11.84;4.69;4.0;9.0;3.0;8.0;14.04;;High
21.0;15.0;7.02;8.85;5.0;3.0;14.0;5.0;9.36;0.75;Low
31.0;;9.12;4.65;1.0;12.0;3.0;4.0;10.27;1.3;Medium
22.0;17.0;10.21;4.56;1.0;3.0;11.0;1.0;12.35;1.4;Medium
22.0;6.0;12.19;6.3;1.0;15.0;15.0;1.0;13.88;1.77;High
20.0;16.0;11.61;7.29;0.0;8.0;20.0;6.0;14.44;1.82;Medium
27.0;17.0;13.88;5.77;0.0;3.0;17.0;5.0;16.72;1.72;Medium
41.0;11.0;4.08;4.96;7.0;19.0;13.0;7.0;8.14;1.3;Medium
27.0;7.0;8.37;8.09;4.0;7.0;13.0;2.0;11.38;0.9;Low
30.0;1.0;6.56;5.82;2.0;3.0;27.0;2.0;9.41;1.36;Medium
28.0;6.0;5.2;4.97;6.0;8.0;10.0;4.0;7.13;1.33;Medium
24.0;3.0;13.12;5.83;5.0;10.0;27.0;9.0;17.53;0.44;High
33.0;17.0;13.98;5.07;5.0;4.0;15.0;3.0;15.34;1.02;Medium
22.0;5.0;5.81;6.6;1.0;8.0;14.0;7.0;10.74;0.42;Low
40.0;8.0;4.38;7.34;7.0;7.0;21.0;5.0;7.28;1.8;Low
24.0;8.0;6.75;8.0;5.0;3.0;5.0;7.0;8.49;0.65;Medium
24.0;13.0;12.35;5.14;3.0;19.0;29.0;6.0;14.77;1.61;High
38.0;7.0;6.94;4.83;1.0;0.0;23.0;1.0;8.0;0.75;Low
33.0;18.0;4.57;4.1;6.0;19.0;12.0;8.0;6.24;1.53;Medium
23.0;2.0;4.52;5.14;5.0;12.0;25.0;;6.86;0.44;Medium
44.0;17.0;8.27;4.12;4.0;4.0;27.0;5.0;11.49;1.53;Medium
32.0;4.0;13.32;5.73;5.0;19.0;16.0;1.0;14.84;0.36;High
29.0;13.0;6.86;4.73;0.0;9.0;3.0;8.0;;0.98;Medium
44.0;3.0;8.27;6.9;4.0;15.0;11.0;0.0;12.65;0.23;Medium
37.0;6.0;5.02;5.92;4.0;7.0;17.0;;8.31;1.06;Low
27.0;19.0;8.94;4.47;4.0;11.0;26.0;7.0;11.13;1.64;Medium
27.0;11.0;10.97;6.0;3.0;2.0;7.0;1.0;12.46;1.51;Low
26.0;1.0;6.71;5.05;3.0;3.0;11.0;2.0;7.77;0.1;Low
27.0;10.0;6.97;7.4;5.0;16.0;3.0;9.0;10.9;0.98;High
33.0;13.0;12.42;5.82;;19.0;29.0;9.0;15.93;1.7;High
38.0;15.0;4.1;4.74;7.0;12.0;7.0;6.0;7.01;1.3;Medium
25.0;19.0;10.36;5.75;5.0;5.0;28.0;0.0;11.77;0.12;Low
20.0;5.0;7.94;;5.0;2.0;1.0;4.0;9.77;0.65;Medium
42.0;3.0;6.98;7.98;7.0;13.0;28.0;5.0;11.24;1.11;
34.0;14.0;10.58;8.92;7.0;6.0;29.0;9.0;13.5;0.35;High
20.0;0.0;12.35;4.13;5.0;2.0;3.0;6.0;17.2;1.36;Medium
44.0;6.0;;7.45;7.0;5.0;11.0;9.0;14.58;1.27;High
36.0;11.0;4.31;5.32;6.0;12.0;24.0;9.0;8.51;0.4;High
20.0;9.0;8.61;4.33;0.0;13.0;20.0;6.0;10.64;1.1;Medium
34.0;4.0;8.63;4.07;4.0;14.0;21.0;2.0;10.55;1.62;Medium
42.0;11.0;9.44;8.41;2.0;15.0;9.0;6.0;11.45;0.75;High
21.0;17.0;10.71;5.77;6.0;0.0;14.0;0.0;15.66;0.49;Medium
33.0;9.0;4.19;8.97;1.0;14.0;;3.0;6.53;1.4;Low
40.0;5.0;9.02;6.21;1.0;6.0;8.0;6.0;12.85;0.14;Low
27.0;11.0;9.88;4.94;4.0;8.0;8.0;6.0;14.72;1.67;Medium
27.0;6.0;7.43;7.89;1.0;14.0;6.0;3.0;11.71;1.89;Medium
38.0;17.0;10.68;8.63;4.0;13.0;26.0;0.0;14.07;1.93;Medium
26.0;1.0;6.28;8.08;1.0;18.0;1.0;7.0;7.96;0.87;Medium
38.0;9.0;7.17;7.73;5.0;17.0;6.0;3.0;8.87;1.25;Medium
25.0;14.0;13.63;5.67;0.0;8.0;8.0;1.0;16.6;1.71;High
25.0;11.0;7.48;4.32;6.0;0.0;17.0;3.0;12.29;0.45;Medium
22.0;16.0;7.47;5.01;6.0;11.0;22.0;7.0;12.09;0.06;
26.0;3.0;9.96;6.23;1.0;9.0;11.0;7.0;11.62;0.77;Medium
38.0;6.0;13.71;8.78;6.0;6.0;6.0;4.0;15.86;1.77;High
27.0;8.0;13.83;7.61;1.0;13.0;18.0;1.0;17.19;1.01;Medium
29.0;18.0;9.8;8.14;7.0;0.0;21.0;6.0;12.71;1.06;Medium
39.0;6.0;4.01;5.39;7.0;14.0;23.0;2.0;5.49;;Medium
34.0;1.0;13.01;7.42;7.0;0.0;15.0;5.0;15.49;1.15;High
34.0;5.0;9.7;8.31;2.0;12.0;25.0;8.0;14.52;0.11;Medium
20.0;17.0;7.66;;6.0;19.0;7.0;4.0;12.47;1.12;High
39.0;5.0;12.29;6.15;0.0;1.0;29.0;8.0;15.53;1.3;Medium
26.0;12.0;8.0;7.6;6.0;2.0;18.0;3.0;11.54;1.28;Low
23.0;18.0;4.34;6.8;5.0;3.0;5.0;8.0;6.23;1.46;Medium
25.0;1.0;12.21;8.97;0.0;15.0;1.0;0.0;16.18;1.04;Medium
44.0;11.0;9.46;6.13;6.0;11.0;29.0;3.0;10.67;1.8;Medium
20.0;14.0;7.38;4.88;0.0;3.0;1.0;0.0;9.26;0.93;Low
24.0;;6.51;6.36;6.0;11.0;28.0;8.0;7.53;1.04;Medium
42.0;5.0;9.94;5.18;1.0;6.0;7.0;7.0;12.48;1.56;Medium
20.0;17.0;6.08;6.81;3.0;19.0;26.0;7.0;10.48;1.67;High
23.0;4.0;7.24;4.63;7.0;2.0;9.0;6.0;12.17;1.3;Medium
41.0;17.0;10.37;8.75;1.0;4.0;20.0;8.0;14.04;0.25;Medium
21.0;2.0;12.82;8.3;4.0;11.0;20.0;2.0;16.8;0.66;Medium
29.0;2.0;9.33;4.78;7.0;11.0;;6.0;11.38;0.04;High
24.0;9.0;11.59;4.86;6.0;19.0;19.0;5.0;14.67;0.59;High
29.0;18.0;11.63;6.56;2.0;6.0;26.0;4.0;15.58;1.14;Medium
20.0;2.0;10.64;7.86;0.0;11.0;25.0;8.0;13.63;1.61;Medium
;11.0;6.46;5.1;4.0;1.0;19.0;3.0;7.81;1.17;Low
25.0;15.0;12.67;4.3;5.0;13.0;23.0;2.0;16.63;0.08;High
32.0;16.0;8.36;6.73;7.0;15.0;2.0;2.0;10.24;0.52;Medium
34.0;6.0;4.44;7.46;4.0;6.0;26.0;1.0;5.83;1.16;Low
23.0;12.0;6.45;5.22;7.0;3.0;15.0;0.0;9.36;1.42;Low
32.0;1.0;11.66;7.7;3.0;19.0;2.0;2.0;;1.73;Medium
43.0;3.0;4.69;8.75;6.0;4.0;7.0;7.0;8.21;1.94;Low
39.0;9.0;5.47;4.69;0.0;13.0;18.0;5.0;9.03;1.78;Low
43.0;6.0;10.94;6.56;1.0;;11.0;1.0;12.97;0.93;Low
34.0;16.0;12.93;4.28;0.0;4.0;17.0;7.0;17.79;1.49;Medium
27.0;19.0;10.34;5.03;7.0;1.0;12.0;4.0;14.64;0.48;Medium
24.0;5.0;6.22;4.45;2.0;4.0;10.0;3.0;7.66;0.13;
34.0;18.0;4.53;6.02;;2.0;28.0;0.0;8.52;0.11;Low
23.0;4.0;10.15;8.1;4.0;9.0;12.0;0.0;12.56;0.48;Low
31.0;9.0;4.47;6.89;4.0;7.0;20.0;3.0;8.47;0.08;Low
32.0;8.0;10.13;5.11;1.0;9.0;26.0;8.0;14.33;1.7;Medium
21.0;12.0;6.26;4.2;1.0;1.0;2.0;9.0;7.87;0.98;Low
38.0;18.0;13.05;6.77;1.0;13.0;5.0;9.0;16.7;1.62;High
38.0;5.0;8.75;4.66;5.0;3.0;26.0;5.0;13.2;1.88;Medium
23.0;3.0;6.24;5.71;6.0;11.0;22.0;0.0;8.53;1.99;
23.0;2.0;12.53;6.55;2.0;19.0;2.0;7.0;13.85;1.87;High
30.0;2.0;6.54;8.52;5.0;13.0;24.0;8.0;7.65;1.43;Low
24.0;3.0;7.07;4.41;7.0;15.0;25.0;1.0;8.51;0.88;Medium
39.0;4.0;12.34;7.34;5.0;4.0;0.0;5.0;13.36;1.2;Medium
30.0;7.0;7.09;4.07;5.0;15.0;13.0;6.0;9.4;1.63;High
29.0;15.0;8.1;7.15;7.0;3.0;22.0;0.0;10.3;1.8;
27.0;2.0;7.48;6.76;0.0;2.0;19.0;4.0;;1.91;Low
25.0;11.0;5.16;8.06;3.0;0.0;6.0;4.0;8.76;1.46;Low
25.0;7.0;4.39;6.66;7.0;3.0;24.0;2.0;9.36;1.08;Low
27.0;12.0;11.25;5.76;6.0;8.0;8.0;1.0;15.85;1.94;Medium
42.0;3.0;10.45;5.21;0.0;0.0;0.0;0.0;12.46;1.92;Medium
34.0;13.0;6.82;4.43;7.0;15.0;9.0;5.0;10.9;0.96;High
33.0;13.0;6.96;6.67;1.0;2.0;12.0;6.0;11.71;1.3;Low
30.0;12.0;13.45;8.44;7.0;5.0;11.0;1.0;18.08;1.62;Medium
31.0;5.0;13.88;6.57;2.0;12.0;3.0;1.0;18.42;0.87;High
32.0;16.0;8.73;7.7;7.0;16.0;6.0;4.0;12.88;1.66;Medium
27.0;3.0;12.02;5.49;5.0;14.0;9.0;;14.19;0.22;Medium
37.0;7.0;11.37;6.24;0.0;11.0;21.0;2.0;12.7;0.96;Medium
44.0;16.0;6.97;5.62;6.0;7.0;24.0;2.0;9.92;0.97;Medium
20.0;2.0;4.59;4.55;4.0;15.0;28.0;0.0;5.81;1.37;Medium
34.0;16.0;5.43;6.08;6.0;2.0;6.0;;10.42;0.23;Medium
27.0;8.0;12.38;7.82;5.0;3.0;14.0;8.0;14.81;;Medium
30.0;1.0;11.31;5.97;6.0;6.0;18.0;1.0;16.14;1.8;Medium
31.0;12.0;10.64;7.25;0.0;14.0;6.0;0.0;14.73;0.61;Medium
31.0;19.0;5.31;7.79;4.0;10.0;25.0;8.0;7.96;0.65;Medium
23.0;1.0;10.4;5.61;7.0;15.0;13.0;4.0;11.87;1.55;High
35.0;19.0;11.72;7.99;0.0;13.0;20.0;7.0;13.67;0.83;Medium
23.0;10.0;12.61;5.69;7.0;12.0;13.0;3.0;16.3;1.67;High
24.0;14.0;4.13;5.28;0.0;8.0;17.0;7.0;8.45;0.8;Low
43.0;10.0;10.84;5.11;7.0;17.0;9.0;4.0;15.76;;High
24.0;2.0;4.19;5.0;5.0;2.0;2.0;5.0;5.72;1.05;Low
27.0;2.0;11.07;7.69;7.0;19.0;5.0;5.0;12.69;1.87;High
29.0;11.0;10.36;8.44;0.0;4.0;28.0;5.0;11.53;0.65;Low
36.0;4.0;5.48;5.15;1.0;1.0;21.0;1.0;7.52;0.73;Low
28.0;19.0;11.66;4.43;6.0;16.0;22.0;9.0;15.94;1.94;High
41.0;6.0;4.68;5.57;4.0;15.0;21.0;9.0;6.47;1.48;Medium
38.0;6.0;12.26;7.29;7.0;19.0;8.0;8.0;15.45;1.55;High
33.0;12.0;6.62;5.84;2.0;12.0;13.0;6.0;9.41;0.59;Medium
27.0;8.0;10.89;6.75;3.0;19.0;20.0;2.0;13.19;1.06;High
28.0;12.0;13.24;7.72;6.0;10.0;20.0;1.0;16.71;0.63;High
41.0;11.0;7.4;6.04;5.0;7.0;23.0;3.0;10.41;0.52;Low
30.0;12.0;9.03;9.0;4.0;4.0;7.0;7.0;11.37;1.07;Medium
42.0;9.0;8.63;5.49;1.0;1.0;0.0;8.0;12.39;1.98;Medium
20.0;0.0;5.58;8.89;4.0;3.0;2.0;9.0;7.7;0.43;Medium
33.0;7.0;9.9;5.02;2.0;2.0;28.0;1.0;13.47;0.49;Medium
24.0;15.0;11.43;;5.0;1.0;21.0;5.0;16.26;0.49;Medium
40.0;12.0;13.17;7.75;4.0;2.0;5.0;7.0;17.09;1.58;Medium
33.0;2.0;12.51;7.51;6.0;15.0;0.0;2.0;15.18;1.02;High
23.0;2.0;9.1;8.06;1.0;19.0;17.0;8.0;13.09;0.77;High
41.0;4.0;11.19;5.72;5.0;8.0;9.0;3.0;15.43;1.69;Medium
42.0;10.0;12.01;8.65;1.0;5.0;22.0;4.0;14.31;0.59;
44.0;6.0;;4.6;5.0;14.0;16.0;6.0;12.75;0.78;High
20.0;9.0;;4.15;3.0;4.0;25.0;4.0;7.89;0.15;Low
41.0;9.0;8.38;5.5;2.0;8.0;20.0;3.0;12.65;0.24;Medium
42.0;19.0;12.42;7.99;3.0;5.0;0.0;3.0;14.6;0.27;Medium
38.0;1.0;9.97;7.36;6.0;2.0;21.0;4.0;14.72;0.69;Medium
27.0;2.0;11.24;6.18;6.0;12.0;22.0;2.0;14.54;1.05;High
34.0;7.0;;5.28;6.0;14.0;7.0;8.0;8.26;0.0;Medium
40.0;10.0;13.64;4.3;0.0;10.0;28.0;1.0;16.32;0.38;Medium
34.0;12.0;8.04;5.69;6.0;;11.0;6.0;10.43;0.35;Medium
28.0;6.0;10.54;6.3;1.0;14.0;18.0;3.0;12.12;0.51;High
40.0;12.0;4.19;7.44;3.0;5.0;13.0;7.0;5.46;0.33;Medium
28.0;1.0;5.27;7.23;1.0;13.0;29.0;6.0;7.56;0.39;Low
29.0;5.0;11.82;8.74;5.0;10.0;18.0;7.0;14.65;1.97;Medium
39.0;8.0;13.68;4.5;7.0;19.0;;3.0;16.13;1.19;High
44.0;19.0;7.2;5.68;1.0;9.0;16.0;1.0;8.26;1.53;Medium
40.0;1.0;4.37;6.41;0.0;15.0;27.0;6.0;7.69;1.64;Low
28.0;17.0;7.61;7.35;1.0;11.0;15.0;8.0;9.19;1.34;Low
22.0;15.0;4.17;6.48;5.0;6.0;18.0;5.0;6.01;1.41;Low
39.0;11.0;5.92;8.56;;6.0;4.0;6.0;7.4;1.26;Medium
44.0;6.0;11.52;7.04;5.0;17.0;21.0;5.0;14.6;1.3;High
30.0;6.0;13.37;4.2;3.0;14.0;18.0;1.0;14.75;1.86;Medium
25.0;16.0;4.87;4.57;6.0;5.0;3.0;8.0;6.9;0.37;Medium
21.0;12.0;9.58;7.77;2.0;18.0;4.0;4.0;12.39;0.55;Medium
26.0;10.0;6.54;7.58;4.0;7.0;4.0;2.0;8.21;0.19;Low
37.0;5.0;5.39;4.77;7.0;19.0;24.0;3.0;8.17;1.67;Medium
21.0;13.0;6.19;4.29;3.0;14.0;23.0;3.0;8.56;0.9;Low
36.0;5.0;9.78;6.89;7.0;3.0;0.0;8.0;14.22;1.81;Medium
30.0;5.0;4.65;7.18;0.0;17.0;17.0;4.0;8.83;0.82;Low
31.0;1.0;8.34;4.68;4.0;12.0;27.0;1.0;13.31;0.89;Medium
38.0;19.0;5.35;6.37;1.0;0.0;14.0;5.0;8.47;0.9;Low
41.0;14.0;6.73;5.53;3.0;7.0;20.0;6.0;10.03;1.22;Medium
43.0;16.0;;8.66;4.0;;27.0;7.0;10.7;1.53;Medium
44.0;7.0;12.83;5.1;6.0;16.0;18.0;4.0;15.43;0.7;High
26.0;4.0;11.08;7.67;6.0;9.0;22.0;7.0;14.3;1.26;High
39.0;16.0;12.68;6.59;3.0;0.0;13.0;;15.2;0.41;Medium
25.0;19.0;7.83;4.06;6.0;0.0;26.0;3.0;11.01;;Medium
40.0;0.0;7.13;6.58;1.0;4.0;5.0;6.0;8.45;1.09;Medium
43.0;17.0;7.81;4.5;5.0;0.0;17.0;8.0;11.95;1.78;Medium
20.0;14.0;4.19;7.3;3.0;19.0;7.0;9.0;9.13;1.79;Medium
36.0;4.0;11.25;6.83;0.0;12.0;4.0;3.0;12.51;0.97;Medium
30.0;6.0;7.5;4.05;4.0;8.0;21.0;8.0;11.7;0.05;High
41.0;17.0;7.13;5.02;4.0;15.0;7.0;3.0;9.1;1.69;Medium
37.0;5.0;9.98;7.88;4.0;7.0;28.0;0.0;11.77;0.0;Medium
40.0;4.0;8.36;5.38;3.0;13.0;5.0;3.0;12.13;0.96;High
36.0;18.0;13.81;6.5;1.0;16.0;9.0;1.0;14.99;0.04;High
26.0;9.0;7.56;5.56;3.0;3.0;2.0;5.0;10.41;0.71;Low
36.0;14.0;10.14;8.61;3.0;6.0;12.0;7.0;11.15;1.27;Medium
39.0;9.0;7.12;6.68;6.0;16.0;6.0;5.0;10.34;0.74;High
28.0;15.0;13.91;7.48;5.0;15.0;29.0;8.0;16.76;1.85;High
36.0;11.0;8.45;4.42;4.0;13.0;3.0;5.0;13.11;1.28;Medium
39.0;17.0;10.34;;1.0;15.0;12.0;6.0;14.22;1.29;High
41.0;0.0;;5.3;2.0;1.0;5.0;4.0;6.77;0.75;Low
41.0;15.0;11.33;5.55;7.0;14.0;15.0;7.0;13.75;0.08;High
27.0;5.0;6.69;7.44;1.0;10.0;21.0;1.0;11.42;1.48;Low
36.0;2.0;8.49;6.85;6.0;12.0;26.0;1.0;12.39;1.43;Medium
26.0;1.0;12.83;5.87;3.0;3.0;20.0;7.0;16.21;1.06;Medium
20.0;1.0;13.71;7.27;0.0;0.0;28.0;5.0;16.95;0.83;Medium
32.0;12.0;8.25;4.82;1.0;14.0;0.0;1.0;10.84;1.08;Medium
42.0;8.0;12.35;4.32;4.0;11.0;29.0;5.0;15.69;1.49;High
38.0;15.0;4.53;8.27;0.0;8.0;;7.0;8.62;1.43;Low
43.0;4.0;12.48;6.82;2.0;6.0;12.0;5.0;13.99;1.32;Medium
38.0;6.0;10.3;;2.0;2.0;29.0;8.0;15.18;1.81;Medium
36.0;12.0;8.89;5.54;7.0;15.0;25.0;5.0;10.85;1.22;High
32.0;19.0;12.9;5.86;0.0;3.0;1.0;2.0;15.69;0.03;Medium
35.0;12.0;12.45;4.41;6.0;13.0;19.0;8.0;13.54;1.24;High
27.0;6.0;6.97;8.28;2.0;12.0;28.0;9.0;10.17;1.23;Medium
38.0;9.0;11.91;6.96;0.0;19.0;27.0;4.0;14.44;0.14;High
37.0;14.0;4.99;4.42;;18.0;18.0;5.0;6.99;0.86;High
20.0;5.0;12.23;8.02;0.0;1.0;5.0;3.0;17.17;1.3;Low
33.0;4.0;10.75;6.22;3.0;9.0;10.0;2.0;13.46;1.41;Medium
38.0;1.0;4.88;7.83;7.0;18.0;16.0;9.0;7.54;1.79;Medium
34.0;14.0;10.83;4.06;6.0;14.0;8.0;;13.68;1.68;Medium
37.0;15.0;9.81;4.14;4.0;6.0;4.0;2.0;11.27;0.23;High
21.0;18.0;9.95;4.85;4.0;14.0;4.0;1.0;12.52;1.22;Medium
41.0;8.0;6.91;5.05;2.0;16.0;15.0;5.0;9.26;1.19;Medium
;18.0;6.66;7.82;5.0;15.0;3.0;7.0;9.52;0.61;Medium
37.0;6.0;11.63;7.53;5.0;16.0;19.0;2.0;16.06;0.37;High
25.0;3.0;6.57;7.08;0.0;15.0;28.0;5.0;8.34;0.4;Medium
38.0;2.0;8.46;8.42;6.0;17.0;12.0;8.0;11.89;0.36;High
23.0;19.0;10.95;5.24;7.0;16.0;16.0;0.0;12.1;1.61;Medium
20.0;10.0;4.8;8.52;3.0;3.0;8.0;2.0;7.07;0.3;Low
27.0;0.0;9.95;8.55;4.0;1.0;24.0;1.0;12.84;;Low
42.0;5.0;9.89;6.17;6.0;16.0;12.0;7.0;11.19;0.44;High
26.0;10.0;10.84;4.47;4.0;16.0;15.0;8.0;;1.43;High
22.0;0.0;7.7;7.63;4.0;1.0;;9.0;9.94;0.32;Medium
29.0;6.0;8.49;5.68;2.0;1.0;9.0;5.0;;0.05;Medium
29.0;5.0;7.3;7.97;4.0;14.0;9.0;2.0;10.82;0.75;Medium
38.0;13.0;12.08;4.82;7.0;15.0;19.0;9.0;14.06;0.61;High
;1.0;5.31;6.7;5.0;;27.0;7.0;6.72;0.8;Medium
21.0;3.0;13.63;6.54;7.0;1.0;15.0;9.0;14.79;1.51;Medium
20.0;10.0;10.35;4.5;1.0;7.0;22.0;6.0;11.71;0.02;High
42.0;14.0;12.87;5.82;2.0;11.0;19.0;1.0;16.59;0.08;Medium
42.0;17.0;8.26;4.42;0.0;13.0;0.0;6.0;12.68;0.51;High
37.0;0.0;7.32;6.32;1.0;13.0;10.0;0.0;8.95;1.78;Low
26.0;2.0;13.01;8.21;2.0;11.0;12.0;7.0;15.62;0.34;High
27.0;2.0;4.99;5.35;6.0;1.0;24.0;4.0;7.41;1.99;Low
20.0;6.0;5.17;7.82;2.0;13.0;17.0;8.0;8.75;1.61;Medium
44.0;0.0;6.99;4.92;7.0;11.0;4.0;2.0;8.72;0.91;Medium
42.0;10.0;13.6;7.37;3.0;8.0;3.0;6.0;18.41;1.5;Medium
22.0;5.0;10.33;8.58;1.0;7.0;23.0;7.0;14.24;1.04;
43.0;19.0;9.54;5.62;1.0;19.0;5.0;0.0;14.36;1.13;Medium
42.0;2.0;11.05;8.5;7.0;15.0;14.0;5.0;13.16;1.16;High
27.0;18.0;8.17;6.53;5.0;9.0;22.0;1.0;11.52;1.3;Medium
41.0;1.0;11.58;5.58;1.0;6.0;1.0;7.0;15.51;0.12;Medium
44.0;17.0;7.93;8.48;4.0;14.0;3.0;5.0;11.77;1.23;Low
34.0;11.0;12.26;4.16;5.0;8.0;13.0;2.0;13.35;1.43;Medium
24.0;9.0;6.67;4.14;;3.0;3.0;3.0;11.66;0.62;Medium
22.0;4.0;6.78;7.0;4.0;5.0;27.0;6.0;11.49;1.96;Low
38.0;8.0;9.22;7.98;5.0;11.0;28.0;8.0;10.7;0.29;Medium
20.0;1.0;8.31;7.76;0.0;14.0;17.0;9.0;11.48;1.82;Medium
34.0;1.0;10.48;4.4;6.0;18.0;25.0;1.0;12.74;1.35;High
27.0;5.0;7.64;8.75;5.0;1.0;19.0;8.0;12.16;1.33;Low
21.0;9.0;6.31;7.52;0.0;18.0;15.0;5.0;10.1;1.75;Medium
22.0;17.0;8.7;8.75;5.0;19.0;8.0;1.0;10.59;1.66;Medium
43.0;11.0;9.61;5.65;0.0;19.0;7.0;7.0;10.75;0.69;High
33.0;3.0;;7.47;4.0;1.0;10.0;3.0;7.6;;Low
43.0;16.0;9.57;8.3;6.0;14.0;13.0;7.0;10.72;0.1;Medium
33.0;14.0;7.19;5.9;6.0;11.0;16.0;6.0;8.76;0.93;Medium
30.0;5.0;7.92;8.82;5.0;0.0;12.0;6.0;11.46;1.88;Low
35.0;15.0;;5.32;3.0;13.0;7.0;6.0;10.77;0.55;Medium
23.0;16.0;13.31;5.58;5.0;3.0;13.0;1.0;16.18;0.1;Medium
39.0;2.0;10.83;8.6;0.0;10.0;10.0;7.0;14.23;1.17;Medium
24.0;9.0;;8.85;6.0;6.0;8.0;1.0;8.24;0.71;Low
41.0;4.0;10.45;5.43;2.0;12.0;7.0;;12.72;0.76;Medium
40.0;13.0;12.49;4.68;4.0;13.0;13.0;9.0;16.34;1.16;High
33.0;12.0;8.02;7.8;3.0;6.0;14.0;6.0;10.48;1.24;Medium
42.0;5.0;12.3;8.65;;10.0;25.0;6.0;14.7;0.87;High
35.0;11.0;5.54;7.0;7.0;19.0;0.0;6.0;7.32;1.02;Medium
37.0;7.0;12.23;7.17;2.0;19.0;23.0;3.0;15.61;1.99;High
26.0;4.0;9.4;7.81;4.0;10.0;11.0;4.0;13.64;1.91;Medium
29.0;14.0;6.23;4.77;5.0;8.0;4.0;6.0;9.11;1.41;Medium
26.0;15.0;8.07;8.87;1.0;3.0;24.0;7.0;9.53;0.32;Medium
20.0;0.0;13.88;5.82;3.0;1.0;13.0;2.0;18.23;0.72;Medium
42.0;15.0;11.84;7.14;5.0;1.0;24.0;;13.13;1.77;Medium
40.0;4.0;9.75;6.34;4.0;8.0;21.0;8.0;12.64;0.85;Medium
38.0;2.0;5.15;6.34;1.0;18.0;15.0;9.0;7.19;1.91;Medium
35.0;19.0;8.18;7.51;7.0;14.0;18.0;4.0;12.93;0.98;Medium
38.0;14.0;6.63;8.97;4.0;17.0;27.0;3.0;10.58;1.72;Medium
23.0;12.0;4.71;7.3;4.0;15.0;15.0;8.0;7.98;0.07;Medium
37.0;15.0;9.42;7.97;2.0;1.0;6.0;3.0;13.09;0.87;Low
21.0;10.0;12.89;4.14;6.0;11.0;;2.0;16.02;1.4;High
20.0;1.0;10.76;8.05;5.0;0.0;22.0;6.0;12.35;1.73;Medium
34.0;5.0;6.5;5.5;7.0;1.0;7.0;4.0;10.34;1.22;Medium
24.0;5.0;9.74;4.63;4.0;13.0;20.0;0.0;12.71;0.35;Medium
39.0;13.0;13.43;4.57;5.0;6.0;20.0;7.0;16.97;1.77;Medium
30.0;10.0;11.23;7.4;1.0;16.0;13.0;0.0;12.41;1.15;Medium
29.0;7.0;10.89;8.99;2.0;14.0;19.0;8.0;12.46;0.22;Medium
21.0;7.0;13.68;7.33;1.0;16.0;2.0;0.0;17.04;0.93;High
22.0;0.0;11.99;5.31;1.0;8.0;27.0;3.0;14.83;1.4;Medium
42.0;6.0;;5.02;2.0;12.0;23.0;;7.28;0.9;Medium
;5.0;7.48;6.63;5.0;1.0;10.0;3.0;9.44;1.74;Low
31.0;7.0;13.65;4.33;1.0;14.0;21.0;8.0;17.18;0.85;High
39.0;18.0;8.9;6.0;0.0;19.0;13.0;0.0;10.14;1.17;Medium
24.0;19.0;5.12;7.33;5.0;10.0;21.0;9.0;7.86;;Medium
24.0;7.0;8.59;;6.0;18.0;1.0;8.0;11.68;1.03;High
25.0;13.0;10.97;6.13;6.0;13.0;3.0;3.0;13.2;0.45;High
28.0;17.0;13.98;5.0;4.0;3.0;20.0;6.0;18.26;0.45;High
21.0;15.0;7.24;8.09;2.0;10.0;26.0;;8.47;0.56;Medium
40.0;8.0;9.14;7.72;6.0;15.0;25.0;6.0;13.6;0.09;High
31.0;14.0;12.8;8.3;2.0;1.0;4.0;1.0;16.69;0.33;Medium
22.0;9.0;7.55;5.07;5.0;1.0;18.0;5.0;10.34;;Low
39.0;15.0;5.09;6.02;0.0;8.0;9.0;5.0;9.79;0.26;Medium
41.0;3.0;13.49;8.91;7.0;3.0;20.0;2.0;17.3;0.27;Medium
31.0;19.0;8.88;4.79;0.0;7.0;20.0;3.0;13.6;1.94;Low
43.0;12.0;9.03;7.36;0.0;17.0;1.0;5.0;11.92;0.85;High
36.0;4.0;10.21;5.19;0.0;14.0;20.0;5.0;13.02;0.81;Medium
29.0;6.0;4.04;6.5;3.0;1.0;2.0;0.0;7.16;0.54;Low
43.0;8.0;13.31;8.0;7.0;10.0;14.0;9.0;14.57;1.02;High
33.0;7.0;7.61;6.44;2.0;16.0;18.0;7.0;12.24;1.19;High
42.0;15.0;7.97;8.03;1.0;6.0;20.0;8.0;11.64;0.84;Medium
36.0;5.0;5.74;6.13;2.0;7.0;24.0;1.0;9.21;0.79;Low
37.0;15.0;7.78;;6.0;9.0;29.0;3.0;;1.4;Medium
38.0;5.0;12.04;6.18;7.0;2.0;1.0;5.0;17.01;1.9;High
36.0;13.0;12.0;4.75;2.0;12.0;24.0;1.0;13.65;1.76;Medium
33.0;0.0;13.36;6.01;2.0;16.0;2.0;6.0;17.36;0.24;High
28.0;;8.03;7.71;7.0;;28.0;5.0;11.35;1.3;Medium
27.0;12.0;11.09;8.24;0.0;18.0;;7.0;13.93;0.01;High
;18.0;9.07;6.3;0.0;8.0;22.0;6.0;13.98;1.27;Medium
32.0;16.0;12.04;6.97;3.0;15.0;27.0;9.0;16.44;0.93;High
44.0;;11.13;8.22;5.0;4.0;13.0;0.0;14.92;0.98;Low
26.0;7.0;7.68;8.07;2.0;8.0;16.0;9.0;10.21;1.18;Medium
28.0;4.0;7.37;7.29;4.0;8.0;15.0;9.0;11.03;1.49;Medium
41.0;9.0;6.52;8.08;7.0;5.0;16.0;4.0;9.65;1.46;Low
41.0;6.0;9.77;6.88;5.0;9.0;23.0;5.0;11.77;0.09;Medium
30.0;9.0;13.64;4.02;6.0;17.0;8.0;6.0;16.44;1.47;High
33.0;3.0;6.0;4.21;7.0;10.0;2.0;3.0;7.85;1.66;Medium
23.0;8.0;4.95;8.9;3.0;14.0;21.0;8.0;7.95;0.14;Medium
32.0;13.0;5.19;4.72;7.0;6.0;13.0;0.0;9.07;0.65;Low
21.0;1.0;11.83;6.02;6.0;13.0;2.0;2.0;12.98;1.58;High
42.0;8.0;7.5;8.67;0.0;7.0;5.0;9.0;;;Medium
24.0;0.0;6.24;4.98;6.0;18.0;22.0;1.0;7.32;1.39;High
30.0;9.0;7.53;8.22;2.0;14.0;;1.0;10.6;1.0;Low
25.0;;10.45;8.09;0.0;18.0;18.0;0.0;13.74;1.96;Medium
37.0;19.0;9.47;8.93;7.0;17.0;;2.0;13.51;1.87;Medium
40.0;2.0;11.44;5.41;5.0;16.0;12.0;9.0;;0.56;High
29.0;5.0;7.39;5.58;1.0;2.0;4.0;4.0;10.06;0.77;Low
23.0;5.0;8.52;8.51;0.0;2.0;0.0;5.0;9.79;0.86;Low
28.0;1.0;5.02;5.17;0.0;6.0;11.0;7.0;8.79;0.21;Medium
25.0;17.0;4.73;6.74;3.0;9.0;14.0;3.0;7.77;0.81;Low
21.0;1.0;8.62;7.54;1.0;16.0;24.0;0.0;10.95;1.55;Medium
36.0;11.0;7.02;;5.0;14.0;18.0;8.0;8.96;1.69;Medium
24.0;4.0;10.13;8.69;7.0;7.0;1.0;2.0;11.61;1.77;Low
44.0;19.0;4.43;7.33;4.0;16.0;2.0;7.0;6.61;0.03;Medium
25.0;6.0;5.22;4.24;4.0;2.0;6.0;3.0;8.05;1.58;Low
31.0;15.0;12.65;4.68;7.0;3.0;27.0;2.0;15.56;1.01;Medium
42.0;19.0;9.66;4.95;4.0;7.0;10.0;2.0;12.99;0.41;Medium
40.0;0.0;11.12;5.22;2.0;12.0;27.0;3.0;13.57;1.0;Medium
29.0;0.0;12.42;7.65;4.0;0.0;9.0;3.0;17.1;1.69;Medium
41.0;16.0;8.64;4.44;2.0;17.0;7.0;6.0;11.62;0.87;High
40.0;0.0;11.61;5.75;5.0;10.0;1.0;1.0;14.3;1.98;Medium
44.0;19.0;9.25;8.56;5.0;5.0;13.0;7.0;10.44;1.23;Medium
25.0;12.0;6.23;6.78;0.0;15.0;12.0;1.0;9.63;0.98;Medium
27.0;8.0;7.38;5.33;7.0;18.0;6.0;0.0;10.79;0.59;Medium
21.0;14.0;8.9;8.79;4.0;16.0;26.0;7.0;12.23;0.02;Medium
31.0;2.0;7.17;5.22;3.0;17.0;20.0;3.0;11.72;1.22;Medium
32.0;13.0;7.36;8.53;5.0;10.0;8.0;5.0;11.41;1.15;Medium
44.0;10.0;7.37;7.63;1.0;13.0;6.0;0.0;11.84;1.03;Low
40.0;11.0;5.23;7.7;1.0;11.0;0.0;2.0;6.47;1.08;Low
26.0;12.0;4.85;7.82;7.0;19.0;0.0;6.0;7.12;1.69;Medium
29.0;12.0;4.46;6.53;7.0;6.0;5.0;;6.73;0.63;Medium
32.0;0.0;5.11;8.07;5.0;16.0;24.0;7.0;8.74;1.1;
36.0;9.0;7.44;8.18;0.0;4.0;0.0;1.0;10.23;1.36;Low
40.0;2.0;9.94;5.8;7.0;13.0;15.0;6.0;14.05;0.42;High
33.0;3.0;5.88;6.0;6.0;12.0;2.0;3.0;8.42;1.85;Medium
21.0;15.0;12.88;8.44;1.0;11.0;12.0;5.0;14.77;1.47;Medium
41.0;7.0;12.08;6.62;7.0;13.0;20.0;3.0;14.24;0.11;High
30.0;15.0;9.21;8.33;1.0;8.0;3.0;8.0;10.94;1.73;Low
20.0;16.0;11.24;7.13;6.0;3.0;16.0;0.0;13.03;1.86;Low
;18.0;7.66;6.97;0.0;18.0;9.0;0.0;9.53;1.59;Low
40.0;14.0;4.37;4.15;6.0;0.0;3.0;4.0;5.43;0.85;Low
23.0;15.0;13.04;5.39;0.0;12.0;19.0;4.0;16.9;1.99;High
38.0;14.0;5.28;6.51;;5.0;26.0;7.0;7.88;0.25;Low
40.0;1.0;13.48;6.94;3.0;0.0;11.0;6.0;14.57;1.07;High
30.0;10.0;9.72;7.15;0.0;16.0;25.0;2.0;12.2;0.34;Medium
27.0;0.0;7.06;7.58;0.0;2.0;12.0;7.0;11.68;0.88;Low
30.0;14.0;8.96;7.28;0.0;16.0;3.0;3.0;12.0;1.85;Medium
23.0;18.0;9.02;8.24;5.0;1.0;15.0;2.0;13.97;1.59;Low
36.0;3.0;4.23;5.48;7.0;6.0;18.0;1.0;7.39;1.56;Low
26.0;10.0;7.55;7.21;7.0;0.0;6.0;8.0;12.4;0.71;Medium
27.0;4.0;11.4;4.26;4.0;14.0;0.0;6.0;13.21;;High
22.0;2.0;9.1;6.4;5.0;3.0;15.0;4.0;11.26;0.74;Low
41.0;12.0;6.44;;4.0;5.0;1.0;8.0;10.24;0.08;Medium
21.0;9.0;7.35;5.9;3.0;12.0;0.0;2.0;12.3;1.28;Medium
42.0;10.0;12.63;5.77;3.0;12.0;13.0;5.0;16.93;0.73;Medium
34.0;17.0;;4.3;7.0;19.0;19.0;7.0;12.47;0.31;High
43.0;1.0;9.28;6.33;7.0;0.0;4.0;8.0;10.62;1.87;Medium
41.0;6.0;13.61;8.97;1.0;1.0;26.0;3.0;16.07;1.27;Low
41.0;8.0;7.21;5.49;6.0;5.0;14.0;0.0;8.56;1.88;Low
24.0;9.0;8.8;7.68;6.0;10.0;9.0;7.0;11.05;1.17;Medium
43.0;17.0;12.12;6.74;5.0;17.0;20.0;9.0;14.16;0.13;High
20.0;6.0;11.59;5.63;4.0;12.0;1.0;2.0;14.14;0.06;High
23.0;6.0;6.66;4.45;3.0;11.0;10.0;5.0;11.01;1.8;Medium
34.0;2.0;5.51;5.08;3.0;19.0;15.0;3.0;7.11;0.08;Medium
39.0;11.0;11.01;7.91;7.0;6.0;18.0;5.0;13.23;1.23;Medium
38.0;6.0;6.58;5.4;5.0;19.0;3.0;2.0;8.62;0.6;Medium
22.0;16.0;13.23;4.72;1.0;6.0;9.0;6.0;15.41;1.38;Medium
39.0;0.0;5.29;5.66;7.0;6.0;21.0;1.0;7.73;0.57;Low
30.0;4.0;7.18;6.92;7.0;1.0;21.0;4.0;9.16;;Medium
36.0;15.0;4.55;7.52;0.0;10.0;11.0;2.0;9.32;1.46;Low
32.0;14.0;11.03;5.94;;0.0;1.0;4.0;13.71;0.62;Medium
30.0;1.0;12.91;6.49;1.0;12.0;;2.0;14.37;1.1;Medium
21.0;8.0;10.36;6.27;6.0;11.0;8.0;8.0;13.23;1.55;Medium
;6.0;13.38;4.05;7.0;12.0;11.0;7.0;15.12;1.41;High
21.0;3.0;5.29;5.98;6.0;6.0;1.0;1.0;7.15;0.7;Low
40.0;19.0;4.88;6.94;2.0;11.0;17.0;7.0;7.02;1.5;Low
28.0;17.0;12.38;6.85;1.0;16.0;15.0;7.0;13.88;1.85;High
28.0;3.0;12.56;7.75;1.0;7.0;18.0;9.0;16.44;1.22;Medium
27.0;12.0;12.31;7.35;0.0;2.0;14.0;2.0;16.48;1.41;Low
36.0;0.0;11.99;5.38;3.0;6.0;24.0;9.0;14.57;1.73;High
20.0;2.0;7.62;5.28;4.0;18.0;29.0;4.0;11.38;1.69;Medium
44.0;15.0;6.17;6.32;1.0;19.0;15.0;1.0;8.73;0.7;Medium
30.0;3.0;13.29;7.66;0.0;7.0;;9.0;14.95;1.98;Medium
27.0;15.0;7.07;4.47;6.0;13.0;26.0;5.0;9.66;0.06;High
29.0;18.0;7.98;8.74;2.0;13.0;14.0;1.0;11.21;1.97;Low
44.0;0.0;11.0;6.72;5.0;1.0;11.0;3.0;12.16;0.49;Medium
26.0;4.0;;5.53;6.0;5.0;21.0;2.0;10.55;0.88;Medium
22.0;18.0;12.19;7.47;7.0;15.0;11.0;0.0;16.16;1.77;High
22.0;10.0;4.7;4.22;5.0;8.0;9.0;7.0;9.14;0.49;Medium
37.0;12.0;11.91;6.42;3.0;14.0;20.0;7.0;13.32;0.45;
24.0;19.0;10.02;6.43;5.0;18.0;14.0;0.0;11.02;1.29;High
31.0;4.0;9.73;4.81;1.0;14.0;22.0;5.0;11.02;1.41;High
31.0;3.0;8.58;8.19;2.0;11.0;26.0;0.0;13.28;0.01;Low
38.0;3.0;6.77;7.98;1.0;8.0;3.0;8.0;10.83;0.9;Medium
25.0;3.0;8.64;4.76;5.0;15.0;9.0;0.0;12.98;0.98;Medium
21.0;3.0;8.5;5.82;4.0;5.0;25.0;2.0;11.57;;Low
31.0;19.0;9.84;4.5;6.0;19.0;18.0;8.0;12.95;1.09;
38.0;17.0;6.82;8.24;7.0;14.0;22.0;0.0;9.01;0.31;Medium
24.0;17.0;4.78;5.62;5.0;12.0;13.0;1.0;9.15;0.65;Medium
31.0;15.0;5.45;6.2;7.0;9.0;9.0;3.0;9.77;1.43;Low
36.0;8.0;10.99;5.62;4.0;13.0;16.0;6.0;13.56;;Medium
36.0;17.0;4.22;5.55;5.0;2.0;21.0;7.0;6.54;1.18;Low
29.0;1.0;12.56;7.74;3.0;11.0;28.0;0.0;16.51;0.15;
44.0;3.0;10.94;7.74;2.0;0.0;26.0;0.0;12.04;1.36;Low
42.0;11.0;11.68;;4.0;15.0;26.0;4.0;16.12;1.8;High
36.0;6.0;12.36;7.29;0.0;9.0;10.0;7.0;15.14;1.01;High
34.0;14.0;5.23;6.56;3.0;8.0;17.0;0.0;8.0;0.99;Low
31.0;6.0;12.22;4.14;1.0;17.0;1.0;2.0;15.9;1.98;
35.0;16.0;9.05;4.33;5.0;0.0;10.0;5.0;12.63;1.27;Medium
43.0;15.0;12.86;5.92;2.0;9.0;7.0;0.0;14.92;1.61;Medium
38.0;18.0;12.87;7.75;2.0;6.0;18.0;2.0;17.64;1.29;Medium
27.0;8.0;4.24;8.57;5.0;9.0;24.0;0.0;9.19;0.44;Low
40.0;13.0;7.83;4.15;0.0;11.0;15.0;3.0;10.93;0.57;Medium
36.0;16.0;9.26;5.84;6.0;10.0;3.0;8.0;12.51;1.33;High
42.0;;10.78;5.12;6.0;8.0;13.0;4.0;14.0;0.91;Medium
24.0;1.0;6.86;8.08;4.0;4.0;21.0;2.0;9.8;0.81;Low
41.0;19.0;6.52;8.23;5.0;3.0;16.0;9.0;11.3;0.04;Medium
35.0;15.0;7.81;5.03;7.0;19.0;10.0;6.0;9.79;1.77;High
25.0;13.0;9.01;7.55;2.0;12.0;25.0;5.0;10.44;1.77;Low
27.0;13.0;13.51;7.66;0.0;7.0;25.0;8.0;18.23;0.92;High
44.0;0.0;11.62;4.89;6.0;15.0;2.0;3.0;13.47;1.4;Medium
37.0;2.0;8.29;6.17;0.0;0.0;3.0;3.0;12.29;0.36;Low
;6.0;4.54;7.1;6.0;16.0;20.0;8.0;6.36;1.01;Medium
;14.0;5.69;4.13;1.0;14.0;12.0;1.0;10.53;0.88;Medium
34.0;18.0;8.56;6.02;0.0;14.0;16.0;9.0;12.72;1.31;Medium
28.0;;12.14;4.77;;17.0;29.0;1.0;16.81;0.94;High
32.0;1.0;7.81;6.71;7.0;5.0;;8.0;12.61;1.0;Medium
34.0;18.0;;8.21;2.0;1.0;20.0;6.0;10.72;0.59;Low
29.0;8.0;12.92;6.62;3.0;4.0;19.0;4.0;15.65;0.1;Medium
35.0;18.0;13.14;4.18;6.0;18.0;9.0;4.0;16.73;1.83;High
26.0;4.0;6.16;4.15;0.0;6.0;25.0;8.0;10.37;0.02;Medium
36.0;17.0;4.44;7.03;0.0;8.0;22.0;9.0;6.41;0.56;Low
42.0;15.0;7.05;5.64;7.0;1.0;23.0;4.0;11.71;0.9;Medium
40.0;3.0;10.96;6.86;3.0;6.0;11.0;8.0;12.84;0.64;Medium
41.0;11.0;13.51;4.82;1.0;13.0;7.0;7.0;17.97;1.1;High
26.0;6.0;4.77;7.88;0.0;14.0;2.0;5.0;7.82;0.92;Low
33.0;13.0;4.28;8.3;3.0;11.0;28.0;4.0;7.34;0.51;Low
34.0;11.0;12.84;8.45;3.0;19.0;;4.0;15.34;0.18;High
40.0;2.0;11.48;5.52;7.0;3.0;9.0;4.0;12.89;0.28;Medium
26.0;4.0;13.92;7.3;;12.0;23.0;0.0;16.31;0.97;High
28.0;16.0;7.97;;1.0;8.0;6.0;4.0;10.68;1.69;Medium
38.0;9.0;8.16;7.81;4.0;11.0;29.0;2.0;11.08;0.2;Low
35.0;9.0;5.72;4.6;3.0;9.0;24.0;5.0;9.68;1.35;Low
27.0;10.0;5.16;7.81;7.0;8.0;28.0;8.0;7.57;1.58;Medium
37.0;16.0;9.79;6.2;7.0;6.0;9.0;;12.42;0.55;Medium
42.0;4.0;7.64;8.28;2.0;11.0;6.0;0.0;12.26;;Low
37.0;12.0;4.8;7.69;4.0;15.0;17.0;7.0;8.81;1.37;Medium
39.0;9.0;12.87;5.88;7.0;14.0;19.0;8.0;13.96;1.42;High
26.0;8.0;5.98;8.52;7.0;6.0;27.0;9.0;10.23;1.78;Medium
;16.0;11.49;5.42;2.0;7.0;13.0;3.0;16.45;0.8;High
37.0;0.0;6.82;8.83;2.0;6.0;11.0;9.0;11.58;0.49;Low
29.0;3.0;12.13;7.84;5.0;10.0;7.0;4.0;16.47;1.09;High
26.0;3.0;5.18;8.95;;3.0;24.0;2.0;8.7;0.13;Low
36.0;17.0;11.56;4.27;0.0;17.0;6.0;7.0;13.67;;High
33.0;8.0;4.98;5.37;1.0;18.0;4.0;2.0;8.6;1.77;Low
43.0;17.0;8.47;7.71;4.0;6.0;0.0;3.0;12.25;1.06;Low
22.0;13.0;11.34;8.61;5.0;12.0;14.0;9.0;13.47;0.87;High
31.0;14.0;5.73;4.14;7.0;8.0;8.0;6.0;7.75;0.53;Medium
32.0;5.0;6.86;4.0;1.0;17.0;11.0;1.0;9.45;0.5;Medium
21.0;9.0;12.65;5.28;7.0;6.0;21.0;0.0;;0.47;Medium
22.0;14.0;12.85;8.26;0.0;19.0;17.0;3.0;15.02;1.66;High
24.0;;4.45;7.84;1.0;15.0;10.0;7.0;7.67;1.97;Medium
30.0;17.0;5.68;5.7;1.0;4.0;9.0;0.0;10.28;1.07;Low
27.0;17.0;5.17;4.01;1.0;6.0;9.0;9.0;7.35;0.16;Medium
42.0;16.0;5.8;6.77;3.0;5.0;17.0;2.0;10.66;1.5;Low
42.0;11.0;13.7;5.19;3.0;1.0;25.0;3.0;16.59;1.75;Medium
31.0;6.0;9.52;7.73;1.0;6.0;0.0;3.0;10.92;1.86;Medium
26.0;15.0;8.68;6.23;0.0;8.0;27.0;2.0;9.9;1.26;Medium
34.0;10.0;13.84;7.39;7.0;12.0;19.0;2.0;16.19;1.01;High
43.0;13.0;9.57;8.26;6.0;16.0;25.0;6.0;11.61;1.24;Medium
36.0;2.0;10.61;6.68;0.0;16.0;10.0;7.0;14.98;0.03;High
23.0;18.0;;5.68;0.0;14.0;28.0;9.0;11.28;1.31;Medium
41.0;17.0;7.82;7.85;0.0;17.0;1.0;3.0;12.36;1.42;Medium
44.0;9.0;9.94;5.33;7.0;14.0;25.0;7.0;13.3;1.44;High
32.0;;4.7;8.46;5.0;10.0;10.0;7.0;7.44;1.13;Low
37.0;12.0;6.56;4.36;5.0;11.0;24.0;5.0;8.64;1.4;High
20.0;9.0;5.97;8.18;2.0;16.0;1.0;0.0;9.3;1.28;Low
35.0;17.0;4.16;4.46;1.0;11.0;26.0;6.0;7.63;0.23;Medium
32.0;19.0;9.37;4.28;6.0;6.0;8.0;6.0;11.94;1.8;Medium
29.0;15.0;9.61;5.82;6.0;6.0;0.0;4.0;14.36;1.25;Medium
31.0;5.0;7.84;8.78;1.0;9.0;29.0;5.0;11.4;1.46;Medium
21.0;12.0;6.69;8.92;2.0;15.0;22.0;8.0;11.04;0.69;Medium
42.0;3.0;10.52;5.01;0.0;10.0;5.0;2.0;14.0;1.84;Low
22.0;13.0;5.35;4.74;4.0;15.0;21.0;3.0;7.62;1.01;Medium
29.0;0.0;9.19;5.76;;1.0;1.0;8.0;13.14;1.36;Medium
21.0;;11.68;5.69;7.0;1.0;14.0;9.0;13.6;1.9;Medium
42.0;;5.64;7.8;2.0;17.0;0.0;1.0;9.03;1.83;Low
32.0;7.0;;6.22;6.0;4.0;25.0;8.0;14.14;1.29;Medium
32.0;11.0;11.61;7.9;4.0;13.0;23.0;4.0;13.21;0.33;High
37.0;1.0;4.6;7.74;3.0;7.0;23.0;2.0;7.25;1.9;Low
;11.0;4.19;6.89;1.0;5.0;17.0;7.0;6.43;1.97;Low
26.0;4.0;13.74;8.17;4.0;8.0;3.0;8.0;15.19;0.21;High
33.0;4.0;5.93;4.98;7.0;5.0;28.0;0.0;10.23;0.9;Low
39.0;12.0;12.22;4.81;5.0;16.0;12.0;4.0;15.21;1.1;High
36.0;8.0;9.62;7.75;7.0;7.0;3.0;8.0;12.01;0.18;Medium
40.0;9.0;6.64;5.22;5.0;2.0;14.0;1.0;9.66;0.38;Low
31.0;0.0;5.3;4.01;6.0;11.0;1.0;0.0;9.32;1.08;Low
44.0;2.0;8.97;8.56;6.0;12.0;26.0;7.0;10.04;1.93;Medium
35.0;17.0;8.07;7.11;3.0;17.0;8.0;5.0;11.26;0.06;Medium
43.0;11.0;10.99;6.22;7.0;10.0;11.0;1.0;13.91;1.82;Medium
31.0;2.0;13.04;7.63;1.0;1.0;13.0;2.0;17.61;1.8;Medium
34.0;8.0;12.05;5.67;7.0;13.0;19.0;4.0;15.27;1.71;High
44.0;1.0;6.74;8.77;3.0;0.0;3.0;0.0;8.29;0.76;Low
;2.0;12.79;4.34;1.0;14.0;14.0;1.0;15.34;0.98;High
44.0;13.0;12.33;7.2;1.0;17.0;3.0;0.0;15.81;0.81;Medium
26.0;3.0;13.29;7.89;6.0;17.0;4.0;6.0;14.47;1.9;High
39.0;18.0;8.59;6.35;4.0;16.0;9.0;6.0;13.13;1.04;High
24.0;12.0;11.69;7.77;7.0;0.0;11.0;9.0;12.96;0.16;High
20.0;6.0;;8.63;5.0;13.0;11.0;4.0;11.04;0.55;Medium
36.0;11.0;7.11;7.72;2.0;19.0;7.0;9.0;8.12;0.92;High
22.0;2.0;13.94;5.55;4.0;15.0;3.0;5.0;17.67;1.91;
32.0;8.0;4.38;6.81;7.0;3.0;2.0;2.0;7.2;1.14;Low
33.0;1.0;5.62;8.56;6.0;5.0;26.0;1.0;7.03;1.39;Low
43.0;8.0;12.93;6.25;0.0;15.0;0.0;9.0;17.35;0.18;High
37.0;11.0;4.61;7.41;3.0;19.0;17.0;8.0;6.42;1.75;Medium
23.0;11.0;12.87;6.33;6.0;5.0;19.0;1.0;;1.08;Medium
37.0;14.0;11.15;4.61;7.0;14.0;24.0;0.0;12.86;1.84;High
24.0;1.0;4.37;4.29;0.0;0.0;13.0;8.0;9.08;0.89;Low
44.0;17.0;8.29;8.76;1.0;6.0;16.0;7.0;12.32;1.37;Low
35.0;12.0;11.54;7.06;6.0;10.0;5.0;7.0;15.44;0.94;High
20.0;13.0;9.83;4.52;;0.0;5.0;6.0;11.01;0.29;Medium
40.0;4.0;13.36;8.29;7.0;7.0;9.0;8.0;16.45;0.54;High
33.0;9.0;12.68;6.61;0.0;13.0;18.0;2.0;15.98;0.13;High
34.0;11.0;7.33;7.86;0.0;4.0;9.0;7.0;9.86;0.88;Medium
28.0;9.0;4.85;4.63;5.0;12.0;24.0;0.0;7.14;1.3;Low
34.0;10.0;13.44;8.53;6.0;14.0;29.0;0.0;17.85;0.49;High
36.0;1.0;9.17;6.95;0.0;8.0;25.0;5.0;10.26;0.98;Medium
44.0;4.0;4.74;7.69;5.0;7.0;2.0;7.0;8.24;0.92;Low
43.0;6.0;12.17;4.16;5.0;18.0;0.0;7.0;14.75;1.07;High
23.0;5.0;12.69;5.58;1.0;16.0;17.0;9.0;16.35;0.37;High
31.0;2.0;10.39;5.34;7.0;18.0;14.0;0.0;12.18;1.07;Medium
24.0;12.0;8.48;8.75;5.0;17.0;19.0;0.0;10.43;0.73;Medium
24.0;2.0;10.62;4.93;1.0;17.0;;8.0;13.97;0.57;High
30.0;5.0;11.07;7.54;5.0;3.0;17.0;8.0;;1.17;Medium
25.0;10.0;12.93;4.21;5.0;1.0;9.0;6.0;17.83;0.3;Medium
26.0;16.0;13.56;4.99;6.0;4.0;21.0;0.0;15.56;1.8;Medium
43.0;9.0;9.14;5.69;6.0;16.0;21.0;9.0;10.55;1.87;High
33.0;11.0;11.98;7.97;1.0;6.0;18.0;1.0;15.34;1.32;Medium
43.0;16.0;13.65;7.95;0.0;15.0;16.0;7.0;16.33;0.61;High
30.0;3.0;5.51;8.76;3.0;0.0;;7.0;9.56;1.25;Low
32.0;1.0;4.18;8.58;4.0;11.0;24.0;4.0;7.29;1.2;Low
21.0;10.0;12.69;4.41;4.0;18.0;3.0;1.0;15.73;0.78;High
44.0;6.0;5.95;8.15;1.0;8.0;24.0;2.0;9.54;0.57;Low
26.0;1.0;4.42;6.26;0.0;15.0;4.0;4.0;5.93;0.34;Medium
39.0;17.0;5.6;8.33;6.0;6.0;6.0;2.0;9.31;0.43;Low
23.0;;7.84;4.45;6.0;14.0;18.0;9.0;10.79;1.31;High
27.0;7.0;6.19;8.11;3.0;11.0;18.0;0.0;10.47;1.77;Low
39.0;19.0;7.05;;2.0;3.0;;5.0;8.6;0.77;Low
41.0;13.0;13.75;5.67;;5.0;0.0;4.0;15.95;0.24;High
40.0;11.0;11.04;4.14;1.0;5.0;23.0;2.0;15.84;0.03;Medium
38.0;17.0;11.12;4.62;2.0;14.0;7.0;8.0;14.33;0.81;
32.0;10.0;4.95;6.23;4.0;2.0;18.0;;9.67;0.47;Medium
33.0;7.0;11.32;8.09;4.0;1.0;16.0;7.0;15.08;0.65;Medium
29.0;1.0;11.39;7.87;6.0;4.0;8.0;6.0;16.1;0.48;Medium
30.0;14.0;10.6;5.18;3.0;7.0;19.0;1.0;12.87;1.33;Medium
21.0;8.0;6.28;4.76;7.0;18.0;22.0;9.0;7.64;1.28;High
44.0;18.0;8.23;5.95;3.0;15.0;15.0;4.0;12.44;1.82;Medium
28.0;19.0;12.46;8.42;2.0;18.0;8.0;4.0;16.68;1.4;High
36.0;7.0;10.7;4.46;7.0;15.0;18.0;5.0;14.18;0.33;High
22.0;18.0;11.33;6.71;;5.0;15.0;5.0;14.65;1.5;Medium
43.0;4.0;9.87;4.44;4.0;0.0;20.0;2.0;14.53;0.36;Medium
25.0;10.0;8.5;6.35;3.0;17.0;25.0;3.0;;1.12;High
24.0;;11.59;4.63;3.0;7.0;26.0;0.0;15.06;0.15;Medium
24.0;7.0;4.68;4.4;7.0;4.0;12.0;0.0;5.88;0.09;Low
41.0;18.0;10.73;4.95;4.0;11.0;18.0;4.0;12.29;0.93;High
34.0;7.0;13.97;5.28;6.0;17.0;4.0;3.0;16.72;0.21;High
42.0;18.0;11.8;5.38;4.0;;26.0;6.0;16.08;0.61;High
36.0;17.0;6.91;7.23;0.0;12.0;1.0;6.0;10.84;0.68;Medium
28.0;9.0;6.78;4.27;5.0;11.0;3.0;3.0;11.68;1.54;Medium
22.0;6.0;10.67;4.4;3.0;15.0;11.0;9.0;11.85;0.67;Medium
39.0;8.0;12.96;4.94;2.0;13.0;17.0;1.0;15.49;0.99;High
36.0;0.0;9.78;8.36;6.0;10.0;2.0;9.0;11.42;1.55;Medium
29.0;18.0;9.27;7.14;1.0;;20.0;3.0;10.42;0.41;Medium
;4.0;5.6;7.65;1.0;9.0;24.0;7.0;7.66;1.61;Low
37.0;18.0;11.15;5.85;4.0;15.0;18.0;1.0;13.13;1.66;Medium
37.0;0.0;11.02;5.07;5.0;18.0;25.0;4.0;13.7;1.98;High
36.0;14.0;13.67;4.19;6.0;9.0;21.0;6.0;15.23;0.89;High
43.0;15.0;7.0;6.44;6.0;3.0;3.0;9.0;9.95;0.74;Medium
22.0;6.0;11.56;6.87;2.0;7.0;3.0;5.0;16.24;1.4;Medium
22.0;11.0;8.34;8.49;0.0;10.0;15.0;8.0;12.33;0.12;Medium
25.0;7.0;9.58;8.41;7.0;5.0;10.0;1.0;13.95;0.08;Medium
32.0;4.0;12.16;6.12;3.0;3.0;28.0;3.0;16.38;0.67;Medium
43.0;9.0;6.22;6.12;0.0;4.0;25.0;6.0;8.78;1.46;Low
34.0;4.0;7.43;4.81;6.0;17.0;25.0;7.0;11.27;0.23;High
44.0;16.0;11.73;5.29;2.0;2.0;12.0;4.0;15.75;1.27;Medium
28.0;4.0;;8.63;0.0;6.0;20.0;4.0;11.52;0.54;Low
23.0;14.0;4.92;4.71;;11.0;;3.0;9.36;1.3;Low
33.0;12.0;8.3;8.84;1.0;2.0;6.0;8.0;11.13;0.91;Low
24.0;0.0;9.87;6.52;4.0;16.0;26.0;;10.94;0.23;High
21.0;10.0;13.1;6.28;3.0;2.0;13.0;3.0;16.67;0.49;Medium
30.0;0.0;5.88;4.87;4.0;10.0;3.0;2.0;9.59;0.44;Medium
28.0;10.0;12.06;7.31;2.0;5.0;7.0;8.0;15.27;0.33;Medium
43.0;17.0;5.31;6.3;6.0;10.0;11.0;6.0;7.16;0.94;Medium
22.0;17.0;6.42;5.85;2.0;3.0;12.0;8.0;9.35;1.91;Low
28.0;15.0;6.43;5.32;3.0;16.0;24.0;3.0;9.03;1.32;Medium
22.0;12.0;12.77;4.33;3.0;0.0;8.0;2.0;17.67;1.67;Medium
44.0;6.0;5.99;6.6;1.0;11.0;8.0;9.0;10.29;1.96;Medium
21.0;0.0;11.87;5.56;0.0;2.0;1.0;7.0;15.92;1.08;Medium
31.0;15.0;8.62;;1.0;15.0;2.0;3.0;10.34;0.48;Medium
29.0;0.0;13.99;7.62;4.0;2.0;20.0;9.0;16.31;1.86;High
28.0;16.0;12.39;5.66;0.0;13.0;11.0;2.0;14.91;1.4;Medium
34.0;5.0;11.4;7.35;3.0;16.0;16.0;3.0;14.37;1.92;Medium
27.0;1.0;12.71;5.29;2.0;18.0;3.0;1.0;13.83;1.3;High
;16.0;10.34;7.64;4.0;6.0;26.0;3.0;13.71;1.55;Medium
24.0;5.0;12.44;4.08;7.0;10.0;29.0;6.0;14.87;1.78;High
30.0;13.0;6.61;4.76;1.0;15.0;13.0;2.0;9.86;1.52;Medium
21.0;17.0;4.98;5.23;6.0;18.0;20.0;0.0;6.02;1.13;Medium
43.0;5.0;10.16;7.86;5.0;4.0;8.0;9.0;12.45;0.94;Medium
34.0;9.0;8.35;4.33;5.0;0.0;7.0;7.0;12.42;1.65;Medium
25.0;17.0;8.26;4.94;3.0;9.0;0.0;5.0;11.26;1.54;Medium
27.0;8.0;9.27;5.79;6.0;17.0;29.0;2.0;13.43;0.73;High
24.0;7.0;7.61;4.05;0.0;9.0;12.0;7.0;11.41;1.0;Medium
35.0;9.0;10.26;7.81;;0.0;27.0;5.0;14.68;1.27;Low
37.0;16.0;4.31;6.8;0.0;12.0;2.0;0.0;5.34;0.06;Low
25.0;5.0;13.7;8.5;2.0;3.0;29.0;8.0;15.75;0.5;Medium
24.0;13.0;13.25;4.16;3.0;11.0;13.0;8.0;16.45;0.5;High
35.0;5.0;13.35;5.36;7.0;15.0;18.0;8.0;18.11;1.77;High
32.0;6.0;7.65;7.66;3.0;18.0;26.0;;11.37;0.66;High
24.0;11.0;9.32;7.38;4.0;11.0;5.0;5.0;12.15;1.09;Medium
32.0;2.0;13.54;5.22;4.0;5.0;3.0;3.0;15.06;1.66;Medium
36.0;13.0;13.02;6.98;6.0;15.0;19.0;7.0;15.99;0.52;High
37.0;18.0;11.9;7.97;0.0;11.0;0.0;8.0;14.66;0.25;Medium
27.0;15.0;8.07;4.17;7.0;9.0;27.0;6.0;12.18;1.9;High
32.0;6.0;9.64;7.59;5.0;4.0;9.0;6.0;12.29;1.41;Medium
38.0;7.0;11.93;5.26;5.0;18.0;12.0;1.0;14.21;0.35;High
22.0;17.0;6.73;8.74;1.0;11.0;11.0;1.0;8.09;1.64;Low
43.0;12.0;10.26;6.69;7.0;7.0;10.0;9.0;11.45;1.57;Medium
27.0;8.0;12.28;4.17;0.0;3.0;3.0;1.0;15.04;1.68;Medium
21.0;;11.07;6.02;5.0;6.0;16.0;3.0;13.46;0.55;Medium
27.0;8.0;8.79;8.83;4.0;4.0;14.0;8.0;12.01;0.9;Medium
32.0;14.0;;7.65;4.0;10.0;20.0;4.0;13.7;1.39;Medium
32.0;19.0;13.89;5.5;7.0;16.0;28.0;1.0;15.05;0.78;High
20.0;1.0;10.02;6.88;4.0;2.0;2.0;3.0;13.0;0.14;Medium
25.0;12.0;11.86;7.0;0.0;1.0;28.0;6.0;16.31;0.27;Medium
43.0;;11.27;4.12;3.0;18.0;9.0;4.0;14.09;1.19;High
38.0;18.0;11.01;4.89;6.0;1.0;20.0;7.0;14.09;0.75;High
35.0;1.0;11.16;6.76;1.0;13.0;13.0;0.0;14.11;0.01;High
27.0;2.0;8.54;6.01;1.0;0.0;18.0;4.0;11.1;1.53;Low
20.0;5.0;8.74;4.95;4.0;15.0;20.0;3.0;10.18;0.83;Medium
35.0;2.0;8.68;7.86;2.0;14.0;3.0;2.0;10.19;0.63;Medium
28.0;;4.33;6.44;7.0;17.0;24.0;6.0;6.05;1.43;Medium
32.0;5.0;6.41;5.55;0.0;1.0;13.0;9.0;10.58;0.91;Medium
30.0;15.0;5.55;4.81;7.0;10.0;5.0;0.0;7.65;1.39;Medium
32.0;16.0;12.86;7.06;5.0;16.0;11.0;5.0;;0.03;High
44.0;18.0;6.75;7.33;7.0;12.0;29.0;7.0;10.99;0.02;Medium
;2.0;5.38;7.35;5.0;11.0;25.0;1.0;9.12;1.12;Low
29.0;17.0;5.2;5.1;7.0;1.0;1.0;5.0;9.08;1.96;Low
23.0;6.0;11.0;6.98;7.0;17.0;16.0;0.0;12.19;0.54;High
25.0;8.0;4.06;8.53;6.0;9.0;0.0;5.0;7.33;1.37;Low
26.0;19.0;8.71;5.77;3.0;11.0;16.0;5.0;13.47;0.34;High
24.0;11.0;5.19;5.05;4.0;16.0;24.0;4.0;6.35;0.62;Medium
30.0;4.0;12.5;7.86;2.0;13.0;4.0;6.0;14.66;0.16;High
32.0;2.0;13.58;4.88;4.0;18.0;15.0;4.0;14.79;1.76;High
44.0;10.0;13.59;;7.0;12.0;13.0;7.0;16.87;0.62;High
38.0;3.0;8.42;4.5;7.0;2.0;19.0;1.0;9.88;0.46;Low
42.0;4.0;10.45;5.34;2.0;7.0;9.0;5.0;13.37;1.46;Medium
29.0;0.0;10.0;6.05;1.0;4.0;20.0;4.0;13.88;0.4;Medium
29.0;;7.5;4.32;2.0;11.0;24.0;9.0;9.16;0.48;Medium
30.0;11.0;8.44;8.36;1.0;0.0;2.0;1.0;12.46;0.21;Low
40.0;12.0;4.64;6.57;1.0;15.0;2.0;6.0;5.88;1.93;Medium
26.0;8.0;11.96;6.94;7.0;11.0;27.0;3.0;13.56;0.5;High
37.0;1.0;6.41;5.86;0.0;16.0;17.0;5.0;8.53;1.99;Medium
23.0;4.0;8.61;7.35;6.0;8.0;23.0;4.0;12.79;0.35;Medium
21.0;12.0;8.81;6.16;2.0;12.0;22.0;3.0;13.21;0.04;Medium
33.0;15.0;9.61;7.81;3.0;3.0;17.0;1.0;11.49;1.79;Low
;15.0;12.18;8.11;3.0;3.0;3.0;6.0;13.56;1.16;Medium
31.0;2.0;10.92;7.36;2.0;14.0;6.0;4.0;15.31;0.7;Medium
26.0;3.0;10.63;6.46;6.0;9.0;0.0;2.0;14.23;1.03;Medium
21.0;10.0;9.27;7.91;;5.0;15.0;5.0;10.9;0.52;Medium
32.0;13.0;;;3.0;2.0;16.0;7.0;8.19;1.27;Medium
33.0;2.0;8.02;4.56;4.0;14.0;7.0;9.0;12.51;1.23;High
36.0;15.0;13.57;4.58;3.0;5.0;5.0;9.0;14.85;0.16;High
28.0;14.0;13.96;;7.0;10.0;1.0;1.0;15.29;1.82;Medium
36.0;9.0;11.3;5.07;0.0;1.0;25.0;9.0;13.39;0.92;
27.0;8.0;6.28;8.08;1.0;1.0;9.0;3.0;9.89;0.39;Low
21.0;10.0;5.02;5.23;1.0;0.0;16.0;2.0;6.73;0.61;Low
43.0;15.0;8.15;6.15;1.0;10.0;18.0;6.0;12.42;1.73;Medium
32.0;9.0;12.57;7.27;7.0;4.0;27.0;9.0;16.57;0.77;High
22.0;16.0;11.22;4.79;0.0;5.0;3.0;7.0;14.46;1.12;Medium
35.0;18.0;12.84;7.69;1.0;2.0;12.0;7.0;14.3;1.9;Medium
25.0;1.0;10.16;7.45;6.0;;20.0;3.0;15.11;1.3;High
38.0;1.0;5.3;6.72;1.0;4.0;26.0;9.0;8.26;1.35;Medium
26.0;5.0;5.15;6.83;0.0;19.0;25.0;;7.96;0.5;Medium
29.0;18.0;4.48;4.53;7.0;8.0;18.0;5.0;9.46;1.34;Medium
;7.0;9.67;6.18;4.0;18.0;15.0;2.0;14.13;0.79;High
21.0;2.0;6.43;4.43;3.0;4.0;12.0;7.0;9.26;1.82;Medium
34.0;13.0;11.34;5.54;0.0;11.0;29.0;2.0;;0.26;Medium
24.0;15.0;10.86;;0.0;11.0;4.0;1.0;12.24;0.57;Medium
41.0;0.0;7.18;6.87;2.0;15.0;11.0;8.0;11.89;0.13;High
23.0;2.0;5.77;7.71;1.0;6.0;6.0;8.0;10.15;0.76;Medium
39.0;17.0;5.02;6.87;5.0;13.0;26.0;8.0;7.26;0.3;Medium
23.0;8.0;11.37;4.97;4.0;8.0;8.0;2.0;15.38;;Medium
37.0;5.0;8.5;6.97;5.0;14.0;4.0;1.0;12.55;1.85;Medium
23.0;0.0;7.24;7.78;2.0;10.0;3.0;3.0;9.15;1.34;
36.0;9.0;12.57;4.69;4.0;3.0;9.0;1.0;16.02;0.21;Medium
31.0;5.0;9.94;8.08;1.0;10.0;15.0;7.0;11.96;0.68;Medium
41.0;11.0;;6.78;5.0;;10.0;9.0;13.34;1.93;Medium
36.0;3.0;11.43;4.02;7.0;5.0;28.0;0.0;13.05;0.27;Medium
29.0;12.0;12.16;6.6;1.0;16.0;8.0;1.0;15.84;1.11;Medium
41.0;16.0;10.86;5.98;1.0;8.0;23.0;5.0;13.16;0.71;Medium
20.0;7.0;8.4;5.48;3.0;5.0;4.0;8.0;9.54;2.0;
41.0;19.0;7.79;7.86;4.0;5.0;24.0;9.0;9.28;0.57;Low
43.0;2.0;11.72;8.5;4.0;3.0;10.0;4.0;15.34;0.1;
37.0;11.0;9.18;7.81;2.0;19.0;29.0;4.0;11.14;1.4;
37.0;6.0;11.04;8.23;7.0;10.0;8.0;2.0;14.56;0.65;High
33.0;11.0;12.9;8.54;0.0;2.0;16.0;7.0;15.56;1.32;Medium
34.0;1.0;13.16;8.56;1.0;17.0;27.0;5.0;16.93;0.21;Medium
31.0;13.0;6.78;4.57;1.0;15.0;21.0;9.0;9.75;1.05;High
23.0;4.0;5.88;6.28;5.0;15.0;10.0;1.0;8.11;0.75;Medium
;8.0;6.61;4.0;2.0;11.0;20.0;4.0;8.19;1.07;Medium
39.0;10.0;11.51;6.53;4.0;13.0;5.0;3.0;;1.71;Medium
31.0;4.0;7.7;8.62;3.0;8.0;25.0;9.0;11.24;1.95;Medium
26.0;2.0;5.73;5.0;4.0;6.0;15.0;8.0;9.69;1.51;Medium
30.0;16.0;4.98;7.2;3.0;13.0;18.0;3.0;6.62;1.53;Low
;1.0;7.27;7.22;3.0;19.0;13.0;7.0;10.93;1.06;High
25.0;0.0;5.36;4.8;4.0;19.0;2.0;0.0;7.08;0.19;Medium
34.0;6.0;5.56;5.19;5.0;9.0;9.0;4.0;7.45;1.33;Medium
34.0;13.0;10.84;6.31;1.0;10.0;20.0;8.0;13.97;0.3;High
38.0;4.0;4.2;4.94;3.0;6.0;22.0;2.0;6.36;0.49;Low
30.0;18.0;5.18;6.92;5.0;;3.0;5.0;8.83;1.42;Medium
42.0;10.0;12.44;6.42;2.0;18.0;21.0;9.0;17.26;1.31;High
21.0;1.0;12.45;6.6;2.0;10.0;20.0;5.0;14.05;0.63;Medium
33.0;7.0;7.29;4.67;3.0;5.0;1.0;5.0;10.57;1.54;Low
21.0;8.0;4.88;6.59;1.0;7.0;12.0;3.0;9.57;1.88;Low
23.0;2.0;11.05;4.25;3.0;0.0;10.0;6.0;12.76;1.09;Medium
36.0;1.0;7.6;8.41;2.0;7.0;11.0;2.0;10.07;1.36;Low
22.0;6.0;4.45;5.72;6.0;4.0;0.0;5.0;5.94;0.54;Low
32.0;4.0;5.58;8.28;2.0;9.0;21.0;9.0;9.15;1.94;Medium
28.0;4.0;5.37;7.51;4.0;;20.0;4.0;9.05;0.55;Low
26.0;19.0;9.89;7.83;6.0;3.0;8.0;2.0;13.55;1.77;Medium
34.0;12.0;12.98;5.57;1.0;1.0;11.0;1.0;16.15;1.86;Low
42.0;19.0;11.93;5.14;4.0;14.0;6.0;0.0;15.92;1.44;High
30.0;5.0;9.47;6.03;6.0;19.0;16.0;7.0;10.61;1.62;High
39.0;19.0;8.22;4.12;5.0;9.0;28.0;0.0;13.05;0.92;Medium
21.0;17.0;10.19;8.59;6.0;1.0;9.0;4.0;12.08;1.84;Low
34.0;1.0;8.44;5.94;5.0;5.0;;4.0;9.93;1.49;Medium
33.0;5.0;6.46;8.94;5.0;13.0;26.0;0.0;11.22;0.65;Low
39.0;8.0;10.79;7.81;6.0;4.0;6.0;8.0;15.11;0.07;Medium
41.0;2.0;12.73;4.4;6.0;1.0;18.0;4.0;16.79;1.08;Medium
30.0;0.0;7.73;7.3;0.0;13.0;13.0;8.0;9.15;1.68;Medium
;0.0;12.42;5.35;6.0;12.0;24.0;5.0;16.65;1.72;Medium
36.0;18.0;8.31;5.22;5.0;1.0;26.0;6.0;11.75;1.67;Medium
31.0;4.0;8.01;5.28;3.0;8.0;29.0;6.0;11.94;0.43;Medium
43.0;12.0;4.28;8.58;4.0;2.0;29.0;1.0;9.19;0.85;Low
40.0;18.0;10.95;6.5;5.0;14.0;10.0;4.0;12.73;1.23;High
34.0;11.0;12.08;7.35;1.0;2.0;1.0;1.0;15.1;1.34;Medium
35.0;15.0;10.64;5.4;7.0;11.0;0.0;3.0;14.65;0.67;Medium
24.0;18.0;5.51;6.61;6.0;5.0;25.0;2.0;8.24;1.39;Low
39.0;2.0;5.03;5.75;5.0;18.0;;5.0;6.25;1.18;Medium
;11.0;9.73;5.61;3.0;16.0;11.0;4.0;11.18;1.13;Medium
38.0;4.0;8.02;5.23;7.0;5.0;8.0;0.0;11.43;1.33;Medium
44.0;1.0;;6.05;6.0;18.0;22.0;1.0;10.43;1.21;Medium
24.0;6.0;13.68;7.3;3.0;16.0;25.0;6.0;15.23;0.33;High
22.0;12.0;11.24;5.11;7.0;15.0;28.0;8.0;13.6;1.75;High
20.0;14.0;8.12;8.83;7.0;7.0;10.0;0.0;9.92;0.48;Low
25.0;2.0;4.19;4.62;3.0;18.0;0.0;3.0;5.29;1.49;Medium
34.0;19.0;4.34;6.4;3.0;7.0;19.0;2.0;5.95;0.35;Low
21.0;4.0;10.85;4.43;3.0;19.0;9.0;4.0;15.38;1.32;High
22.0;7.0;12.38;4.11;1.0;14.0;28.0;4.0;13.43;1.79;High
36.0;0.0;11.08;8.61;0.0;7.0;18.0;9.0;15.18;0.02;Medium
44.0;7.0;8.06;8.05;2.0;2.0;26.0;;12.07;1.96;Low
43.0;17.0;4.31;7.47;0.0;15.0;22.0;1.0;7.57;0.06;Low
31.0;19.0;13.67;8.33;2.0;2.0;20.0;4.0;15.5;0.02;Medium
37.0;15.0;13.86;8.01;4.0;;24.0;3.0;18.37;1.72;
34.0;17.0;9.49;7.24;6.0;7.0;10.0;0.0;12.39;1.42;Medium
31.0;19.0;4.71;8.24;3.0;8.0;2.0;0.0;6.4;0.21;Low
35.0;11.0;9.41;5.95;4.0;11.0;26.0;0.0;12.13;1.87;Medium
27.0;12.0;12.92;6.76;4.0;17.0;15.0;7.0;14.7;1.34;High
33.0;12.0;10.8;7.88;6.0;16.0;21.0;2.0;13.3;0.22;High
;9.0;11.2;4.42;2.0;7.0;9.0;8.0;14.19;1.72;Medium
36.0;6.0;4.85;8.29;1.0;19.0;1.0;9.0;7.29;0.96;Medium
40.0;13.0;5.07;4.78;;10.0;18.0;1.0;8.7;0.56;Low
27.0;15.0;5.27;8.32;7.0;6.0;3.0;8.0;10.01;1.65;Medium
34.0;14.0;13.04;5.56;5.0;13.0;15.0;8.0;15.43;1.48;High
33.0;11.0;9.26;5.63;;9.0;5.0;3.0;;1.25;Medium
37.0;8.0;11.92;4.37;7.0;14.0;10.0;3.0;15.87;1.8;High
39.0;7.0;5.15;8.43;6.0;11.0;16.0;3.0;8.27;1.72;Low
26.0;17.0;13.28;4.87;7.0;19.0;14.0;0.0;16.0;0.45;High
22.0;17.0;12.21;7.15;4.0;16.0;21.0;4.0;16.47;1.76;High
31.0;12.0;6.25;7.22;0.0;7.0;3.0;5.0;10.81;0.75;Low
;17.0;12.74;5.41;7.0;13.0;23.0;3.0;16.1;0.86;High
43.0;14.0;6.63;8.93;3.0;14.0;24.0;7.0;8.37;1.94;Medium
22.0;;6.05;4.32;7.0;10.0;7.0;2.0;8.92;1.52;Medium
39.0;16.0;6.64;7.04;1.0;11.0;23.0;8.0;9.66;0.64;Medium
33.0;4.0;13.1;6.4;3.0;19.0;28.0;6.0;15.83;1.3;High
34.0;15.0;13.16;5.23;5.0;15.0;28.0;7.0;15.21;1.08;High
44.0;8.0;7.29;4.82;5.0;19.0;17.0;6.0;10.18;0.23;High
33.0;9.0;11.05;7.69;4.0;17.0;13.0;8.0;13.84;1.78;High
26.0;17.0;10.76;8.58;7.0;9.0;25.0;1.0;12.6;1.64;Medium
36.0;16.0;12.07;4.54;0.0;18.0;1.0;3.0;16.68;1.56;High
31.0;17.0;6.97;4.97;4.0;17.0;15.0;1.0;11.51;1.12;Medium
39.0;6.0;9.1;8.93;1.0;0.0;21.0;7.0;;0.44;Low
23.0;3.0;10.68;4.08;2.0;3.0;14.0;1.0;13.28;1.77;Low
28.0;4.0;4.26;6.54;5.0;6.0;20.0;7.0;6.74;0.71;Medium
25.0;15.0;7.77;6.58;0.0;0.0;5.0;5.0;11.64;0.04;Low
35.0;2.0;10.96;5.32;5.0;7.0;8.0;6.0;14.39;1.96;High
44.0;17.0;6.53;7.32;1.0;16.0;11.0;5.0;9.93;1.72;Medium
41.0;13.0;13.58;8.72;1.0;7.0;9.0;8.0;15.08;1.25;Medium
41.0;14.0;4.3;6.25;7.0;4.0;6.0;3.0;7.77;0.02;Low
40.0;16.0;13.58;7.75;5.0;0.0;4.0;0.0;18.19;0.46;Medium
40.0;0.0;6.17;7.23;4.0;14.0;25.0;8.0;7.51;0.9;Medium
21.0;16.0;4.49;6.36;5.0;3.0;22.0;9.0;6.85;1.26;Low
43.0;10.0;6.92;4.25;7.0;6.0;;7.0;9.96;1.42;Medium
27.0;16.0;11.86;7.71;4.0;13.0;26.0;0.0;15.6;1.58;Medium
30.0;13.0;11.52;5.82;5.0;11.0;11.0;9.0;12.88;1.11;High
32.0;19.0;6.09;5.12;4.0;2.0;0.0;5.0;10.58;1.31;Low
36.0;18.0;5.97;8.74;7.0;19.0;9.0;9.0;7.13;1.62;High
27.0;6.0;10.43;7.87;2.0;17.0;10.0;3.0;14.86;1.44;High
40.0;12.0;8.58;8.81;3.0;7.0;26.0;1.0;9.69;1.91;Low
37.0;17.0;11.92;5.28;3.0;1.0;22.0;2.0;13.53;1.75;Medium
37.0;13.0;4.24;8.18;4.0;5.0;19.0;8.0;8.44;0.34;Low
33.0;0.0;10.1;7.04;4.0;6.0;4.0;4.0;14.54;1.89;Medium
34.0;6.0;11.31;8.91;6.0;6.0;12.0;6.0;16.24;0.41;Medium
25.0;;13.93;8.73;6.0;12.0;17.0;1.0;15.39;1.98;Medium
30.0;17.0;;8.86;2.0;0.0;9.0;7.0;13.9;1.4;Low
32.0;8.0;6.32;8.76;7.0;7.0;20.0;2.0;7.63;1.26;Low
44.0;0.0;5.08;4.04;3.0;12.0;24.0;0.0;6.71;0.65;Medium
20.0;16.0;;7.71;2.0;19.0;16.0;7.0;12.11;0.27;High
25.0;18.0;9.23;5.36;6.0;18.0;18.0;8.0;10.48;0.25;High
28.0;5.0;12.99;7.53;6.0;16.0;3.0;7.0;17.56;;High
27.0;2.0;11.27;8.9;1.0;12.0;8.0;0.0;12.78;0.86;Medium
30.0;4.0;9.1;4.2;5.0;15.0;17.0;6.0;12.62;1.12;High
41.0;1.0;8.04;6.83;6.0;14.0;15.0;6.0;11.54;1.86;High
38.0;19.0;8.04;7.67;3.0;10.0;6.0;3.0;9.83;;Medium
43.0;3.0;6.26;5.27;4.0;11.0;24.0;7.0;11.25;1.53;Medium
28.0;9.0;4.17;5.13;7.0;2.0;11.0;4.0;6.56;0.94;Low
36.0;9.0;9.75;4.3;0.0;8.0;25.0;3.0;14.37;0.43;Medium
31.0;10.0;6.12;4.47;6.0;13.0;3.0;4.0;10.91;1.71;Medium
44.0;15.0;6.08;7.28;1.0;6.0;20.0;1.0;10.88;1.36;Low
33.0;16.0;5.25;6.53;5.0;10.0;27.0;3.0;9.26;0.19;Low
34.0;15.0;5.9;4.15;0.0;9.0;11.0;9.0;7.92;1.08;Medium
35.0;6.0;4.32;;2.0;2.0;11.0;7.0;5.8;1.7;Low
41.0;15.0;10.74;7.28;5.0;18.0;;6.0;14.02;0.13;High
41.0;2.0;8.01;6.58;2.0;1.0;3.0;7.0;10.45;0.83;Medium
39.0;15.0;9.62;5.36;2.0;16.0;11.0;6.0;13.94;1.61;Medium
;7.0;10.37;7.29;4.0;1.0;22.0;6.0;14.35;1.72;Low
29.0;11.0;13.72;5.82;2.0;15.0;7.0;6.0;15.83;1.55;High
;;4.68;7.51;6.0;16.0;23.0;1.0;5.75;0.61;Medium
37.0;16.0;8.18;7.41;0.0;9.0;29.0;2.0;10.13;1.01;
20.0;17.0;6.46;4.46;1.0;3.0;29.0;0.0;9.73;1.48;Low
;10.0;;8.55;7.0;10.0;2.0;1.0;10.09;0.31;Medium
20.0;3.0;13.2;6.43;6.0;16.0;15.0;9.0;16.83;1.19;High
20.0;15.0;11.24;5.96;4.0;11.0;1.0;5.0;14.93;1.44;Medium
28.0;16.0;10.62;8.78;1.0;9.0;5.0;1.0;12.3;1.7;Low
32.0;8.0;8.41;6.19;2.0;15.0;27.0;0.0;11.8;0.22;
20.0;5.0;10.71;7.61;3.0;3.0;16.0;7.0;14.14;0.66;Medium
32.0;19.0;4.32;7.28;5.0;2.0;11.0;8.0;7.23;1.08;Low
39.0;1.0;9.86;4.83;4.0;8.0;8.0;6.0;14.67;1.4;Medium
41.0;8.0;9.54;8.96;2.0;5.0;15.0;2.0;10.97;1.46;Low
26.0;5.0;7.47;6.32;4.0;11.0;6.0;0.0;10.1;0.51;Low
21.0;2.0;6.02;5.97;3.0;0.0;7.0;3.0;10.55;0.03;Low
25.0;19.0;12.08;8.6;7.0;13.0;6.0;9.0;14.63;1.39;High
26.0;5.0;4.54;6.65;0.0;9.0;20.0;2.0;7.24;1.82;Low
33.0;6.0;4.7;7.53;6.0;;4.0;2.0;8.37;1.6;Medium
37.0;0.0;8.41;8.23;0.0;12.0;22.0;1.0;12.07;1.24;Medium
34.0;0.0;6.53;5.18;5.0;8.0;6.0;9.0;7.62;1.96;Medium
21.0;4.0;11.45;4.85;0.0;18.0;17.0;2.0;14.27;0.87;High
29.0;5.0;10.34;4.34;7.0;3.0;17.0;4.0;12.67;1.05;Medium
42.0;12.0;11.73;8.49;6.0;2.0;15.0;3.0;15.24;0.02;Medium
31.0;1.0;7.25;5.0;6.0;5.0;6.0;0.0;10.47;1.89;Low
36.0;14.0;11.41;5.54;7.0;8.0;20.0;0.0;15.01;;High
27.0;14.0;;5.43;3.0;9.0;1.0;0.0;16.24;0.78;Medium
30.0;12.0;7.45;5.52;1.0;8.0;16.0;9.0;9.47;0.09;Medium
22.0;13.0;7.4;7.34;;16.0;24.0;8.0;9.39;0.72;
25.0;6.0;13.0;8.77;3.0;9.0;26.0;8.0;15.48;0.01;Medium
28.0;13.0;4.5;5.65;3.0;5.0;7.0;8.0;6.47;0.65;Medium
25.0;9.0;7.5;6.04;2.0;15.0;1.0;9.0;11.23;1.9;High
28.0;16.0;5.19;7.86;7.0;16.0;17.0;;8.6;0.31;Medium
26.0;13.0;4.29;6.16;0.0;10.0;18.0;3.0;6.16;1.09;Low
28.0;7.0;5.13;8.63;4.0;19.0;19.0;9.0;9.67;0.37;High
37.0;3.0;8.31;6.52;6.0;6.0;8.0;6.0;11.15;1.57;Medium
31.0;15.0;10.87;5.74;5.0;3.0;11.0;2.0;12.38;1.12;Medium
27.0;12.0;6.89;8.86;1.0;9.0;21.0;9.0;8.74;0.4;Medium
;19.0;12.5;6.13;6.0;13.0;18.0;2.0;15.66;1.73;Medium
37.0;17.0;8.38;5.16;4.0;16.0;29.0;3.0;10.73;1.57;Medium
39.0;13.0;13.68;4.89;2.0;13.0;7.0;5.0;18.08;1.9;High
34.0;17.0;13.54;8.98;;19.0;21.0;0.0;16.52;0.0;High
26.0;4.0;11.73;7.76;2.0;12.0;7.0;2.0;16.39;0.91;Medium
30.0;8.0;13.32;6.04;1.0;1.0;9.0;4.0;14.73;2.0;Medium
39.0;2.0;11.07;8.13;4.0;8.0;27.0;3.0;14.74;1.62;Medium
35.0;7.0;12.96;6.73;1.0;2.0;17.0;7.0;17.5;1.66;Medium
23.0;19.0;6.36;5.59;1.0;3.0;14.0;8.0;8.53;1.24;Medium
25.0;9.0;7.45;7.72;0.0;11.0;23.0;7.0;8.99;1.43;Medium
41.0;18.0;11.53;7.73;7.0;14.0;10.0;8.0;14.36;1.61;High
22.0;2.0;8.25;6.5;4.0;19.0;20.0;7.0;13.1;0.18;High
28.0;10.0;12.37;4.23;0.0;7.0;25.0;9.0;15.9;1.39;High
29.0;10.0;12.78;4.39;6.0;17.0;13.0;0.0;16.36;1.63;High
33.0;16.0;7.0;7.94;0.0;4.0;14.0;6.0;10.69;0.08;Low
30.0;15.0;12.23;8.12;6.0;1.0;13.0;8.0;13.39;0.59;Medium
37.0;6.0;5.54;7.39;5.0;8.0;11.0;0.0;8.32;0.65;Low
41.0;3.0;7.34;8.2;0.0;13.0;3.0;;8.65;1.71;Medium
31.0;18.0;9.18;7.6;3.0;0.0;2.0;0.0;11.44;1.56;Low
42.0;11.0;6.26;8.48;2.0;19.0;11.0;9.0;10.55;1.31;Medium
31.0;14.0;9.79;4.75;2.0;3.0;24.0;1.0;13.42;1.61;Low
32.0;10.0;9.79;5.94;3.0;16.0;25.0;4.0;14.77;0.91;High
44.0;4.0;6.07;6.32;6.0;9.0;6.0;7.0;7.76;1.75;Medium
32.0;;11.96;5.49;6.0;1.0;6.0;7.0;14.55;0.47;Medium
38.0;14.0;10.32;7.63;7.0;5.0;21.0;9.0;14.56;1.41;Medium
38.0;17.0;7.18;8.56;1.0;18.0;24.0;3.0;9.04;0.48;Low
42.0;10.0;6.32;6.06;4.0;8.0;18.0;6.0;7.93;0.08;Medium
33.0;;12.79;8.71;4.0;18.0;13.0;6.0;15.5;0.57;High
23.0;1.0;12.36;6.58;4.0;18.0;0.0;8.0;14.89;0.99;High
32.0;19.0;6.3;6.61;0.0;8.0;6.0;8.0;11.22;1.69;Low
27.0;14.0;4.36;7.0;4.0;2.0;24.0;2.0;7.19;1.02;Low
42.0;19.0;12.05;5.34;4.0;;21.0;7.0;16.49;0.36;High
40.0;3.0;10.16;5.92;6.0;5.0;9.0;4.0;14.71;1.99;Medium
42.0;17.0;5.01;6.77;4.0;16.0;17.0;4.0;6.64;0.54;Medium
38.0;5.0;9.87;8.71;2.0;12.0;12.0;7.0;13.73;1.97;High
31.0;18.0;8.52;7.21;3.0;12.0;7.0;5.0;10.63;1.87;High
;10.0;11.75;5.67;5.0;6.0;8.0;9.0;13.13;1.08;High
25.0;1.0;6.09;;6.0;8.0;25.0;9.0;10.59;0.18;High
37.0;7.0;8.53;8.91;1.0;17.0;14.0;0.0;10.7;1.39;Low
38.0;10.0;5.56;6.46;3.0;0.0;7.0;3.0;7.94;1.69;Low
41.0;4.0;13.58;8.69;4.0;19.0;24.0;8.0;15.88;0.89;High
24.0;17.0;11.79;6.75;1.0;12.0;0.0;4.0;13.59;;High
43.0;17.0;11.37;7.03;1.0;7.0;2.0;3.0;14.11;1.61;Medium
28.0;13.0;10.9;7.56;3.0;8.0;18.0;9.0;13.61;1.09;High
;9.0;8.23;5.6;3.0;0.0;29.0;0.0;10.87;0.4;Low
29.0;2.0;13.23;7.49;3.0;8.0;8.0;8.0;17.9;1.9;High
38.0;8.0;4.73;6.63;6.0;19.0;18.0;7.0;7.09;1.9;Medium
22.0;2.0;12.03;7.36;6.0;10.0;14.0;2.0;13.15;0.73;Medium
;;6.15;8.18;5.0;19.0;13.0;8.0;7.86;0.13;Medium
34.0;11.0;7.24;4.92;3.0;3.0;25.0;0.0;11.13;1.26;Medium
20.0;11.0;9.19;7.07;5.0;15.0;0.0;3.0;12.55;0.63;Medium
26.0;2.0;11.83;4.26;0.0;13.0;2.0;4.0;16.64;0.13;High
31.0;6.0;12.39;4.51;7.0;19.0;1.0;3.0;16.17;1.78;High
36.0;13.0;9.84;7.37;2.0;17.0;24.0;3.0;11.62;2.0;Medium
40.0;10.0;8.03;4.35;7.0;8.0;29.0;8.0;9.51;0.7;High
43.0;6.0;13.47;6.98;5.0;0.0;0.0;4.0;16.55;1.49;Medium
39.0;9.0;6.47;5.1;2.0;2.0;26.0;0.0;10.13;0.13;Medium
24.0;10.0;12.03;5.52;4.0;19.0;17.0;6.0;13.69;0.74;High
23.0;14.0;10.12;4.65;0.0;0.0;0.0;5.0;13.53;0.22;Medium
31.0;18.0;7.77;5.24;1.0;2.0;8.0;8.0;12.23;0.11;Medium
39.0;15.0;4.01;8.11;;13.0;6.0;3.0;7.92;1.18;Low
43.0;19.0;8.47;7.19;4.0;13.0;29.0;;12.13;1.6;Medium
37.0;11.0;6.77;8.75;1.0;12.0;12.0;5.0;10.93;0.91;Medium
36.0;17.0;5.04;4.24;6.0;0.0;16.0;9.0;6.46;1.05;Medium
38.0;12.0;4.75;7.96;2.0;14.0;12.0;6.0;6.57;0.54;Low
28.0;4.0;7.48;7.5;1.0;19.0;12.0;3.0;8.63;1.47;Medium
23.0;3.0;10.15;5.3;7.0;6.0;9.0;8.0;11.73;0.72;High
40.0;13.0;12.38;7.65;3.0;15.0;27.0;0.0;17.03;0.13;High
21.0;7.0;5.84;7.58;3.0;19.0;5.0;0.0;7.73;0.33;Medium
23.0;8.0;8.25;6.3;7.0;0.0;4.0;2.0;11.9;0.26;Low
21.0;;7.92;7.44;5.0;14.0;9.0;;11.69;0.87;High
34.0;2.0;9.13;6.22;5.0;;13.0;4.0;12.71;0.13;High
21.0;4.0;12.1;5.68;6.0;14.0;10.0;0.0;15.32;1.61;High
23.0;17.0;9.54;6.33;2.0;18.0;4.0;4.0;12.48;1.82;Medium
25.0;0.0;12.47;8.48;3.0;5.0;3.0;5.0;15.15;0.5;Medium
26.0;7.0;9.19;5.92;0.0;5.0;2.0;3.0;13.86;0.97;Medium
29.0;;10.04;6.02;4.0;0.0;13.0;6.0;11.08;1.04;Medium
38.0;16.0;8.37;7.04;2.0;15.0;12.0;2.0;9.58;1.97;Medium
38.0;16.0;12.23;7.76;2.0;17.0;23.0;4.0;;0.13;High
41.0;10.0;13.24;7.67;1.0;12.0;22.0;5.0;15.56;1.34;High
31.0;1.0;10.39;4.1;2.0;11.0;4.0;6.0;13.02;0.69;High
22.0;5.0;12.21;7.44;6.0;17.0;11.0;9.0;17.2;1.0;High
32.0;13.0;4.59;6.25;7.0;9.0;24.0;1.0;8.69;0.43;Low
37.0;2.0;13.06;6.62;4.0;13.0;27.0;4.0;17.57;0.32;High
;11.0;5.89;6.81;0.0;19.0;22.0;6.0;;0.49;High
40.0;3.0;6.57;7.66;1.0;10.0;9.0;6.0;8.53;0.14;Medium
34.0;11.0;4.53;8.16;4.0;17.0;;2.0;8.6;0.56;Low
20.0;12.0;13.65;7.23;7.0;11.0;6.0;7.0;17.88;1.38;High
22.0;1.0;12.52;6.82;;16.0;6.0;0.0;15.72;1.3;High
27.0;1.0;13.13;5.87;5.0;2.0;3.0;3.0;17.71;1.11;Medium
23.0;14.0;12.47;4.69;2.0;0.0;11.0;2.0;17.34;0.0;Medium
35.0;16.0;8.8;8.79;6.0;0.0;27.0;3.0;11.68;0.25;Low
42.0;6.0;13.24;6.31;3.0;5.0;23.0;;15.13;1.69;High
29.0;13.0;13.69;6.83;5.0;18.0;3.0;7.0;16.76;0.54;High
31.0;11.0;9.03;7.76;3.0;3.0;6.0;3.0;13.99;1.82;Low
33.0;16.0;5.76;4.34;4.0;12.0;19.0;7.0;7.93;1.75;Medium
33.0;13.0;10.59;8.28;0.0;11.0;12.0;0.0;14.06;0.31;Medium
21.0;5.0;13.75;7.99;3.0;7.0;7.0;7.0;17.53;1.8;High
42.0;18.0;12.72;7.87;6.0;19.0;13.0;9.0;14.58;1.26;High
24.0;5.0;12.62;4.11;4.0;6.0;29.0;1.0;15.97;1.26;Medium
24.0;17.0;13.34;6.63;1.0;6.0;2.0;5.0;15.6;1.71;Medium
25.0;4.0;12.94;4.27;2.0;6.0;1.0;5.0;17.36;0.81;High
32.0;5.0;11.76;6.75;0.0;13.0;9.0;2.0;15.62;1.47;Medium
28.0;1.0;11.18;7.59;7.0;17.0;5.0;4.0;15.49;1.34;High
41.0;7.0;6.65;4.61;6.0;18.0;22.0;1.0;8.45;1.54;Medium
34.0;14.0;10.21;7.47;6.0;19.0;6.0;7.0;11.35;1.32;High
33.0;14.0;;6.25;0.0;18.0;15.0;7.0;13.61;0.16;High
43.0;10.0;12.62;8.06;1.0;17.0;5.0;4.0;15.17;0.59;High
26.0;0.0;8.92;6.67;0.0;5.0;15.0;6.0;10.64;1.88;Medium
44.0;17.0;5.28;5.68;4.0;15.0;26.0;7.0;6.65;0.45;Medium
39.0;11.0;4.05;5.66;0.0;2.0;23.0;3.0;7.12;0.94;Low
21.0;11.0;10.78;8.49;0.0;1.0;11.0;1.0;12.38;0.71;Low
26.0;10.0;9.5;6.26;0.0;14.0;21.0;4.0;12.77;0.17;Medium
25.0;7.0;7.31;6.03;7.0;19.0;14.0;6.0;11.22;0.36;
36.0;6.0;5.69;4.2;4.0;10.0;21.0;3.0;8.83;0.57;Low
44.0;1.0;8.67;5.82;5.0;18.0;2.0;3.0;13.28;0.93;High
44.0;10.0;5.0;8.25;2.0;17.0;27.0;3.0;6.62;1.75;Low
21.0;9.0;7.36;7.8;3.0;10.0;15.0;8.0;10.34;1.03;
22.0;2.0;7.79;5.1;5.0;2.0;17.0;8.0;9.44;1.3;
24.0;19.0;8.66;6.07;0.0;3.0;14.0;9.0;13.16;0.85;Medium
24.0;9.0;8.67;4.98;1.0;5.0;22.0;7.0;13.4;1.74;Medium
20.0;17.0;6.57;8.77;6.0;11.0;5.0;7.0;9.17;1.33;Medium
27.0;13.0;12.5;6.99;1.0;3.0;16.0;6.0;14.72;0.18;Medium
31.0;17.0;7.56;7.77;4.0;11.0;1.0;0.0;9.68;0.96;Low
43.0;7.0;6.3;7.57;2.0;;1.0;7.0;10.74;1.65;Low
23.0;9.0;5.76;8.37;0.0;1.0;16.0;3.0;9.49;1.47;Low
32.0;12.0;7.23;8.75;4.0;11.0;18.0;0.0;11.75;1.81;Low
42.0;7.0;4.68;4.16;3.0;12.0;;0.0;6.15;0.46;Medium
34.0;3.0;4.33;8.88;2.0;15.0;3.0;2.0;7.23;1.95;Low
30.0;3.0;10.05;8.35;2.0;3.0;27.0;2.0;13.75;0.57;Medium
29.0;4.0;10.19;5.91;4.0;7.0;17.0;9.0;14.78;0.1;Medium
22.0;0.0;9.3;8.19;5.0;4.0;7.0;0.0;11.83;0.99;Low
41.0;16.0;11.62;7.68;6.0;13.0;8.0;7.0;13.87;0.22;High
33.0;1.0;4.39;7.97;1.0;14.0;23.0;3.0;9.04;1.36;Low
35.0;7.0;13.36;5.1;5.0;10.0;22.0;3.0;14.55;1.8;High
29.0;6.0;4.95;7.24;2.0;9.0;25.0;5.0;7.87;1.84;Low
29.0;14.0;10.74;4.13;1.0;9.0;17.0;8.0;13.57;1.21;High
31.0;4.0;5.33;8.24;2.0;5.0;21.0;8.0;6.91;1.07;Low
28.0;1.0;12.8;8.76;7.0;15.0;10.0;7.0;15.38;1.99;High
20.0;6.0;9.11;7.31;6.0;3.0;15.0;0.0;13.0;1.16;Low
24.0;;4.82;6.56;2.0;8.0;15.0;9.0;7.29;1.85;Low
39.0;6.0;10.17;7.63;2.0;9.0;3.0;9.0;12.41;1.83;Medium
27.0;6.0;4.09;5.63;3.0;4.0;20.0;1.0;;0.58;Low
30.0;13.0;11.76;7.13;1.0;9.0;8.0;2.0;16.71;0.03;High
31.0;17.0;10.51;7.59;3.0;15.0;12.0;4.0;14.63;;High
20.0;5.0;;4.71;1.0;10.0;24.0;4.0;10.52;1.72;Low
44.0;3.0;7.75;4.7;6.0;5.0;19.0;9.0;12.51;1.67;High
41.0;9.0;4.08;7.58;6.0;6.0;7.0;7.0;8.29;1.21;Low
39.0;17.0;10.94;6.16;7.0;;10.0;1.0;15.86;0.31;High
44.0;11.0;7.23;8.45;3.0;12.0;20.0;1.0;11.22;0.22;Medium
30.0;15.0;9.72;5.56;3.0;;8.0;7.0;13.37;1.91;High
24.0;6.0;13.57;4.21;3.0;8.0;17.0;0.0;17.34;0.84;Medium
34.0;5.0;6.99;7.25;6.0;7.0;19.0;8.0;11.59;1.3;Medium
24.0;4.0;13.9;7.42;6.0;15.0;2.0;1.0;17.63;1.81;High
31.0;2.0;10.33;6.77;4.0;2.0;22.0;4.0;14.37;1.74;
24.0;11.0;6.42;7.42;3.0;4.0;29.0;2.0;8.28;1.13;Low
36.0;14.0;8.37;6.62;7.0;12.0;17.0;;13.02;;Medium
36.0;9.0;11.4;7.46;5.0;17.0;18.0;7.0;14.19;1.47;High
43.0;19.0;8.46;4.22;5.0;15.0;8.0;7.0;10.1;0.7;High
31.0;18.0;4.69;5.84;2.0;13.0;23.0;5.0;8.89;1.25;Medium
43.0;15.0;5.69;5.05;0.0;10.0;17.0;8.0;8.12;0.05;Medium
34.0;10.0;11.91;4.5;3.0;17.0;21.0;6.0;13.65;1.65;High
34.0;7.0;10.48;5.17;0.0;7.0;15.0;1.0;12.51;2.0;Medium
25.0;2.0;9.7;4.96;0.0;11.0;13.0;0.0;10.84;1.91;
31.0;6.0;5.68;8.87;2.0;18.0;18.0;7.0;7.04;0.72;Medium
39.0;6.0;12.38;5.43;0.0;19.0;27.0;0.0;15.75;1.06;High
37.0;13.0;13.61;5.15;7.0;1.0;28.0;7.0;18.07;0.47;High
33.0;1.0;4.41;8.17;6.0;8.0;21.0;8.0;7.2;0.61;Medium
21.0;9.0;4.78;6.1;0.0;8.0;29.0;0.0;8.28;0.91;Low
28.0;18.0;12.85;6.11;6.0;13.0;14.0;6.0;17.09;1.49;High
24.0;8.0;12.16;6.22;6.0;14.0;20.0;4.0;14.59;0.04;High
39.0;15.0;10.18;6.08;5.0;10.0;25.0;7.0;13.8;0.79;High
20.0;18.0;13.45;5.63;6.0;12.0;3.0;3.0;15.85;1.11;High
42.0;17.0;10.46;5.43;0.0;4.0;11.0;1.0;14.03;0.43;
22.0;8.0;6.16;8.41;1.0;5.0;6.0;6.0;8.03;0.16;Low
25.0;15.0;11.29;4.81;7.0;4.0;10.0;6.0;16.2;1.08;Medium
24.0;12.0;10.46;4.91;3.0;0.0;25.0;7.0;11.76;1.28;High
40.0;9.0;13.86;6.86;7.0;17.0;6.0;8.0;16.88;1.28;High
24.0;19.0;6.14;5.72;7.0;7.0;19.0;5.0;8.29;0.71;Medium
20.0;13.0;9.98;6.11;3.0;16.0;2.0;2.0;13.38;0.47;Medium
36.0;11.0;11.8;8.03;0.0;;;4.0;14.51;0.44;Medium
38.0;18.0;7.39;8.52;2.0;10.0;1.0;2.0;9.62;0.08;Medium
33.0;6.0;7.8;7.95;1.0;2.0;19.0;9.0;9.8;0.37;Medium
31.0;14.0;12.88;5.17;2.0;7.0;14.0;8.0;14.61;1.64;High
29.0;15.0;8.04;8.9;2.0;7.0;19.0;4.0;12.17;0.01;Medium
39.0;7.0;10.25;5.82;0.0;2.0;11.0;6.0;12.14;0.09;Medium
40.0;9.0;12.89;4.85;4.0;9.0;20.0;9.0;16.98;0.25;High
37.0;3.0;6.1;6.5;0.0;18.0;16.0;6.0;9.04;0.84;Medium
43.0;18.0;13.82;7.63;5.0;13.0;17.0;6.0;15.11;0.67;High
30.0;18.0;11.02;4.42;4.0;17.0;7.0;9.0;12.68;0.36;High
21.0;14.0;8.96;7.17;6.0;2.0;23.0;3.0;13.53;0.22;Medium
44.0;13.0;8.31;8.29;1.0;19.0;7.0;3.0;11.72;1.88;Medium
37.0;0.0;13.54;5.31;4.0;13.0;4.0;2.0;15.28;1.82;High
44.0;15.0;6.06;7.47;0.0;10.0;23.0;;9.88;1.54;Medium
26.0;9.0;7.12;6.0;0.0;9.0;8.0;8.0;11.41;0.5;Medium
43.0;18.0;7.08;6.07;2.0;13.0;29.0;4.0;9.4;0.65;Medium
34.0;2.0;6.89;5.4;0.0;0.0;19.0;5.0;10.12;1.33;Medium
30.0;4.0;8.69;7.12;6.0;15.0;19.0;3.0;10.86;0.58;Medium
37.0;8.0;13.89;5.8;5.0;5.0;22.0;0.0;15.21;;Medium
;17.0;12.89;8.15;0.0;17.0;4.0;6.0;15.49;1.3;High
31.0;10.0;7.28;8.81;3.0;15.0;26.0;;11.29;1.04;Medium
25.0;15.0;;8.68;3.0;18.0;9.0;5.0;11.06;0.83;Medium
39.0;1.0;10.69;4.82;2.0;15.0;0.0;3.0;13.31;0.7;High
42.0;11.0;4.17;4.07;4.0;4.0;23.0;9.0;6.63;1.56;Medium
32.0;5.0;12.2;6.19;4.0;11.0;3.0;7.0;15.04;1.48;High
39.0;10.0;12.8;7.64;3.0;5.0;23.0;7.0;15.07;1.39;High
35.0;7.0;12.57;8.89;5.0;1.0;15.0;0.0;16.02;0.75;Low
37.0;11.0;7.75;7.92;1.0;15.0;17.0;8.0;9.0;1.55;Medium
29.0;1.0;8.62;6.9;6.0;10.0;27.0;7.0;12.85;1.92;Medium
42.0;8.0;4.12;4.13;7.0;11.0;11.0;1.0;5.81;1.38;Low
27.0;14.0;7.99;8.13;6.0;10.0;19.0;8.0;11.52;0.82;Medium
37.0;1.0;8.6;4.89;6.0;19.0;14.0;3.0;11.4;1.59;High
40.0;;13.07;4.28;5.0;18.0;17.0;9.0;17.16;1.22;High
20.0;9.0;12.94;8.25;3.0;7.0;4.0;5.0;17.24;1.76;Medium
42.0;1.0;13.66;6.83;6.0;17.0;25.0;1.0;15.48;1.43;High
27.0;11.0;12.85;4.64;;4.0;25.0;9.0;16.56;1.54;High
25.0;7.0;4.08;5.93;1.0;11.0;13.0;3.0;5.84;1.33;Low
24.0;;;4.43;4.0;;23.0;1.0;11.91;0.18;Medium
34.0;0.0;4.68;7.19;3.0;14.0;26.0;8.0;9.4;0.97;Medium
41.0;14.0;6.73;5.41;7.0;4.0;6.0;8.0;8.39;0.11;Medium
34.0;5.0;9.78;8.33;0.0;16.0;10.0;4.0;11.69;0.9;Medium
21.0;11.0;11.01;5.79;6.0;3.0;14.0;2.0;12.53;1.43;Medium
20.0;7.0;10.55;6.47;1.0;11.0;20.0;2.0;13.43;0.84;Medium
42.0;12.0;4.49;4.32;;17.0;10.0;0.0;9.17;0.0;Low
42.0;18.0;5.04;5.38;1.0;7.0;6.0;7.0;7.1;0.74;Low
30.0;0.0;5.29;7.38;4.0;19.0;20.0;2.0;8.46;0.14;Medium
29.0;10.0;4.91;7.68;5.0;16.0;22.0;3.0;7.56;1.56;Low
37.0;19.0;5.78;5.21;2.0;7.0;19.0;1.0;8.12;1.57;Low
37.0;0.0;10.88;6.52;6.0;12.0;19.0;7.0;14.17;1.61;High
36.0;7.0;12.31;8.09;0.0;2.0;25.0;2.0;15.55;0.06;Low
27.0;4.0;8.09;5.9;6.0;2.0;3.0;1.0;10.53;0.06;Medium
34.0;16.0;10.93;4.67;3.0;;26.0;0.0;15.33;1.81;Medium
27.0;7.0;6.0;6.16;7.0;17.0;23.0;9.0;7.21;0.25;Medium
36.0;9.0;13.73;7.0;5.0;6.0;0.0;1.0;15.07;1.34;Medium
31.0;1.0;7.5;4.04;1.0;1.0;25.0;1.0;12.46;1.59;Low
27.0;8.0;12.46;5.74;7.0;6.0;20.0;3.0;16.45;0.9;Medium
44.0;2.0;13.45;7.04;6.0;1.0;27.0;0.0;17.67;1.09;Medium
33.0;17.0;12.65;8.76;4.0;6.0;25.0;0.0;16.06;0.45;Medium
23.0;6.0;4.67;6.04;1.0;13.0;1.0;5.0;7.35;;Low
20.0;14.0;10.5;4.81;5.0;14.0;25.0;4.0;14.02;0.6;High
20.0;19.0;5.2;6.67;3.0;15.0;3.0;0.0;6.57;0.44;Low
38.0;17.0;4.06;5.43;7.0;7.0;;5.0;8.09;1.05;Medium
35.0;2.0;4.52;5.07;0.0;15.0;23.0;7.0;7.68;0.38;Medium
33.0;13.0;13.16;6.95;1.0;6.0;1.0;4.0;17.99;1.37;High
40.0;1.0;13.08;8.58;6.0;10.0;1.0;2.0;16.63;1.03;Medium
35.0;13.0;6.26;8.18;;3.0;17.0;2.0;7.87;0.3;Low
24.0;10.0;9.47;4.91;7.0;17.0;29.0;1.0;12.38;0.13;High
28.0;15.0;13.55;7.83;4.0;12.0;23.0;8.0;14.78;0.27;High
21.0;7.0;8.97;5.15;7.0;16.0;27.0;8.0;12.95;0.27;High
37.0;6.0;7.94;5.45;4.0;11.0;;6.0;10.95;0.63;High
25.0;10.0;8.83;8.6;2.0;17.0;2.0;0.0;11.31;1.67;Low
28.0;2.0;11.9;;4.0;9.0;20.0;0.0;16.77;0.11;Medium
20.0;16.0;8.77;4.84;2.0;6.0;17.0;3.0;13.53;0.26;Medium
28.0;13.0;11.83;4.32;0.0;11.0;21.0;1.0;;0.61;Medium
44.0;5.0;8.32;5.47;3.0;;9.0;2.0;10.2;1.11;Medium
35.0;7.0;6.52;6.91;2.0;12.0;5.0;1.0;10.43;1.53;Low
32.0;4.0;7.26;8.38;1.0;0.0;1.0;0.0;12.04;1.84;Low
28.0;7.0;;4.59;5.0;6.0;19.0;2.0;8.06;0.82;Medium
40.0;1.0;8.97;6.07;6.0;15.0;10.0;6.0;10.83;0.21;Medium
32.0;14.0;5.48;5.36;1.0;15.0;17.0;9.0;9.75;0.43;Medium
28.0;11.0;12.12;4.07;6.0;15.0;13.0;8.0;16.64;0.57;High
30.0;16.0;8.21;7.94;3.0;15.0;25.0;9.0;12.02;1.57;Medium
23.0;0.0;11.65;8.07;7.0;13.0;19.0;8.0;13.82;1.37;High
21.0;14.0;13.54;5.11;4.0;10.0;12.0;7.0;15.3;0.42;High
;13.0;12.49;4.76;5.0;18.0;28.0;5.0;;1.68;High
33.0;19.0;13.51;4.72;1.0;10.0;26.0;0.0;16.44;1.72;High
23.0;15.0;9.68;6.32;5.0;1.0;6.0;7.0;13.36;1.76;Medium
25.0;8.0;5.65;5.23;2.0;6.0;20.0;7.0;7.1;0.55;Low
38.0;0.0;13.35;6.56;3.0;8.0;25.0;8.0;14.89;0.27;High
25.0;16.0;12.69;5.92;1.0;8.0;19.0;9.0;15.14;0.21;High
21.0;12.0;12.64;5.05;4.0;13.0;9.0;5.0;14.68;0.8;High
37.0;4.0;10.93;7.76;5.0;9.0;25.0;2.0;14.41;0.86;Medium
32.0;9.0;10.25;4.75;4.0;15.0;18.0;5.0;12.72;1.74;High
28.0;5.0;4.15;7.99;5.0;17.0;28.0;7.0;7.89;0.54;Medium
42.0;18.0;11.48;6.81;1.0;0.0;28.0;;15.56;1.25;Medium
38.0;12.0;4.92;8.16;3.0;1.0;12.0;7.0;6.67;1.58;Low
32.0;0.0;6.6;4.02;0.0;19.0;21.0;2.0;11.28;0.54;Medium
30.0;19.0;9.51;7.75;1.0;3.0;1.0;7.0;13.66;0.53;Medium
20.0;14.0;8.52;4.26;4.0;1.0;19.0;4.0;12.03;1.34;Medium
43.0;13.0;4.16;8.75;0.0;3.0;11.0;6.0;8.8;1.45;Low
41.0;7.0;12.24;7.51;7.0;5.0;7.0;3.0;14.3;1.92;Medium
26.0;9.0;12.79;5.6;3.0;3.0;17.0;2.0;15.48;1.7;Medium
44.0;8.0;10.82;5.6;4.0;17.0;24.0;5.0;12.16;1.64;
40.0;16.0;9.41;8.31;3.0;4.0;1.0;8.0;12.23;1.38;Medium
34.0;8.0;13.61;8.51;5.0;10.0;15.0;3.0;16.64;0.24;Medium
20.0;2.0;5.2;8.46;1.0;12.0;7.0;8.0;8.66;1.62;Low
31.0;10.0;11.38;8.04;3.0;2.0;15.0;2.0;12.64;1.87;Low
26.0;11.0;5.28;8.1;4.0;18.0;7.0;5.0;6.41;0.78;Medium
34.0;9.0;7.82;6.86;1.0;19.0;22.0;4.0;10.5;0.63;Medium
40.0;16.0;9.85;4.14;6.0;10.0;29.0;8.0;11.61;1.04;High
38.0;16.0;11.37;4.43;4.0;10.0;12.0;5.0;15.41;1.91;High
44.0;10.0;4.04;7.25;4.0;1.0;25.0;1.0;7.71;0.1;Low
20.0;3.0;6.61;6.01;6.0;14.0;5.0;3.0;8.91;1.42;Medium
36.0;6.0;9.38;6.84;6.0;7.0;0.0;4.0;10.56;1.63;Medium
36.0;13.0;9.33;5.16;0.0;1.0;1.0;8.0;11.06;1.58;Medium
22.0;6.0;10.38;7.25;2.0;7.0;6.0;0.0;14.15;1.13;Medium
31.0;7.0;7.04;5.21;3.0;19.0;12.0;8.0;12.0;1.84;
25.0;0.0;9.41;6.3;3.0;14.0;26.0;9.0;11.72;0.27;Medium
30.0;3.0;5.9;6.39;;15.0;3.0;0.0;10.11;0.49;Low
22.0;11.0;5.87;4.89;7.0;12.0;8.0;0.0;10.34;0.61;Medium
27.0;2.0;9.77;8.38;5.0;16.0;18.0;3.0;10.96;0.02;Medium
33.0;12.0;10.85;6.63;7.0;13.0;19.0;5.0;15.51;0.74;
33.0;19.0;5.2;8.33;3.0;13.0;2.0;1.0;8.06;0.32;Medium
29.0;5.0;5.23;5.31;6.0;0.0;22.0;0.0;10.09;1.45;Low
21.0;10.0;9.65;4.86;7.0;0.0;1.0;3.0;12.8;0.83;Medium
33.0;3.0;6.7;4.09;0.0;2.0;15.0;7.0;8.64;1.41;Medium
28.0;19.0;7.92;4.47;3.0;14.0;9.0;5.0;12.82;0.59;Medium
22.0;15.0;8.01;4.74;3.0;4.0;27.0;4.0;9.98;0.26;Medium
40.0;6.0;5.79;4.39;4.0;4.0;11.0;0.0;10.32;0.26;Low
27.0;10.0;4.01;8.48;0.0;3.0;17.0;2.0;5.7;0.41;Low
35.0;0.0;12.53;8.56;6.0;13.0;1.0;6.0;16.23;0.23;High
21.0;6.0;11.15;8.69;5.0;19.0;13.0;9.0;13.8;0.44;High
25.0;;10.91;8.8;3.0;6.0;11.0;2.0;15.8;1.16;Low
40.0;6.0;9.47;6.46;5.0;14.0;19.0;4.0;11.21;0.51;High
44.0;6.0;11.01;;2.0;10.0;23.0;5.0;13.65;0.69;Medium
31.0;9.0;13.36;4.65;0.0;13.0;23.0;8.0;16.92;0.11;High
;15.0;10.66;4.69;0.0;5.0;23.0;2.0;15.57;1.78;Medium
21.0;7.0;6.65;7.86;0.0;9.0;7.0;5.0;8.87;0.28;Medium
35.0;8.0;9.71;8.28;6.0;6.0;22.0;1.0;12.3;0.7;Low
24.0;8.0;8.42;7.92;7.0;9.0;21.0;8.0;11.27;0.76;Medium
34.0;1.0;9.56;8.17;6.0;13.0;27.0;8.0;11.57;1.54;
31.0;12.0;9.18;5.38;4.0;4.0;6.0;6.0;13.45;0.97;Medium
23.0;12.0;12.59;6.33;7.0;0.0;12.0;8.0;13.96;0.77;High
34.0;3.0;10.52;6.3;0.0;18.0;14.0;3.0;14.34;1.39;Medium
30.0;11.0;5.89;8.98;4.0;7.0;13.0;9.0;9.03;1.19;Medium
35.0;16.0;4.63;8.75;6.0;18.0;4.0;0.0;6.6;0.16;Medium
42.0;1.0;8.24;6.99;2.0;16.0;7.0;0.0;11.21;0.63;Low
25.0;12.0;4.16;4.69;1.0;18.0;17.0;1.0;8.48;1.96;Low
33.0;17.0;7.18;5.29;4.0;15.0;4.0;9.0;9.96;0.97;Medium
37.0;14.0;7.68;5.82;3.0;3.0;22.0;2.0;9.17;0.85;Low
31.0;7.0;7.76;8.37;0.0;7.0;8.0;1.0;8.92;0.3;Low
30.0;14.0;13.79;4.85;7.0;3.0;9.0;3.0;17.9;1.68;High
32.0;0.0;7.04;5.1;1.0;12.0;16.0;7.0;9.36;0.27;Medium
40.0;19.0;6.65;5.75;4.0;6.0;26.0;2.0;11.37;0.21;Medium
42.0;9.0;5.29;8.63;7.0;0.0;24.0;3.0;8.76;0.88;Low
30.0;11.0;9.11;6.52;7.0;8.0;2.0;1.0;11.86;0.87;Medium
42.0;4.0;5.54;7.23;5.0;3.0;0.0;0.0;8.8;1.96;Low
35.0;8.0;10.16;5.94;;13.0;6.0;7.0;12.99;0.26;High
34.0;7.0;5.55;4.94;5.0;8.0;14.0;6.0;10.17;0.97;Medium
40.0;15.0;9.77;5.11;3.0;2.0;18.0;9.0;12.6;0.4;High
34.0;13.0;12.26;;1.0;14.0;7.0;1.0;13.68;1.4;Medium
44.0;12.0;4.43;8.47;2.0;4.0;10.0;7.0;7.82;0.78;Low
23.0;12.0;8.2;6.47;4.0;0.0;1.0;9.0;11.69;1.3;Low
30.0;4.0;8.61;5.78;5.0;10.0;;2.0;12.67;0.68;Medium
38.0;15.0;11.91;8.04;5.0;18.0;27.0;6.0;16.64;1.13;High
34.0;10.0;8.68;7.37;4.0;4.0;1.0;0.0;11.45;0.94;Low
23.0;4.0;9.68;4.2;5.0;;10.0;2.0;12.09;0.75;High
40.0;12.0;11.91;5.75;2.0;18.0;19.0;8.0;14.87;1.08;High
32.0;10.0;9.6;7.41;7.0;16.0;27.0;3.0;14.2;0.77;Medium
41.0;18.0;7.58;6.87;5.0;4.0;16.0;0.0;12.5;1.61;Low
38.0;2.0;4.86;8.89;4.0;19.0;28.0;5.0;9.74;0.99;Medium
21.0;14.0;11.3;8.33;0.0;8.0;9.0;0.0;13.22;1.81;Low
33.0;6.0;12.71;4.3;5.0;5.0;4.0;9.0;15.7;0.45;High
23.0;6.0;13.7;7.63;4.0;12.0;2.0;0.0;15.74;0.22;High
35.0;5.0;13.27;5.68;7.0;10.0;8.0;1.0;15.74;0.76;High
40.0;2.0;;7.41;7.0;0.0;19.0;;13.1;0.37;Medium
39.0;12.0;10.43;7.09;0.0;16.0;21.0;1.0;12.07;0.79;Medium
33.0;6.0;11.81;6.52;5.0;5.0;24.0;7.0;14.4;0.41;High
34.0;4.0;8.32;8.26;5.0;2.0;1.0;5.0;10.78;1.74;Low
22.0;17.0;9.95;7.54;4.0;15.0;22.0;0.0;12.07;1.14;Medium
27.0;7.0;7.49;8.45;3.0;12.0;18.0;5.0;9.41;1.0;Medium
35.0;16.0;7.27;5.41;3.0;11.0;16.0;0.0;11.27;1.58;Medium
29.0;19.0;11.57;5.74;1.0;10.0;24.0;8.0;13.75;0.26;High
23.0;0.0;8.54;7.11;3.0;1.0;24.0;2.0;12.37;1.71;Low
37.0;13.0;6.12;8.83;2.0;18.0;11.0;0.0;8.59;0.97;Low
21.0;16.0;6.02;5.86;7.0;7.0;26.0;0.0;10.23;0.27;Low
36.0;9.0;12.59;4.16;1.0;12.0;19.0;1.0;14.26;1.64;High
32.0;11.0;10.78;6.23;7.0;;8.0;5.0;12.41;0.92;High
23.0;15.0;9.46;6.72;3.0;14.0;22.0;0.0;13.18;1.21;Medium
44.0;13.0;8.01;8.0;0.0;16.0;3.0;6.0;12.67;1.79;Medium
30.0;15.0;8.31;7.64;6.0;14.0;27.0;3.0;9.88;1.78;Medium
26.0;7.0;4.57;8.82;4.0;9.0;17.0;6.0;5.86;;Low
31.0;9.0;8.55;7.91;7.0;0.0;15.0;3.0;13.29;0.83;Low
29.0;16.0;11.95;5.49;3.0;11.0;28.0;3.0;13.42;1.5;Medium
26.0;17.0;7.88;7.21;0.0;8.0;20.0;3.0;9.88;0.47;Medium
32.0;19.0;7.84;7.36;6.0;4.0;23.0;9.0;12.56;1.66;Medium
26.0;15.0;4.16;8.99;1.0;14.0;9.0;9.0;8.37;0.68;Medium
43.0;16.0;8.58;4.69;4.0;2.0;25.0;7.0;10.95;0.93;Medium
36.0;15.0;4.25;4.96;7.0;18.0;21.0;1.0;9.07;1.78;Medium
29.0;18.0;9.7;4.78;3.0;;11.0;7.0;12.97;1.61;Medium
29.0;;9.07;6.95;1.0;6.0;29.0;9.0;10.36;1.91;Medium
43.0;5.0;12.4;4.68;7.0;6.0;27.0;0.0;16.21;0.73;
23.0;5.0;9.82;7.28;;1.0;10.0;6.0;12.97;0.3;Medium
39.0;;7.23;8.02;1.0;1.0;4.0;6.0;10.52;1.82;Low
23.0;3.0;9.16;6.16;7.0;;19.0;5.0;14.14;0.99;Medium
41.0;11.0;11.0;6.8;3.0;4.0;10.0;3.0;12.61;1.78;Medium
26.0;11.0;4.94;8.56;6.0;3.0;15.0;4.0;8.57;1.46;Low
41.0;16.0;10.21;6.85;0.0;6.0;14.0;0.0;13.04;1.75;Low
20.0;14.0;13.17;5.04;;15.0;5.0;1.0;15.26;1.31;High
31.0;8.0;6.99;5.72;6.0;2.0;12.0;9.0;10.76;1.62;Medium
43.0;6.0;10.27;6.65;7.0;1.0;;6.0;13.94;0.24;Medium
32.0;9.0;12.21;4.77;0.0;16.0;26.0;1.0;16.64;1.94;High
29.0;15.0;9.12;7.06;4.0;8.0;2.0;7.0;13.64;0.36;Medium
34.0;11.0;11.18;9.0;3.0;19.0;17.0;6.0;14.43;0.05;High
32.0;6.0;7.11;7.26;2.0;7.0;0.0;9.0;9.41;1.06;Medium
42.0;17.0;7.06;5.86;6.0;11.0;24.0;7.0;10.18;1.42;Medium
41.0;14.0;10.68;5.66;2.0;6.0;16.0;3.0;13.12;1.43;Medium
41.0;5.0;11.05;8.66;4.0;13.0;26.0;0.0;13.16;0.68;Medium
40.0;11.0;13.37;8.36;7.0;15.0;19.0;6.0;16.58;1.51;High
41.0;10.0;6.25;6.36;4.0;0.0;5.0;0.0;9.88;1.69;Low
28.0;19.0;8.68;5.77;2.0;9.0;8.0;6.0;12.04;1.22;Medium
28.0;2.0;6.51;7.55;4.0;10.0;3.0;8.0;11.33;0.77;Medium
34.0;1.0;4.8;5.57;4.0;6.0;6.0;4.0;6.99;1.23;Low
29.0;5.0;8.03;4.6;7.0;17.0;22.0;1.0;10.52;1.72;High
43.0;4.0;7.74;5.55;3.0;18.0;28.0;0.0;11.41;1.8;Medium
44.0;17.0;6.7;6.17;0.0;13.0;29.0;7.0;10.1;0.06;Medium
29.0;15.0;6.97;5.28;5.0;16.0;21.0;3.0;7.98;0.24;Medium
27.0;7.0;7.6;5.08;7.0;18.0;24.0;7.0;9.85;0.01;High
43.0;19.0;13.89;4.03;1.0;12.0;10.0;1.0;15.91;0.98;High
35.0;10.0;11.83;7.15;7.0;2.0;25.0;2.0;16.19;0.87;Medium
36.0;9.0;4.71;7.07;2.0;1.0;22.0;2.0;9.17;1.09;Low
24.0;11.0;12.72;4.94;1.0;8.0;2.0;3.0;14.86;1.37;Medium
23.0;5.0;10.33;8.72;2.0;;15.0;8.0;11.74;0.73;Medium
37.0;19.0;12.91;6.05;2.0;13.0;5.0;8.0;14.73;0.42;High
43.0;4.0;7.42;4.13;0.0;4.0;6.0;4.0;9.13;0.79;Low
38.0;8.0;8.65;5.1;6.0;19.0;11.0;6.0;10.6;0.02;High
23.0;15.0;12.96;7.46;6.0;14.0;6.0;8.0;14.9;1.66;High
26.0;13.0;6.73;;2.0;19.0;28.0;0.0;9.65;0.77;Medium
29.0;7.0;13.16;4.27;2.0;0.0;21.0;1.0;15.44;1.25;High
44.0;19.0;12.28;7.09;0.0;19.0;18.0;5.0;15.52;0.65;High
;18.0;13.81;6.59;4.0;6.0;21.0;2.0;16.19;1.23;High
38.0;13.0;7.24;7.81;6.0;4.0;15.0;6.0;11.5;1.08;Medium
23.0;6.0;6.36;7.86;5.0;3.0;17.0;4.0;11.16;0.42;Low
29.0;4.0;7.31;8.8;7.0;10.0;9.0;9.0;9.93;1.25;Medium
20.0;17.0;13.55;4.29;1.0;18.0;28.0;7.0;14.75;0.22;High
42.0;1.0;7.33;4.19;2.0;5.0;0.0;0.0;9.29;0.96;Medium
37.0;10.0;9.65;8.94;0.0;19.0;7.0;8.0;11.06;1.44;Medium
24.0;7.0;8.04;7.22;2.0;17.0;2.0;9.0;10.42;1.1;Medium
34.0;0.0;7.96;7.58;6.0;4.0;29.0;5.0;11.54;1.49;Low
36.0;11.0;5.93;4.48;0.0;19.0;15.0;4.0;;0.55;Medium
22.0;1.0;9.37;4.35;1.0;14.0;23.0;7.0;11.34;0.1;High
31.0;17.0;12.49;4.8;3.0;19.0;2.0;3.0;16.56;0.11;High
21.0;6.0;4.49;6.14;6.0;5.0;1.0;8.0;6.02;0.54;Low
20.0;16.0;12.89;4.55;4.0;3.0;11.0;4.0;14.8;0.82;Medium
42.0;;10.65;6.23;7.0;16.0;7.0;0.0;14.35;1.08;Medium
40.0;6.0;10.17;6.81;7.0;14.0;18.0;7.0;11.96;1.52;High
36.0;;10.26;4.0;3.0;17.0;23.0;8.0;13.98;1.68;High
41.0;5.0;6.96;4.57;0.0;5.0;17.0;4.0;11.87;1.39;Low
35.0;19.0;8.15;5.88;2.0;19.0;19.0;4.0;12.48;0.93;High
24.0;1.0;11.99;4.27;4.0;18.0;24.0;5.0;13.63;0.53;High
34.0;16.0;7.06;4.67;6.0;11.0;14.0;8.0;10.14;0.86;High
22.0;11.0;8.7;5.16;1.0;8.0;16.0;4.0;11.39;0.55;Medium
26.0;11.0;4.2;6.15;7.0;7.0;17.0;1.0;9.17;1.25;Low
30.0;16.0;11.34;7.57;6.0;14.0;17.0;2.0;16.2;1.64;Medium
29.0;9.0;8.18;4.66;5.0;0.0;8.0;9.0;9.69;1.04;Medium
28.0;2.0;9.25;7.69;4.0;1.0;25.0;2.0;13.88;0.09;Low
33.0;19.0;5.15;8.28;7.0;2.0;4.0;8.0;6.92;1.88;Medium
32.0;17.0;;7.26;2.0;18.0;10.0;7.0;16.2;0.59;High
44.0;12.0;7.02;4.22;7.0;9.0;28.0;5.0;9.43;1.83;Medium
44.0;11.0;10.35;6.2;7.0;13.0;3.0;4.0;12.5;1.63;High
21.0;16.0;9.81;7.3;3.0;18.0;25.0;9.0;14.22;0.83;High
22.0;3.0;11.85;8.89;0.0;10.0;9.0;;14.17;0.11;Medium
26.0;9.0;6.94;8.76;3.0;5.0;3.0;8.0;11.21;1.9;Low
40.0;10.0;11.56;5.98;6.0;18.0;22.0;9.0;16.54;1.32;High
37.0;5.0;7.83;7.08;4.0;13.0;2.0;7.0;12.19;0.5;Medium
22.0;5.0;8.11;8.45;5.0;7.0;24.0;4.0;10.49;1.07;Low
29.0;8.0;10.73;8.16;2.0;1.0;15.0;5.0;14.58;1.27;Medium
41.0;14.0;11.84;6.4;0.0;17.0;20.0;8.0;14.98;0.45;High
;1.0;10.67;5.31;2.0;3.0;10.0;0.0;14.82;0.19;Low
28.0;3.0;13.0;4.69;2.0;2.0;8.0;3.0;;0.53;Medium
36.0;4.0;6.85;6.44;5.0;1.0;0.0;4.0;10.4;0.1;Low
30.0;16.0;13.01;7.61;4.0;;9.0;8.0;17.1;0.14;High
26.0;7.0;5.31;8.85;3.0;17.0;11.0;4.0;9.35;0.31;Medium
43.0;7.0;10.6;8.31;;10.0;29.0;4.0;15.45;0.32;Medium
33.0;11.0;9.48;5.02;6.0;8.0;23.0;2.0;10.71;0.5;Medium
38.0;7.0;8.95;7.6;6.0;7.0;1.0;7.0;11.33;1.87;Medium
23.0;18.0;7.11;5.45;2.0;7.0;14.0;6.0;10.02;1.15;Medium
25.0;2.0;9.04;7.42;2.0;4.0;29.0;7.0;11.28;0.85;Medium
29.0;17.0;5.62;7.33;0.0;12.0;23.0;3.0;7.86;1.13;Low
26.0;18.0;7.69;5.36;2.0;6.0;19.0;7.0;9.39;0.01;Medium
32.0;18.0;4.99;5.17;6.0;4.0;15.0;9.0;;1.79;Low
33.0;14.0;9.72;4.52;2.0;12.0;1.0;3.0;14.35;1.06;Medium
23.0;5.0;4.96;4.25;7.0;19.0;12.0;0.0;6.29;0.9;Medium
27.0;15.0;5.6;8.29;7.0;15.0;17.0;3.0;7.22;1.88;Medium
24.0;7.0;4.85;4.25;4.0;13.0;28.0;4.0;6.76;1.46;Medium
20.0;15.0;7.81;4.44;6.0;4.0;21.0;9.0;10.85;0.67;Medium
23.0;17.0;12.42;5.19;2.0;18.0;18.0;7.0;16.58;1.87;High
22.0;19.0;13.07;8.44;5.0;3.0;10.0;9.0;14.36;;High
28.0;15.0;4.72;5.66;7.0;10.0;13.0;5.0;8.27;1.91;Low
27.0;10.0;10.35;4.96;5.0;1.0;29.0;9.0;11.95;0.19;High
20.0;6.0;10.84;7.58;6.0;12.0;25.0;4.0;15.73;1.91;Medium
25.0;16.0;9.34;5.6;2.0;15.0;2.0;2.0;13.94;1.09;Medium
28.0;16.0;10.67;5.67;5.0;8.0;8.0;3.0;15.47;1.34;Medium
26.0;11.0;6.34;;4.0;15.0;;5.0;7.76;0.42;Medium
23.0;12.0;8.9;5.26;0.0;6.0;13.0;5.0;11.85;0.28;Medium
32.0;9.0;7.91;8.48;5.0;15.0;6.0;5.0;9.57;0.16;High
36.0;6.0;4.9;6.81;6.0;12.0;11.0;1.0;8.3;0.84;Medium
21.0;13.0;10.26;6.69;5.0;4.0;20.0;7.0;12.19;0.44;Medium
24.0;0.0;8.95;5.32;3.0;14.0;17.0;7.0;13.03;;High
31.0;16.0;6.75;8.18;4.0;6.0;10.0;5.0;10.33;1.91;Medium
40.0;3.0;8.74;6.86;5.0;17.0;26.0;3.0;12.03;1.47;Medium
27.0;4.0;11.75;4.78;0.0;19.0;23.0;1.0;16.05;1.04;High
25.0;19.0;12.02;5.03;3.0;1.0;8.0;5.0;15.02;1.49;Medium
27.0;6.0;10.5;6.34;6.0;7.0;10.0;5.0;12.58;1.22;Medium
37.0;9.0;8.68;7.9;6.0;9.0;17.0;9.0;12.16;0.36;Medium
22.0;16.0;9.76;8.7;2.0;9.0;1.0;2.0;14.59;1.27;Medium
41.0;6.0;7.85;7.32;4.0;10.0;19.0;1.0;11.25;1.36;Medium
31.0;0.0;5.27;6.53;7.0;7.0;12.0;3.0;8.79;0.47;Low
22.0;6.0;7.86;5.25;5.0;15.0;14.0;7.0;12.6;0.64;High
41.0;10.0;9.3;7.36;2.0;15.0;7.0;4.0;12.36;0.77;Medium
25.0;8.0;9.99;8.91;4.0;16.0;4.0;2.0;14.98;1.21;Medium
;11.0;13.36;6.38;6.0;5.0;4.0;4.0;15.0;0.25;High
42.0;2.0;11.77;4.81;3.0;17.0;6.0;8.0;14.92;1.49;High
31.0;3.0;5.52;4.52;5.0;16.0;11.0;7.0;7.37;0.69;High
21.0;3.0;5.74;5.35;6.0;11.0;19.0;9.0;8.55;1.38;Medium
25.0;12.0;5.0;6.85;7.0;14.0;11.0;6.0;6.68;1.87;Medium
36.0;18.0;11.38;8.73;0.0;6.0;8.0;3.0;13.27;1.74;Low
22.0;9.0;11.06;5.5;7.0;13.0;3.0;1.0;12.9;1.48;Medium
21.0;4.0;13.86;5.53;4.0;3.0;7.0;8.0;16.14;0.39;High
42.0;6.0;9.22;6.41;6.0;16.0;18.0;2.0;10.76;1.46;Medium
39.0;15.0;12.26;8.59;6.0;10.0;21.0;5.0;16.5;1.27;Medium
27.0;0.0;9.76;6.1;7.0;5.0;0.0;6.0;11.64;1.55;Medium
41.0;11.0;12.74;5.12;0.0;9.0;22.0;2.0;15.41;1.74;Medium
31.0;1.0;11.21;4.82;7.0;14.0;10.0;2.0;12.27;0.62;High
23.0;6.0;10.43;6.29;7.0;5.0;22.0;2.0;11.85;1.29;Medium
24.0;10.0;9.65;8.0;2.0;15.0;12.0;2.0;14.24;0.55;Medium
32.0;12.0;11.23;5.46;6.0;11.0;17.0;2.0;15.58;0.69;Medium
34.0;1.0;;6.56;2.0;18.0;20.0;6.0;12.56;1.04;High
44.0;6.0;4.97;7.02;3.0;15.0;19.0;4.0;7.62;0.87;Medium
42.0;14.0;4.4;6.25;3.0;13.0;9.0;3.0;5.97;1.2;Medium
35.0;10.0;8.79;4.96;1.0;5.0;12.0;5.0;10.22;1.52;Medium
29.0;1.0;9.99;8.61;1.0;8.0;24.0;7.0;13.41;1.21;Medium
44.0;6.0;4.79;6.83;3.0;0.0;11.0;1.0;9.1;1.94;Low
42.0;3.0;6.87;7.65;5.0;7.0;12.0;2.0;11.47;1.48;Low
35.0;10.0;7.22;7.18;7.0;6.0;1.0;1.0;9.37;1.97;Medium
31.0;1.0;9.63;8.99;2.0;13.0;2.0;6.0;11.91;1.49;Medium
36.0;15.0;6.78;6.28;0.0;7.0;28.0;1.0;8.18;1.02;Low
;6.0;4.96;6.12;6.0;10.0;16.0;4.0;9.06;0.82;Medium
31.0;12.0;5.65;5.8;7.0;8.0;25.0;9.0;7.75;1.47;Medium
27.0;4.0;5.74;5.81;6.0;18.0;;8.0;8.66;1.37;High
39.0;16.0;12.43;5.38;3.0;6.0;18.0;7.0;17.15;1.34;Medium
22.0;11.0;6.84;8.9;7.0;5.0;11.0;7.0;10.85;1.44;Low
35.0;18.0;11.15;8.35;5.0;17.0;15.0;2.0;12.36;1.74;
32.0;6.0;9.68;5.58;7.0;4.0;19.0;0.0;10.71;0.46;Medium
42.0;5.0;13.77;5.53;0.0;18.0;19.0;1.0;17.92;1.13;High
38.0;7.0;6.73;4.52;1.0;10.0;21.0;6.0;9.94;1.21;Medium
27.0;12.0;5.58;8.39;0.0;4.0;9.0;3.0;9.46;0.59;Low
41.0;4.0;4.52;5.86;3.0;8.0;22.0;9.0;6.15;1.98;Low
24.0;1.0;6.41;6.86;2.0;7.0;22.0;4.0;10.9;1.57;Low
39.0;8.0;10.84;8.5;7.0;10.0;14.0;0.0;14.93;0.64;Medium
27.0;10.0;4.85;6.04;3.0;5.0;29.0;1.0;9.41;0.72;Low
43.0;5.0;6.45;8.03;6.0;14.0;26.0;8.0;8.81;1.44;Medium
31.0;6.0;12.55;6.15;6.0;5.0;7.0;5.0;14.65;0.02;High
20.0;6.0;9.83;7.5;4.0;10.0;18.0;6.0;11.44;0.93;High
44.0;18.0;4.7;6.16;5.0;14.0;4.0;4.0;9.42;0.69;Medium
40.0;5.0;4.48;5.96;5.0;11.0;11.0;8.0;6.19;1.71;Medium
;10.0;4.61;8.95;5.0;8.0;9.0;9.0;6.09;1.58;Low
25.0;10.0;13.42;7.06;4.0;9.0;21.0;4.0;15.19;0.66;High
41.0;6.0;12.5;5.84;4.0;14.0;13.0;5.0;16.59;1.73;High
37.0;1.0;12.45;5.29;2.0;16.0;27.0;9.0;17.01;1.83;High
27.0;18.0;13.24;4.2;5.0;15.0;21.0;8.0;17.48;1.1;High
26.0;3.0;9.05;7.53;3.0;7.0;11.0;4.0;12.3;0.32;Medium
20.0;5.0;6.47;5.86;4.0;16.0;23.0;3.0;11.45;1.54;Medium
40.0;16.0;8.01;8.11;3.0;10.0;12.0;4.0;9.29;0.64;Medium
35.0;4.0;11.19;5.82;1.0;10.0;20.0;4.0;15.66;1.05;High
31.0;6.0;12.76;5.87;5.0;5.0;20.0;4.0;15.47;0.09;High
25.0;8.0;8.35;7.9;4.0;1.0;16.0;0.0;11.17;1.0;Low
39.0;0.0;9.35;6.45;4.0;0.0;0.0;4.0;10.86;0.76;Medium
21.0;0.0;13.32;8.42;2.0;19.0;21.0;4.0;14.45;1.37;
33.0;18.0;5.07;6.95;3.0;5.0;9.0;0.0;7.34;0.08;Low
23.0;5.0;12.62;5.2;2.0;4.0;25.0;3.0;14.32;1.25;Medium
20.0;17.0;5.59;6.84;2.0;8.0;4.0;7.0;8.52;1.54;Low
42.0;9.0;8.84;4.02;3.0;4.0;10.0;3.0;10.43;0.03;Medium
37.0;10.0;6.18;5.56;1.0;17.0;9.0;6.0;;1.5;Medium
32.0;0.0;10.03;5.04;3.0;18.0;5.0;5.0;14.54;0.26;High
21.0;0.0;9.59;7.27;1.0;14.0;14.0;4.0;14.28;1.4;Medium
28.0;12.0;7.8;4.68;2.0;14.0;8.0;8.0;12.66;0.91;High
40.0;4.0;12.63;5.45;1.0;8.0;7.0;7.0;16.35;1.1;High
21.0;19.0;10.6;5.66;5.0;13.0;22.0;4.0;14.68;0.67;High
44.0;0.0;11.21;4.02;1.0;4.0;22.0;;15.55;0.49;High
28.0;19.0;5.51;4.23;7.0;16.0;5.0;6.0;9.15;;Medium
20.0;2.0;12.83;5.56;1.0;14.0;5.0;8.0;15.15;1.73;High
30.0;17.0;5.67;5.11;7.0;19.0;16.0;6.0;7.3;1.22;High
22.0;8.0;6.23;4.58;4.0;16.0;11.0;2.0;8.18;1.97;Medium
39.0;13.0;5.28;4.77;4.0;8.0;6.0;9.0;9.64;1.7;Medium
42.0;16.0;8.4;8.18;6.0;12.0;4.0;4.0;12.18;1.74;Medium
23.0;13.0;12.88;7.42;2.0;12.0;15.0;8.0;15.7;1.2;High
37.0;3.0;6.52;6.42;3.0;4.0;22.0;8.0;7.64;0.16;Medium
42.0;4.0;7.74;8.54;1.0;13.0;5.0;7.0;9.8;1.83;Medium
25.0;16.0;12.46;4.15;5.0;6.0;7.0;5.0;16.38;0.24;High
22.0;1.0;10.18;5.72;4.0;4.0;;6.0;13.23;1.03;Medium
41.0;4.0;11.52;8.12;3.0;11.0;7.0;6.0;14.26;1.71;Medium
30.0;3.0;;7.14;5.0;2.0;28.0;0.0;8.39;0.94;Low
34.0;3.0;11.16;8.91;1.0;8.0;6.0;7.0;14.59;0.33;Medium
41.0;5.0;6.28;8.72;3.0;9.0;;5.0;11.15;0.75;Medium
24.0;19.0;13.87;4.85;6.0;0.0;18.0;6.0;18.47;1.98;High
39.0;12.0;9.6;8.86;7.0;13.0;25.0;;10.72;2.0;High
29.0;4.0;10.96;8.73;7.0;0.0;19.0;9.0;13.88;1.42;Medium
31.0;6.0;5.18;5.87;;9.0;13.0;1.0;7.5;1.78;Low
34.0;19.0;6.51;8.91;0.0;10.0;24.0;6.0;9.55;0.09;Low
36.0;0.0;5.4;4.18;5.0;19.0;27.0;7.0;8.82;0.55;High
29.0;13.0;7.9;7.3;5.0;1.0;5.0;4.0;9.7;0.74;Medium
25.0;3.0;6.84;5.33;;1.0;6.0;0.0;10.97;0.02;Low
37.0;16.0;11.33;4.65;7.0;10.0;29.0;5.0;14.23;0.75;High
32.0;13.0;5.09;6.89;3.0;7.0;4.0;2.0;10.06;0.19;Low
22.0;15.0;11.52;5.53;1.0;2.0;18.0;4.0;12.62;1.03;Medium
43.0;13.0;4.46;7.33;1.0;8.0;20.0;8.0;6.22;0.01;Low
29.0;15.0;6.02;6.7;0.0;15.0;27.0;6.0;9.78;0.54;Medium
33.0;19.0;11.92;5.96;6.0;15.0;6.0;7.0;15.7;1.73;High
25.0;7.0;;4.91;5.0;9.0;8.0;5.0;14.76;;High
22.0;2.0;8.76;7.01;3.0;5.0;11.0;8.0;13.65;0.13;Medium
35.0;18.0;4.5;8.15;6.0;19.0;24.0;2.0;7.16;0.5;Low
26.0;0.0;10.1;7.0;2.0;19.0;14.0;0.0;12.77;1.66;Medium
39.0;1.0;8.07;7.05;4.0;19.0;14.0;9.0;12.71;1.17;High
;14.0;7.17;6.56;6.0;10.0;27.0;3.0;10.32;1.17;Medium
28.0;9.0;10.4;5.94;1.0;7.0;23.0;7.0;12.81;0.0;Medium
34.0;17.0;8.37;6.29;;19.0;20.0;5.0;12.25;0.94;Medium
40.0;13.0;4.92;8.95;7.0;0.0;15.0;6.0;8.4;0.53;Low
22.0;16.0;13.16;7.75;1.0;5.0;22.0;8.0;15.39;0.67;Medium
21.0;12.0;11.78;6.15;1.0;7.0;19.0;1.0;;1.2;Medium
21.0;0.0;4.56;6.29;4.0;13.0;25.0;;7.14;1.75;Medium
22.0;4.0;9.25;6.5;2.0;2.0;14.0;3.0;10.54;0.36;Low
37.0;12.0;4.83;7.3;0.0;1.0;4.0;;9.6;1.54;Low
33.0;;12.37;6.33;2.0;0.0;11.0;7.0;14.1;0.1;High
39.0;2.0;10.13;7.43;4.0;10.0;3.0;1.0;11.91;0.65;Medium
37.0;14.0;5.72;5.65;3.0;5.0;2.0;6.0;9.31;0.44;Low
29.0;18.0;4.21;6.05;0.0;7.0;;7.0;8.11;1.83;Low
44.0;16.0;4.32;8.32;0.0;6.0;26.0;0.0;8.27;0.36;Low
21.0;2.0;9.07;5.64;3.0;5.0;28.0;9.0;11.57;1.16;High
44.0;15.0;11.34;8.82;5.0;17.0;0.0;4.0;15.83;0.33;High
41.0;13.0;5.21;4.86;1.0;11.0;12.0;8.0;8.39;0.95;Medium
20.0;11.0;6.21;5.21;7.0;7.0;4.0;1.0;8.96;0.83;Medium
23.0;11.0;7.27;6.32;7.0;18.0;11.0;5.0;11.51;0.08;High
33.0;10.0;6.18;7.99;4.0;4.0;1.0;1.0;8.15;1.65;Low
20.0;16.0;7.91;7.66;3.0;18.0;5.0;2.0;12.35;1.56;Medium
33.0;7.0;9.6;4.87;7.0;8.0;4.0;5.0;12.76;0.56;Medium
35.0;16.0;10.85;5.18;2.0;11.0;26.0;4.0;15.45;1.23;Medium
41.0;19.0;13.64;6.88;2.0;14.0;17.0;3.0;15.45;0.73;Medium
33.0;10.0;13.31;5.48;5.0;12.0;23.0;6.0;18.05;1.54;High
39.0;1.0;9.7;6.11;3.0;12.0;4.0;2.0;13.45;1.38;Medium
22.0;9.0;11.34;6.43;4.0;4.0;17.0;9.0;14.81;0.18;High
22.0;9.0;13.51;6.97;5.0;1.0;15.0;6.0;16.2;1.69;Medium
28.0;10.0;4.83;5.26;5.0;18.0;16.0;8.0;9.66;0.36;High
25.0;5.0;4.06;4.82;5.0;7.0;1.0;1.0;6.84;0.35;Low
44.0;3.0;4.3;5.99;7.0;13.0;16.0;4.0;7.29;1.47;Medium
32.0;11.0;9.63;4.41;7.0;5.0;9.0;0.0;13.76;0.37;Medium
40.0;10.0;11.63;6.63;0.0;6.0;25.0;6.0;13.77;0.24;Medium
21.0;12.0;7.67;8.2;0.0;13.0;;1.0;9.84;0.67;Medium
27.0;4.0;9.45;4.59;1.0;5.0;13.0;4.0;13.55;1.68;Low
40.0;5.0;9.16;4.56;7.0;15.0;18.0;0.0;10.67;0.35;High
21.0;0.0;4.95;4.4;4.0;3.0;11.0;0.0;9.24;0.68;Low
23.0;5.0;7.22;8.24;2.0;6.0;;3.0;10.72;0.57;Low
44.0;17.0;;4.4;2.0;15.0;0.0;6.0;7.35;0.71;Medium
34.0;8.0;5.11;8.92;1.0;3.0;6.0;6.0;7.03;1.43;Low
23.0;14.0;12.12;5.79;2.0;6.0;25.0;7.0;16.27;0.81;High
32.0;7.0;12.29;5.64;5.0;1.0;6.0;8.0;16.51;1.52;High
31.0;18.0;12.02;4.46;;7.0;12.0;3.0;14.95;1.28;High
32.0;15.0;11.27;6.93;1.0;9.0;8.0;1.0;13.83;0.72;Medium
33.0;5.0;11.93;6.93;1.0;1.0;4.0;9.0;13.91;0.86;Medium
39.0;5.0;10.71;6.47;3.0;5.0;3.0;9.0;14.73;1.41;Medium
37.0;2.0;10.7;5.56;0.0;3.0;4.0;2.0;14.26;1.07;Low
25.0;9.0;10.67;5.84;4.0;0.0;23.0;8.0;12.5;1.74;Medium
30.0;0.0;9.14;5.6;4.0;5.0;23.0;7.0;13.32;1.87;Medium
21.0;13.0;7.63;6.13;0.0;11.0;27.0;5.0;12.16;1.44;Low
42.0;3.0;11.3;5.71;5.0;13.0;19.0;2.0;12.54;1.98;Medium
38.0;11.0;6.99;7.38;4.0;14.0;11.0;9.0;11.08;1.19;High
38.0;5.0;9.43;5.48;2.0;17.0;7.0;;13.84;0.08;High
24.0;10.0;8.33;5.75;2.0;16.0;12.0;1.0;13.3;1.01;Medium
38.0;11.0;6.77;6.18;4.0;8.0;3.0;3.0;8.72;0.46;Medium
21.0;9.0;13.75;4.02;6.0;14.0;19.0;3.0;16.23;0.67;High
29.0;17.0;6.59;6.46;6.0;17.0;10.0;8.0;11.45;0.98;High
44.0;6.0;7.09;;7.0;17.0;14.0;7.0;8.47;0.59;High
21.0;6.0;;4.28;3.0;4.0;23.0;6.0;8.71;0.62;Medium
30.0;10.0;12.23;8.56;4.0;15.0;13.0;3.0;15.26;0.8;Medium
37.0;3.0;9.87;5.61;1.0;8.0;17.0;6.0;13.3;0.57;Medium
;19.0;10.13;6.13;5.0;2.0;19.0;0.0;12.45;0.34;Low
34.0;0.0;12.21;8.14;7.0;11.0;0.0;7.0;16.91;1.53;Medium
28.0;12.0;7.43;4.83;7.0;13.0;0.0;7.0;9.51;0.79;Medium
42.0;17.0;5.94;8.25;1.0;0.0;10.0;8.0;9.54;1.66;Low
38.0;8.0;5.98;5.21;0.0;8.0;28.0;8.0;8.96;1.77;Medium
28.0;8.0;11.33;;5.0;8.0;28.0;0.0;13.4;1.5;Medium
22.0;8.0;10.14;7.43;5.0;19.0;28.0;9.0;11.9;0.79;High
40.0;9.0;6.06;8.53;2.0;12.0;23.0;6.0;10.89;1.44;Low
28.0;1.0;5.45;7.04;5.0;7.0;19.0;0.0;8.7;0.31;Low
33.0;5.0;5.21;6.27;3.0;10.0;29.0;5.0;8.63;1.32;
38.0;14.0;10.28;6.86;4.0;13.0;5.0;4.0;14.41;0.81;High
26.0;2.0;4.0;5.01;1.0;15.0;4.0;1.0;5.32;1.31;Low
35.0;10.0;4.18;7.45;2.0;10.0;12.0;2.0;8.04;1.51;Low
35.0;5.0;7.9;4.93;7.0;18.0;9.0;7.0;9.56;1.13;High
20.0;2.0;10.91;6.79;7.0;9.0;5.0;1.0;14.87;1.28;Medium
23.0;10.0;10.95;;6.0;7.0;3.0;3.0;12.52;0.43;Medium
23.0;14.0;8.3;8.49;7.0;10.0;3.0;2.0;12.63;1.19;Medium
26.0;12.0;10.91;6.25;2.0;7.0;6.0;6.0;14.63;0.92;Medium
27.0;19.0;9.21;7.88;3.0;19.0;15.0;7.0;11.75;0.86;Medium
36.0;9.0;13.77;4.84;3.0;9.0;0.0;3.0;16.21;0.82;High
24.0;5.0;5.62;4.78;3.0;16.0;8.0;5.0;7.22;0.62;Medium
26.0;14.0;10.01;6.62;3.0;10.0;25.0;2.0;14.63;0.61;Medium
39.0;17.0;8.91;6.98;6.0;11.0;18.0;6.0;10.38;1.4;Medium
39.0;17.0;5.94;7.16;1.0;9.0;;7.0;8.83;1.12;Low
23.0;6.0;11.5;7.73;3.0;19.0;14.0;6.0;13.45;0.06;
25.0;14.0;6.76;5.47;2.0;16.0;8.0;3.0;;0.1;Medium
26.0;17.0;7.82;7.11;2.0;2.0;20.0;9.0;11.16;1.14;Low
37.0;17.0;7.75;4.94;6.0;6.0;27.0;8.0;9.35;1.69;Medium
24.0;19.0;6.44;;5.0;2.0;19.0;9.0;10.11;0.09;Medium
39.0;8.0;8.31;4.34;4.0;16.0;27.0;7.0;13.28;1.01;High
22.0;1.0;8.73;7.74;2.0;;21.0;5.0;12.15;1.7;Medium
26.0;7.0;11.44;6.53;2.0;18.0;0.0;1.0;14.27;0.01;High
;19.0;11.65;5.19;;13.0;25.0;9.0;13.82;0.55;High
33.0;1.0;5.59;6.78;1.0;4.0;0.0;6.0;6.96;;Low
26.0;10.0;9.93;5.77;7.0;18.0;15.0;8.0;11.84;0.16;High
24.0;6.0;12.96;8.19;5.0;12.0;4.0;8.0;16.17;1.21;High
41.0;5.0;5.09;6.64;2.0;17.0;20.0;8.0;9.11;1.01;Medium
24.0;9.0;8.73;4.15;0.0;;26.0;8.0;13.24;0.3;Medium
42.0;4.0;11.5;8.93;2.0;11.0;8.0;5.0;15.67;0.08;High
21.0;10.0;10.11;4.37;7.0;7.0;0.0;0.0;11.61;1.01;Medium
40.0;0.0;5.01;7.48;4.0;11.0;18.0;5.0;9.1;;Medium
41.0;1.0;7.97;6.19;4.0;0.0;15.0;4.0;11.3;0.35;Low
25.0;0.0;9.07;5.25;5.0;17.0;2.0;6.0;11.95;1.38;Medium
34.0;18.0;13.96;7.38;5.0;1.0;3.0;7.0;17.25;1.09;Medium
40.0;1.0;5.79;4.63;3.0;11.0;11.0;0.0;6.82;0.72;Low
29.0;19.0;13.82;8.29;1.0;18.0;28.0;9.0;15.09;1.33;High
42.0;3.0;7.76;5.25;7.0;6.0;6.0;3.0;10.86;0.38;Medium
43.0;11.0;6.0;5.81;4.0;6.0;14.0;3.0;7.69;0.91;Medium
26.0;19.0;8.14;7.16;0.0;0.0;22.0;0.0;11.32;1.1;
24.0;17.0;10.14;4.01;0.0;17.0;14.0;3.0;12.56;0.92;High
20.0;0.0;6.13;6.36;3.0;7.0;25.0;;10.76;0.8;Low
32.0;;6.91;8.47;1.0;9.0;4.0;5.0;11.71;1.48;Low
40.0;13.0;12.55;7.4;1.0;0.0;29.0;3.0;17.47;1.31;
37.0;3.0;13.99;5.94;5.0;14.0;24.0;1.0;18.59;1.28;High
32.0;4.0;7.18;7.3;2.0;14.0;22.0;6.0;12.12;1.78;Medium
40.0;10.0;5.49;8.68;0.0;3.0;1.0;7.0;9.31;1.99;Low
40.0;12.0;11.93;4.94;0.0;9.0;11.0;8.0;16.77;1.13;Medium
37.0;15.0;10.0;6.66;6.0;7.0;18.0;8.0;13.57;0.7;High
24.0;12.0;5.0;5.17;0.0;13.0;26.0;3.0;9.24;1.56;Low
32.0;1.0;13.47;8.27;0.0;12.0;22.0;2.0;15.0;0.28;Medium
23.0;15.0;4.78;7.61;6.0;16.0;4.0;4.0;8.51;1.03;Low
36.0;5.0;10.25;8.01;4.0;6.0;22.0;5.0;14.97;1.05;Medium
22.0;13.0;8.24;8.72;1.0;5.0;24.0;7.0;11.4;1.97;Low
36.0;0.0;9.57;5.16;2.0;8.0;24.0;2.0;11.32;1.98;Medium
30.0;16.0;6.13;4.24;4.0;19.0;2.0;5.0;9.24;1.6;Medium
40.0;10.0;10.88;5.45;1.0;19.0;23.0;4.0;14.71;0.95;High
39.0;18.0;13.6;6.0;3.0;7.0;28.0;6.0;17.68;1.09;Medium
42.0;2.0;8.58;7.13;0.0;13.0;5.0;8.0;11.67;0.64;Medium
40.0;10.0;9.23;7.99;2.0;19.0;12.0;6.0;11.1;1.66;High
23.0;4.0;6.4;5.75;1.0;2.0;19.0;5.0;11.11;1.49;Low
21.0;16.0;12.92;6.37;7.0;12.0;14.0;8.0;17.01;1.54;High
39.0;6.0;13.71;7.93;3.0;8.0;3.0;9.0;15.79;0.28;
35.0;9.0;11.86;5.13;0.0;8.0;19.0;3.0;16.11;0.8;Medium
37.0;10.0;9.43;5.09;3.0;10.0;6.0;0.0;11.82;1.07;Medium
;2.0;13.57;6.95;;5.0;21.0;7.0;15.82;0.25;High
22.0;19.0;5.54;6.18;3.0;11.0;17.0;5.0;9.99;0.74;Medium
28.0;9.0;8.78;8.74;4.0;3.0;20.0;;13.27;0.17;Low
39.0;9.0;9.38;5.79;3.0;3.0;20.0;4.0;11.97;1.92;Low
25.0;13.0;8.92;7.8;4.0;16.0;21.0;9.0;9.96;1.5;Medium
29.0;11.0;12.02;6.92;7.0;6.0;6.0;2.0;13.77;1.24;Medium
40.0;14.0;10.7;4.27;5.0;5.0;11.0;5.0;15.34;0.41;Medium
29.0;9.0;5.27;4.42;4.0;19.0;10.0;0.0;9.86;0.67;Low
32.0;9.0;7.46;5.02;6.0;7.0;23.0;6.0;10.27;0.29;Medium
36.0;18.0;7.39;4.72;6.0;6.0;11.0;5.0;9.61;1.07;Medium
28.0;0.0;9.66;5.65;3.0;7.0;25.0;4.0;11.87;1.64;Medium
36.0;9.0;6.91;6.89;1.0;8.0;29.0;2.0;11.5;0.04;Medium
43.0;1.0;5.17;7.01;3.0;0.0;14.0;7.0;7.47;0.21;Low
28.0;16.0;10.54;6.94;3.0;2.0;7.0;3.0;13.59;0.46;Medium
28.0;6.0;12.51;4.59;1.0;17.0;10.0;8.0;16.43;1.43;High
20.0;6.0;13.32;7.0;0.0;18.0;20.0;8.0;15.16;1.79;High
21.0;19.0;13.73;6.05;2.0;10.0;17.0;4.0;15.75;1.51;Medium
35.0;8.0;11.81;8.52;5.0;15.0;9.0;6.0;14.24;1.05;High
20.0;1.0;5.4;8.56;7.0;17.0;;5.0;9.02;0.21;Medium
29.0;13.0;12.53;7.84;0.0;5.0;5.0;5.0;16.8;1.51;
37.0;16.0;8.0;7.52;3.0;1.0;2.0;3.0;11.19;0.21;Low
27.0;0.0;11.3;4.57;0.0;3.0;19.0;9.0;12.83;0.7;High
40.0;8.0;9.31;4.42;2.0;4.0;11.0;7.0;12.09;0.62;Medium
30.0;19.0;12.29;;6.0;13.0;16.0;9.0;13.8;0.72;High
42.0;18.0;8.26;6.14;0.0;0.0;2.0;2.0;9.61;0.66;Low
21.0;3.0;4.62;6.26;2.0;13.0;19.0;4.0;7.98;1.54;Low
27.0;7.0;9.57;8.24;7.0;12.0;17.0;0.0;14.39;0.34;Medium
41.0;12.0;5.71;7.11;0.0;15.0;29.0;0.0;10.06;1.69;
27.0;3.0;13.66;4.9;7.0;3.0;11.0;8.0;17.76;1.72;High
36.0;8.0;9.27;5.06;4.0;5.0;21.0;3.0;13.18;0.98;Low
34.0;8.0;9.54;4.03;3.0;8.0;;8.0;14.13;0.21;High
36.0;17.0;13.07;7.55;2.0;0.0;15.0;6.0;17.08;1.15;Medium
42.0;11.0;10.25;6.43;5.0;16.0;27.0;9.0;13.76;1.64;High
43.0;9.0;7.03;8.75;3.0;3.0;21.0;7.0;9.49;0.58;Low
32.0;10.0;6.96;7.57;4.0;5.0;9.0;8.0;8.36;1.68;Low
;6.0;9.02;4.52;6.0;15.0;18.0;0.0;11.86;1.35;Medium
24.0;8.0;12.67;4.81;0.0;6.0;8.0;6.0;17.37;1.97;High
31.0;5.0;11.95;6.51;3.0;4.0;;7.0;15.28;1.65;High
20.0;18.0;13.63;8.62;0.0;8.0;19.0;1.0;15.37;0.4;Medium
42.0;15.0;4.72;;0.0;18.0;13.0;9.0;8.32;0.9;Medium
24.0;14.0;6.68;8.13;3.0;0.0;21.0;8.0;9.54;0.21;Low
27.0;6.0;4.8;5.56;2.0;7.0;3.0;0.0;9.53;0.14;Low
32.0;15.0;11.51;5.35;2.0;19.0;14.0;2.0;13.15;1.41;High
27.0;4.0;5.41;8.51;3.0;3.0;19.0;8.0;9.26;1.83;Low
44.0;15.0;5.0;4.24;2.0;16.0;26.0;0.0;8.73;1.95;Low
42.0;0.0;9.62;7.3;1.0;0.0;1.0;3.0;14.55;0.54;Low
30.0;18.0;8.11;4.22;;1.0;25.0;9.0;11.37;0.4;Low
20.0;4.0;11.15;8.0;3.0;13.0;17.0;5.0;15.64;1.12;Medium
32.0;6.0;8.87;8.15;5.0;1.0;1.0;5.0;9.97;0.4;Low
38.0;18.0;8.25;8.47;4.0;0.0;17.0;3.0;9.74;0.59;Low
43.0;4.0;8.26;4.93;7.0;12.0;7.0;9.0;10.64;1.67;High
22.0;16.0;12.72;4.62;6.0;7.0;9.0;9.0;16.2;1.62;High
43.0;7.0;7.95;6.52;3.0;;19.0;9.0;10.75;1.79;Medium
36.0;0.0;7.33;5.36;3.0;19.0;3.0;9.0;9.14;0.96;High
24.0;1.0;7.39;7.03;0.0;1.0;9.0;0.0;10.75;1.13;Low
39.0;14.0;5.97;6.57;4.0;16.0;9.0;4.0;9.24;1.54;Medium
40.0;19.0;12.61;4.72;0.0;5.0;26.0;4.0;;0.48;Medium
27.0;17.0;5.47;7.7;5.0;2.0;29.0;2.0;6.83;1.65;Low
33.0;10.0;13.09;8.02;6.0;19.0;2.0;2.0;;0.04;High
23.0;9.0;6.83;8.82;7.0;16.0;20.0;3.0;10.2;1.6;Medium
30.0;3.0;12.99;5.98;7.0;5.0;3.0;2.0;15.05;1.55;High
39.0;4.0;11.91;5.69;2.0;7.0;22.0;2.0;15.66;0.6;Medium
34.0;3.0;9.82;4.96;3.0;13.0;9.0;2.0;12.09;1.46;Medium
38.0;12.0;10.69;4.9;0.0;9.0;6.0;6.0;13.71;0.43;Medium
26.0;12.0;7.26;5.61;7.0;19.0;21.0;8.0;9.62;1.15;High
38.0;17.0;9.74;8.91;6.0;9.0;22.0;0.0;14.26;1.4;Low
38.0;1.0;6.92;4.46;5.0;14.0;11.0;;11.9;1.43;Medium
30.0;15.0;8.02;5.3;5.0;7.0;6.0;9.0;;1.97;Medium
24.0;0.0;11.65;4.43;6.0;10.0;12.0;0.0;12.74;0.36;Medium
24.0;18.0;6.44;5.37;7.0;15.0;7.0;8.0;8.32;0.96;High
41.0;8.0;12.39;4.46;7.0;2.0;26.0;7.0;15.75;1.76;Medium
27.0;2.0;7.76;6.54;;14.0;12.0;5.0;;1.12;Medium
29.0;6.0;9.32;6.19;3.0;12.0;0.0;5.0;13.57;1.75;Medium
25.0;9.0;13.42;4.87;5.0;10.0;15.0;9.0;16.05;0.87;High
34.0;0.0;10.81;4.87;6.0;13.0;18.0;6.0;14.25;1.59;High
35.0;9.0;10.46;7.13;2.0;6.0;27.0;7.0;13.28;1.74;Low
36.0;8.0;11.12;5.94;7.0;18.0;18.0;6.0;15.73;1.69;High
27.0;14.0;13.18;4.28;0.0;14.0;20.0;0.0;14.32;1.74;High
27.0;14.0;6.49;8.6;0.0;5.0;25.0;9.0;10.41;0.44;Low
44.0;2.0;10.13;6.02;1.0;19.0;29.0;3.0;13.74;0.88;Medium
28.0;4.0;8.0;6.96;2.0;6.0;12.0;3.0;11.6;0.35;Low
21.0;8.0;4.12;8.43;5.0;13.0;28.0;8.0;6.78;0.36;Medium
34.0;8.0;5.25;6.01;6.0;3.0;6.0;8.0;6.31;0.98;Low
37.0;6.0;7.25;8.1;1.0;8.0;14.0;2.0;;1.92;Low
22.0;11.0;9.65;8.57;5.0;6.0;25.0;8.0;13.97;1.18;Medium
36.0;8.0;12.81;4.87;5.0;14.0;5.0;4.0;14.15;1.71;High
23.0;5.0;11.91;8.46;3.0;2.0;3.0;5.0;14.68;1.87;Low
23.0;1.0;9.53;4.6;4.0;4.0;21.0;6.0;11.18;0.17;Medium
33.0;8.0;4.74;5.38;6.0;16.0;22.0;2.0;8.18;0.32;Medium
28.0;16.0;6.86;8.04;5.0;0.0;19.0;3.0;11.0;0.58;Low
28.0;0.0;7.67;8.5;0.0;0.0;10.0;4.0;11.34;1.23;Low
44.0;18.0;10.22;7.42;5.0;15.0;23.0;0.0;12.49;0.12;Medium
42.0;5.0;4.65;4.52;1.0;13.0;20.0;7.0;6.21;1.57;Medium
37.0;4.0;9.3;6.61;6.0;10.0;18.0;6.0;13.48;0.13;High
29.0;1.0;13.01;6.86;7.0;13.0;1.0;1.0;15.31;0.32;High
40.0;8.0;11.05;5.41;5.0;7.0;16.0;6.0;12.14;0.76;High
23.0;13.0;11.97;8.96;6.0;18.0;14.0;8.0;15.26;1.12;High
31.0;3.0;10.82;5.68;7.0;1.0;19.0;4.0;12.81;1.76;Medium
27.0;3.0;6.07;5.05;7.0;9.0;17.0;5.0;10.43;1.93;Medium
21.0;14.0;5.1;4.55;0.0;4.0;11.0;4.0;6.67;1.77;Low
41.0;7.0;12.29;5.89;0.0;14.0;2.0;0.0;15.03;0.21;High
;3.0;10.96;7.46;1.0;0.0;16.0;5.0;12.97;1.26;Medium
40.0;15.0;9.75;5.16;0.0;1.0;13.0;6.0;13.51;0.88;Medium
35.0;3.0;5.89;7.85;2.0;18.0;28.0;4.0;9.08;0.25;Medium
21.0;15.0;10.03;;2.0;16.0;5.0;2.0;14.19;1.11;Medium
30.0;11.0;4.31;6.2;4.0;14.0;3.0;5.0;7.14;0.71;Medium
29.0;15.0;5.19;7.51;6.0;17.0;20.0;6.0;6.21;0.69;Medium
34.0;18.0;7.12;4.68;2.0;7.0;7.0;9.0;8.98;0.19;Medium
36.0;7.0;8.44;6.99;1.0;;26.0;9.0;13.44;1.96;Medium
27.0;5.0;5.21;;5.0;7.0;19.0;8.0;7.83;1.45;Low
37.0;9.0;5.2;6.98;2.0;7.0;21.0;6.0;8.68;0.56;
42.0;4.0;11.26;6.56;4.0;18.0;2.0;2.0;15.88;1.83;High
28.0;17.0;9.7;8.19;6.0;12.0;7.0;0.0;10.78;1.9;Medium
44.0;9.0;9.34;8.93;3.0;4.0;12.0;6.0;12.98;1.62;Medium
27.0;9.0;8.52;4.91;3.0;9.0;18.0;7.0;10.67;1.32;Medium
33.0;6.0;13.77;7.46;7.0;6.0;14.0;0.0;15.89;0.75;Medium
44.0;17.0;4.5;4.4;1.0;8.0;22.0;4.0;6.4;0.87;Medium
37.0;0.0;5.81;4.21;4.0;13.0;6.0;7.0;10.1;0.91;Medium
41.0;6.0;10.48;5.4;2.0;5.0;2.0;9.0;12.97;1.9;High
;0.0;5.36;8.85;4.0;9.0;18.0;6.0;6.63;1.52;Low
39.0;14.0;9.89;6.76;0.0;0.0;25.0;1.0;11.28;0.58;Low
40.0;3.0;9.68;5.34;4.0;10.0;9.0;3.0;11.27;1.25;Medium
31.0;19.0;13.71;4.66;7.0;7.0;27.0;5.0;18.31;1.19;High
38.0;9.0;12.83;8.6;2.0;5.0;26.0;6.0;15.54;1.62;Medium
33.0;8.0;13.46;5.81;1.0;16.0;15.0;6.0;18.12;0.19;High
36.0;1.0;5.14;5.53;0.0;3.0;13.0;2.0;9.41;1.4;Low
43.0;13.0;12.68;8.29;4.0;5.0;7.0;7.0;17.03;0.66;Medium
40.0;15.0;5.29;7.02;3.0;14.0;10.0;6.0;7.44;0.26;Medium
22.0;0.0;10.33;4.84;7.0;9.0;18.0;3.0;12.42;1.46;Medium
42.0;1.0;11.2;6.11;2.0;16.0;1.0;9.0;14.44;0.66;High
26.0;;5.61;8.64;1.0;9.0;4.0;3.0;8.28;1.46;Low
36.0;9.0;10.33;8.51;5.0;4.0;10.0;3.0;13.37;0.32;Medium
31.0;19.0;4.52;4.35;7.0;18.0;6.0;4.0;5.73;1.97;Medium
28.0;0.0;6.93;5.34;2.0;6.0;7.0;1.0;11.82;1.61;Medium
34.0;12.0;13.21;4.77;4.0;18.0;16.0;8.0;14.44;0.58;High
37.0;0.0;5.72;6.67;6.0;9.0;11.0;5.0;7.44;1.48;Medium
40.0;4.0;4.65;7.75;1.0;18.0;17.0;7.0;8.36;;Medium
32.0;15.0;8.44;5.48;3.0;10.0;28.0;0.0;10.06;1.31;Medium
40.0;14.0;12.51;7.79;0.0;2.0;6.0;5.0;13.94;0.12;Medium
27.0;16.0;4.77;7.34;4.0;10.0;8.0;5.0;6.38;0.67;Low
33.0;15.0;7.56;7.64;1.0;5.0;18.0;7.0;8.81;1.96;Low
27.0;12.0;13.0;8.74;0.0;;13.0;;15.01;0.24;Low
33.0;10.0;5.18;6.12;6.0;14.0;23.0;4.0;7.26;1.19;Medium
26.0;16.0;7.11;5.71;1.0;2.0;29.0;2.0;10.1;0.14;Medium
42.0;16.0;11.78;7.42;5.0;10.0;25.0;5.0;14.53;1.34;Medium
31.0;1.0;9.43;8.04;4.0;7.0;18.0;8.0;12.32;0.56;Medium
30.0;12.0;12.32;4.96;1.0;7.0;19.0;9.0;15.78;0.62;High
41.0;13.0;5.12;8.23;3.0;15.0;17.0;2.0;7.04;0.68;Medium
41.0;10.0;13.21;4.29;6.0;2.0;24.0;8.0;14.75;0.41;High
30.0;9.0;13.35;4.03;1.0;;29.0;8.0;17.87;1.88;Medium
44.0;2.0;5.55;4.79;7.0;7.0;14.0;0.0;9.09;1.81;Low
41.0;16.0;4.34;8.89;4.0;12.0;20.0;1.0;5.58;1.74;Low
32.0;;13.9;6.62;1.0;0.0;20.0;3.0;18.74;0.21;Medium
37.0;8.0;8.82;4.23;7.0;9.0;3.0;6.0;12.59;0.47;High
21.0;9.0;9.72;8.99;0.0;4.0;12.0;1.0;11.33;1.22;Low
40.0;7.0;10.16;7.72;7.0;4.0;4.0;6.0;15.04;1.94;Medium
34.0;12.0;11.9;8.19;0.0;16.0;11.0;4.0;14.36;1.21;High
39.0;;12.12;5.06;6.0;13.0;29.0;9.0;17.06;0.65;High
37.0;4.0;5.94;4.53;5.0;5.0;16.0;6.0;7.35;1.63;Medium
34.0;5.0;6.37;6.58;2.0;13.0;9.0;8.0;8.01;;Medium
38.0;16.0;12.77;7.86;6.0;11.0;29.0;8.0;16.4;1.76;High
42.0;10.0;12.2;7.19;5.0;19.0;25.0;2.0;13.29;1.95;Medium
43.0;19.0;10.18;7.16;6.0;0.0;11.0;2.0;11.25;1.94;Medium
31.0;15.0;13.95;7.79;2.0;4.0;5.0;6.0;18.12;0.3;High
32.0;8.0;11.35;5.14;3.0;17.0;26.0;4.0;13.02;1.1;High
41.0;1.0;6.16;7.31;0.0;13.0;19.0;4.0;10.84;1.17;Medium
30.0;4.0;;5.96;2.0;6.0;27.0;4.0;15.17;0.39;High
24.0;0.0;8.15;4.35;1.0;14.0;19.0;8.0;12.64;1.09;Medium
20.0;3.0;4.36;5.01;3.0;8.0;11.0;3.0;7.03;1.29;Low
43.0;;7.21;7.97;4.0;14.0;12.0;5.0;10.33;0.66;Medium
22.0;2.0;11.64;8.48;2.0;15.0;20.0;5.0;13.91;0.63;High
41.0;8.0;13.6;5.41;6.0;8.0;29.0;6.0;17.23;0.12;High
38.0;11.0;6.76;4.95;5.0;;16.0;1.0;9.03;1.91;Low
42.0;9.0;6.47;4.13;2.0;6.0;19.0;5.0;8.36;1.61;Low
26.0;1.0;9.64;8.74;5.0;16.0;9.0;8.0;10.96;1.52;Medium
31.0;10.0;12.12;7.42;6.0;10.0;18.0;2.0;13.35;0.04;Medium
34.0;9.0;11.47;8.79;6.0;5.0;4.0;1.0;13.69;1.25;Medium
44.0;5.0;9.6;8.32;5.0;13.0;25.0;7.0;13.55;0.36;
24.0;17.0;10.31;5.7;;14.0;4.0;0.0;12.13;1.32;Medium
34.0;1.0;6.42;4.56;3.0;7.0;7.0;7.0;8.62;1.24;Medium
27.0;1.0;8.33;6.5;5.0;3.0;29.0;4.0;12.95;1.7;Medium
29.0;9.0;6.55;4.13;0.0;0.0;16.0;8.0;10.11;0.51;Medium
35.0;15.0;12.84;4.75;0.0;5.0;2.0;8.0;17.52;0.05;High
27.0;11.0;5.13;5.17;5.0;0.0;20.0;3.0;9.77;1.83;Low
20.0;0.0;10.8;7.33;3.0;4.0;15.0;0.0;12.05;1.82;Low
31.0;7.0;6.6;6.55;1.0;18.0;26.0;4.0;11.42;0.91;Medium
24.0;15.0;8.76;5.51;6.0;4.0;18.0;6.0;9.96;0.16;Medium
22.0;17.0;6.99;6.82;2.0;4.0;5.0;8.0;11.69;1.0;Medium
20.0;12.0;7.23;4.63;0.0;16.0;9.0;9.0;10.42;1.05;High
23.0;14.0;6.6;7.78;2.0;11.0;15.0;8.0;9.73;1.64;Low
27.0;11.0;11.53;7.56;3.0;6.0;12.0;8.0;15.38;1.43;Medium
22.0;7.0;7.66;5.08;1.0;14.0;2.0;5.0;12.18;0.14;Medium
29.0;9.0;11.26;7.03;7.0;18.0;21.0;1.0;14.73;1.41;High
21.0;13.0;8.56;6.52;4.0;12.0;7.0;4.0;11.26;0.27;Medium
30.0;4.0;9.47;4.3;6.0;11.0;19.0;2.0;10.92;0.18;Medium
44.0;17.0;9.43;5.39;6.0;18.0;7.0;5.0;13.59;0.8;High
29.0;18.0;13.76;9.0;1.0;12.0;6.0;4.0;15.27;;Medium
40.0;14.0;7.67;4.5;7.0;5.0;26.0;9.0;11.58;1.66;High
33.0;5.0;6.08;;3.0;0.0;10.0;0.0;9.19;0.93;Low
26.0;10.0;13.12;8.25;1.0;5.0;28.0;9.0;15.66;1.17;Medium
21.0;10.0;5.75;5.5;6.0;12.0;19.0;9.0;9.2;1.15;Medium
28.0;19.0;12.34;5.3;4.0;12.0;2.0;1.0;16.43;1.96;Medium
35.0;19.0;;8.45;0.0;12.0;20.0;4.0;10.26;1.83;Low
32.0;17.0;10.59;5.52;1.0;19.0;20.0;5.0;12.65;1.7;High
28.0;17.0;5.51;7.26;5.0;3.0;29.0;0.0;10.3;0.77;Low
39.0;9.0;13.23;7.7;5.0;4.0;6.0;6.0;18.07;0.29;Medium
23.0;1.0;9.65;7.94;3.0;;10.0;2.0;13.9;1.18;Low
41.0;8.0;7.29;8.97;6.0;8.0;16.0;0.0;11.82;0.88;Low
29.0;13.0;5.4;8.02;6.0;16.0;24.0;6.0;9.17;0.45;Medium
41.0;18.0;7.71;7.29;1.0;2.0;17.0;6.0;8.87;0.2;Medium
31.0;9.0;11.05;8.48;4.0;19.0;24.0;9.0;14.35;0.87;High
36.0;3.0;7.85;8.53;3.0;17.0;8.0;2.0;11.84;1.3;Medium
33.0;5.0;6.46;8.87;1.0;14.0;12.0;5.0;11.23;1.25;Medium
33.0;13.0;9.77;7.88;3.0;0.0;28.0;3.0;13.05;1.55;Low
44.0;3.0;8.18;4.97;5.0;8.0;29.0;3.0;12.36;0.93;
21.0;14.0;5.66;7.55;7.0;5.0;14.0;8.0;9.48;0.64;Low
40.0;15.0;5.54;4.38;4.0;17.0;18.0;6.0;7.66;1.08;Medium
44.0;6.0;11.07;5.59;0.0;0.0;14.0;5.0;12.69;1.95;Medium
;16.0;13.75;4.58;4.0;6.0;6.0;8.0;17.75;0.09;High
30.0;18.0;6.33;8.75;0.0;;2.0;2.0;8.27;1.06;Medium
35.0;18.0;11.73;5.69;6.0;5.0;23.0;3.0;;0.66;High
38.0;16.0;4.88;7.57;2.0;6.0;7.0;8.0;8.46;0.21;Low
42.0;5.0;7.82;6.86;7.0;5.0;12.0;3.0;11.98;0.87;Medium
25.0;10.0;9.07;4.54;5.0;7.0;15.0;6.0;12.4;1.28;High
43.0;15.0;6.69;6.81;6.0;1.0;2.0;8.0;11.23;1.06;Low
38.0;7.0;9.3;7.31;5.0;8.0;20.0;3.0;11.15;0.06;Medium
24.0;10.0;12.83;8.41;7.0;8.0;22.0;8.0;;1.16;Medium
23.0;6.0;13.44;4.35;5.0;6.0;0.0;6.0;16.99;0.46;High
34.0;18.0;5.01;5.48;4.0;8.0;2.0;3.0;;0.68;Low
23.0;9.0;6.72;7.46;0.0;16.0;15.0;;9.88;0.62;Low
39.0;8.0;13.79;4.17;2.0;2.0;0.0;5.0;14.83;1.72;Medium
29.0;3.0;6.7;5.02;7.0;15.0;17.0;2.0;10.41;0.1;Medium
43.0;14.0;10.93;5.09;2.0;15.0;13.0;6.0;15.18;;High
41.0;12.0;6.53;;2.0;1.0;29.0;0.0;8.64;0.79;Low
22.0;1.0;7.56;;6.0;10.0;6.0;6.0;8.78;1.24;High
24.0;1.0;5.91;7.0;3.0;15.0;22.0;2.0;8.98;1.58;Low
25.0;15.0;12.56;8.83;4.0;14.0;2.0;8.0;13.73;1.46;High
40.0;8.0;12.83;7.97;4.0;0.0;28.0;5.0;15.49;1.51;Medium
41.0;12.0;6.97;5.66;6.0;;21.0;6.0;8.04;0.38;Medium
27.0;2.0;12.24;6.36;5.0;2.0;15.0;8.0;14.14;1.82;High
26.0;8.0;7.58;5.0;4.0;18.0;28.0;5.0;10.14;0.83;Medium
40.0;12.0;4.99;4.08;4.0;19.0;5.0;;6.44;0.02;Medium
29.0;1.0;11.58;5.45;3.0;6.0;17.0;1.0;13.04;1.34;Medium
25.0;7.0;9.96;5.85;4.0;10.0;28.0;5.0;14.27;1.21;Medium
33.0;8.0;6.74;6.82;0.0;17.0;24.0;5.0;7.91;0.25;Medium
23.0;15.0;6.53;8.72;6.0;13.0;12.0;1.0;10.29;1.92;Low
44.0;1.0;13.76;8.74;2.0;15.0;23.0;6.0;18.02;1.12;Medium
32.0;5.0;12.63;4.35;3.0;5.0;1.0;8.0;14.15;0.94;High
39.0;7.0;12.1;7.07;3.0;1.0;11.0;9.0;13.88;0.8;Medium
36.0;4.0;5.28;4.21;5.0;10.0;3.0;3.0;8.85;0.42;Medium
42.0;8.0;11.55;7.24;4.0;10.0;8.0;4.0;13.81;1.91;Medium
26.0;0.0;6.15;4.59;2.0;9.0;;5.0;9.06;;Low
23.0;8.0;13.77;8.73;6.0;3.0;22.0;0.0;18.11;1.14;Medium
33.0;9.0;4.52;;0.0;16.0;4.0;7.0;6.07;1.26;Low
22.0;3.0;7.52;4.11;7.0;9.0;9.0;8.0;11.0;1.68;Medium
43.0;2.0;8.29;7.91;6.0;8.0;5.0;0.0;13.06;1.27;Low
24.0;9.0;12.24;7.18;7.0;12.0;0.0;3.0;13.47;0.23;High
35.0;14.0;11.66;6.48;2.0;10.0;19.0;5.0;12.9;1.39;High
42.0;10.0;7.75;7.01;6.0;9.0;4.0;9.0;10.97;1.13;Medium
39.0;13.0;9.66;7.39;1.0;4.0;5.0;0.0;14.5;1.93;Medium
23.0;5.0;12.36;8.42;2.0;2.0;21.0;2.0;14.24;1.47;Medium
43.0;11.0;4.18;7.84;0.0;3.0;20.0;6.0;6.5;0.69;Low
43.0;12.0;12.02;6.88;0.0;2.0;18.0;7.0;13.41;0.27;High
21.0;16.0;13.47;8.12;0.0;9.0;10.0;7.0;15.92;0.96;
37.0;15.0;4.32;8.93;3.0;12.0;14.0;4.0;5.5;1.36;Low
38.0;2.0;4.46;5.5;6.0;4.0;1.0;0.0;7.02;0.35;Low
38.0;1.0;7.45;4.59;3.0;12.0;14.0;0.0;10.67;1.3;Medium
36.0;10.0;4.88;7.66;1.0;0.0;6.0;7.0;9.78;1.65;Low
33.0;8.0;;8.89;2.0;10.0;16.0;4.0;13.06;0.31;Medium
38.0;2.0;11.29;4.58;4.0;2.0;11.0;8.0;15.58;1.41;
41.0;17.0;9.67;6.16;5.0;16.0;11.0;0.0;11.58;0.14;High
43.0;19.0;5.96;4.31;1.0;18.0;4.0;1.0;7.31;0.02;Medium
32.0;14.0;10.55;7.88;6.0;12.0;19.0;3.0;13.96;0.07;Medium
31.0;13.0;10.85;8.74;4.0;15.0;6.0;9.0;13.93;1.26;High
25.0;1.0;13.32;6.49;7.0;17.0;1.0;6.0;16.39;1.95;High
40.0;16.0;5.47;6.05;6.0;19.0;26.0;3.0;6.91;1.54;Medium
23.0;7.0;10.92;8.54;4.0;18.0;12.0;7.0;13.9;0.51;High
38.0;9.0;13.11;4.67;1.0;5.0;23.0;6.0;14.71;0.14;High
35.0;17.0;9.02;8.46;2.0;6.0;8.0;4.0;11.71;1.23;Medium
32.0;18.0;7.62;5.96;5.0;14.0;28.0;6.0;8.87;0.01;High
23.0;7.0;5.71;6.8;4.0;4.0;14.0;;10.14;1.59;Low
42.0;7.0;12.67;6.64;3.0;15.0;27.0;2.0;13.72;0.49;High
36.0;2.0;7.94;7.08;3.0;5.0;25.0;2.0;12.7;0.6;Medium
42.0;2.0;13.25;8.71;1.0;2.0;14.0;1.0;17.7;0.69;Low
20.0;11.0;12.48;8.76;;11.0;0.0;3.0;16.49;1.53;
37.0;16.0;7.77;8.16;5.0;3.0;20.0;3.0;12.7;0.53;
39.0;3.0;9.74;4.96;6.0;2.0;19.0;3.0;10.96;0.57;Medium
36.0;16.0;4.27;5.67;4.0;15.0;20.0;1.0;7.84;1.08;Low
34.0;13.0;6.63;6.44;1.0;15.0;24.0;6.0;11.03;0.93;Medium
30.0;18.0;11.1;8.53;5.0;18.0;27.0;9.0;12.61;1.91;
44.0;8.0;10.78;6.6;5.0;14.0;2.0;2.0;14.12;0.53;High
41.0;11.0;7.53;8.89;3.0;8.0;29.0;9.0;10.11;0.18;Medium
32.0;4.0;12.09;8.92;1.0;19.0;0.0;0.0;14.83;1.08;High
20.0;10.0;6.36;6.99;4.0;1.0;26.0;1.0;11.01;0.37;Low
36.0;19.0;8.61;8.39;7.0;5.0;18.0;4.0;11.76;0.83;Low
25.0;2.0;8.73;9.0;4.0;13.0;19.0;8.0;10.1;0.37;High
23.0;14.0;7.41;8.25;3.0;8.0;12.0;3.0;12.16;1.76;Low
;13.0;13.55;7.28;7.0;9.0;14.0;5.0;15.29;0.65;High
35.0;10.0;10.97;8.23;6.0;17.0;12.0;2.0;15.54;1.55;Medium
34.0;19.0;9.39;4.41;7.0;14.0;17.0;8.0;14.27;1.9;Medium
34.0;7.0;9.11;7.17;7.0;3.0;16.0;1.0;13.62;1.88;Low
25.0;3.0;5.59;5.08;0.0;4.0;0.0;7.0;9.3;1.05;Medium
34.0;11.0;7.72;4.58;0.0;5.0;14.0;2.0;11.69;1.97;Low
33.0;7.0;10.73;8.46;5.0;14.0;23.0;7.0;14.53;1.31;Medium
30.0;5.0;13.25;7.2;2.0;19.0;3.0;2.0;16.09;0.26;Medium
26.0;14.0;12.16;5.22;3.0;1.0;27.0;;14.26;1.78;Medium
28.0;11.0;7.0;5.93;2.0;15.0;1.0;7.0;9.14;0.94;Medium
35.0;15.0;8.34;8.87;5.0;4.0;25.0;9.0;12.26;0.31;Medium
24.0;15.0;4.83;8.31;6.0;3.0;18.0;3.0;8.33;1.58;Low
44.0;19.0;5.02;;3.0;0.0;7.0;8.0;8.36;1.25;Medium
39.0;19.0;8.7;8.9;4.0;7.0;21.0;8.0;12.31;1.76;Low
29.0;3.0;9.3;5.84;6.0;9.0;15.0;5.0;13.4;1.65;Medium
37.0;10.0;6.64;7.48;3.0;14.0;7.0;0.0;10.63;0.64;Medium
22.0;12.0;10.43;7.56;1.0;1.0;9.0;8.0;11.85;0.51;Medium
32.0;8.0;11.03;8.56;7.0;18.0;15.0;8.0;13.48;1.47;High
30.0;3.0;6.99;8.43;2.0;11.0;4.0;6.0;9.05;1.15;Medium
36.0;11.0;11.58;5.41;3.0;9.0;18.0;8.0;14.73;0.14;High
41.0;8.0;6.06;7.22;7.0;11.0;5.0;7.0;7.31;0.36;Medium
32.0;12.0;9.44;5.97;2.0;19.0;9.0;8.0;13.49;0.3;High
25.0;15.0;12.04;6.63;6.0;8.0;23.0;8.0;13.47;1.18;High
36.0;5.0;9.37;6.77;5.0;7.0;29.0;6.0;11.46;0.17;Medium
32.0;9.0;13.08;5.98;3.0;1.0;4.0;5.0;17.21;0.42;Medium
38.0;12.0;4.59;6.32;0.0;6.0;20.0;1.0;5.8;1.09;Low
40.0;6.0;9.88;5.04;2.0;3.0;18.0;6.0;13.52;0.27;Medium
38.0;18.0;9.62;7.04;7.0;18.0;18.0;0.0;14.32;0.5;High
29.0;18.0;10.6;7.79;;7.0;12.0;5.0;14.07;1.81;Medium
22.0;16.0;12.33;6.15;4.0;12.0;27.0;5.0;16.18;1.39;
33.0;12.0;11.26;8.89;7.0;2.0;14.0;6.0;15.43;0.61;High
38.0;12.0;11.9;4.29;7.0;4.0;7.0;1.0;13.79;1.75;Medium
24.0;1.0;6.89;6.95;3.0;19.0;10.0;3.0;10.21;0.5;Medium
24.0;9.0;7.87;6.92;4.0;7.0;0.0;1.0;10.11;1.18;Medium
39.0;12.0;10.27;4.18;7.0;1.0;3.0;3.0;12.27;0.74;Medium
36.0;8.0;9.53;5.12;6.0;9.0;24.0;2.0;11.3;1.5;Medium
40.0;0.0;13.61;8.53;;15.0;;1.0;16.95;;High
29.0;13.0;5.87;6.72;2.0;3.0;21.0;1.0;10.05;0.5;Low
24.0;15.0;7.51;6.18;6.0;13.0;29.0;2.0;12.01;1.22;Medium
23.0;19.0;9.73;6.08;3.0;2.0;25.0;9.0;12.44;1.49;Medium
25.0;14.0;12.68;8.44;2.0;9.0;26.0;3.0;15.17;1.07;Medium
23.0;0.0;13.29;5.84;3.0;12.0;26.0;6.0;17.04;;High
26.0;16.0;7.36;8.3;4.0;4.0;12.0;3.0;11.48;0.84;Low
26.0;12.0;4.67;5.55;6.0;16.0;6.0;6.0;6.68;1.59;Medium
37.0;14.0;8.22;6.66;3.0;16.0;26.0;3.0;10.41;1.17;Medium
22.0;15.0;7.94;4.72;5.0;10.0;6.0;2.0;11.07;0.39;Medium
20.0;15.0;13.86;8.13;3.0;18.0;5.0;7.0;16.64;1.78;High
43.0;1.0;8.31;7.68;1.0;17.0;24.0;2.0;12.13;1.67;Medium
44.0;16.0;7.06;6.65;;16.0;7.0;7.0;10.08;1.93;Medium
23.0;10.0;7.65;;1.0;10.0;11.0;;9.1;1.14;
25.0;7.0;7.97;6.41;2.0;14.0;23.0;2.0;9.63;1.35;Medium
28.0;19.0;12.22;5.13;1.0;7.0;17.0;3.0;16.83;1.73;Medium
41.0;2.0;4.81;6.07;6.0;11.0;22.0;2.0;6.72;0.11;Low
33.0;11.0;7.17;8.28;2.0;16.0;14.0;5.0;8.37;1.82;Low
31.0;19.0;13.66;7.85;;4.0;27.0;8.0;17.59;0.54;High
44.0;15.0;5.53;5.21;2.0;3.0;15.0;9.0;9.27;0.11;Medium
39.0;13.0;11.43;8.92;4.0;10.0;0.0;7.0;14.83;0.48;High
43.0;15.0;7.56;8.52;5.0;7.0;9.0;3.0;10.57;1.17;
44.0;16.0;9.82;6.64;3.0;15.0;14.0;1.0;14.7;0.1;Medium
23.0;10.0;5.0;6.65;6.0;15.0;23.0;9.0;6.48;0.0;Medium
40.0;16.0;7.06;8.51;1.0;2.0;12.0;0.0;10.1;1.28;Low
43.0;18.0;9.01;7.18;5.0;11.0;18.0;3.0;12.27;0.91;Medium
31.0;0.0;6.32;6.68;0.0;12.0;26.0;4.0;7.41;1.69;Low
29.0;11.0;9.42;7.75;5.0;0.0;12.0;1.0;12.07;0.52;Low
41.0;14.0;6.2;5.18;7.0;3.0;8.0;2.0;10.33;0.56;Low
26.0;17.0;10.5;8.39;3.0;5.0;20.0;3.0;13.38;0.16;Medium
22.0;13.0;13.04;6.66;6.0;4.0;15.0;2.0;17.54;1.08;Medium
42.0;0.0;4.85;7.02;6.0;4.0;22.0;7.0;8.43;0.73;Medium
33.0;12.0;6.17;4.45;7.0;9.0;13.0;1.0;10.23;0.68;Medium
43.0;14.0;12.44;5.55;5.0;18.0;22.0;8.0;16.66;0.92;High
29.0;6.0;10.32;6.13;5.0;17.0;8.0;5.0;14.08;1.7;High
35.0;14.0;4.79;6.07;4.0;1.0;17.0;0.0;8.79;0.21;Low
35.0;19.0;8.86;7.89;2.0;15.0;3.0;7.0;12.64;1.05;High
41.0;9.0;6.1;5.41;5.0;14.0;11.0;9.0;9.3;0.39;Medium
29.0;13.0;5.99;4.91;1.0;4.0;23.0;5.0;9.26;0.42;Medium
44.0;5.0;13.41;6.91;6.0;8.0;4.0;3.0;15.17;0.51;High
32.0;13.0;11.62;7.08;7.0;;10.0;5.0;15.93;0.92;Medium
25.0;;10.96;4.61;1.0;4.0;4.0;1.0;13.21;0.99;Low
31.0;10.0;6.39;4.01;4.0;8.0;18.0;0.0;9.53;1.74;Low
28.0;19.0;5.19;8.59;5.0;8.0;20.0;5.0;7.19;1.78;Low
32.0;18.0;12.71;4.4;5.0;1.0;28.0;7.0;16.49;1.17;Medium
23.0;1.0;4.06;8.49;4.0;6.0;6.0;4.0;8.96;0.56;Medium
43.0;19.0;7.88;6.0;3.0;0.0;3.0;7.0;;1.64;Medium
30.0;0.0;6.78;7.27;0.0;19.0;7.0;2.0;10.26;1.59;Low
;7.0;9.7;4.93;0.0;1.0;29.0;5.0;12.97;1.6;Medium
37.0;13.0;6.51;8.12;2.0;11.0;26.0;0.0;9.47;0.03;Low
30.0;8.0;7.11;4.9;1.0;5.0;5.0;2.0;8.93;1.51;Medium
44.0;1.0;12.5;5.93;3.0;19.0;5.0;3.0;14.89;1.71;Medium
40.0;4.0;10.03;5.19;1.0;18.0;21.0;4.0;12.66;1.21;High
23.0;7.0;5.46;8.19;3.0;15.0;3.0;2.0;10.24;;Low
37.0;15.0;11.26;8.29;4.0;3.0;13.0;7.0;13.96;1.55;Medium
20.0;15.0;6.07;5.86;2.0;17.0;2.0;4.0;9.41;1.01;Medium
26.0;12.0;8.33;5.54;4.0;4.0;9.0;6.0;13.02;1.63;Medium
25.0;19.0;10.47;7.87;1.0;17.0;21.0;4.0;13.54;1.58;Medium
34.0;14.0;6.72;8.39;6.0;5.0;5.0;7.0;8.73;1.83;Low
37.0;0.0;7.84;7.12;2.0;13.0;17.0;0.0;10.36;1.84;Low
43.0;2.0;11.34;8.64;5.0;19.0;29.0;2.0;13.84;1.06;High
30.0;5.0;13.38;5.92;7.0;16.0;9.0;2.0;17.24;0.06;High
39.0;13.0;9.29;4.76;6.0;17.0;8.0;9.0;11.47;0.04;High
43.0;3.0;4.1;4.9;7.0;9.0;15.0;9.0;8.02;1.88;Medium
34.0;17.0;7.38;7.35;3.0;18.0;19.0;2.0;11.94;0.67;Medium
35.0;14.0;7.99;6.04;3.0;17.0;3.0;5.0;10.33;0.76;High
26.0;8.0;;4.78;2.0;3.0;25.0;8.0;8.93;0.94;Medium
40.0;17.0;8.36;5.46;4.0;19.0;28.0;5.0;11.91;0.53;Medium
29.0;2.0;10.33;;2.0;14.0;27.0;4.0;12.77;1.18;Medium
31.0;9.0;5.21;4.61;4.0;5.0;10.0;0.0;8.35;;Low
43.0;16.0;6.73;4.02;2.0;5.0;27.0;1.0;10.27;0.51;Low
33.0;6.0;9.08;8.59;4.0;2.0;11.0;0.0;11.71;1.49;Low
44.0;14.0;7.16;5.52;0.0;8.0;23.0;5.0;11.86;1.34;Low
24.0;0.0;13.91;5.11;2.0;10.0;18.0;2.0;16.51;1.05;High
40.0;10.0;8.31;7.49;7.0;4.0;9.0;4.0;10.54;0.65;Medium
;16.0;12.7;8.27;7.0;13.0;6.0;5.0;17.24;1.75;High
24.0;4.0;12.97;7.16;4.0;1.0;6.0;4.0;14.52;0.81;
22.0;6.0;12.36;5.27;5.0;18.0;17.0;2.0;13.86;0.75;High
42.0;18.0;4.47;8.31;1.0;7.0;2.0;1.0;9.21;1.28;Low
24.0;14.0;13.48;6.55;6.0;12.0;11.0;1.0;15.32;1.84;Medium
;2.0;5.29;5.91;6.0;18.0;13.0;1.0;6.88;1.02;Medium
36.0;14.0;4.34;7.02;6.0;4.0;19.0;9.0;7.48;1.45;Low
38.0;4.0;8.14;7.5;1.0;14.0;1.0;3.0;9.33;0.91;Low
38.0;11.0;5.95;6.97;7.0;3.0;29.0;3.0;9.43;0.44;Medium
44.0;19.0;5.84;8.6;2.0;3.0;8.0;2.0;8.65;0.25;Low
40.0;4.0;6.88;7.14;2.0;17.0;9.0;7.0;10.44;0.27;Medium
31.0;2.0;6.48;8.39;;18.0;26.0;3.0;8.62;0.04;Medium
44.0;8.0;10.85;6.93;4.0;19.0;5.0;7.0;15.47;1.11;High
28.0;8.0;5.87;5.65;2.0;8.0;16.0;2.0;7.95;0.26;Low
20.0;6.0;9.43;6.66;1.0;14.0;;1.0;12.98;1.73;Low
37.0;1.0;13.86;4.43;;11.0;0.0;7.0;18.64;1.97;High
40.0;15.0;8.32;5.15;6.0;3.0;23.0;5.0;10.92;0.99;Medium
23.0;8.0;10.42;7.83;1.0;2.0;26.0;1.0;12.07;0.9;Low
29.0;12.0;13.69;7.31;7.0;4.0;21.0;6.0;14.96;0.7;High
44.0;18.0;5.38;4.83;4.0;16.0;12.0;9.0;10.23;1.28;Medium
26.0;19.0;8.19;6.19;0.0;4.0;9.0;6.0;12.24;1.22;Low
41.0;16.0;12.5;4.71;2.0;3.0;11.0;3.0;17.18;0.69;Medium
42.0;5.0;13.32;8.28;6.0;6.0;22.0;7.0;17.12;0.69;High
20.0;3.0;10.01;4.55;0.0;6.0;21.0;2.0;12.38;1.29;Medium
36.0;0.0;5.43;7.27;4.0;6.0;15.0;8.0;6.92;1.11;Medium
43.0;17.0;13.01;7.04;6.0;16.0;1.0;4.0;17.73;1.44;High
21.0;18.0;5.74;6.36;5.0;14.0;2.0;2.0;8.7;1.88;Medium
30.0;8.0;7.53;5.39;2.0;6.0;7.0;8.0;10.12;1.56;Medium
28.0;12.0;7.76;6.02;3.0;14.0;19.0;1.0;11.07;0.61;Medium
26.0;7.0;8.47;8.03;2.0;19.0;28.0;1.0;;1.52;Medium
41.0;12.0;11.9;7.81;2.0;3.0;14.0;2.0;14.14;0.9;Low
36.0;14.0;12.02;7.69;2.0;1.0;23.0;8.0;15.57;1.56;Medium
36.0;10.0;11.2;7.75;6.0;12.0;18.0;9.0;12.6;1.77;High
21.0;11.0;4.22;4.72;6.0;11.0;17.0;2.0;5.76;0.5;Medium
25.0;13.0;9.65;4.5;2.0;9.0;22.0;4.0;12.69;0.48;High
33.0;3.0;11.47;8.31;5.0;18.0;0.0;8.0;14.96;0.87;High
25.0;0.0;8.45;8.19;2.0;14.0;26.0;9.0;10.2;0.1;Medium
21.0;3.0;13.45;7.41;4.0;16.0;18.0;5.0;14.58;1.37;High
20.0;18.0;12.24;7.03;2.0;5.0;1.0;5.0;17.07;1.5;Medium
29.0;8.0;10.38;5.83;5.0;4.0;4.0;0.0;11.49;0.69;Medium
40.0;9.0;4.62;5.12;7.0;12.0;17.0;1.0;5.63;0.93;Low
24.0;3.0;10.52;7.34;4.0;13.0;15.0;8.0;12.81;1.18;High
21.0;19.0;13.12;;2.0;13.0;9.0;7.0;15.01;0.15;High
41.0;8.0;7.79;6.18;2.0;14.0;20.0;1.0;11.08;1.42;Low
35.0;12.0;;5.52;4.0;15.0;28.0;4.0;16.96;1.05;High
44.0;11.0;7.13;5.35;2.0;9.0;2.0;4.0;10.05;;Medium
21.0;10.0;9.7;4.12;5.0;0.0;24.0;5.0;13.79;1.45;Medium
29.0;11.0;10.48;6.6;6.0;10.0;9.0;3.0;15.12;1.35;Medium
21.0;17.0;10.78;8.94;7.0;6.0;24.0;8.0;12.54;0.19;High
35.0;11.0;12.83;8.08;1.0;16.0;23.0;4.0;15.78;1.57;High
35.0;15.0;6.35;8.49;2.0;3.0;12.0;3.0;9.92;1.22;Low
38.0;4.0;6.62;7.11;3.0;6.0;20.0;8.0;8.95;1.43;Low
26.0;19.0;11.04;6.41;4.0;2.0;9.0;1.0;15.0;0.52;Medium
41.0;11.0;5.77;8.95;5.0;19.0;10.0;1.0;9.59;0.44;Medium
31.0;10.0;8.64;;2.0;13.0;6.0;2.0;11.32;1.65;Medium
43.0;8.0;4.2;8.58;2.0;17.0;1.0;9.0;5.55;0.78;Medium
34.0;17.0;5.41;7.81;4.0;17.0;18.0;3.0;6.46;;Medium
27.0;2.0;10.79;5.65;0.0;0.0;27.0;9.0;13.27;1.1;High
25.0;19.0;11.47;6.52;5.0;5.0;26.0;8.0;12.8;1.17;High
29.0;16.0;5.15;5.92;5.0;8.0;17.0;4.0;9.28;0.14;Medium
22.0;13.0;6.28;4.68;1.0;1.0;25.0;1.0;8.62;0.6;Low
38.0;0.0;4.99;5.78;6.0;7.0;10.0;2.0;8.65;0.13;Low
36.0;16.0;8.33;8.44;6.0;;16.0;7.0;10.72;;Medium
26.0;7.0;5.26;7.76;1.0;3.0;2.0;5.0;9.44;1.8;Low
40.0;4.0;8.37;5.39;2.0;9.0;19.0;4.0;12.92;0.78;Medium
39.0;4.0;11.32;5.84;4.0;0.0;11.0;3.0;15.67;1.56;Medium
23.0;8.0;10.83;7.08;3.0;10.0;24.0;3.0;13.77;0.57;Medium
33.0;2.0;6.8;6.08;2.0;8.0;27.0;7.0;8.14;1.71;Medium
39.0;18.0;10.74;6.52;1.0;18.0;1.0;5.0;13.23;0.84;High
41.0;8.0;13.28;7.49;2.0;10.0;24.0;4.0;15.98;0.71;Medium
34.0;17.0;7.48;6.34;4.0;3.0;0.0;4.0;12.32;1.39;Low
43.0;15.0;7.29;4.95;5.0;4.0;8.0;5.0;10.55;1.03;Low
27.0;0.0;9.71;6.6;7.0;16.0;21.0;2.0;13.27;0.67;High
40.0;1.0;6.46;5.78;5.0;17.0;23.0;6.0;10.59;0.12;Medium
34.0;13.0;10.52;5.45;5.0;4.0;18.0;0.0;13.79;0.33;Medium
41.0;13.0;;5.64;5.0;17.0;7.0;4.0;15.71;1.54;High
39.0;0.0;8.59;6.2;6.0;16.0;26.0;5.0;10.57;1.84;Medium
33.0;15.0;10.8;8.43;3.0;2.0;8.0;1.0;12.04;0.34;Medium
28.0;14.0;10.52;7.67;0.0;10.0;6.0;1.0;14.41;1.14;Medium
27.0;14.0;4.39;7.34;6.0;16.0;3.0;8.0;8.78;0.07;Medium
36.0;11.0;5.83;6.36;3.0;7.0;21.0;1.0;8.48;0.58;Low
21.0;15.0;12.94;4.01;7.0;7.0;15.0;2.0;16.14;0.9;High
44.0;13.0;13.39;5.7;2.0;1.0;5.0;0.0;15.62;1.47;Medium
43.0;;11.8;8.07;1.0;6.0;17.0;8.0;14.6;0.09;Medium
22.0;14.0;13.21;;7.0;19.0;1.0;;15.05;1.56;High
27.0;18.0;7.06;6.82;;5.0;10.0;3.0;11.1;0.41;Low
31.0;7.0;6.48;5.02;2.0;19.0;4.0;6.0;9.45;1.52;Medium
20.0;;7.84;8.58;7.0;17.0;16.0;1.0;11.03;1.25;
29.0;1.0;4.55;8.62;0.0;6.0;4.0;7.0;5.7;0.68;Low
39.0;9.0;12.1;4.73;4.0;17.0;25.0;7.0;15.59;1.45;High
22.0;2.0;13.84;7.62;4.0;11.0;2.0;2.0;15.65;0.47;High
25.0;16.0;12.24;4.38;4.0;6.0;18.0;3.0;14.77;0.44;Medium
26.0;7.0;9.55;6.99;2.0;6.0;7.0;6.0;12.2;0.12;Medium
39.0;3.0;6.95;4.89;0.0;0.0;10.0;4.0;9.74;0.79;Low
42.0;13.0;5.98;4.73;2.0;9.0;2.0;;7.89;0.2;Medium
44.0;9.0;7.64;4.02;4.0;9.0;2.0;1.0;12.04;0.84;Medium
37.0;0.0;10.67;8.7;4.0;11.0;0.0;5.0;13.38;0.02;Medium
30.0;3.0;8.47;8.15;6.0;2.0;29.0;3.0;11.92;0.31;Medium
38.0;0.0;13.34;4.39;1.0;2.0;23.0;4.0;16.8;1.86;Medium
24.0;16.0;12.54;7.0;3.0;12.0;12.0;4.0;15.97;1.59;High
38.0;16.0;5.02;5.16;7.0;12.0;29.0;1.0;8.26;0.47;Medium
30.0;6.0;5.32;5.32;2.0;5.0;9.0;7.0;9.61;1.44;Low
43.0;19.0;10.76;8.37;0.0;2.0;25.0;0.0;15.01;1.34;Low
31.0;14.0;6.31;4.57;6.0;14.0;5.0;1.0;8.98;0.35;Medium
29.0;12.0;11.91;7.01;;8.0;10.0;6.0;15.45;0.74;Medium
27.0;1.0;9.91;6.01;2.0;5.0;7.0;6.0;;1.83;Medium
43.0;18.0;6.3;4.95;3.0;5.0;18.0;1.0;7.66;1.48;Low
28.0;12.0;8.79;6.26;2.0;7.0;29.0;0.0;11.71;1.52;Low
23.0;10.0;8.06;8.7;7.0;10.0;10.0;9.0;;1.13;Medium
24.0;14.0;12.73;7.91;7.0;18.0;5.0;0.0;16.33;1.33;Medium
40.0;9.0;4.32;4.66;3.0;15.0;11.0;0.0;8.0;1.02;Medium
27.0;8.0;12.96;8.25;2.0;8.0;17.0;;14.59;1.48;Medium
42.0;8.0;10.52;8.69;1.0;10.0;2.0;9.0;13.33;1.47;Medium
28.0;19.0;11.38;5.38;2.0;15.0;12.0;6.0;13.98;0.06;High
34.0;0.0;4.03;5.67;6.0;5.0;3.0;1.0;8.16;1.26;Low
34.0;16.0;10.28;4.63;5.0;16.0;8.0;5.0;11.83;1.26;High
35.0;11.0;9.88;5.72;1.0;15.0;15.0;3.0;13.04;0.13;Medium
33.0;9.0;9.37;7.37;3.0;19.0;11.0;8.0;14.02;0.82;High
27.0;4.0;11.86;5.36;4.0;17.0;19.0;7.0;16.43;1.8;Medium
37.0;17.0;9.56;4.03;4.0;0.0;6.0;7.0;13.97;1.91;High
29.0;14.0;12.57;5.69;7.0;17.0;11.0;1.0;15.07;1.56;High
39.0;5.0;6.33;6.27;2.0;7.0;7.0;4.0;11.09;0.3;Medium
25.0;;12.06;6.83;0.0;9.0;20.0;1.0;16.28;0.75;Low
31.0;16.0;;7.42;2.0;1.0;14.0;2.0;10.19;0.37;Low
21.0;5.0;12.13;4.31;;8.0;1.0;7.0;16.86;1.3;Medium
26.0;7.0;13.4;6.35;1.0;3.0;10.0;4.0;18.15;1.55;Medium
35.0;11.0;7.36;5.33;3.0;10.0;23.0;3.0;9.32;1.77;Low
22.0;13.0;9.3;8.74;2.0;;20.0;4.0;10.81;1.72;Low
32.0;11.0;10.58;5.8;3.0;13.0;4.0;7.0;14.34;0.2;High
22.0;9.0;4.79;4.5;0.0;6.0;22.0;9.0;8.04;0.25;Low
37.0;19.0;8.94;4.21;4.0;18.0;5.0;6.0;11.25;1.82;High
30.0;14.0;7.61;5.33;4.0;5.0;18.0;5.0;11.35;1.69;Medium
27.0;6.0;12.72;4.89;2.0;15.0;29.0;1.0;13.97;0.92;Medium
25.0;8.0;12.77;7.25;3.0;18.0;13.0;9.0;13.96;0.86;High
20.0;9.0;11.01;8.23;3.0;18.0;6.0;4.0;13.43;1.11;High
20.0;9.0;10.56;5.56;0.0;12.0;11.0;9.0;12.34;1.19;Medium
42.0;15.0;11.34;6.89;3.0;11.0;29.0;8.0;15.21;0.51;High
27.0;6.0;7.66;7.65;5.0;14.0;16.0;8.0;12.45;0.81;Medium
24.0;4.0;8.05;5.99;5.0;7.0;3.0;8.0;11.7;1.24;Medium
35.0;2.0;9.54;4.33;;3.0;19.0;2.0;13.16;0.41;Low
30.0;17.0;13.38;5.15;5.0;19.0;21.0;8.0;14.41;2.0;High
24.0;10.0;11.24;8.42;7.0;7.0;21.0;8.0;14.29;0.57;High
23.0;14.0;9.51;8.12;5.0;15.0;9.0;4.0;13.78;1.1;Medium
25.0;19.0;11.7;4.43;1.0;15.0;23.0;5.0;15.32;1.11;Medium
33.0;4.0;7.71;5.12;5.0;1.0;27.0;6.0;9.62;0.9;Medium
41.0;11.0;11.3;7.85;5.0;16.0;0.0;9.0;15.69;0.48;High
38.0;3.0;8.11;6.43;1.0;4.0;28.0;9.0;12.97;1.13;Medium
28.0;14.0;6.8;7.8;2.0;4.0;22.0;9.0;8.92;0.18;Medium
31.0;8.0;10.1;5.06;6.0;11.0;;5.0;11.93;0.77;High
30.0;6.0;10.87;8.76;1.0;6.0;3.0;4.0;13.22;0.45;Low
33.0;9.0;8.59;7.92;1.0;4.0;12.0;0.0;9.84;0.25;Low
42.0;12.0;9.66;4.99;7.0;3.0;5.0;3.0;14.15;1.85;Medium
35.0;7.0;10.94;6.79;;16.0;25.0;7.0;15.66;1.4;High
20.0;11.0;11.68;4.57;;5.0;14.0;7.0;15.21;0.34;High
32.0;18.0;12.96;5.81;6.0;13.0;13.0;5.0;17.02;1.9;Medium
42.0;0.0;7.55;7.3;5.0;8.0;24.0;2.0;11.22;0.43;Medium
40.0;15.0;13.51;5.65;2.0;3.0;2.0;7.0;16.02;0.47;Medium
40.0;16.0;10.37;7.28;;10.0;23.0;6.0;;0.27;Medium
32.0;17.0;11.88;5.22;0.0;19.0;18.0;8.0;16.23;1.46;High
21.0;10.0;11.0;7.61;1.0;15.0;5.0;2.0;15.24;1.14;Medium
23.0;17.0;6.06;5.8;6.0;15.0;1.0;5.0;7.38;0.12;Medium
25.0;6.0;4.71;7.95;2.0;15.0;8.0;0.0;7.56;0.05;Low
;17.0;11.26;4.68;6.0;5.0;29.0;7.0;13.85;1.07;Medium
24.0;7.0;9.11;5.81;3.0;14.0;12.0;1.0;13.12;1.3;
44.0;;11.02;6.32;6.0;2.0;17.0;4.0;14.03;1.65;Medium
22.0;;;6.12;5.0;8.0;11.0;5.0;11.17;0.96;Medium
20.0;9.0;7.12;6.17;4.0;0.0;20.0;3.0;10.95;1.35;Low
23.0;10.0;6.85;6.22;4.0;10.0;21.0;8.0;9.74;1.47;Medium
44.0;12.0;11.31;8.94;5.0;5.0;3.0;2.0;13.34;1.23;Medium
39.0;8.0;6.77;4.97;7.0;4.0;27.0;1.0;11.33;0.7;Medium
21.0;6.0;11.15;7.84;5.0;17.0;22.0;2.0;12.6;0.26;High
24.0;8.0;7.84;6.76;2.0;11.0;28.0;4.0;8.91;1.3;Medium
22.0;12.0;11.71;6.07;7.0;6.0;6.0;0.0;13.29;1.54;Medium
28.0;2.0;5.43;7.17;1.0;1.0;11.0;9.0;7.08;0.38;Low
39.0;2.0;6.05;8.27;7.0;6.0;22.0;3.0;9.2;0.99;Low
25.0;0.0;10.86;6.33;0.0;8.0;10.0;0.0;14.36;0.79;High
37.0;19.0;9.6;8.32;1.0;19.0;6.0;8.0;12.39;0.41;High
25.0;1.0;6.04;4.47;1.0;7.0;28.0;;7.86;0.49;Low
38.0;2.0;13.03;7.27;0.0;8.0;25.0;1.0;14.56;0.48;Medium
31.0;14.0;6.76;5.67;7.0;9.0;26.0;4.0;9.73;0.84;Medium
44.0;5.0;8.21;5.93;4.0;;9.0;0.0;11.47;0.78;Medium
30.0;12.0;6.02;6.86;7.0;1.0;8.0;9.0;8.24;1.11;Medium
21.0;0.0;;6.4;1.0;9.0;1.0;6.0;9.76;0.19;Medium
34.0;19.0;8.92;5.91;3.0;2.0;4.0;8.0;10.24;1.16;Medium
31.0;18.0;6.95;5.54;3.0;0.0;9.0;0.0;8.05;;Low
31.0;0.0;11.69;7.09;;16.0;;7.0;13.11;0.51;High
28.0;1.0;7.94;6.53;2.0;0.0;27.0;7.0;11.91;1.0;Medium
40.0;14.0;11.3;5.62;6.0;4.0;;6.0;13.68;1.37;Medium
43.0;13.0;6.07;5.02;0.0;13.0;13.0;9.0;7.18;1.54;Medium
21.0;18.0;7.77;7.87;0.0;5.0;26.0;3.0;10.8;0.07;Low
41.0;10.0;4.08;8.0;2.0;8.0;15.0;6.0;7.22;1.07;Medium
22.0;14.0;11.59;5.07;5.0;13.0;26.0;1.0;14.3;0.71;High
31.0;5.0;10.26;5.31;1.0;3.0;1.0;5.0;11.7;1.39;
35.0;19.0;12.18;5.2;5.0;0.0;18.0;4.0;16.2;0.57;Medium
40.0;8.0;8.56;8.42;4.0;5.0;22.0;4.0;12.32;1.49;Low
43.0;4.0;12.0;7.87;3.0;6.0;8.0;7.0;14.58;1.2;Medium
20.0;19.0;10.48;4.37;0.0;5.0;13.0;0.0;13.0;1.58;Medium
40.0;1.0;4.04;;2.0;0.0;14.0;;5.66;1.97;Low
22.0;5.0;6.54;4.18;3.0;7.0;18.0;3.0;10.55;1.82;Medium
39.0;17.0;8.94;5.27;5.0;11.0;25.0;9.0;12.34;1.19;High
21.0;18.0;10.19;8.59;0.0;10.0;7.0;5.0;11.53;1.79;Medium
28.0;8.0;4.66;8.32;0.0;1.0;26.0;5.0;7.17;0.31;Low
38.0;5.0;11.05;7.91;6.0;1.0;14.0;0.0;15.66;0.09;Low
34.0;13.0;;6.29;1.0;1.0;7.0;7.0;12.25;1.07;Medium
37.0;12.0;9.26;5.61;0.0;7.0;27.0;3.0;11.56;1.95;Low
30.0;10.0;6.92;8.41;4.0;6.0;3.0;8.0;10.5;1.42;Medium
44.0;11.0;9.95;7.29;7.0;15.0;26.0;6.0;11.76;0.61;High
42.0;18.0;4.27;5.48;0.0;8.0;28.0;3.0;7.37;1.34;Low
35.0;18.0;4.65;6.32;7.0;15.0;5.0;0.0;8.33;0.08;Low
41.0;18.0;11.34;8.41;4.0;1.0;10.0;8.0;15.76;0.94;Medium
36.0;12.0;7.22;8.52;5.0;2.0;11.0;9.0;10.99;0.47;Medium
24.0;13.0;7.47;7.3;6.0;1.0;23.0;5.0;10.01;0.1;Low
31.0;17.0;6.08;7.66;1.0;18.0;27.0;5.0;10.15;0.5;Medium
30.0;11.0;8.46;4.2;6.0;16.0;8.0;0.0;13.05;1.44;Medium
34.0;3.0;4.52;7.02;4.0;19.0;17.0;4.0;7.43;1.1;Medium
22.0;9.0;7.0;7.44;5.0;;16.0;3.0;8.02;0.05;Medium
20.0;16.0;9.27;4.1;3.0;10.0;20.0;0.0;13.79;0.82;Medium
39.0;3.0;8.66;8.22;6.0;19.0;25.0;6.0;10.32;1.5;High
35.0;11.0;14.0;8.64;6.0;18.0;2.0;3.0;15.51;1.91;High
21.0;12.0;7.89;5.19;0.0;5.0;26.0;2.0;10.12;1.75;Low
21.0;3.0;7.87;8.23;6.0;9.0;12.0;1.0;10.39;0.0;Medium
22.0;9.0;9.04;7.33;2.0;13.0;5.0;7.0;13.24;0.44;High
27.0;2.0;5.9;6.9;2.0;0.0;27.0;4.0;8.46;0.42;Low
43.0;14.0;12.76;8.22;4.0;14.0;13.0;9.0;;0.83;High
34.0;1.0;9.72;5.43;1.0;5.0;26.0;8.0;13.26;1.29;Medium
26.0;16.0;5.92;7.95;4.0;12.0;0.0;4.0;9.6;0.31;Medium
25.0;5.0;11.93;5.57;7.0;13.0;27.0;9.0;16.19;1.83;High
28.0;7.0;4.34;7.94;6.0;12.0;26.0;0.0;6.94;1.55;Low
39.0;2.0;13.83;6.26;6.0;15.0;;9.0;15.17;0.84;High
20.0;17.0;12.65;4.58;5.0;0.0;21.0;4.0;15.86;1.17;Medium
27.0;0.0;9.8;5.91;6.0;13.0;17.0;4.0;11.28;1.08;Medium
42.0;15.0;5.11;5.17;5.0;12.0;10.0;7.0;6.18;1.16;Medium
42.0;6.0;6.15;4.5;6.0;9.0;10.0;5.0;10.26;1.72;Medium
22.0;2.0;6.79;4.55;6.0;9.0;7.0;4.0;9.4;;Medium
23.0;3.0;6.41;7.9;4.0;3.0;3.0;7.0;9.51;1.37;Low
44.0;8.0;8.98;8.41;4.0;13.0;1.0;0.0;12.63;0.21;Medium
34.0;4.0;13.45;8.64;3.0;11.0;0.0;4.0;16.05;0.92;High
25.0;18.0;8.44;8.27;5.0;5.0;23.0;2.0;9.64;1.27;Low
34.0;14.0;10.62;8.15;3.0;14.0;9.0;4.0;12.63;0.03;Medium
40.0;7.0;10.89;4.34;4.0;4.0;16.0;2.0;12.67;0.22;High
22.0;5.0;12.72;7.95;1.0;9.0;6.0;3.0;17.63;0.18;Medium
44.0;17.0;4.34;7.92;0.0;;6.0;8.0;8.3;0.75;Low
40.0;18.0;8.04;4.66;5.0;9.0;12.0;1.0;10.85;1.24;Medium
40.0;14.0;11.85;7.31;2.0;11.0;21.0;9.0;13.1;1.99;Medium
;6.0;12.15;6.26;3.0;3.0;23.0;0.0;13.61;0.51;Medium
39.0;9.0;13.27;8.5;7.0;3.0;25.0;3.0;17.52;0.27;Medium
33.0;5.0;11.03;7.48;5.0;12.0;0.0;7.0;15.81;0.83;High
23.0;13.0;6.45;8.75;7.0;13.0;27.0;4.0;7.58;0.29;Medium
31.0;16.0;9.06;4.52;0.0;11.0;0.0;8.0;13.7;0.05;High
36.0;8.0;4.32;4.2;3.0;12.0;12.0;9.0;6.84;1.13;Medium
26.0;18.0;10.47;8.87;5.0;19.0;0.0;2.0;12.32;1.76;High
28.0;4.0;9.54;4.4;3.0;12.0;5.0;8.0;10.95;1.72;High
22.0;6.0;10.67;5.93;3.0;1.0;22.0;0.0;14.76;0.2;Medium
32.0;18.0;13.3;7.25;4.0;18.0;25.0;1.0;16.18;0.29;High
34.0;19.0;10.87;8.4;6.0;8.0;24.0;8.0;15.2;0.98;Medium
37.0;6.0;7.2;5.27;4.0;9.0;9.0;8.0;9.1;0.74;Medium
38.0;1.0;5.99;4.15;3.0;16.0;20.0;9.0;9.7;1.41;High
20.0;15.0;12.55;6.61;3.0;9.0;0.0;4.0;14.02;0.99;Medium
25.0;12.0;5.94;6.36;6.0;19.0;24.0;9.0;7.3;0.04;High
42.0;7.0;5.62;5.53;2.0;12.0;4.0;3.0;7.15;0.57;Medium
21.0;5.0;6.07;8.37;0.0;19.0;21.0;8.0;10.31;1.8;Medium
43.0;5.0;9.09;7.75;6.0;0.0;24.0;9.0;12.71;1.02;Medium
33.0;8.0;5.24;8.29;0.0;1.0;1.0;1.0;6.9;1.6;Low
25.0;3.0;13.38;4.81;1.0;16.0;29.0;2.0;15.92;0.8;Medium
33.0;10.0;13.66;7.46;7.0;12.0;2.0;7.0;17.71;1.35;High
23.0;4.0;13.74;8.88;6.0;16.0;29.0;0.0;15.88;0.34;High
40.0;16.0;4.39;7.06;1.0;12.0;22.0;1.0;9.08;1.47;Low
27.0;19.0;13.46;4.86;1.0;16.0;2.0;4.0;18.12;1.57;High
22.0;6.0;13.97;8.98;4.0;18.0;17.0;6.0;17.18;0.18;High
38.0;14.0;13.42;6.64;4.0;13.0;22.0;9.0;16.95;0.37;High
33.0;14.0;10.71;8.2;2.0;19.0;7.0;8.0;14.32;0.93;High
;13.0;11.01;4.75;4.0;9.0;8.0;2.0;13.04;1.27;Medium
36.0;12.0;5.22;7.33;1.0;1.0;1.0;3.0;7.68;1.27;Low
44.0;10.0;12.74;8.56;5.0;13.0;28.0;9.0;14.28;1.34;Medium
27.0;12.0;4.6;6.66;3.0;16.0;1.0;0.0;9.3;1.43;Medium
43.0;8.0;7.18;5.44;1.0;4.0;26.0;0.0;11.08;1.01;Low
33.0;9.0;13.91;4.64;2.0;17.0;15.0;0.0;15.1;1.15;High
25.0;3.0;8.22;5.48;3.0;2.0;6.0;3.0;11.42;0.02;Low
42.0;16.0;5.31;5.77;4.0;15.0;29.0;8.0;7.68;0.33;High
41.0;13.0;13.69;7.55;3.0;18.0;3.0;7.0;17.95;1.0;High
35.0;17.0;13.84;4.89;5.0;17.0;4.0;3.0;16.22;1.49;High
44.0;10.0;5.87;4.53;2.0;19.0;0.0;7.0;9.45;1.62;Medium
38.0;15.0;12.65;5.93;4.0;4.0;21.0;6.0;14.31;1.46;High
33.0;0.0;7.9;6.29;0.0;7.0;9.0;5.0;11.14;0.97;Medium
38.0;6.0;7.81;7.14;1.0;5.0;12.0;9.0;9.99;0.56;Medium
22.0;9.0;6.63;7.54;6.0;14.0;23.0;1.0;8.29;0.89;Medium
29.0;8.0;4.45;8.45;5.0;2.0;26.0;2.0;7.93;0.02;Low
38.0;2.0;6.68;5.44;5.0;8.0;14.0;3.0;10.23;1.2;Low
28.0;13.0;4.54;6.64;6.0;10.0;0.0;6.0;9.47;0.15;Medium
39.0;14.0;13.24;5.83;1.0;19.0;17.0;7.0;16.92;0.29;High
32.0;1.0;10.62;4.01;2.0;13.0;22.0;7.0;13.68;1.25;High
26.0;13.0;12.87;6.9;2.0;8.0;13.0;3.0;17.52;0.03;Medium
33.0;15.0;11.17;8.08;5.0;9.0;17.0;8.0;15.48;1.15;High
28.0;6.0;5.31;4.18;1.0;14.0;24.0;7.0;8.5;1.28;Medium
42.0;3.0;13.41;4.02;3.0;17.0;21.0;4.0;16.46;1.58;High
44.0;17.0;13.0;7.64;0.0;18.0;11.0;2.0;17.77;0.14;High
38.0;4.0;7.48;7.42;0.0;6.0;11.0;;10.95;0.01;Low
34.0;5.0;5.12;6.03;2.0;18.0;4.0;8.0;8.98;1.53;Medium
39.0;6.0;11.04;7.31;7.0;4.0;6.0;0.0;12.39;0.58;Medium
33.0;14.0;11.28;8.77;2.0;17.0;25.0;6.0;15.15;1.77;Medium
43.0;0.0;12.97;5.24;3.0;0.0;23.0;6.0;15.03;0.37;Medium
25.0;3.0;4.53;5.23;2.0;11.0;12.0;0.0;5.99;1.17;Low
40.0;0.0;5.42;4.93;0.0;5.0;8.0;6.0;9.82;0.22;Medium
23.0;10.0;9.98;7.62;7.0;12.0;5.0;0.0;13.74;0.81;Medium
27.0;17.0;10.19;5.77;1.0;16.0;20.0;1.0;12.82;1.76;Medium
36.0;13.0;;8.94;5.0;8.0;6.0;8.0;7.07;1.22;Low
28.0;10.0;7.97;7.57;0.0;0.0;17.0;7.0;9.76;1.38;Low
20.0;9.0;9.84;5.84;3.0;11.0;14.0;8.0;10.88;0.45;High
43.0;16.0;11.38;4.75;1.0;0.0;7.0;8.0;13.78;1.85;Medium
39.0;3.0;7.16;6.96;1.0;3.0;27.0;3.0;8.75;1.25;Low
44.0;14.0;8.84;5.47;5.0;6.0;19.0;4.0;11.53;0.21;Medium
33.0;15.0;12.14;8.53;0.0;19.0;15.0;;16.48;0.03;
30.0;12.0;13.54;6.21;6.0;4.0;16.0;6.0;15.0;0.03;High
40.0;8.0;6.3;5.46;1.0;;2.0;5.0;7.67;0.1;Medium
22.0;10.0;6.53;6.94;1.0;4.0;12.0;8.0;11.14;1.82;Medium
28.0;10.0;13.4;4.68;2.0;6.0;8.0;1.0;17.38;0.72;Medium
33.0;5.0;7.96;6.81;1.0;16.0;19.0;7.0;9.17;0.6;Medium
28.0;0.0;11.18;4.28;3.0;11.0;14.0;1.0;12.5;0.83;Medium
23.0;5.0;10.12;7.03;1.0;14.0;25.0;1.0;13.86;0.82;Medium
23.0;12.0;6.86;6.65;2.0;2.0;25.0;;9.34;0.48;Low
27.0;;10.54;6.6;4.0;16.0;29.0;3.0;14.44;0.18;High
21.0;14.0;10.56;7.42;4.0;13.0;26.0;5.0;13.18;0.22;High
28.0;17.0;9.92;4.22;3.0;14.0;15.0;5.0;14.79;1.2;Medium
33.0;19.0;5.0;6.3;;14.0;15.0;1.0;8.78;0.79;Low
41.0;13.0;13.95;6.22;;14.0;18.0;5.0;15.14;1.8;High
28.0;14.0;8.0;6.3;6.0;18.0;3.0;7.0;10.32;0.93;High
43.0;4.0;10.38;8.9;6.0;10.0;18.0;4.0;13.63;1.01;Medium
42.0;3.0;12.86;4.7;3.0;17.0;18.0;0.0;14.43;1.86;High
35.0;1.0;8.23;7.45;7.0;9.0;1.0;7.0;9.24;1.0;Medium
36.0;6.0;11.74;6.01;1.0;8.0;5.0;5.0;13.06;1.0;Medium
35.0;9.0;13.72;6.56;1.0;2.0;12.0;1.0;16.82;0.73;
31.0;15.0;7.59;7.81;7.0;0.0;14.0;6.0;11.12;1.42;Low
22.0;9.0;8.05;4.79;4.0;10.0;9.0;7.0;9.42;0.78;High
30.0;17.0;13.06;7.82;4.0;15.0;21.0;1.0;16.72;1.18;High
33.0;16.0;5.6;4.35;0.0;2.0;9.0;0.0;9.07;0.89;Low
37.0;12.0;4.29;6.42;4.0;8.0;3.0;5.0;9.05;1.06;Low
40.0;0.0;13.09;7.71;7.0;10.0;13.0;5.0;17.45;1.65;High
40.0;0.0;12.22;4.96;6.0;16.0;7.0;7.0;16.99;0.83;High
24.0;14.0;13.73;7.85;4.0;0.0;5.0;6.0;18.59;0.46;Medium
35.0;0.0;4.58;4.83;3.0;8.0;11.0;7.0;7.34;1.14;Low
39.0;5.0;;8.0;0.0;2.0;7.0;9.0;8.51;;Low
24.0;12.0;5.05;6.34;5.0;9.0;5.0;9.0;7.18;1.39;Medium
22.0;0.0;10.83;7.42;0.0;4.0;14.0;4.0;13.86;0.62;Low
31.0;4.0;10.06;8.59;7.0;10.0;28.0;1.0;11.66;1.93;Low
20.0;8.0;7.59;6.04;1.0;4.0;24.0;4.0;11.28;0.69;Low
40.0;16.0;4.57;5.16;1.0;11.0;18.0;1.0;5.67;1.97;Low
28.0;15.0;10.4;8.34;0.0;13.0;13.0;8.0;12.34;0.38;Medium
28.0;7.0;9.7;4.81;0.0;11.0;2.0;4.0;;2.0;Medium
23.0;16.0;5.13;7.16;1.0;18.0;17.0;0.0;9.88;0.15;Medium
22.0;14.0;13.09;8.62;6.0;8.0;9.0;8.0;14.67;1.43;Medium
36.0;0.0;5.99;7.37;7.0;6.0;13.0;9.0;10.55;1.48;Medium
21.0;11.0;11.44;4.98;3.0;15.0;13.0;4.0;12.94;1.36;High
43.0;4.0;12.85;4.76;3.0;6.0;21.0;0.0;16.45;1.56;Medium
20.0;5.0;9.79;5.26;3.0;13.0;6.0;8.0;12.07;0.94;High
27.0;0.0;6.47;5.96;3.0;7.0;6.0;8.0;;0.11;Low
32.0;0.0;7.09;4.8;1.0;17.0;20.0;9.0;12.08;0.72;Medium
42.0;9.0;12.86;7.99;7.0;2.0;21.0;9.0;14.76;1.28;High
34.0;9.0;6.98;5.79;6.0;1.0;22.0;;8.79;1.29;Medium
27.0;2.0;11.46;8.68;2.0;4.0;10.0;5.0;14.82;0.39;Medium
31.0;;13.9;8.21;4.0;7.0;17.0;9.0;17.86;0.51;High
41.0;18.0;14.0;8.54;4.0;18.0;9.0;9.0;18.93;0.97;High
31.0;10.0;9.33;5.47;4.0;8.0;14.0;1.0;13.14;1.46;Low
33.0;17.0;12.27;6.87;4.0;1.0;29.0;6.0;15.52;1.71;Medium
34.0;1.0;13.9;5.61;1.0;14.0;11.0;1.0;16.54;0.17;High
34.0;8.0;7.75;5.28;2.0;7.0;22.0;3.0;11.13;1.85;Low
28.0;16.0;6.52;7.04;1.0;9.0;16.0;3.0;9.92;1.86;Low
38.0;13.0;5.14;8.09;2.0;6.0;21.0;9.0;7.01;0.02;Medium
39.0;3.0;5.41;4.47;1.0;18.0;23.0;6.0;9.09;1.01;Medium
41.0;16.0;12.54;5.38;6.0;0.0;28.0;5.0;;1.17;Medium
27.0;16.0;9.89;5.03;0.0;1.0;16.0;9.0;12.85;1.11;Low
40.0;11.0;12.74;7.99;2.0;2.0;0.0;6.0;14.78;1.23;Medium
38.0;19.0;11.89;8.67;4.0;13.0;5.0;5.0;;1.01;
25.0;17.0;10.74;4.4;2.0;14.0;20.0;0.0;14.2;0.59;Medium
39.0;2.0;10.09;5.9;5.0;13.0;14.0;3.0;11.35;0.19;Medium
44.0;10.0;4.48;8.57;3.0;7.0;18.0;2.0;5.53;0.42;Low
38.0;17.0;12.72;5.72;2.0;17.0;13.0;6.0;14.24;1.48;High
23.0;3.0;8.18;7.56;5.0;16.0;9.0;6.0;9.85;0.48;Medium
42.0;16.0;9.6;4.5;3.0;6.0;28.0;3.0;11.39;1.66;Medium
26.0;17.0;4.22;6.22;5.0;19.0;9.0;6.0;8.32;0.81;Medium
23.0;4.0;13.36;6.52;3.0;0.0;22.0;3.0;16.15;0.83;Medium
41.0;13.0;13.03;7.79;0.0;8.0;6.0;8.0;15.91;1.74;High
31.0;9.0;9.43;5.44;2.0;8.0;6.0;2.0;13.01;0.43;Medium
32.0;14.0;9.77;5.32;5.0;10.0;13.0;9.0;13.69;0.38;High
22.0;0.0;11.05;5.51;6.0;18.0;14.0;1.0;12.06;1.97;High
41.0;15.0;6.65;6.78;0.0;5.0;21.0;4.0;11.08;1.08;Low
31.0;10.0;6.22;8.38;4.0;6.0;19.0;8.0;11.17;0.38;Low
21.0;19.0;10.74;8.15;2.0;14.0;8.0;2.0;12.23;0.33;Medium
43.0;5.0;5.04;4.29;1.0;19.0;27.0;0.0;8.64;1.72;Low
21.0;15.0;8.54;8.39;1.0;5.0;14.0;8.0;9.55;1.2;
42.0;1.0;8.93;4.48;1.0;8.0;8.0;4.0;10.13;0.23;Medium
28.0;0.0;7.81;6.08;6.0;14.0;22.0;1.0;9.95;1.77;Medium
20.0;8.0;5.85;7.83;5.0;5.0;6.0;5.0;10.24;0.89;Low
27.0;11.0;7.55;4.41;5.0;6.0;23.0;2.0;11.16;1.98;Low
42.0;16.0;7.38;4.2;3.0;16.0;10.0;8.0;10.16;0.56;Medium
25.0;14.0;8.99;5.65;1.0;5.0;4.0;2.0;11.74;1.06;Low
25.0;18.0;10.75;7.65;4.0;8.0;26.0;1.0;13.61;0.35;Medium
41.0;9.0;13.68;6.61;5.0;2.0;8.0;2.0;15.92;0.88;High
44.0;11.0;5.44;6.09;6.0;13.0;5.0;5.0;9.95;0.35;Medium
;13.0;12.73;8.07;2.0;5.0;6.0;2.0;16.0;0.61;Medium
36.0;;6.84;7.83;5.0;3.0;27.0;8.0;9.78;0.54;Low
31.0;12.0;9.91;7.93;2.0;15.0;22.0;8.0;12.77;0.57;High
25.0;2.0;9.47;6.3;6.0;15.0;24.0;8.0;14.21;1.94;High
27.0;13.0;9.57;4.1;5.0;8.0;22.0;1.0;13.46;0.08;Medium
38.0;9.0;11.23;4.86;7.0;3.0;13.0;6.0;12.81;0.99;Medium
29.0;15.0;7.82;7.71;3.0;7.0;18.0;1.0;10.57;1.26;Low
20.0;6.0;7.19;;3.0;7.0;21.0;0.0;9.34;1.32;Low
44.0;3.0;12.53;8.86;3.0;5.0;21.0;4.0;17.48;1.51;Medium
32.0;19.0;6.2;4.95;4.0;7.0;10.0;7.0;8.86;1.52;Low
36.0;10.0;5.8;4.61;5.0;5.0;27.0;2.0;7.07;1.91;Low
22.0;15.0;4.16;4.69;2.0;13.0;6.0;6.0;6.8;1.51;Medium
27.0;19.0;6.11;4.92;6.0;13.0;5.0;5.0;8.4;1.65;Medium
33.0;3.0;9.19;6.64;5.0;17.0;3.0;0.0;12.59;1.06;Medium
22.0;16.0;9.39;8.88;6.0;12.0;13.0;6.0;11.29;1.32;Medium
35.0;12.0;6.54;6.95;0.0;14.0;21.0;2.0;;0.96;Low
32.0;10.0;4.72;6.61;3.0;2.0;2.0;3.0;6.1;0.55;Low
39.0;2.0;11.45;7.37;1.0;5.0;16.0;9.0;13.58;0.63;Medium
43.0;8.0;11.58;4.37;6.0;19.0;14.0;1.0;13.97;0.72;High
36.0;5.0;13.98;8.08;0.0;16.0;0.0;0.0;18.32;0.68;Medium
32.0;10.0;13.0;;6.0;19.0;20.0;4.0;15.08;1.07;
25.0;15.0;13.26;4.86;0.0;15.0;10.0;5.0;14.39;0.5;High
36.0;18.0;11.98;7.15;6.0;5.0;12.0;1.0;16.1;1.03;Medium
33.0;4.0;10.16;6.98;3.0;7.0;29.0;9.0;14.64;1.83;Medium
36.0;13.0;5.29;4.32;1.0;12.0;23.0;5.0;8.26;0.81;Medium
27.0;16.0;10.22;5.33;7.0;12.0;2.0;5.0;12.36;0.45;Medium
30.0;2.0;4.56;5.95;3.0;19.0;12.0;7.0;8.65;0.69;Medium
39.0;3.0;12.85;5.22;6.0;16.0;17.0;7.0;13.89;1.75;High
20.0;15.0;8.82;5.22;3.0;2.0;23.0;5.0;13.52;1.88;Medium
26.0;15.0;10.97;6.86;1.0;12.0;8.0;6.0;15.43;1.77;Medium
40.0;3.0;4.52;6.35;0.0;6.0;;3.0;7.7;0.57;Low
40.0;18.0;9.34;7.34;0.0;19.0;1.0;4.0;;0.78;Medium
36.0;16.0;7.01;8.78;6.0;4.0;27.0;5.0;8.14;1.95;Low
29.0;12.0;6.85;7.3;5.0;10.0;7.0;5.0;11.85;0.65;Medium
30.0;0.0;7.9;6.91;1.0;17.0;1.0;2.0;11.95;0.28;Medium
41.0;11.0;4.01;8.24;0.0;3.0;22.0;8.0;6.36;0.56;Low
28.0;3.0;8.67;7.16;4.0;19.0;23.0;3.0;9.75;1.93;Medium
28.0;10.0;8.87;4.83;3.0;6.0;0.0;7.0;12.43;0.83;High
43.0;4.0;12.63;5.57;6.0;3.0;23.0;3.0;17.58;1.87;Medium
24.0;1.0;8.49;7.67;4.0;9.0;2.0;5.0;12.32;0.21;Medium
;16.0;7.64;7.69;4.0;0.0;28.0;0.0;8.97;1.53;Low
28.0;7.0;13.95;8.94;5.0;16.0;16.0;1.0;16.56;0.19;High
36.0;5.0;9.71;7.13;5.0;4.0;6.0;5.0;11.15;;Medium
43.0;8.0;8.73;8.5;5.0;16.0;9.0;2.0;13.38;1.23;Medium
40.0;12.0;8.96;4.27;4.0;2.0;18.0;6.0;11.28;0.87;Medium
38.0;10.0;12.09;6.83;2.0;8.0;23.0;0.0;16.02;1.33;Medium
26.0;15.0;7.41;8.6;7.0;2.0;8.0;2.0;8.75;1.95;Low
42.0;15.0;7.89;5.44;2.0;2.0;17.0;2.0;9.4;0.11;Low
28.0;1.0;11.56;4.77;4.0;8.0;14.0;0.0;15.28;0.38;Medium
26.0;9.0;4.73;5.75;3.0;4.0;16.0;3.0;9.1;1.28;Low
32.0;11.0;12.65;7.96;6.0;9.0;23.0;7.0;14.46;1.79;High
30.0;7.0;8.3;4.42;4.0;14.0;25.0;6.0;10.97;1.6;High
33.0;10.0;9.81;7.0;6.0;11.0;21.0;6.0;13.29;0.93;Medium
38.0;9.0;11.57;4.68;4.0;5.0;25.0;4.0;15.76;1.49;Medium
30.0;12.0;6.66;6.18;5.0;6.0;16.0;3.0;10.17;0.42;Low
32.0;16.0;12.9;8.83;6.0;6.0;18.0;9.0;14.28;0.03;High
;6.0;13.79;4.98;5.0;3.0;8.0;5.0;16.96;1.14;Medium
32.0;2.0;8.94;4.17;5.0;12.0;24.0;1.0;13.48;1.63;Medium
20.0;19.0;13.37;6.14;7.0;14.0;5.0;0.0;17.84;0.87;High
27.0;12.0;4.01;6.89;7.0;17.0;18.0;6.0;;1.14;Medium
31.0;18.0;12.94;5.49;2.0;17.0;7.0;3.0;17.92;0.84;High
38.0;6.0;7.11;6.71;4.0;6.0;5.0;6.0;8.53;1.03;Medium
31.0;8.0;;8.77;3.0;9.0;16.0;5.0;10.02;1.77;Low
27.0;18.0;6.28;5.56;3.0;15.0;5.0;8.0;10.38;0.96;Medium
27.0;12.0;7.17;5.55;5.0;7.0;12.0;9.0;8.73;0.01;Medium
40.0;7.0;6.13;6.41;5.0;18.0;20.0;5.0;11.02;1.6;Medium
32.0;17.0;13.06;6.58;4.0;10.0;23.0;2.0;15.48;1.24;
31.0;1.0;12.99;4.01;7.0;5.0;28.0;6.0;15.39;1.46;High
35.0;17.0;5.02;7.08;3.0;9.0;;8.0;6.87;1.8;Medium
20.0;17.0;5.43;8.99;4.0;18.0;11.0;9.0;7.58;0.57;Medium
32.0;10.0;12.62;5.46;7.0;13.0;6.0;5.0;;1.01;High
26.0;0.0;7.99;7.15;6.0;19.0;5.0;6.0;10.71;1.2;High
24.0;13.0;5.69;;2.0;5.0;16.0;7.0;7.46;0.69;Medium
27.0;15.0;9.11;7.02;4.0;3.0;27.0;3.0;13.35;1.69;Medium
44.0;10.0;8.17;6.24;;19.0;7.0;4.0;9.42;1.4;High
33.0;0.0;6.19;6.65;0.0;14.0;5.0;3.0;10.53;1.47;Low
42.0;6.0;11.21;6.72;2.0;4.0;28.0;;13.31;1.62;Low
32.0;15.0;;4.88;3.0;15.0;18.0;5.0;13.29;0.52;High
34.0;13.0;5.0;7.85;3.0;6.0;20.0;6.0;7.52;1.49;Low
42.0;14.0;13.25;;5.0;1.0;22.0;1.0;16.53;;Medium
36.0;13.0;9.58;5.35;5.0;12.0;8.0;5.0;13.76;1.68;Medium
34.0;10.0;6.5;8.69;2.0;1.0;19.0;1.0;11.46;0.98;Low
39.0;;6.06;4.06;5.0;8.0;27.0;9.0;8.28;1.01;Medium
37.0;18.0;5.36;7.63;0.0;19.0;29.0;4.0;8.58;0.2;Medium
37.0;16.0;8.25;5.91;2.0;4.0;15.0;0.0;11.11;1.7;Low
21.0;5.0;5.36;6.61;7.0;2.0;17.0;2.0;10.36;1.07;Low
23.0;10.0;8.16;5.46;7.0;1.0;18.0;3.0;12.4;1.19;Low
20.0;16.0;5.49;5.61;7.0;13.0;6.0;3.0;8.08;0.24;Low
23.0;8.0;10.57;4.08;5.0;7.0;7.0;1.0;13.48;1.2;Medium
37.0;17.0;11.85;7.65;6.0;19.0;20.0;7.0;13.83;0.08;High
24.0;16.0;9.5;7.55;1.0;11.0;18.0;5.0;13.52;1.85;Medium
38.0;11.0;10.8;7.27;0.0;16.0;0.0;8.0;15.18;1.73;Medium
34.0;4.0;13.38;8.39;2.0;15.0;25.0;5.0;18.24;0.39;High
27.0;10.0;10.38;8.51;1.0;5.0;12.0;2.0;13.64;1.19;Low
39.0;3.0;7.64;6.78;7.0;5.0;0.0;1.0;11.32;;Low
36.0;3.0;8.49;7.42;7.0;17.0;10.0;8.0;11.27;1.61;High
20.0;2.0;12.61;4.05;4.0;1.0;1.0;2.0;16.05;1.51;Medium
31.0;16.0;5.31;8.23;0.0;7.0;20.0;5.0;7.7;1.99;Low
38.0;6.0;7.26;8.08;4.0;13.0;2.0;9.0;11.21;0.7;High
34.0;3.0;9.77;4.1;7.0;1.0;12.0;1.0;10.86;0.25;Medium
28.0;12.0;10.76;6.71;1.0;16.0;6.0;6.0;11.87;1.15;High
26.0;11.0;11.63;8.53;3.0;;1.0;0.0;15.49;;Medium
21.0;0.0;7.18;4.91;7.0;17.0;1.0;8.0;11.9;0.57;High
28.0;18.0;5.46;5.76;3.0;5.0;2.0;0.0;8.99;0.47;Low
29.0;19.0;13.55;5.66;5.0;16.0;12.0;8.0;17.46;1.6;High
21.0;17.0;4.76;5.78;3.0;17.0;11.0;0.0;9.06;1.51;Medium
38.0;10.0;4.96;4.21;4.0;13.0;0.0;0.0;7.41;0.41;Low
30.0;19.0;8.95;;0.0;9.0;17.0;7.0;10.38;1.74;Medium
32.0;2.0;12.19;5.47;4.0;3.0;4.0;0.0;16.92;0.27;Medium
29.0;16.0;11.75;8.33;4.0;17.0;;7.0;16.5;0.22;High
33.0;11.0;13.38;5.76;7.0;10.0;26.0;2.0;16.15;0.7;High
37.0;9.0;5.42;6.24;7.0;15.0;9.0;3.0;7.29;1.77;Medium
38.0;7.0;7.76;5.9;3.0;3.0;5.0;1.0;12.33;1.39;Low
41.0;14.0;6.82;4.6;4.0;18.0;17.0;5.0;10.65;0.79;High
28.0;4.0;12.61;8.95;1.0;5.0;14.0;6.0;13.64;0.31;Medium
44.0;3.0;8.88;8.13;2.0;7.0;13.0;9.0;10.31;1.43;Medium
26.0;19.0;4.27;6.7;2.0;17.0;23.0;2.0;9.2;1.2;Low
22.0;18.0;11.08;6.38;2.0;18.0;15.0;8.0;12.23;1.98;High
39.0;3.0;7.89;7.25;5.0;17.0;3.0;2.0;10.02;1.53;Medium
25.0;14.0;9.31;5.63;7.0;15.0;18.0;6.0;12.5;0.2;High
40.0;16.0;12.94;4.25;6.0;6.0;20.0;3.0;14.68;1.46;High
21.0;11.0;6.57;6.02;6.0;16.0;29.0;4.0;8.5;0.51;Medium
25.0;2.0;6.4;8.92;3.0;2.0;7.0;8.0;8.81;1.92;Low
22.0;9.0;6.63;4.91;6.0;14.0;24.0;2.0;8.71;0.04;Medium
35.0;14.0;7.38;6.64;3.0;3.0;0.0;2.0;;0.48;Medium
27.0;9.0;5.07;4.04;2.0;15.0;19.0;8.0;8.07;1.0;Medium
21.0;17.0;10.97;4.61;7.0;13.0;21.0;8.0;13.08;0.16;High
36.0;0.0;6.07;6.94;0.0;16.0;21.0;3.0;8.32;0.69;Low
28.0;2.0;13.26;5.49;5.0;8.0;12.0;0.0;14.42;0.99;High
31.0;11.0;6.16;8.53;2.0;6.0;8.0;;7.36;0.89;Low
22.0;0.0;6.56;6.03;7.0;13.0;0.0;8.0;10.43;0.92;High
30.0;2.0;6.97;5.04;4.0;11.0;14.0;5.0;8.42;1.76;Medium
20.0;2.0;11.69;;7.0;16.0;28.0;4.0;14.59;1.01;High
42.0;4.0;8.28;7.97;6.0;8.0;14.0;9.0;12.65;1.88;Medium
32.0;;12.19;4.1;2.0;11.0;13.0;2.0;14.66;0.3;High
;0.0;11.85;6.53;6.0;11.0;4.0;2.0;14.23;0.56;High
24.0;3.0;13.29;7.87;2.0;7.0;25.0;1.0;17.78;1.31;Medium
40.0;3.0;11.57;4.52;6.0;9.0;16.0;6.0;16.03;0.57;High
36.0;16.0;4.52;8.51;0.0;;5.0;8.0;9.04;0.69;Low
44.0;13.0;12.37;5.32;3.0;4.0;8.0;5.0;15.66;1.8;Medium
42.0;17.0;13.38;4.85;7.0;19.0;19.0;9.0;18.19;1.08;High
43.0;0.0;13.94;6.95;6.0;0.0;25.0;0.0;18.22;0.67;Medium
44.0;15.0;5.25;4.88;3.0;8.0;25.0;5.0;7.91;1.55;Medium
25.0;2.0;10.13;7.4;4.0;14.0;24.0;7.0;13.65;0.14;High
40.0;8.0;5.99;6.45;2.0;1.0;18.0;7.0;7.48;1.13;Low
41.0;3.0;6.63;4.55;1.0;3.0;26.0;9.0;9.84;0.2;Medium
30.0;4.0;11.46;;4.0;3.0;22.0;2.0;13.51;0.35;Medium
37.0;10.0;13.78;7.37;6.0;2.0;20.0;0.0;15.91;0.12;Medium
23.0;8.0;9.95;6.73;3.0;15.0;25.0;4.0;11.45;1.8;High
22.0;2.0;12.51;5.87;0.0;7.0;16.0;5.0;14.94;0.1;Medium
32.0;5.0;;4.67;6.0;6.0;6.0;9.0;7.02;1.03;Medium
42.0;10.0;4.37;7.54;3.0;11.0;7.0;8.0;7.77;;Medium
28.0;8.0;9.97;8.07;3.0;11.0;14.0;1.0;12.19;0.77;Medium
40.0;14.0;7.89;4.63;6.0;3.0;5.0;0.0;12.06;0.99;Medium
25.0;2.0;12.9;6.47;0.0;14.0;0.0;6.0;15.98;0.9;Medium
31.0;0.0;7.02;6.42;2.0;5.0;8.0;1.0;10.57;1.5;Low
21.0;19.0;8.32;5.75;2.0;2.0;6.0;1.0;10.43;1.82;Low
22.0;18.0;;7.95;6.0;6.0;29.0;2.0;13.54;0.6;Medium
22.0;13.0;6.73;4.5;6.0;5.0;21.0;3.0;10.23;0.05;Medium
31.0;16.0;13.08;5.03;6.0;0.0;19.0;6.0;17.53;1.79;High
34.0;13.0;8.65;4.01;3.0;7.0;18.0;;10.29;1.96;Medium
28.0;16.0;8.24;5.86;6.0;0.0;3.0;5.0;10.76;0.87;Medium
42.0;13.0;12.5;5.46;4.0;15.0;0.0;6.0;13.95;0.91;High
27.0;11.0;7.12;8.33;1.0;2.0;8.0;2.0;8.98;0.29;Low
30.0;15.0;12.17;7.73;6.0;1.0;1.0;2.0;14.75;0.95;Medium
35.0;0.0;5.22;4.42;4.0;5.0;15.0;1.0;9.8;0.61;Low
44.0;12.0;5.83;7.7;5.0;7.0;1.0;4.0;9.06;1.99;Low
41.0;5.0;13.51;7.38;4.0;6.0;2.0;6.0;15.83;0.37;High
23.0;16.0;12.42;5.41;3.0;6.0;13.0;2.0;16.41;0.76;Medium
20.0;11.0;7.88;4.08;3.0;18.0;12.0;6.0;8.96;1.23;High
43.0;18.0;10.38;4.58;1.0;17.0;16.0;7.0;12.86;0.69;High
26.0;5.0;13.43;5.25;1.0;2.0;9.0;2.0;16.83;0.95;Medium
21.0;6.0;6.12;8.08;1.0;10.0;2.0;0.0;9.45;1.95;Low
43.0;0.0;4.59;6.33;3.0;10.0;3.0;2.0;8.02;1.02;Low
24.0;0.0;9.37;8.59;3.0;2.0;24.0;5.0;11.22;1.82;Low
26.0;4.0;5.43;7.95;4.0;0.0;4.0;0.0;7.78;0.09;Low
23.0;5.0;5.87;5.44;3.0;9.0;10.0;8.0;10.6;0.24;Medium
24.0;15.0;12.92;8.23;5.0;1.0;5.0;2.0;17.82;1.89;Low
43.0;15.0;4.07;4.58;2.0;16.0;28.0;2.0;6.32;0.26;Medium
20.0;13.0;12.17;4.18;2.0;8.0;0.0;6.0;15.75;1.47;Medium
20.0;0.0;9.17;7.04;1.0;17.0;18.0;6.0;11.14;0.89;Medium
;12.0;9.59;5.71;3.0;19.0;29.0;5.0;12.06;0.81;High
39.0;19.0;10.72;5.65;5.0;8.0;6.0;6.0;14.89;1.32;High
38.0;9.0;8.31;7.44;7.0;10.0;22.0;4.0;11.31;1.46;Medium
29.0;9.0;5.16;8.25;2.0;16.0;9.0;7.0;9.56;1.86;Medium
37.0;8.0;5.03;5.61;4.0;13.0;28.0;9.0;8.54;0.51;Medium
22.0;12.0;11.54;5.63;7.0;17.0;11.0;1.0;15.06;1.4;High
30.0;2.0;6.21;6.67;0.0;17.0;11.0;4.0;7.35;0.68;Medium
34.0;17.0;4.28;7.27;6.0;11.0;28.0;8.0;8.28;1.44;Medium
30.0;19.0;13.8;5.01;4.0;17.0;0.0;3.0;18.71;0.28;High
36.0;1.0;13.8;8.56;0.0;7.0;8.0;7.0;16.69;0.92;Medium
36.0;16.0;7.78;7.27;5.0;7.0;16.0;2.0;9.41;0.37;Low
25.0;18.0;4.26;7.13;4.0;7.0;22.0;5.0;9.17;0.67;Low
24.0;12.0;11.27;8.52;2.0;;11.0;7.0;13.43;1.43;High
27.0;12.0;12.31;8.54;3.0;14.0;27.0;8.0;14.95;0.47;High
21.0;0.0;5.25;4.68;0.0;7.0;1.0;6.0;6.56;1.37;Low
35.0;1.0;5.35;4.73;3.0;13.0;8.0;5.0;6.79;;Medium
39.0;0.0;12.22;7.81;5.0;12.0;11.0;5.0;14.09;0.18;High
43.0;4.0;13.22;8.78;6.0;7.0;;5.0;16.41;0.77;Medium
31.0;2.0;11.91;7.33;6.0;16.0;24.0;9.0;15.14;1.74;High
25.0;6.0;6.01;6.06;3.0;18.0;24.0;8.0;9.43;1.98;Medium
20.0;12.0;8.12;;2.0;5.0;3.0;2.0;;0.74;Low
23.0;17.0;10.01;5.14;5.0;16.0;21.0;3.0;12.99;0.11;High
36.0;6.0;5.6;8.99;7.0;3.0;28.0;2.0;9.81;0.26;Low
32.0;0.0;6.11;6.16;6.0;6.0;11.0;8.0;10.85;1.58;Medium
37.0;4.0;6.83;8.66;1.0;16.0;17.0;4.0;8.91;1.31;Low
24.0;16.0;9.1;6.15;1.0;;2.0;9.0;10.62;0.57;High
43.0;7.0;9.11;8.64;0.0;5.0;21.0;7.0;11.81;0.78;Low
43.0;14.0;12.14;5.68;2.0;9.0;0.0;7.0;13.25;1.62;High
22.0;19.0;11.53;7.8;3.0;17.0;22.0;8.0;16.06;0.83;High
30.0;3.0;13.14;8.76;4.0;6.0;17.0;9.0;15.1;1.51;Medium
32.0;1.0;12.33;7.23;7.0;13.0;23.0;6.0;15.53;;Medium
23.0;4.0;6.54;7.39;4.0;13.0;20.0;2.0;8.0;1.45;Medium
33.0;0.0;7.31;4.51;5.0;9.0;22.0;4.0;10.52;0.93;Medium
41.0;4.0;9.0;6.37;0.0;8.0;7.0;2.0;10.16;;Low
30.0;5.0;4.14;8.43;0.0;9.0;18.0;1.0;8.22;1.2;Low
29.0;1.0;13.04;5.2;0.0;1.0;21.0;2.0;17.86;;Low
38.0;0.0;4.44;7.94;2.0;2.0;27.0;9.0;6.67;0.93;Low
37.0;3.0;7.22;7.38;4.0;15.0;24.0;8.0;9.25;0.53;Medium
25.0;6.0;9.69;5.11;5.0;9.0;3.0;8.0;12.48;1.97;High
34.0;0.0;9.18;5.41;7.0;10.0;25.0;7.0;12.66;1.81;High
40.0;0.0;10.54;6.14;2.0;9.0;22.0;6.0;12.3;1.05;Medium
29.0;7.0;9.28;4.63;5.0;11.0;15.0;0.0;13.49;0.07;Medium
24.0;19.0;6.29;8.57;2.0;13.0;16.0;8.0;8.08;0.34;High
24.0;15.0;6.01;7.7;7.0;8.0;27.0;9.0;7.03;1.71;Low
29.0;12.0;13.07;5.82;7.0;12.0;22.0;1.0;16.17;1.86;High
24.0;17.0;6.64;5.5;3.0;5.0;8.0;5.0;8.1;0.32;Medium
22.0;19.0;6.81;7.45;2.0;10.0;25.0;9.0;10.6;1.47;Medium
42.0;9.0;8.13;6.12;2.0;0.0;7.0;;9.8;1.25;Low
25.0;11.0;5.39;5.15;7.0;14.0;19.0;5.0;9.66;0.61;High
23.0;0.0;9.07;6.15;3.0;6.0;18.0;7.0;11.95;0.87;Medium
37.0;9.0;10.65;8.36;1.0;10.0;6.0;7.0;13.92;1.35;Medium
28.0;8.0;11.86;4.34;3.0;16.0;28.0;9.0;13.61;0.2;High
36.0;2.0;11.11;;0.0;4.0;11.0;1.0;12.7;0.38;Medium
32.0;;5.48;8.81;6.0;8.0;0.0;6.0;9.01;0.07;Medium
34.0;8.0;8.56;4.07;1.0;15.0;23.0;1.0;10.58;1.8;Medium
39.0;9.0;4.39;8.45;6.0;10.0;29.0;0.0;6.93;1.15;Low
36.0;18.0;4.18;5.87;7.0;16.0;27.0;7.0;7.1;1.05;Medium
32.0;15.0;8.4;4.95;4.0;5.0;16.0;8.0;10.32;1.41;Low
35.0;17.0;6.53;4.07;;14.0;22.0;6.0;10.71;1.98;High
41.0;13.0;10.83;4.35;6.0;2.0;5.0;3.0;15.59;0.34;
23.0;2.0;11.24;4.86;5.0;8.0;25.0;6.0;13.97;0.27;High
24.0;1.0;12.95;4.13;2.0;11.0;23.0;3.0;17.62;0.59;High
24.0;0.0;11.61;5.68;1.0;18.0;21.0;6.0;;1.81;High
28.0;17.0;4.48;4.22;4.0;17.0;4.0;3.0;6.14;0.82;Medium
36.0;8.0;7.72;7.46;3.0;15.0;24.0;8.0;9.41;1.59;Medium
32.0;12.0;6.73;8.09;3.0;7.0;19.0;4.0;9.64;0.41;Low
21.0;1.0;7.86;8.44;0.0;18.0;6.0;6.0;10.96;0.99;Medium
32.0;6.0;5.6;6.75;6.0;4.0;21.0;7.0;7.96;0.25;Medium
41.0;15.0;4.98;8.73;0.0;11.0;25.0;4.0;7.23;0.83;Low
40.0;18.0;9.21;4.03;7.0;5.0;21.0;0.0;11.94;0.52;Medium
42.0;14.0;11.2;4.67;1.0;11.0;26.0;3.0;14.96;1.1;High
38.0;10.0;11.02;5.47;;14.0;11.0;2.0;12.36;1.56;High
22.0;0.0;8.51;7.95;6.0;9.0;4.0;6.0;12.35;1.88;Medium
29.0;6.0;9.22;8.43;5.0;16.0;1.0;5.0;13.92;0.57;Medium
21.0;19.0;9.16;7.09;2.0;6.0;3.0;5.0;13.21;1.49;Medium
32.0;7.0;10.92;5.92;3.0;6.0;16.0;1.0;12.69;1.77;Medium
38.0;9.0;4.48;7.33;7.0;10.0;24.0;5.0;5.83;0.25;Medium
36.0;4.0;11.1;4.9;1.0;1.0;24.0;7.0;14.06;1.17;Medium
40.0;8.0;9.82;6.29;6.0;1.0;7.0;4.0;14.65;1.22;Medium
33.0;0.0;;6.54;1.0;13.0;19.0;8.0;10.26;0.54;Medium
31.0;1.0;4.49;4.52;5.0;17.0;4.0;1.0;7.74;0.05;Medium
40.0;18.0;5.09;4.17;6.0;15.0;16.0;6.0;6.66;0.51;Medium
31.0;13.0;9.25;7.75;1.0;10.0;19.0;5.0;13.11;1.17;Medium
30.0;19.0;11.58;6.67;0.0;8.0;3.0;5.0;15.83;0.39;Medium
26.0;9.0;7.35;5.66;5.0;6.0;20.0;3.0;12.09;0.57;Medium
23.0;8.0;7.79;6.19;3.0;3.0;17.0;9.0;11.24;1.42;Medium
38.0;9.0;13.34;8.79;6.0;15.0;17.0;8.0;16.4;0.8;High
20.0;5.0;6.13;5.92;7.0;13.0;27.0;5.0;9.61;0.13;Medium
43.0;16.0;;4.52;0.0;10.0;17.0;7.0;9.81;0.8;Medium
22.0;5.0;7.43;6.32;0.0;7.0;15.0;7.0;10.94;2.0;Medium
32.0;3.0;11.46;7.24;5.0;10.0;10.0;3.0;13.49;0.52;Medium
34.0;19.0;10.26;4.06;7.0;19.0;7.0;4.0;13.8;0.53;High
21.0;2.0;8.16;5.66;5.0;16.0;28.0;1.0;12.68;0.34;Medium
30.0;18.0;13.65;5.97;1.0;;11.0;3.0;16.92;0.54;High
23.0;17.0;11.35;6.32;7.0;9.0;17.0;5.0;14.36;1.15;Medium
38.0;3.0;4.62;5.51;4.0;11.0;21.0;1.0;8.55;1.93;Low
36.0;7.0;11.45;7.33;4.0;0.0;17.0;1.0;15.09;1.22;Low
22.0;16.0;4.24;8.72;4.0;1.0;28.0;9.0;5.47;0.82;Low
37.0;4.0;10.5;8.57;6.0;17.0;7.0;6.0;14.4;0.78;Medium
27.0;12.0;6.1;7.32;6.0;6.0;15.0;9.0;8.73;0.05;Medium
41.0;0.0;10.96;6.53;1.0;15.0;29.0;4.0;15.72;0.01;High
44.0;12.0;7.1;8.13;2.0;12.0;16.0;2.0;11.98;1.59;Low
43.0;3.0;12.73;8.18;6.0;3.0;1.0;2.0;15.52;0.98;Medium
38.0;13.0;7.37;8.15;3.0;9.0;29.0;;12.25;0.07;Medium
24.0;2.0;10.2;4.79;1.0;8.0;;2.0;12.44;0.57;High
26.0;4.0;6.86;4.13;1.0;17.0;21.0;9.0;10.59;0.71;High
40.0;6.0;13.17;8.92;7.0;8.0;14.0;4.0;14.47;1.57;Medium
27.0;0.0;11.81;8.8;0.0;9.0;24.0;1.0;13.39;0.87;Low
24.0;11.0;6.43;6.82;7.0;7.0;21.0;2.0;10.89;;Low
36.0;10.0;13.49;8.97;4.0;10.0;23.0;3.0;18.07;1.27;Medium
24.0;7.0;7.57;7.85;5.0;12.0;27.0;0.0;10.7;0.07;Medium
23.0;5.0;10.52;6.59;1.0;12.0;6.0;3.0;12.88;1.94;Medium
41.0;1.0;11.43;5.95;2.0;15.0;0.0;3.0;14.23;0.36;High
38.0;18.0;4.23;6.96;6.0;12.0;1.0;2.0;8.71;0.55;Low
40.0;19.0;13.59;6.58;3.0;11.0;3.0;9.0;15.43;1.62;High
21.0;19.0;7.44;8.97;2.0;14.0;15.0;8.0;9.62;0.38;Medium
30.0;13.0;5.9;6.45;1.0;15.0;11.0;2.0;10.04;;Low
41.0;0.0;12.51;8.18;1.0;7.0;16.0;1.0;17.25;1.73;Medium
32.0;9.0;11.03;;0.0;5.0;23.0;6.0;12.4;1.27;Medium
34.0;15.0;4.87;4.36;2.0;7.0;3.0;8.0;;0.6;Medium
31.0;3.0;5.17;4.44;0.0;1.0;15.0;5.0;8.75;1.29;Low
41.0;10.0;11.15;7.3;5.0;17.0;6.0;4.0;13.07;1.63;Medium
40.0;15.0;4.75;5.3;2.0;10.0;22.0;;8.77;0.81;Low
41.0;19.0;13.17;7.29;4.0;16.0;7.0;2.0;17.08;1.14;
30.0;0.0;11.42;4.72;;9.0;24.0;8.0;12.99;1.98;High
26.0;15.0;7.35;5.99;4.0;1.0;8.0;7.0;10.36;1.93;Medium
24.0;;7.63;4.51;2.0;18.0;13.0;8.0;11.66;1.02;High
36.0;8.0;9.06;5.41;0.0;19.0;22.0;7.0;10.83;0.19;Medium
43.0;8.0;7.61;4.44;4.0;19.0;8.0;0.0;10.46;1.4;Medium
39.0;8.0;11.83;8.85;1.0;19.0;14.0;7.0;13.31;0.54;High
28.0;16.0;13.75;5.98;6.0;1.0;20.0;7.0;15.98;1.34;Medium
33.0;11.0;9.85;8.51;3.0;5.0;25.0;4.0;11.72;0.7;Low
31.0;12.0;8.46;8.86;7.0;16.0;3.0;5.0;11.48;1.44;Medium
25.0;7.0;6.23;8.55;0.0;11.0;2.0;1.0;7.79;0.73;Low
36.0;15.0;10.53;6.27;5.0;4.0;21.0;0.0;13.06;1.88;Low
38.0;17.0;10.86;7.89;6.0;1.0;9.0;7.0;12.96;0.27;Medium
38.0;0.0;10.85;4.77;5.0;8.0;26.0;6.0;14.83;0.14;High
35.0;0.0;4.27;4.47;2.0;1.0;24.0;3.0;8.07;1.56;Low
31.0;11.0;12.99;8.38;5.0;19.0;3.0;6.0;14.37;0.8;High
31.0;5.0;7.38;4.16;7.0;13.0;29.0;1.0;12.19;0.93;Medium
39.0;8.0;11.44;8.86;3.0;14.0;17.0;1.0;15.42;1.87;Medium
25.0;4.0;11.6;7.36;3.0;1.0;10.0;6.0;15.06;1.18;Medium
42.0;15.0;10.51;6.1;1.0;17.0;18.0;2.0;13.42;1.32;High
23.0;17.0;7.95;4.71;5.0;11.0;18.0;5.0;9.66;0.04;High
25.0;16.0;10.08;7.62;0.0;6.0;17.0;6.0;14.93;1.34;Medium
30.0;17.0;4.4;6.82;3.0;15.0;12.0;6.0;5.43;0.78;Medium
20.0;0.0;11.62;7.56;0.0;18.0;24.0;9.0;15.39;0.92;High
43.0;18.0;5.0;6.09;1.0;2.0;3.0;3.0;8.03;1.62;Low
42.0;7.0;7.97;4.33;2.0;14.0;2.0;2.0;12.58;1.05;Medium
34.0;2.0;5.04;5.57;3.0;14.0;15.0;0.0;7.56;1.97;Low
30.0;4.0;12.37;5.58;;6.0;13.0;6.0;15.44;1.59;High
44.0;7.0;9.5;4.04;7.0;7.0;9.0;8.0;13.47;1.46;High
38.0;18.0;10.91;4.05;;6.0;5.0;0.0;12.1;1.18;Medium
37.0;17.0;10.83;5.65;3.0;2.0;7.0;4.0;12.05;0.82;Medium
36.0;17.0;12.42;7.64;5.0;18.0;26.0;3.0;;0.11;High
38.0;0.0;5.33;7.12;7.0;18.0;23.0;9.0;6.92;0.04;High
40.0;14.0;10.6;5.2;7.0;17.0;15.0;1.0;11.63;0.09;High
33.0;17.0;9.75;7.01;0.0;6.0;9.0;6.0;13.24;1.92;Medium
37.0;6.0;4.31;7.24;6.0;18.0;21.0;6.0;8.49;0.65;Medium
38.0;15.0;6.01;6.61;3.0;4.0;20.0;7.0;10.84;1.4;Medium
34.0;15.0;6.68;6.61;0.0;12.0;26.0;2.0;;1.19;Low
34.0;14.0;4.73;5.85;5.0;1.0;6.0;5.0;6.85;1.14;Low
23.0;5.0;7.55;4.62;4.0;17.0;18.0;3.0;12.01;1.16;Medium
26.0;8.0;4.27;5.93;7.0;3.0;27.0;2.0;8.65;0.6;Low
32.0;6.0;9.53;5.73;4.0;3.0;25.0;3.0;13.03;1.77;Medium
22.0;13.0;6.12;6.96;0.0;7.0;17.0;0.0;8.21;1.84;Low
35.0;10.0;6.87;;5.0;10.0;12.0;6.0;11.5;1.29;Medium
28.0;15.0;13.1;5.88;4.0;0.0;7.0;6.0;14.81;1.73;Medium
27.0;5.0;9.03;7.55;;8.0;;6.0;10.2;0.12;Medium
39.0;15.0;6.69;8.06;1.0;5.0;27.0;1.0;10.88;0.2;Low
32.0;19.0;9.98;;4.0;3.0;13.0;0.0;13.23;1.12;Low
36.0;15.0;6.02;8.51;7.0;5.0;8.0;8.0;8.01;1.69;Medium
36.0;11.0;4.74;4.35;2.0;12.0;11.0;;8.42;0.63;Low
36.0;16.0;4.21;8.51;0.0;8.0;5.0;4.0;8.28;1.1;Low
20.0;4.0;13.52;4.82;4.0;13.0;19.0;4.0;17.9;0.02;High
27.0;12.0;11.25;5.69;0.0;11.0;21.0;7.0;13.38;1.97;Medium
38.0;7.0;12.0;7.03;6.0;3.0;27.0;0.0;13.1;1.53;Medium
25.0;4.0;13.81;8.53;6.0;7.0;22.0;;16.85;0.72;Medium
22.0;11.0;13.32;5.28;5.0;16.0;11.0;2.0;17.74;1.97;High
24.0;8.0;11.37;7.82;6.0;;23.0;1.0;13.2;0.18;Medium
32.0;2.0;10.94;7.55;6.0;2.0;18.0;4.0;13.62;0.93;Medium
34.0;2.0;7.37;4.8;4.0;3.0;11.0;3.0;9.4;0.12;Medium
33.0;0.0;5.04;6.4;1.0;7.0;21.0;8.0;6.09;0.67;Low
42.0;17.0;9.74;6.41;7.0;15.0;29.0;0.0;14.33;0.44;
35.0;11.0;;5.52;5.0;10.0;25.0;2.0;11.3;0.63;Medium
37.0;8.0;;7.9;6.0;1.0;21.0;2.0;17.59;1.89;Medium
41.0;8.0;8.43;8.63;2.0;7.0;25.0;3.0;10.82;0.85;Low
41.0;17.0;10.91;7.58;0.0;6.0;6.0;6.0;13.02;0.65;Medium
30.0;17.0;9.75;8.86;7.0;0.0;14.0;4.0;14.51;1.28;Low
22.0;6.0;5.77;4.25;7.0;1.0;15.0;9.0;9.4;1.37;Medium
41.0;3.0;9.92;4.19;7.0;12.0;;5.0;;1.97;High
29.0;12.0;9.4;8.47;2.0;10.0;3.0;2.0;13.44;1.09;Low
29.0;16.0;;8.49;6.0;2.0;5.0;4.0;11.3;1.51;Low
40.0;1.0;9.13;4.54;1.0;1.0;15.0;1.0;12.38;0.76;Low
35.0;13.0;5.64;5.79;6.0;15.0;14.0;3.0;7.72;0.34;Medium
31.0;2.0;8.63;8.18;7.0;0.0;1.0;2.0;12.97;0.86;Low
21.0;4.0;10.06;4.64;3.0;6.0;23.0;2.0;13.46;0.84;Medium
28.0;13.0;8.89;5.34;3.0;2.0;2.0;3.0;10.86;0.84;Low
;2.0;8.89;7.4;0.0;15.0;14.0;7.0;13.49;1.39;Medium
22.0;6.0;4.78;8.91;5.0;5.0;24.0;7.0;8.1;0.81;Low
43.0;17.0;5.91;7.99;1.0;13.0;7.0;0.0;8.89;1.91;Low
44.0;12.0;7.21;7.89;6.0;10.0;11.0;4.0;8.35;1.97;Low
34.0;9.0;8.19;5.71;0.0;18.0;21.0;1.0;12.83;1.05;Medium
22.0;12.0;9.94;7.31;5.0;0.0;25.0;9.0;14.75;1.12;Medium
38.0;;12.63;4.57;0.0;12.0;1.0;5.0;15.88;0.82;Medium
37.0;8.0;5.59;8.96;0.0;19.0;14.0;2.0;8.36;0.71;Low
27.0;1.0;4.15;6.4;2.0;8.0;7.0;9.0;6.59;1.97;Medium
36.0;4.0;8.49;7.19;4.0;10.0;26.0;9.0;10.56;0.08;Medium
27.0;16.0;8.32;8.38;1.0;0.0;21.0;8.0;11.62;0.82;Low
26.0;3.0;9.52;4.0;2.0;12.0;10.0;8.0;11.03;0.3;High
26.0;16.0;12.33;8.88;5.0;;16.0;7.0;17.01;1.45;High
22.0;8.0;12.02;5.8;4.0;0.0;21.0;1.0;13.72;0.39;Low
20.0;19.0;5.0;5.7;0.0;;28.0;1.0;8.98;1.77;Low
;1.0;13.34;4.73;3.0;19.0;20.0;1.0;15.57;0.75;High
44.0;17.0;5.1;8.29;6.0;16.0;21.0;4.0;7.0;1.83;Medium
24.0;10.0;10.35;8.35;2.0;4.0;28.0;9.0;13.58;1.97;Medium
20.0;;10.72;4.1;7.0;5.0;0.0;8.0;14.78;1.54;Medium
34.0;7.0;10.8;4.28;1.0;16.0;19.0;6.0;14.71;1.25;High
24.0;0.0;6.65;8.59;1.0;9.0;22.0;6.0;8.59;0.3;Medium
32.0;16.0;7.3;4.61;4.0;10.0;28.0;2.0;9.62;1.87;Low
27.0;11.0;9.49;7.1;2.0;12.0;14.0;2.0;13.97;1.55;Medium
27.0;3.0;6.0;7.1;0.0;9.0;20.0;9.0;9.89;0.58;Medium
24.0;12.0;4.2;8.35;7.0;13.0;21.0;2.0;8.05;0.94;Low
28.0;8.0;9.62;6.86;4.0;12.0;1.0;0.0;11.7;0.14;High
20.0;6.0;8.65;6.17;5.0;3.0;23.0;7.0;12.82;1.32;Medium
23.0;4.0;10.57;8.87;1.0;19.0;9.0;1.0;13.0;0.25;Medium
22.0;4.0;5.47;5.14;7.0;16.0;19.0;6.0;8.08;1.3;Medium
21.0;16.0;12.41;5.31;5.0;17.0;5.0;8.0;14.56;1.34;High
27.0;8.0;5.46;4.42;7.0;10.0;2.0;1.0;;0.65;Low
42.0;5.0;12.91;8.88;2.0;9.0;24.0;0.0;15.59;1.9;Medium
28.0;18.0;8.5;7.53;3.0;17.0;12.0;4.0;9.57;1.56;Medium
21.0;15.0;9.5;4.06;7.0;18.0;23.0;9.0;12.32;0.99;High
33.0;1.0;;7.52;7.0;8.0;29.0;4.0;16.87;1.84;Medium
33.0;9.0;7.0;6.02;5.0;4.0;14.0;0.0;11.84;1.71;Low
23.0;15.0;5.82;;6.0;0.0;5.0;8.0;7.13;1.38;Low
25.0;4.0;8.46;5.39;0.0;4.0;8.0;2.0;10.59;0.31;Medium
30.0;14.0;6.44;7.55;6.0;2.0;9.0;1.0;9.42;0.99;Low
22.0;12.0;9.28;7.14;1.0;0.0;8.0;6.0;10.96;1.73;
27.0;12.0;6.75;4.06;6.0;18.0;17.0;4.0;8.22;1.22;Medium
22.0;12.0;12.64;8.43;2.0;5.0;8.0;;15.45;1.09;Low
33.0;14.0;10.07;4.7;7.0;9.0;23.0;3.0;13.39;1.91;Medium
32.0;;4.0;7.32;3.0;4.0;17.0;8.0;8.28;0.03;Low
32.0;7.0;12.05;7.88;1.0;11.0;8.0;8.0;17.04;0.02;
21.0;10.0;;7.15;3.0;11.0;4.0;0.0;11.4;1.79;Medium
32.0;17.0;7.2;4.49;1.0;16.0;12.0;9.0;9.09;0.08;Medium
38.0;3.0;7.83;8.88;4.0;1.0;11.0;6.0;11.82;0.67;Low
25.0;9.0;10.3;;6.0;13.0;8.0;7.0;13.45;1.85;High
35.0;0.0;8.42;7.14;4.0;11.0;18.0;4.0;11.22;1.38;Low
21.0;4.0;10.29;7.99;4.0;12.0;19.0;6.0;15.03;1.3;Medium
27.0;12.0;5.47;8.7;2.0;4.0;0.0;7.0;9.28;1.31;Low
36.0;0.0;13.7;7.02;7.0;4.0;10.0;7.0;17.43;0.64;High
42.0;7.0;11.3;5.3;4.0;16.0;4.0;8.0;12.35;1.06;High
;2.0;6.5;8.18;2.0;4.0;6.0;4.0;10.96;1.26;Low
29.0;2.0;11.24;4.82;0.0;18.0;12.0;1.0;15.41;0.61;High
35.0;6.0;9.75;4.11;4.0;3.0;22.0;5.0;11.95;1.59;Medium
25.0;3.0;5.09;8.54;2.0;6.0;5.0;0.0;7.26;0.64;Low
21.0;2.0;5.78;6.88;7.0;16.0;12.0;9.0;6.99;0.14;Medium
21.0;14.0;4.41;4.35;1.0;10.0;5.0;5.0;5.61;0.4;Medium
32.0;7.0;12.09;6.9;2.0;5.0;14.0;2.0;15.76;0.82;Medium
43.0;2.0;9.52;4.73;5.0;12.0;7.0;2.0;11.26;1.82;Medium
34.0;6.0;7.17;4.16;2.0;11.0;10.0;6.0;11.86;0.83;High
21.0;17.0;5.26;4.58;6.0;4.0;9.0;3.0;9.63;0.18;Medium
26.0;10.0;8.84;7.88;5.0;9.0;8.0;4.0;11.24;0.39;Medium
22.0;10.0;9.25;7.78;1.0;10.0;3.0;5.0;11.77;1.09;Medium
27.0;16.0;11.02;7.02;7.0;8.0;;9.0;13.33;0.36;High
42.0;5.0;13.7;5.05;6.0;12.0;3.0;5.0;15.07;0.13;High
33.0;7.0;8.35;7.69;2.0;2.0;23.0;1.0;9.48;1.43;Low
43.0;0.0;8.06;6.04;6.0;16.0;14.0;2.0;10.87;1.57;Medium
42.0;9.0;7.7;6.55;7.0;17.0;20.0;0.0;12.47;1.7;Low
41.0;18.0;12.27;8.49;1.0;4.0;9.0;2.0;16.94;1.69;Low
26.0;2.0;5.56;6.29;6.0;15.0;13.0;7.0;9.8;0.76;Medium
40.0;3.0;7.44;7.13;;15.0;24.0;3.0;10.95;1.47;Medium
26.0;10.0;11.25;8.81;3.0;10.0;5.0;1.0;15.67;1.17;Low
20.0;14.0;4.16;6.26;4.0;3.0;15.0;3.0;7.22;0.05;Low
36.0;0.0;6.89;6.8;5.0;8.0;24.0;6.0;8.61;0.8;Medium
28.0;8.0;10.41;6.92;7.0;14.0;11.0;8.0;14.15;0.11;High
40.0;10.0;5.86;5.2;0.0;11.0;;4.0;10.54;0.17;Medium
32.0;18.0;7.03;7.68;2.0;15.0;;4.0;8.11;0.11;Medium
40.0;12.0;8.86;7.63;6.0;3.0;0.0;4.0;10.87;1.92;Low
38.0;15.0;8.22;5.07;1.0;2.0;29.0;9.0;10.28;1.69;Medium
40.0;3.0;5.06;4.07;4.0;3.0;3.0;8.0;6.46;0.88;Medium
38.0;0.0;13.38;8.99;7.0;1.0;24.0;6.0;15.28;0.5;Medium
44.0;19.0;4.44;6.91;6.0;;12.0;2.0;6.98;0.14;Medium
44.0;12.0;11.5;4.91;2.0;6.0;6.0;1.0;16.26;0.86;Medium
41.0;0.0;4.71;5.42;4.0;1.0;14.0;8.0;9.15;1.2;Medium
36.0;4.0;8.67;7.09;3.0;0.0;5.0;2.0;13.45;1.59;Low
42.0;4.0;5.75;4.69;2.0;17.0;29.0;7.0;7.23;0.1;High
42.0;13.0;5.41;4.19;6.0;7.0;13.0;3.0;6.52;0.84;Low
29.0;13.0;5.26;7.99;1.0;7.0;17.0;4.0;6.7;1.95;Low
29.0;7.0;8.53;7.58;3.0;9.0;3.0;7.0;13.19;0.24;Medium
23.0;3.0;9.15;5.55;2.0;17.0;0.0;4.0;10.78;0.8;Medium
27.0;6.0;5.33;;4.0;10.0;28.0;9.0;8.62;0.55;Medium
41.0;;13.79;6.43;6.0;0.0;2.0;1.0;15.7;0.27;Medium
39.0;18.0;6.58;5.38;3.0;6.0;12.0;5.0;7.66;1.68;Low
39.0;14.0;8.59;5.99;1.0;7.0;17.0;6.0;9.93;1.39;Medium
37.0;3.0;6.16;5.37;2.0;13.0;28.0;0.0;10.0;0.82;Medium
33.0;18.0;8.94;4.88;4.0;18.0;3.0;9.0;10.67;0.74;High
;8.0;11.56;5.93;6.0;7.0;3.0;8.0;13.48;1.66;High
33.0;12.0;9.21;8.82;4.0;18.0;10.0;5.0;11.72;0.18;High
39.0;13.0;6.86;5.33;7.0;3.0;13.0;3.0;10.49;0.29;Medium
40.0;13.0;6.48;5.68;5.0;9.0;24.0;1.0;9.36;1.81;Low
43.0;9.0;11.59;5.65;3.0;9.0;6.0;8.0;16.37;1.63;Medium
34.0;15.0;5.18;6.4;6.0;3.0;28.0;5.0;7.92;1.55;Low
41.0;4.0;7.7;8.22;2.0;7.0;2.0;8.0;9.5;1.25;Medium
23.0;5.0;5.51;6.01;5.0;6.0;6.0;1.0;8.65;0.58;Medium
32.0;1.0;6.58;8.03;4.0;14.0;7.0;4.0;9.38;1.87;Medium
42.0;12.0;5.53;4.58;3.0;7.0;11.0;5.0;9.68;0.98;Medium
27.0;12.0;12.87;8.47;0.0;9.0;6.0;4.0;17.61;0.56;Medium
37.0;18.0;11.32;4.93;6.0;6.0;23.0;5.0;15.67;0.73;Medium
31.0;17.0;9.61;4.2;4.0;18.0;15.0;2.0;12.17;0.03;High
42.0;18.0;;4.79;3.0;2.0;29.0;8.0;8.1;;High
33.0;0.0;9.1;4.95;0.0;8.0;24.0;1.0;13.76;0.38;Medium
21.0;7.0;9.21;6.54;6.0;15.0;16.0;1.0;11.75;0.27;Medium
37.0;15.0;9.9;6.25;3.0;13.0;25.0;4.0;13.98;0.06;Medium
43.0;1.0;4.6;7.58;4.0;6.0;21.0;9.0;9.56;0.45;Medium
21.0;7.0;13.73;4.25;0.0;11.0;;2.0;17.04;0.21;High
30.0;5.0;8.65;6.49;7.0;0.0;16.0;1.0;11.57;0.09;Medium
28.0;15.0;13.27;5.66;6.0;15.0;17.0;5.0;17.07;0.27;High
31.0;10.0;4.1;7.15;3.0;2.0;25.0;5.0;5.88;0.4;Low
36.0;16.0;6.48;4.22;2.0;0.0;3.0;6.0;9.43;0.83;Low
34.0;18.0;5.04;4.17;0.0;5.0;16.0;3.0;7.29;1.17;Low
44.0;10.0;11.7;6.14;3.0;1.0;14.0;7.0;13.36;0.64;Medium
36.0;;7.2;8.06;2.0;6.0;21.0;2.0;10.64;0.28;Medium
37.0;3.0;12.4;7.36;7.0;7.0;16.0;9.0;15.7;1.88;High
41.0;10.0;12.32;4.08;0.0;12.0;12.0;0.0;16.36;1.03;Medium
25.0;7.0;10.68;4.89;3.0;15.0;24.0;4.0;15.17;1.48;Medium
36.0;8.0;10.66;5.13;4.0;9.0;25.0;5.0;12.54;1.39;Medium
42.0;1.0;11.0;6.12;0.0;3.0;2.0;;15.12;0.57;Low
43.0;15.0;10.74;6.93;0.0;12.0;11.0;1.0;13.21;;Medium
37.0;5.0;7.87;5.08;6.0;16.0;26.0;2.0;11.39;1.2;Medium
27.0;18.0;10.83;5.91;2.0;7.0;16.0;2.0;15.23;0.7;Medium
28.0;7.0;12.97;6.92;5.0;7.0;21.0;6.0;14.99;1.34;High
25.0;13.0;7.33;5.92;6.0;6.0;21.0;0.0;10.73;1.58;Low
;15.0;13.45;4.72;5.0;0.0;6.0;3.0;16.37;0.73;Medium
31.0;11.0;4.14;6.46;3.0;14.0;6.0;2.0;8.3;0.03;Low
44.0;4.0;7.49;5.62;4.0;14.0;25.0;9.0;11.28;0.7;Medium
30.0;18.0;5.32;8.32;;18.0;10.0;6.0;9.4;0.23;Medium
44.0;17.0;5.27;;0.0;3.0;15.0;0.0;7.42;0.31;Low
20.0;8.0;12.15;4.95;5.0;5.0;3.0;7.0;15.97;0.73;High
30.0;1.0;13.18;4.76;2.0;9.0;15.0;9.0;16.6;0.42;High
38.0;19.0;11.78;5.74;2.0;11.0;4.0;6.0;14.61;1.87;Medium
28.0;11.0;13.77;6.06;6.0;3.0;18.0;7.0;16.28;1.31;High
21.0;1.0;6.16;8.66;2.0;5.0;21.0;7.0;8.49;1.04;Medium
31.0;9.0;5.41;5.51;0.0;13.0;28.0;8.0;6.45;0.02;Medium
23.0;0.0;9.21;8.34;6.0;12.0;13.0;0.0;10.89;0.21;Medium
23.0;3.0;12.29;6.53;1.0;2.0;6.0;8.0;13.53;1.58;Medium
37.0;11.0;4.4;8.43;2.0;14.0;8.0;0.0;8.79;0.78;Low
34.0;8.0;13.96;7.51;1.0;2.0;24.0;2.0;18.4;0.09;Medium
38.0;3.0;10.02;7.54;5.0;4.0;27.0;6.0;14.4;1.65;Medium
;8.0;13.79;6.59;4.0;12.0;12.0;7.0;18.06;0.61;High
38.0;5.0;7.65;8.2;6.0;14.0;15.0;4.0;9.54;0.77;Low
36.0;0.0;8.58;5.27;5.0;16.0;20.0;0.0;11.55;1.95;Medium
25.0;9.0;11.52;;6.0;5.0;3.0;2.0;16.15;0.03;Medium
35.0;13.0;11.93;7.18;4.0;17.0;6.0;6.0;15.97;1.44;High
43.0;17.0;6.33;6.19;4.0;2.0;29.0;1.0;7.34;1.9;Low
31.0;5.0;13.3;8.91;6.0;8.0;2.0;1.0;16.14;0.13;Medium
38.0;17.0;12.67;8.31;5.0;7.0;19.0;8.0;13.71;1.73;Medium
24.0;19.0;4.18;7.86;3.0;19.0;14.0;5.0;6.3;0.83;Low
36.0;15.0;5.29;5.37;7.0;10.0;24.0;3.0;8.03;1.76;Medium
42.0;14.0;8.96;8.87;0.0;10.0;20.0;9.0;13.53;0.62;Medium
20.0;15.0;8.61;7.71;1.0;7.0;25.0;8.0;12.23;1.97;Low
44.0;7.0;11.08;7.03;3.0;0.0;13.0;6.0;13.53;1.29;Medium
43.0;12.0;4.9;8.61;1.0;;6.0;6.0;7.86;1.25;Low
42.0;10.0;10.45;4.81;6.0;19.0;17.0;7.0;14.72;1.61;High
29.0;;10.16;4.7;0.0;3.0;24.0;2.0;12.36;0.87;Medium
34.0;16.0;6.34;6.82;6.0;1.0;4.0;1.0;9.8;0.52;Low
42.0;17.0;9.42;4.28;2.0;1.0;20.0;0.0;11.47;0.53;Low
40.0;18.0;6.22;7.32;6.0;12.0;19.0;1.0;9.14;0.66;Low
40.0;12.0;5.47;5.2;5.0;19.0;7.0;2.0;6.57;1.23;High
30.0;14.0;9.73;4.6;3.0;5.0;26.0;4.0;14.14;1.68;Medium
32.0;0.0;13.77;6.05;6.0;3.0;19.0;;14.96;1.0;High
24.0;15.0;6.37;6.33;0.0;14.0;17.0;2.0;8.27;0.81;Low
20.0;4.0;7.55;4.85;5.0;2.0;20.0;6.0;9.88;1.59;Medium
43.0;2.0;6.57;4.21;3.0;3.0;18.0;4.0;10.07;0.58;Low
31.0;9.0;6.66;6.07;6.0;;19.0;4.0;10.54;1.38;Medium
30.0;18.0;8.04;7.8;4.0;5.0;2.0;7.0;9.36;0.21;Medium
36.0;4.0;11.02;8.37;6.0;1.0;22.0;9.0;12.19;0.23;Medium
23.0;6.0;4.39;4.49;7.0;19.0;29.0;4.0;8.59;1.29;Medium
34.0;13.0;13.57;6.62;3.0;12.0;5.0;9.0;17.42;0.17;High
44.0;2.0;4.46;5.32;2.0;14.0;17.0;6.0;8.79;0.31;Low
28.0;12.0;12.81;5.87;2.0;4.0;26.0;9.0;16.52;1.25;Medium
40.0;12.0;12.94;8.67;1.0;18.0;14.0;7.0;16.94;0.88;High
39.0;9.0;9.24;5.76;7.0;5.0;13.0;7.0;11.76;1.12;Medium
38.0;1.0;5.37;5.83;3.0;16.0;23.0;2.0;8.73;1.95;Low
38.0;5.0;9.65;5.05;6.0;0.0;20.0;3.0;13.87;1.26;Medium
31.0;7.0;10.29;8.8;4.0;1.0;21.0;7.0;11.98;1.18;Medium
24.0;3.0;12.58;6.28;6.0;0.0;7.0;4.0;15.27;0.76;Medium
29.0;11.0;9.51;6.85;2.0;7.0;10.0;0.0;13.47;1.26;Low
36.0;14.0;8.11;6.27;7.0;3.0;10.0;6.0;11.24;0.03;Medium
24.0;7.0;12.38;5.26;1.0;17.0;11.0;2.0;16.11;1.11;High
41.0;6.0;13.81;8.05;6.0;8.0;15.0;1.0;15.98;0.14;Medium
35.0;13.0;10.45;4.14;4.0;14.0;;9.0;11.58;0.44;High
26.0;18.0;12.74;7.45;;15.0;26.0;4.0;13.86;1.13;High
28.0;13.0;9.99;6.97;6.0;2.0;2.0;0.0;14.76;1.34;Medium
22.0;12.0;10.9;4.72;4.0;0.0;1.0;8.0;15.68;0.77;Medium
34.0;0.0;10.88;4.83;0.0;12.0;2.0;9.0;12.73;0.84;High
35.0;18.0;11.05;7.3;2.0;13.0;7.0;4.0;12.64;1.0;Medium
37.0;0.0;7.21;5.56;0.0;5.0;19.0;5.0;8.28;1.52;Low
33.0;3.0;9.76;5.33;0.0;4.0;7.0;6.0;11.69;0.04;Low
22.0;9.0;9.94;4.3;2.0;4.0;3.0;8.0;12.28;0.89;Medium
31.0;2.0;7.15;7.83;3.0;3.0;22.0;4.0;9.11;0.03;Low
28.0;19.0;7.5;8.41;5.0;11.0;12.0;3.0;11.69;0.64;Low
26.0;8.0;11.62;;1.0;13.0;21.0;2.0;15.62;1.04;Medium
28.0;2.0;9.83;6.33;7.0;;25.0;;11.15;0.16;High
32.0;5.0;5.49;6.67;6.0;10.0;16.0;9.0;9.28;0.97;Medium
37.0;5.0;12.38;5.21;7.0;9.0;28.0;9.0;15.46;1.85;High
24.0;11.0;12.83;4.86;5.0;9.0;26.0;2.0;14.36;1.37;Medium
32.0;0.0;8.66;8.12;5.0;8.0;23.0;4.0;12.62;1.56;Medium
23.0;15.0;6.09;7.99;5.0;1.0;21.0;7.0;7.43;1.16;Low
21.0;4.0;13.48;7.89;5.0;13.0;;1.0;15.19;1.79;Medium
35.0;8.0;12.82;6.32;2.0;6.0;4.0;3.0;14.42;0.29;Medium
28.0;9.0;6.44;8.32;5.0;16.0;11.0;7.0;11.2;0.9;Medium
28.0;12.0;;8.63;1.0;19.0;1.0;4.0;8.75;1.19;Medium
25.0;14.0;8.41;5.64;6.0;7.0;9.0;7.0;11.06;1.75;Medium
30.0;11.0;10.76;5.12;3.0;19.0;6.0;5.0;15.05;0.62;High
41.0;4.0;5.75;6.32;2.0;3.0;14.0;0.0;7.61;0.0;Low
43.0;4.0;9.13;4.9;5.0;4.0;26.0;4.0;13.85;1.95;Medium
41.0;17.0;8.25;8.42;4.0;12.0;25.0;9.0;12.04;0.05;Medium
20.0;11.0;12.91;5.69;6.0;6.0;21.0;1.0;16.15;0.3;Medium
23.0;2.0;8.3;6.88;2.0;5.0;6.0;6.0;12.48;0.84;Low
;6.0;9.34;6.97;3.0;16.0;14.0;9.0;12.92;0.99;High
42.0;16.0;13.55;6.57;5.0;5.0;15.0;3.0;18.1;1.67;Medium
32.0;18.0;7.0;4.78;0.0;18.0;21.0;1.0;11.32;0.9;Medium
32.0;17.0;6.89;8.96;2.0;2.0;25.0;0.0;8.68;1.09;Low
21.0;0.0;12.0;4.86;6.0;8.0;0.0;4.0;13.96;0.4;High
28.0;4.0;6.78;7.76;6.0;14.0;14.0;9.0;8.04;1.14;High
43.0;1.0;12.32;7.96;4.0;7.0;2.0;7.0;14.2;0.7;High
27.0;0.0;4.96;4.73;6.0;14.0;9.0;7.0;7.33;0.2;High
26.0;6.0;5.11;8.67;2.0;0.0;15.0;9.0;6.23;1.89;Low
23.0;10.0;13.01;6.44;0.0;7.0;1.0;1.0;;0.16;Medium
37.0;10.0;9.41;7.14;2.0;3.0;16.0;5.0;13.5;1.36;Medium
22.0;17.0;11.19;7.21;4.0;9.0;0.0;6.0;15.55;1.82;Medium
25.0;16.0;6.25;6.52;3.0;15.0;3.0;9.0;7.29;0.36;High
31.0;1.0;5.66;4.71;4.0;17.0;10.0;0.0;6.69;0.47;Medium
31.0;6.0;12.35;7.76;3.0;3.0;16.0;4.0;13.94;0.85;Medium
40.0;6.0;7.59;6.91;4.0;7.0;1.0;5.0;12.08;0.59;Medium
27.0;9.0;8.55;4.59;1.0;3.0;0.0;;11.43;1.52;Low
41.0;2.0;4.28;7.5;2.0;9.0;28.0;8.0;9.21;0.68;Medium
;11.0;7.86;7.51;7.0;19.0;27.0;2.0;12.41;1.97;Medium
20.0;2.0;11.7;6.74;6.0;3.0;27.0;7.0;;1.72;Medium
23.0;;12.21;4.45;2.0;15.0;5.0;9.0;13.72;1.79;High
40.0;11.0;10.99;5.76;0.0;11.0;10.0;2.0;13.89;0.13;Medium
30.0;3.0;10.92;4.25;1.0;9.0;3.0;8.0;15.89;0.35;High
22.0;15.0;9.06;6.39;0.0;10.0;23.0;7.0;10.66;0.34;Medium
32.0;19.0;9.38;8.53;2.0;1.0;10.0;8.0;12.68;1.34;Medium
44.0;17.0;11.43;4.01;0.0;;4.0;4.0;13.81;0.02;High
36.0;3.0;6.47;5.33;3.0;18.0;29.0;8.0;9.02;1.61;High
41.0;5.0;6.32;8.0;1.0;11.0;9.0;2.0;10.88;1.09;Low
41.0;14.0;13.5;4.05;6.0;3.0;4.0;6.0;16.85;;Medium
29.0;0.0;4.28;4.05;4.0;16.0;26.0;2.0;8.32;1.07;Medium
40.0;2.0;5.39;7.05;3.0;11.0;26.0;5.0;9.08;;Low
31.0;4.0;9.7;7.95;5.0;15.0;23.0;7.0;12.82;0.4;High
34.0;16.0;11.38;7.88;4.0;2.0;26.0;1.0;15.55;0.57;Medium
40.0;13.0;9.38;7.9;0.0;1.0;25.0;7.0;14.26;;Medium
29.0;8.0;7.55;5.81;2.0;6.0;21.0;0.0;12.42;1.36;Low
33.0;2.0;13.78;8.41;3.0;5.0;21.0;3.0;17.94;0.54;Medium
32.0;12.0;11.04;4.06;1.0;0.0;2.0;6.0;13.99;1.61;Medium
24.0;2.0;12.31;5.56;4.0;14.0;28.0;0.0;13.96;1.62;Medium
25.0;10.0;4.4;5.69;5.0;11.0;5.0;5.0;5.58;0.55;
;1.0;6.36;4.83;3.0;12.0;25.0;9.0;8.29;1.12;Medium
21.0;14.0;7.74;5.68;6.0;7.0;12.0;5.0;10.1;0.7;Medium
41.0;12.0;5.83;6.93;6.0;8.0;15.0;6.0;7.35;0.38;Low
36.0;18.0;4.73;6.6;2.0;0.0;;8.0;6.63;1.61;Low
23.0;15.0;6.25;5.6;1.0;4.0;17.0;6.0;7.58;1.98;Low
33.0;17.0;9.34;7.75;1.0;6.0;2.0;2.0;12.43;;Low
29.0;6.0;10.96;7.57;4.0;17.0;5.0;3.0;12.47;1.83;High
22.0;12.0;11.74;5.4;3.0;7.0;9.0;0.0;15.71;1.28;Medium
44.0;3.0;4.43;5.62;3.0;9.0;15.0;4.0;6.76;1.13;Low
22.0;8.0;8.28;5.44;7.0;7.0;24.0;6.0;11.97;0.96;Medium
34.0;9.0;5.22;4.64;1.0;11.0;12.0;2.0;9.75;0.47;Low
25.0;8.0;8.31;7.76;6.0;15.0;24.0;5.0;9.65;0.17;High
36.0;6.0;8.34;4.23;7.0;11.0;23.0;2.0;13.3;0.88;Medium
31.0;14.0;8.98;4.75;0.0;2.0;23.0;3.0;12.56;1.12;Low
41.0;7.0;12.93;4.53;1.0;17.0;;4.0;14.14;1.02;High
39.0;18.0;12.05;8.13;2.0;4.0;26.0;5.0;14.31;1.39;Low
43.0;10.0;10.37;4.22;3.0;13.0;15.0;5.0;14.91;0.38;High
30.0;4.0;12.85;7.32;6.0;19.0;10.0;0.0;16.23;0.71;High
44.0;1.0;10.78;4.22;4.0;15.0;8.0;7.0;12.93;0.83;High
23.0;9.0;12.19;7.93;7.0;5.0;9.0;2.0;16.95;0.37;High
25.0;15.0;9.64;8.56;3.0;15.0;10.0;3.0;13.79;1.81;Medium
20.0;12.0;;6.43;6.0;19.0;28.0;7.0;13.19;1.36;High
39.0;7.0;11.24;8.02;1.0;13.0;24.0;4.0;15.79;0.18;High
42.0;8.0;4.2;7.53;2.0;19.0;20.0;5.0;8.28;1.43;Medium
35.0;10.0;10.9;7.98;0.0;4.0;21.0;0.0;13.05;1.1;Low
34.0;10.0;13.35;7.83;6.0;13.0;14.0;7.0;16.69;1.05;High
36.0;15.0;11.14;5.03;6.0;10.0;20.0;4.0;15.51;1.98;Medium
27.0;9.0;4.37;6.5;3.0;8.0;12.0;0.0;6.09;1.24;Low
31.0;11.0;7.78;8.8;1.0;19.0;16.0;6.0;9.43;1.79;Medium
41.0;5.0;12.1;5.72;5.0;6.0;3.0;1.0;13.74;1.83;Medium
40.0;11.0;13.59;8.85;1.0;4.0;29.0;5.0;15.37;0.2;Medium
29.0;9.0;7.7;;1.0;14.0;10.0;2.0;9.11;0.02;Medium
34.0;17.0;12.41;6.31;2.0;12.0;28.0;5.0;16.76;0.87;High
28.0;17.0;12.64;7.29;7.0;;0.0;8.0;16.91;1.54;High
21.0;3.0;5.23;8.08;7.0;14.0;27.0;5.0;6.84;1.65;Medium
24.0;8.0;12.46;5.97;1.0;18.0;0.0;0.0;16.28;1.57;Medium
25.0;6.0;7.24;4.16;6.0;18.0;2.0;5.0;10.75;0.89;High
26.0;17.0;9.93;7.54;1.0;9.0;22.0;2.0;12.03;1.5;Low
;7.0;9.39;8.78;1.0;;14.0;3.0;11.3;1.44;Low
44.0;10.0;10.63;7.12;7.0;15.0;0.0;3.0;12.63;0.63;High
20.0;6.0;11.4;4.94;3.0;4.0;22.0;8.0;15.32;0.34;Medium
42.0;8.0;8.41;5.24;1.0;3.0;25.0;7.0;10.69;1.24;Medium
26.0;7.0;12.88;8.55;2.0;9.0;29.0;6.0;14.99;1.35;Medium
39.0;2.0;12.09;;5.0;5.0;25.0;4.0;13.18;1.14;High
44.0;16.0;11.85;6.74;3.0;10.0;28.0;9.0;16.48;0.43;High
31.0;1.0;8.58;;7.0;10.0;15.0;3.0;12.59;0.55;High
35.0;14.0;4.38;5.41;6.0;15.0;16.0;2.0;7.27;1.42;Medium
35.0;13.0;8.92;5.53;5.0;13.0;8.0;0.0;13.69;1.93;Medium
30.0;17.0;12.98;5.1;1.0;18.0;4.0;8.0;15.15;1.89;High
40.0;15.0;5.9;7.96;0.0;3.0;28.0;7.0;9.6;1.04;Low
23.0;19.0;13.83;5.66;5.0;4.0;5.0;0.0;16.05;1.77;Medium
;3.0;12.08;5.73;2.0;18.0;14.0;1.0;14.34;0.06;High
26.0;19.0;11.1;6.27;7.0;16.0;27.0;0.0;15.48;1.72;High
23.0;5.0;10.77;8.51;0.0;17.0;8.0;0.0;14.92;0.95;Medium
34.0;5.0;9.87;7.44;2.0;7.0;26.0;8.0;12.05;1.56;Medium
38.0;10.0;11.21;4.31;6.0;3.0;2.0;4.0;12.54;0.01;High
28.0;16.0;8.22;4.2;0.0;17.0;18.0;2.0;10.65;1.74;
30.0;2.0;12.45;6.83;1.0;10.0;20.0;1.0;16.49;1.19;Medium
27.0;12.0;10.96;8.44;0.0;13.0;12.0;7.0;12.36;0.48;Medium
20.0;2.0;11.71;5.62;6.0;12.0;12.0;7.0;15.4;0.69;High
42.0;15.0;11.92;5.24;5.0;15.0;22.0;5.0;16.48;0.4;High
44.0;14.0;4.92;7.74;7.0;11.0;2.0;1.0;6.64;0.85;Medium
43.0;10.0;4.56;7.01;0.0;8.0;19.0;0.0;9.01;0.66;Low
27.0;17.0;12.01;;2.0;6.0;13.0;5.0;13.22;1.07;Medium
32.0;14.0;6.59;4.75;1.0;9.0;1.0;0.0;10.26;1.63;Low
41.0;4.0;9.82;4.88;2.0;16.0;24.0;5.0;13.98;1.96;Medium
23.0;15.0;8.44;5.41;1.0;17.0;9.0;9.0;11.22;0.5;High
27.0;;4.22;5.03;5.0;6.0;8.0;1.0;6.03;0.21;Low
22.0;16.0;4.4;8.86;4.0;2.0;12.0;6.0;9.1;0.79;Low
28.0;8.0;12.27;4.09;3.0;14.0;10.0;9.0;13.35;0.29;High
21.0;2.0;10.08;7.13;5.0;15.0;1.0;1.0;13.3;1.67;Medium
21.0;19.0;9.24;6.59;6.0;16.0;15.0;1.0;;1.0;Medium
32.0;12.0;13.44;5.62;5.0;12.0;4.0;5.0;16.28;1.24;High
34.0;2.0;5.73;8.44;3.0;2.0;0.0;3.0;8.88;0.3;Low
42.0;6.0;6.58;7.35;2.0;19.0;7.0;5.0;9.72;1.5;Medium
31.0;5.0;11.57;8.99;5.0;19.0;21.0;7.0;13.38;1.95;High
23.0;8.0;11.75;4.84;1.0;4.0;15.0;9.0;15.47;0.96;Medium
27.0;11.0;8.05;4.44;0.0;8.0;13.0;2.0;9.13;1.92;Low
28.0;14.0;13.51;4.7;7.0;17.0;25.0;4.0;14.59;0.07;High
42.0;19.0;13.38;5.35;5.0;10.0;25.0;4.0;16.29;0.07;High
24.0;2.0;4.12;6.08;3.0;10.0;1.0;9.0;7.29;1.92;Low
43.0;9.0;5.72;8.31;5.0;15.0;17.0;8.0;7.82;1.4;High
39.0;0.0;12.2;;2.0;7.0;25.0;6.0;15.41;0.38;Medium
37.0;18.0;7.35;8.58;7.0;1.0;20.0;8.0;10.41;0.73;
30.0;18.0;4.95;6.31;2.0;9.0;6.0;7.0;7.35;1.02;Low
34.0;12.0;11.85;7.24;7.0;5.0;24.0;2.0;15.46;1.41;Medium
41.0;11.0;8.55;5.32;2.0;3.0;24.0;1.0;13.38;1.68;Low
;0.0;8.92;4.78;1.0;4.0;11.0;2.0;11.88;0.17;Medium
36.0;18.0;5.86;8.35;6.0;10.0;14.0;5.0;10.0;1.31;Low
31.0;15.0;10.61;4.55;6.0;11.0;26.0;9.0;12.6;0.95;High
26.0;14.0;9.51;7.87;5.0;15.0;21.0;3.0;13.56;1.2;Medium
29.0;15.0;6.07;6.9;7.0;19.0;1.0;0.0;9.67;1.02;Medium
44.0;10.0;7.4;8.31;2.0;13.0;21.0;9.0;10.96;0.9;Medium
44.0;5.0;9.97;7.59;4.0;13.0;16.0;9.0;14.54;0.41;Medium
29.0;10.0;13.25;5.41;0.0;19.0;26.0;8.0;15.18;0.94;High
32.0;2.0;13.2;6.87;6.0;19.0;10.0;5.0;15.67;0.38;High
38.0;14.0;6.88;4.07;2.0;14.0;;0.0;8.21;0.09;Medium
30.0;0.0;11.36;6.38;6.0;7.0;1.0;2.0;15.26;0.75;High
32.0;6.0;11.76;4.43;7.0;4.0;27.0;0.0;16.14;0.05;High
40.0;0.0;12.09;6.14;1.0;8.0;18.0;8.0;14.71;1.13;Medium
27.0;16.0;9.71;4.55;0.0;15.0;4.0;3.0;12.14;0.14;High
27.0;8.0;4.11;8.78;0.0;2.0;25.0;1.0;7.74;0.88;Low
23.0;12.0;11.62;6.62;;11.0;16.0;3.0;12.92;1.96;Medium
34.0;10.0;5.07;8.57;2.0;6.0;15.0;1.0;7.25;0.02;Low
30.0;19.0;5.17;4.11;2.0;16.0;27.0;5.0;7.63;0.73;Medium
30.0;5.0;10.06;7.19;5.0;14.0;25.0;5.0;13.13;1.35;High
20.0;0.0;13.84;5.53;1.0;14.0;12.0;6.0;16.75;0.32;High
36.0;6.0;6.43;6.16;4.0;11.0;29.0;8.0;8.26;1.12;Medium
;11.0;10.46;8.37;5.0;1.0;12.0;8.0;13.62;0.52;Medium
39.0;19.0;7.04;8.9;4.0;7.0;12.0;3.0;11.74;;Low
25.0;18.0;12.99;5.23;3.0;4.0;4.0;8.0;14.1;1.79;Medium
43.0;16.0;9.94;8.74;6.0;2.0;4.0;7.0;13.66;0.41;Medium
41.0;3.0;6.07;7.44;6.0;0.0;19.0;0.0;9.57;0.75;Low
44.0;2.0;6.62;8.76;4.0;15.0;18.0;6.0;11.32;0.34;Medium
34.0;;8.32;6.81;6.0;9.0;6.0;6.0;11.9;0.57;Medium
28.0;17.0;5.22;8.8;7.0;9.0;10.0;9.0;8.72;0.59;Medium
33.0;14.0;4.79;8.46;1.0;10.0;22.0;3.0;8.87;0.65;Low
37.0;7.0;10.8;4.64;7.0;11.0;0.0;6.0;12.87;1.28;High
36.0;0.0;8.07;5.55;6.0;7.0;6.0;9.0;11.45;1.49;Medium
37.0;19.0;11.26;5.22;3.0;4.0;2.0;9.0;14.34;1.02;High
24.0;13.0;5.1;6.86;2.0;8.0;12.0;4.0;7.85;1.22;Low
39.0;3.0;;8.01;4.0;10.0;2.0;4.0;;1.63;Medium
;4.0;8.43;7.8;1.0;14.0;5.0;4.0;10.6;2.0;Medium
28.0;12.0;4.58;7.63;1.0;16.0;21.0;5.0;6.7;0.91;Low
30.0;14.0;9.45;5.88;2.0;10.0;26.0;;13.35;1.87;High
43.0;5.0;4.83;4.7;6.0;12.0;28.0;4.0;9.51;0.98;Medium
41.0;0.0;12.28;5.05;1.0;16.0;14.0;8.0;14.2;1.56;High
20.0;18.0;10.32;7.71;3.0;6.0;3.0;8.0;11.62;1.15;Medium
37.0;12.0;9.57;4.74;3.0;8.0;4.0;6.0;14.57;1.77;Medium
25.0;5.0;5.33;5.11;7.0;17.0;2.0;9.0;9.09;0.9;High
21.0;14.0;6.87;6.12;5.0;17.0;18.0;2.0;11.42;1.39;Medium
34.0;15.0;8.93;4.36;0.0;9.0;24.0;3.0;10.51;0.93;Low
40.0;15.0;10.33;5.06;2.0;11.0;20.0;3.0;14.53;1.71;Medium
33.0;9.0;5.83;4.75;6.0;17.0;15.0;6.0;10.08;1.99;Medium
24.0;8.0;4.09;8.76;1.0;8.0;16.0;1.0;5.7;0.49;Low
25.0;8.0;7.45;4.96;4.0;8.0;8.0;4.0;;0.95;Medium
25.0;16.0;8.83;8.31;5.0;9.0;25.0;3.0;11.01;0.16;Medium
41.0;16.0;5.84;4.57;7.0;0.0;21.0;9.0;7.71;0.28;Medium
37.0;16.0;8.92;8.35;3.0;10.0;8.0;8.0;13.82;1.86;Medium
33.0;11.0;7.38;;2.0;13.0;13.0;0.0;9.83;1.09;Medium
29.0;12.0;8.55;8.25;6.0;9.0;26.0;9.0;12.6;0.79;Medium
;11.0;7.47;8.34;2.0;13.0;22.0;2.0;11.69;1.34;Low
32.0;13.0;10.28;6.98;6.0;18.0;10.0;5.0;12.82;1.12;High
22.0;9.0;4.43;8.59;3.0;9.0;;3.0;8.16;0.58;Low
25.0;18.0;5.71;6.93;7.0;16.0;9.0;2.0;7.14;0.45;Medium
27.0;1.0;8.33;7.56;0.0;1.0;22.0;5.0;10.92;1.18;Medium
31.0;3.0;7.56;6.08;2.0;13.0;4.0;2.0;12.43;0.38;Medium
32.0;18.0;7.92;8.57;1.0;17.0;22.0;6.0;9.59;0.28;Medium
30.0;6.0;12.04;8.12;4.0;1.0;25.0;0.0;14.58;0.64;Medium
31.0;14.0;12.86;4.83;4.0;19.0;3.0;8.0;17.02;1.72;High
20.0;14.0;6.49;6.88;3.0;18.0;10.0;9.0;10.15;0.07;Medium
36.0;5.0;12.36;8.48;2.0;7.0;26.0;1.0;15.89;1.67;Medium
35.0;2.0;8.59;7.97;4.0;5.0;5.0;3.0;13.0;1.24;Low
30.0;5.0;6.74;8.81;2.0;19.0;1.0;5.0;7.86;0.08;Medium
32.0;15.0;13.85;5.16;3.0;6.0;29.0;5.0;17.93;1.2;High
37.0;1.0;12.25;5.84;0.0;12.0;25.0;7.0;16.78;0.85;High
30.0;6.0;13.94;6.54;4.0;1.0;2.0;7.0;15.0;1.68;High
31.0;10.0;5.68;5.16;1.0;6.0;17.0;3.0;8.92;1.81;Low
25.0;6.0;5.44;5.97;7.0;0.0;28.0;5.0;7.83;0.57;Low
28.0;3.0;9.03;6.69;5.0;5.0;25.0;8.0;10.23;1.57;Medium
35.0;19.0;10.39;4.96;3.0;15.0;17.0;6.0;13.06;0.62;High
23.0;6.0;5.71;5.28;5.0;7.0;6.0;7.0;9.29;0.59;Medium
22.0;3.0;12.6;4.62;7.0;12.0;20.0;7.0;17.28;0.39;High
35.0;11.0;9.32;7.57;7.0;17.0;12.0;1.0;12.8;1.36;Medium
43.0;4.0;8.11;5.81;0.0;13.0;12.0;6.0;12.54;0.52;Medium
44.0;18.0;10.02;5.1;1.0;17.0;5.0;2.0;11.51;0.93;Medium
31.0;4.0;10.35;6.54;5.0;3.0;2.0;6.0;12.19;1.62;Low
30.0;18.0;4.43;4.34;1.0;14.0;9.0;1.0;9.31;1.58;Low
24.0;2.0;14.0;8.62;4.0;4.0;20.0;0.0;18.55;;Medium
44.0;10.0;7.64;5.47;2.0;13.0;4.0;8.0;9.58;0.32;High
37.0;6.0;4.62;8.43;3.0;15.0;10.0;9.0;8.1;1.17;Medium
38.0;16.0;12.52;6.49;1.0;14.0;3.0;9.0;14.97;1.83;High
42.0;8.0;13.93;8.25;7.0;10.0;9.0;0.0;16.8;0.08;Medium
42.0;8.0;12.16;5.24;4.0;1.0;;0.0;16.6;1.59;Medium
25.0;9.0;12.52;4.88;7.0;17.0;27.0;2.0;16.46;0.49;High
41.0;12.0;10.26;8.25;0.0;3.0;12.0;0.0;12.21;1.34;Low
;14.0;13.22;5.06;6.0;14.0;7.0;6.0;15.48;1.43;High
25.0;4.0;4.36;7.73;1.0;11.0;5.0;6.0;6.52;1.85;Low
23.0;2.0;11.67;5.72;0.0;2.0;10.0;7.0;15.79;1.02;Medium
31.0;7.0;10.71;7.74;3.0;3.0;1.0;1.0;13.67;1.7;Low
38.0;19.0;4.5;8.54;4.0;15.0;17.0;6.0;9.3;0.09;Medium
21.0;9.0;9.44;8.91;0.0;5.0;17.0;8.0;13.71;0.84;Medium
36.0;12.0;9.15;5.8;2.0;1.0;21.0;9.0;10.99;0.88;Medium
30.0;2.0;10.92;5.84;5.0;8.0;11.0;4.0;15.06;1.08;High
30.0;7.0;;8.91;0.0;11.0;16.0;9.0;7.8;0.96;Medium
40.0;8.0;12.05;8.31;0.0;11.0;;2.0;14.06;1.94;Medium
35.0;11.0;5.39;4.23;7.0;13.0;16.0;8.0;;0.16;High
21.0;10.0;8.19;6.87;4.0;16.0;3.0;0.0;13.08;0.53;Medium
21.0;1.0;12.81;4.91;4.0;8.0;28.0;2.0;15.75;1.94;Medium
42.0;17.0;9.61;8.97;1.0;11.0;16.0;1.0;13.49;0.89;Low
27.0;8.0;7.8;4.69;5.0;9.0;15.0;1.0;10.71;1.14;Low
32.0;1.0;4.48;6.8;7.0;10.0;8.0;2.0;6.97;0.16;Medium
29.0;1.0;10.72;7.33;0.0;1.0;10.0;9.0;14.91;0.57;Medium
27.0;2.0;13.87;8.69;0.0;15.0;11.0;6.0;18.26;0.08;Medium
23.0;15.0;13.12;8.24;4.0;0.0;10.0;5.0;14.41;0.28;Medium
34.0;18.0;11.17;5.23;6.0;0.0;12.0;8.0;13.29;1.27;Medium
20.0;3.0;5.05;6.86;2.0;1.0;21.0;9.0;8.08;1.53;Low
30.0;17.0;6.39;8.77;7.0;11.0;29.0;9.0;8.66;1.74;Medium
26.0;19.0;5.87;7.68;6.0;19.0;7.0;2.0;10.0;0.5;Medium
36.0;17.0;7.55;7.44;7.0;17.0;13.0;4.0;9.01;0.67;High
39.0;9.0;6.36;7.77;4.0;11.0;17.0;8.0;10.55;1.14;High
43.0;10.0;6.44;5.61;2.0;0.0;13.0;2.0;9.91;0.17;Low
37.0;16.0;10.17;7.65;5.0;10.0;15.0;7.0;12.33;1.61;Medium
41.0;19.0;7.19;5.16;6.0;1.0;14.0;8.0;9.57;0.97;Low
41.0;;10.77;6.14;4.0;11.0;21.0;6.0;12.5;1.93;Medium
31.0;19.0;13.48;;5.0;1.0;19.0;;15.49;0.23;Medium
28.0;12.0;10.38;4.09;3.0;16.0;6.0;5.0;14.25;0.27;High
24.0;1.0;11.52;6.07;0.0;5.0;7.0;5.0;14.02;0.7;Medium
29.0;1.0;11.52;5.33;5.0;15.0;29.0;4.0;15.27;0.41;High
23.0;13.0;7.31;4.99;2.0;18.0;5.0;6.0;10.37;1.39;High
24.0;3.0;4.15;8.19;3.0;5.0;28.0;6.0;5.73;1.89;Low
29.0;16.0;4.55;7.48;2.0;6.0;12.0;6.0;7.55;0.18;Low
30.0;12.0;6.82;4.56;1.0;18.0;16.0;2.0;10.85;0.48;Medium
40.0;3.0;10.9;6.47;1.0;19.0;7.0;5.0;13.09;0.48;High
43.0;2.0;13.07;6.33;0.0;16.0;10.0;8.0;16.66;1.02;High
29.0;11.0;13.59;4.71;3.0;5.0;16.0;8.0;15.39;0.9;High
27.0;7.0;4.26;8.0;3.0;14.0;8.0;3.0;5.8;1.45;Medium
21.0;1.0;13.9;5.83;1.0;8.0;1.0;8.0;16.34;1.47;High
42.0;5.0;7.22;7.81;0.0;1.0;26.0;1.0;;1.15;Low
27.0;9.0;12.43;4.96;5.0;4.0;9.0;7.0;16.47;1.18;High
35.0;11.0;5.8;5.58;1.0;4.0;21.0;1.0;8.64;1.68;Low
41.0;9.0;4.63;4.48;3.0;11.0;23.0;4.0;5.95;0.79;Medium
24.0;9.0;7.78;4.72;2.0;9.0;20.0;5.0;11.32;0.02;Medium
44.0;2.0;12.59;8.42;6.0;3.0;13.0;1.0;15.47;0.43;Medium
22.0;19.0;6.21;4.55;3.0;11.0;1.0;8.0;8.54;0.07;Medium
31.0;9.0;5.54;4.48;0.0;14.0;4.0;5.0;9.75;0.79;Medium
32.0;8.0;13.1;8.7;3.0;9.0;16.0;7.0;14.72;0.72;High
32.0;19.0;13.38;7.23;4.0;17.0;23.0;3.0;18.03;0.2;High
29.0;18.0;4.13;4.5;3.0;4.0;7.0;2.0;6.47;1.51;Low
23.0;13.0;11.27;8.86;4.0;12.0;29.0;3.0;14.11;1.11;High
28.0;1.0;7.09;4.74;1.0;3.0;17.0;0.0;11.81;0.45;Low
41.0;4.0;7.75;7.83;5.0;8.0;21.0;0.0;11.79;1.52;Low
43.0;19.0;8.69;4.17;4.0;17.0;26.0;7.0;9.99;1.34;High
;7.0;8.27;7.12;3.0;2.0;23.0;0.0;11.58;0.38;Low
21.0;6.0;9.15;6.73;5.0;10.0;25.0;4.0;11.39;1.97;Medium
38.0;5.0;9.82;5.04;7.0;3.0;28.0;9.0;;0.35;Medium
20.0;10.0;8.66;7.22;6.0;8.0;7.0;8.0;12.63;1.54;Medium
44.0;11.0;11.02;7.09;5.0;11.0;11.0;2.0;14.0;1.94;Medium
26.0;17.0;11.19;7.99;3.0;9.0;13.0;9.0;12.47;1.45;High
36.0;18.0;8.4;8.38;3.0;9.0;;1.0;11.52;1.33;Low
;9.0;5.42;6.55;6.0;8.0;22.0;4.0;6.52;1.81;Medium
39.0;13.0;10.41;6.45;7.0;9.0;2.0;1.0;12.8;0.54;Medium
39.0;2.0;11.73;7.11;0.0;8.0;28.0;9.0;14.64;0.55;Medium
40.0;17.0;10.38;7.65;1.0;0.0;29.0;0.0;13.96;1.28;Low
22.0;14.0;9.88;5.78;4.0;15.0;27.0;8.0;12.9;1.76;High
22.0;5.0;6.29;6.52;2.0;13.0;13.0;9.0;7.9;1.23;Medium
36.0;9.0;10.45;6.93;4.0;12.0;26.0;8.0;15.18;1.95;High
26.0;11.0;7.35;8.94;3.0;5.0;3.0;0.0;10.95;0.45;Medium
33.0;6.0;13.2;6.94;2.0;13.0;0.0;;15.47;1.65;Medium
36.0;16.0;10.54;5.12;2.0;7.0;8.0;4.0;15.4;1.85;Medium
37.0;0.0;6.78;6.94;4.0;17.0;13.0;1.0;11.31;0.85;Medium
32.0;17.0;8.73;8.1;6.0;19.0;25.0;8.0;10.3;1.92;High
39.0;14.0;12.47;8.29;4.0;0.0;9.0;8.0;16.09;0.4;Medium
39.0;18.0;7.35;8.0;4.0;11.0;;8.0;10.59;1.91;Medium
40.0;0.0;9.25;8.44;4.0;10.0;9.0;7.0;11.02;1.81;Medium
37.0;4.0;10.8;5.67;6.0;12.0;6.0;5.0;12.73;0.13;High
23.0;;11.55;6.54;6.0;3.0;7.0;0.0;14.81;1.04;Medium
20.0;2.0;5.74;7.9;1.0;5.0;13.0;9.0;8.03;1.06;Low
37.0;0.0;9.65;5.32;0.0;12.0;3.0;4.0;13.99;0.11;Medium
20.0;7.0;13.12;5.86;0.0;12.0;26.0;7.0;14.51;0.08;High
32.0;11.0;13.68;8.16;4.0;5.0;10.0;3.0;18.34;0.01;Medium
39.0;18.0;10.56;7.85;0.0;3.0;9.0;7.0;14.92;1.05;Medium
39.0;11.0;13.84;8.86;4.0;2.0;16.0;5.0;17.79;0.93;Medium
42.0;12.0;9.71;8.98;4.0;;4.0;0.0;11.76;1.88;Medium
29.0;0.0;8.43;5.2;4.0;10.0;9.0;0.0;12.29;0.68;Medium
30.0;18.0;9.52;8.5;5.0;1.0;9.0;2.0;12.28;1.32;Low
;5.0;5.16;4.47;1.0;16.0;21.0;0.0;;0.02;Low
28.0;7.0;8.02;7.55;3.0;1.0;6.0;3.0;10.27;1.33;Low
24.0;3.0;8.58;5.1;0.0;0.0;16.0;2.0;12.92;1.83;Low
20.0;4.0;12.49;5.5;0.0;4.0;28.0;6.0;13.65;0.71;High
36.0;6.0;11.59;8.73;1.0;19.0;19.0;8.0;15.36;0.63;Medium
41.0;3.0;10.01;;1.0;16.0;11.0;6.0;14.32;1.25;High
21.0;19.0;7.47;7.37;4.0;0.0;4.0;4.0;11.06;0.66;Low
43.0;3.0;5.87;4.89;4.0;6.0;4.0;0.0;7.64;0.8;Low
32.0;14.0;7.48;4.47;5.0;2.0;22.0;4.0;9.62;0.55;Medium
28.0;4.0;10.8;5.7;5.0;15.0;3.0;0.0;13.86;0.69;High
23.0;8.0;6.63;7.12;7.0;15.0;25.0;5.0;8.95;1.36;Medium
24.0;1.0;8.27;5.24;3.0;11.0;6.0;7.0;9.29;1.84;Medium
30.0;6.0;7.87;5.5;0.0;8.0;23.0;6.0;9.03;1.17;Medium
43.0;16.0;11.66;7.54;1.0;13.0;1.0;0.0;15.73;0.02;Medium
38.0;15.0;12.84;4.51;3.0;11.0;29.0;7.0;14.17;0.53;High
40.0;16.0;10.99;6.23;0.0;15.0;0.0;8.0;15.7;1.9;High
22.0;19.0;7.42;8.71;3.0;16.0;28.0;9.0;10.19;1.82;Medium
31.0;1.0;8.33;5.98;7.0;11.0;25.0;1.0;12.36;0.23;Medium
38.0;10.0;5.43;6.17;3.0;3.0;9.0;0.0;6.93;1.82;Low
38.0;1.0;5.68;7.69;6.0;16.0;0.0;5.0;10.39;1.93;Low
32.0;0.0;5.64;7.9;4.0;0.0;12.0;3.0;6.78;0.65;Low
26.0;1.0;5.31;7.85;3.0;16.0;16.0;6.0;6.48;1.4;
34.0;8.0;5.8;8.99;4.0;10.0;8.0;2.0;7.02;1.12;Low
42.0;1.0;6.03;4.36;0.0;18.0;3.0;2.0;7.44;0.67;
26.0;14.0;5.12;8.91;5.0;17.0;8.0;7.0;8.07;0.31;Medium
27.0;9.0;10.4;8.75;0.0;19.0;6.0;6.0;14.55;0.73;High
24.0;14.0;13.9;8.26;7.0;1.0;22.0;4.0;16.04;1.86;Medium
40.0;9.0;12.79;6.27;4.0;8.0;28.0;2.0;16.77;1.62;
33.0;16.0;4.46;8.35;5.0;8.0;1.0;0.0;8.56;0.66;Low
23.0;8.0;8.23;5.1;6.0;11.0;17.0;2.0;12.86;1.1;Medium
42.0;17.0;12.59;7.96;2.0;12.0;27.0;8.0;14.19;0.81;High
29.0;3.0;5.35;4.93;5.0;15.0;20.0;0.0;6.89;0.93;Low
39.0;8.0;12.48;8.08;3.0;12.0;14.0;4.0;13.97;1.52;Medium
34.0;15.0;9.93;7.07;7.0;13.0;9.0;3.0;12.37;1.09;High
37.0;3.0;13.31;4.49;7.0;6.0;16.0;5.0;16.27;0.36;High
39.0;15.0;12.76;8.48;0.0;1.0;6.0;1.0;15.61;0.54;Low
32.0;18.0;10.77;6.89;6.0;11.0;10.0;3.0;12.8;1.14;Medium
27.0;0.0;10.58;7.28;3.0;16.0;6.0;8.0;14.07;1.39;High
28.0;5.0;6.13;5.42;6.0;4.0;10.0;4.0;8.48;1.02;Low
35.0;9.0;5.17;8.36;5.0;19.0;23.0;7.0;7.63;1.24;Medium
38.0;15.0;8.15;6.73;2.0;9.0;22.0;1.0;9.57;1.58;Medium
35.0;3.0;5.87;6.11;3.0;17.0;23.0;8.0;9.24;1.09;High
26.0;12.0;5.02;6.67;2.0;2.0;14.0;6.0;8.64;1.95;Low
33.0;15.0;7.02;7.52;;12.0;18.0;6.0;11.05;0.47;Medium
33.0;19.0;;7.48;2.0;12.0;18.0;1.0;17.22;1.84;Medium
44.0;5.0;4.17;5.79;0.0;9.0;23.0;7.0;8.23;0.5;Low
23.0;10.0;6.93;5.93;5.0;1.0;24.0;8.0;8.87;1.06;Medium
34.0;2.0;8.24;6.81;4.0;15.0;9.0;9.0;10.18;0.91;High
22.0;19.0;9.11;8.62;4.0;3.0;15.0;4.0;13.77;;Low
24.0;9.0;5.82;7.73;7.0;18.0;19.0;2.0;9.98;1.93;Medium
20.0;0.0;13.64;5.95;3.0;4.0;7.0;2.0;17.77;0.54;Medium
22.0;19.0;9.79;5.69;5.0;6.0;0.0;5.0;13.67;1.35;Medium
34.0;10.0;9.22;;7.0;8.0;1.0;0.0;11.29;1.61;Medium
43.0;11.0;4.09;8.35;6.0;4.0;28.0;9.0;8.48;0.39;Low
27.0;13.0;8.86;4.04;1.0;7.0;9.0;8.0;10.43;1.95;Medium
23.0;7.0;12.38;7.55;7.0;1.0;9.0;5.0;14.78;1.09;Medium
21.0;10.0;6.2;5.47;3.0;19.0;9.0;8.0;8.59;1.83;Medium
43.0;3.0;7.51;5.04;2.0;19.0;8.0;2.0;10.75;1.33;Medium
43.0;6.0;4.21;4.06;4.0;6.0;17.0;9.0;7.06;1.3;Medium
29.0;9.0;13.77;8.48;2.0;3.0;1.0;2.0;16.61;0.69;Medium
23.0;18.0;4.67;8.56;4.0;14.0;23.0;9.0;7.88;1.54;Medium
22.0;3.0;12.98;4.31;7.0;17.0;4.0;;15.64;0.06;High
21.0;1.0;7.13;6.61;4.0;1.0;20.0;6.0;9.13;1.11;Low
44.0;17.0;9.88;4.76;4.0;13.0;10.0;3.0;13.54;0.06;Medium
36.0;13.0;10.79;7.79;7.0;9.0;5.0;7.0;14.95;0.61;Medium
42.0;15.0;5.41;7.33;5.0;4.0;7.0;1.0;8.33;0.19;Low
40.0;10.0;8.44;5.49;6.0;11.0;7.0;0.0;12.04;1.82;Medium
43.0;9.0;7.25;4.58;7.0;9.0;24.0;0.0;10.39;1.26;Medium
39.0;16.0;4.57;8.16;6.0;17.0;9.0;1.0;5.81;1.34;Low
42.0;13.0;12.33;7.37;6.0;5.0;10.0;5.0;15.02;1.7;Medium
32.0;3.0;4.45;4.03;0.0;11.0;18.0;7.0;5.49;1.47;Medium
24.0;18.0;10.53;7.14;7.0;0.0;24.0;2.0;14.18;0.25;Low
40.0;1.0;7.14;8.05;5.0;6.0;13.0;5.0;10.17;1.24;Medium
28.0;6.0;5.92;6.95;2.0;11.0;10.0;7.0;7.43;1.96;
44.0;8.0;10.67;6.12;6.0;6.0;2.0;8.0;13.84;0.43;Medium
44.0;18.0;9.75;6.92;5.0;8.0;0.0;7.0;14.34;1.24;Medium
41.0;15.0;7.15;7.1;6.0;19.0;27.0;6.0;9.51;1.13;High
25.0;15.0;9.13;7.2;3.0;14.0;26.0;3.0;14.06;0.78;Medium
24.0;17.0;;8.84;;11.0;20.0;2.0;11.3;1.91;Low
44.0;10.0;12.64;4.89;3.0;12.0;22.0;6.0;16.78;0.71;High
29.0;6.0;7.14;7.12;5.0;3.0;2.0;0.0;11.4;0.19;Low
27.0;8.0;6.45;4.94;2.0;9.0;8.0;6.0;9.09;1.93;Medium
26.0;3.0;11.52;5.05;1.0;2.0;0.0;5.0;14.13;1.46;Medium
26.0;12.0;;7.35;3.0;4.0;21.0;2.0;9.0;0.68;Low
25.0;3.0;6.68;8.58;1.0;3.0;11.0;2.0;9.14;0.56;Low
40.0;18.0;7.75;4.8;2.0;18.0;11.0;1.0;9.14;1.86;Medium
39.0;1.0;12.82;8.81;4.0;;5.0;0.0;14.43;0.55;Medium
22.0;8.0;13.5;5.6;2.0;6.0;29.0;4.0;17.34;1.07;Medium
38.0;11.0;11.16;5.96;6.0;2.0;28.0;6.0;;0.43;High
41.0;1.0;8.93;4.77;0.0;15.0;7.0;6.0;10.73;1.99;Medium
34.0;5.0;10.41;7.08;1.0;14.0;28.0;5.0;14.67;1.54;Medium
23.0;4.0;8.14;6.98;2.0;17.0;2.0;9.0;11.09;1.14;High
31.0;4.0;6.99;6.21;4.0;2.0;27.0;5.0;10.26;1.49;Low
25.0;19.0;13.51;6.38;7.0;13.0;20.0;6.0;15.13;1.83;High
38.0;4.0;5.15;7.11;4.0;0.0;10.0;7.0;6.92;1.93;Low
23.0;3.0;7.46;6.92;2.0;6.0;25.0;4.0;8.96;1.57;Low
34.0;8.0;12.99;5.87;3.0;1.0;10.0;0.0;16.05;1.7;Medium
28.0;9.0;11.23;8.42;2.0;9.0;4.0;6.0;15.33;0.8;Medium
24.0;15.0;4.29;7.34;4.0;15.0;23.0;1.0;8.22;0.78;Low
32.0;9.0;4.23;5.03;7.0;11.0;6.0;4.0;6.27;1.62;Medium
42.0;9.0;9.17;5.6;2.0;17.0;18.0;6.0;13.58;1.52;
37.0;18.0;8.84;7.94;0.0;5.0;6.0;6.0;10.26;1.8;Low
24.0;9.0;8.43;4.52;3.0;16.0;9.0;8.0;9.89;0.27;High
44.0;5.0;7.02;7.75;2.0;;7.0;4.0;11.42;1.38;Low
35.0;16.0;13.87;5.79;4.0;8.0;20.0;;15.85;1.3;Medium
38.0;4.0;6.72;6.76;2.0;18.0;26.0;9.0;10.55;1.6;High
33.0;5.0;8.9;5.4;6.0;1.0;20.0;5.0;9.94;0.05;Medium
44.0;14.0;8.05;8.93;2.0;6.0;;0.0;9.42;1.65;Low
35.0;18.0;5.7;8.53;1.0;10.0;13.0;9.0;9.14;0.65;Medium
34.0;17.0;6.03;8.64;2.0;12.0;26.0;6.0;7.76;1.37;Medium
41.0;3.0;13.18;4.92;7.0;9.0;0.0;;14.29;1.23;High
23.0;7.0;12.58;8.21;0.0;14.0;12.0;6.0;15.45;0.88;Medium
26.0;15.0;5.99;6.68;4.0;6.0;23.0;3.0;8.31;1.49;Low
35.0;18.0;12.76;7.54;5.0;5.0;28.0;3.0;16.97;1.92;Medium
43.0;19.0;6.09;5.09;1.0;11.0;5.0;5.0;10.37;0.65;
41.0;2.0;10.27;7.56;5.0;2.0;5.0;2.0;13.73;;Medium
40.0;9.0;4.81;8.57;2.0;15.0;20.0;9.0;6.98;0.63;Medium
41.0;1.0;12.8;5.34;6.0;19.0;4.0;5.0;15.65;1.69;High
40.0;3.0;4.52;5.17;3.0;;29.0;3.0;8.33;0.87;Low
27.0;5.0;9.55;4.52;0.0;9.0;2.0;9.0;10.83;0.9;Medium
36.0;10.0;11.8;5.33;0.0;12.0;11.0;7.0;14.13;1.54;High
35.0;13.0;5.17;6.68;6.0;7.0;14.0;4.0;9.46;0.99;Low
42.0;15.0;8.04;8.16;;5.0;2.0;7.0;10.66;0.53;Medium
29.0;18.0;4.42;5.39;6.0;2.0;15.0;8.0;7.92;1.99;Low
29.0;1.0;10.83;7.11;1.0;11.0;17.0;3.0;12.22;1.24;Medium
21.0;16.0;7.07;6.4;6.0;8.0;8.0;0.0;11.18;1.29;Low
28.0;8.0;9.59;5.44;7.0;8.0;7.0;9.0;10.99;1.29;High
36.0;16.0;13.33;6.55;6.0;10.0;10.0;6.0;17.78;1.77;High
30.0;14.0;7.06;4.84;2.0;5.0;2.0;6.0;8.49;0.37;Medium
29.0;6.0;4.49;7.2;0.0;1.0;;4.0;9.05;0.12;Low
41.0;18.0;10.76;4.58;2.0;6.0;9.0;4.0;13.22;0.77;High
44.0;2.0;11.87;7.65;3.0;8.0;4.0;0.0;15.37;1.13;Medium
36.0;0.0;13.58;4.89;6.0;18.0;7.0;2.0;17.97;0.57;High
23.0;3.0;5.58;8.99;2.0;17.0;5.0;0.0;6.62;1.38;Medium
35.0;17.0;7.92;8.12;5.0;11.0;22.0;6.0;9.98;0.15;Medium
39.0;7.0;12.44;5.72;;;;4.0;17.07;1.58;High
34.0;18.0;12.07;6.13;2.0;9.0;15.0;3.0;14.62;1.44;Medium
44.0;5.0;10.25;5.3;6.0;2.0;11.0;6.0;14.08;0.43;Medium
40.0;0.0;6.69;7.84;7.0;11.0;16.0;8.0;8.25;0.6;Medium
24.0;7.0;6.84;5.9;4.0;3.0;7.0;5.0;10.55;1.61;Medium
25.0;0.0;5.24;7.78;5.0;9.0;3.0;8.0;6.53;1.55;Medium
36.0;18.0;13.22;4.09;1.0;1.0;20.0;5.0;17.09;1.63;Medium
20.0;10.0;5.73;4.68;6.0;11.0;16.0;9.0;8.03;0.64;High
44.0;14.0;9.73;5.82;2.0;10.0;2.0;8.0;12.59;1.94;Medium
38.0;10.0;9.84;4.54;0.0;13.0;17.0;5.0;11.51;1.43;
23.0;18.0;7.7;7.01;6.0;14.0;15.0;8.0;11.21;0.13;High
36.0;9.0;7.53;;7.0;13.0;27.0;2.0;9.88;0.96;High
28.0;11.0;10.69;8.3;4.0;11.0;1.0;4.0;13.22;1.33;Medium
43.0;0.0;7.88;7.81;2.0;1.0;12.0;4.0;11.49;0.34;Low
21.0;6.0;6.55;5.08;4.0;1.0;0.0;9.0;8.27;1.8;Medium
27.0;16.0;7.99;6.42;1.0;0.0;21.0;7.0;12.4;1.51;Low
34.0;9.0;12.08;6.26;6.0;19.0;23.0;6.0;16.04;0.16;High
26.0;5.0;;7.62;4.0;14.0;2.0;1.0;16.97;1.83;High
25.0;16.0;10.36;6.01;0.0;9.0;0.0;1.0;11.87;0.81;Medium
20.0;17.0;11.82;4.16;2.0;19.0;29.0;6.0;15.57;;High
34.0;4.0;9.33;5.37;0.0;0.0;25.0;9.0;10.4;1.57;Medium
42.0;17.0;10.25;6.33;6.0;0.0;1.0;9.0;14.47;1.29;High
26.0;16.0;13.88;8.87;6.0;0.0;18.0;3.0;16.1;0.88;Medium
44.0;15.0;8.38;8.41;7.0;10.0;21.0;5.0;9.85;0.52;Medium
36.0;7.0;4.66;4.91;3.0;11.0;29.0;8.0;6.32;1.03;Medium
;12.0;13.57;7.62;4.0;14.0;2.0;9.0;18.42;1.16;High
28.0;15.0;11.93;8.68;4.0;13.0;24.0;3.0;;1.26;Medium
28.0;10.0;7.98;4.04;4.0;0.0;27.0;6.0;9.93;1.21;Medium
32.0;5.0;13.82;7.6;5.0;0.0;0.0;8.0;18.67;1.23;Medium
25.0;2.0;7.46;6.3;6.0;5.0;22.0;0.0;9.02;0.95;Low
25.0;0.0;7.72;7.4;6.0;2.0;25.0;9.0;11.65;1.12;Medium
39.0;17.0;10.1;7.03;1.0;13.0;23.0;1.0;13.73;0.58;Medium
39.0;4.0;6.74;8.92;5.0;5.0;8.0;8.0;11.03;0.32;Medium
40.0;12.0;10.99;5.44;0.0;7.0;7.0;4.0;13.52;1.21;Medium
22.0;9.0;5.53;7.93;6.0;19.0;4.0;3.0;8.14;0.09;Low
36.0;4.0;5.08;5.17;3.0;14.0;0.0;6.0;8.58;0.13;Medium
36.0;13.0;9.35;6.18;7.0;16.0;14.0;4.0;11.94;0.49;High
31.0;16.0;9.55;8.88;1.0;8.0;16.0;0.0;10.72;0.39;Low
35.0;0.0;5.07;7.83;1.0;15.0;29.0;8.0;8.99;0.75;Medium
34.0;1.0;13.64;5.58;2.0;0.0;14.0;7.0;17.2;0.74;
32.0;6.0;9.73;7.1;6.0;15.0;7.0;2.0;12.42;0.23;High
42.0;9.0;5.51;4.25;3.0;18.0;22.0;9.0;7.72;0.49;Medium
;19.0;7.11;5.33;6.0;8.0;20.0;2.0;9.39;0.01;Medium
36.0;6.0;12.0;7.59;4.0;16.0;25.0;2.0;15.96;0.7;High
22.0;15.0;9.23;6.85;5.0;5.0;2.0;6.0;13.15;1.59;Medium
34.0;4.0;5.88;6.35;7.0;13.0;8.0;1.0;10.16;0.53;Medium
23.0;11.0;5.03;7.45;7.0;17.0;19.0;8.0;9.08;1.29;Medium
23.0;16.0;8.31;5.99;4.0;13.0;13.0;3.0;12.34;0.2;
37.0;15.0;7.37;4.13;6.0;6.0;5.0;6.0;9.38;0.02;Medium
36.0;19.0;10.56;6.21;2.0;9.0;26.0;7.0;11.97;1.0;Medium
38.0;15.0;13.25;8.51;5.0;15.0;19.0;4.0;17.3;0.92;High
30.0;18.0;6.48;8.28;4.0;6.0;24.0;7.0;7.87;0.38;Low
39.0;14.0;12.55;6.04;7.0;19.0;3.0;;17.48;0.57;High
22.0;11.0;13.2;4.11;0.0;5.0;29.0;9.0;17.7;0.06;High
27.0;9.0;13.02;7.18;7.0;5.0;23.0;1.0;16.15;1.6;Medium
33.0;1.0;13.52;7.71;4.0;6.0;26.0;2.0;15.93;0.6;Medium
20.0;6.0;12.42;5.47;6.0;16.0;11.0;5.0;15.53;0.44;High
33.0;12.0;9.93;6.38;7.0;7.0;27.0;9.0;13.87;1.61;High
21.0;2.0;8.1;8.96;5.0;1.0;2.0;5.0;12.13;0.08;Medium
42.0;14.0;8.92;6.88;0.0;;23.0;6.0;10.21;0.57;High
23.0;0.0;12.73;5.76;2.0;6.0;26.0;3.0;16.95;0.53;High
43.0;2.0;7.01;7.14;7.0;11.0;;7.0;10.58;0.53;Medium
38.0;9.0;5.59;4.9;2.0;19.0;29.0;7.0;6.75;0.02;High
25.0;14.0;5.41;5.0;0.0;2.0;26.0;6.0;7.66;1.87;Low
44.0;5.0;12.27;8.62;5.0;3.0;20.0;2.0;15.31;1.73;Medium
20.0;19.0;11.61;5.2;5.0;10.0;16.0;2.0;13.36;0.83;Medium
36.0;14.0;8.98;5.55;4.0;11.0;5.0;1.0;10.6;0.89;Medium
27.0;6.0;6.75;6.72;7.0;18.0;14.0;6.0;7.81;1.05;High
38.0;4.0;10.78;8.5;2.0;18.0;10.0;5.0;15.43;0.96;High
40.0;3.0;4.38;7.91;2.0;10.0;17.0;6.0;5.6;1.56;Low
20.0;17.0;9.68;;7.0;12.0;27.0;1.0;12.14;0.98;High
24.0;2.0;7.98;7.47;0.0;0.0;2.0;3.0;9.8;0.38;Low
35.0;16.0;13.78;6.52;2.0;5.0;26.0;0.0;17.74;;Medium
25.0;17.0;9.08;6.38;6.0;15.0;16.0;1.0;12.91;1.84;Medium
27.0;17.0;9.52;7.46;4.0;1.0;10.0;6.0;13.74;0.1;Medium
32.0;1.0;11.12;4.98;2.0;13.0;5.0;4.0;14.59;1.8;Medium
35.0;12.0;8.85;8.91;7.0;17.0;4.0;9.0;12.22;1.38;High
22.0;14.0;6.25;7.23;7.0;16.0;9.0;2.0;;0.81;Low
38.0;4.0;9.37;5.83;0.0;19.0;1.0;1.0;12.92;0.37;Medium
31.0;2.0;13.44;7.0;4.0;17.0;14.0;2.0;14.9;0.62;High
35.0;4.0;8.1;5.08;3.0;18.0;10.0;;11.84;1.06;Medium
30.0;4.0;10.8;7.17;0.0;14.0;23.0;9.0;12.22;1.31;High
29.0;4.0;13.78;4.14;7.0;1.0;24.0;9.0;;1.38;High
44.0;2.0;12.3;5.71;3.0;3.0;13.0;4.0;15.32;0.89;High
39.0;2.0;10.59;7.74;7.0;0.0;13.0;7.0;13.71;0.75;High
23.0;19.0;11.36;8.04;;7.0;2.0;8.0;14.7;1.54;Medium
31.0;17.0;13.36;5.26;4.0;19.0;27.0;1.0;17.46;1.85;High
42.0;19.0;13.6;6.7;2.0;13.0;21.0;2.0;16.51;1.83;High
21.0;3.0;13.69;6.64;4.0;10.0;21.0;3.0;16.4;1.1;High
43.0;0.0;10.26;6.11;1.0;13.0;15.0;6.0;12.41;0.16;High
41.0;15.0;7.85;5.14;2.0;15.0;13.0;5.0;9.36;0.15;Medium
38.0;7.0;5.33;7.52;2.0;9.0;9.0;5.0;7.09;0.81;Low
44.0;;7.86;5.26;2.0;6.0;21.0;9.0;8.86;1.47;Medium
24.0;7.0;13.43;8.56;5.0;15.0;7.0;6.0;;0.99;High
27.0;6.0;12.9;6.64;0.0;3.0;11.0;0.0;16.96;;Low
26.0;7.0;9.24;8.35;5.0;11.0;4.0;;11.11;1.69;High
33.0;11.0;9.37;5.45;4.0;11.0;25.0;8.0;10.38;0.08;High
43.0;15.0;7.09;8.04;4.0;1.0;25.0;1.0;10.06;1.85;Low
42.0;11.0;8.55;4.57;4.0;5.0;12.0;0.0;11.2;0.66;Medium
22.0;18.0;11.14;7.83;0.0;19.0;23.0;3.0;15.24;0.09;Medium
37.0;9.0;8.02;5.93;4.0;14.0;11.0;1.0;10.63;1.67;Medium
35.0;6.0;5.88;6.35;5.0;14.0;2.0;;10.34;1.87;Low
42.0;;;4.83;6.0;15.0;22.0;2.0;10.79;1.54;High
38.0;19.0;6.25;4.09;5.0;2.0;16.0;8.0;8.71;1.61;Medium
38.0;4.0;13.74;7.33;6.0;0.0;19.0;7.0;18.48;1.74;Medium
37.0;15.0;7.9;;2.0;11.0;4.0;6.0;8.95;1.04;High
39.0;8.0;13.1;7.11;3.0;14.0;22.0;6.0;15.66;1.36;High
35.0;6.0;6.26;5.28;6.0;18.0;29.0;6.0;8.3;0.57;High
27.0;19.0;5.89;5.2;1.0;5.0;5.0;4.0;9.02;0.5;Medium
20.0;13.0;;8.15;7.0;18.0;12.0;7.0;12.29;1.22;Medium
36.0;10.0;11.79;7.81;4.0;16.0;;3.0;16.27;1.47;Medium
31.0;6.0;9.67;5.68;0.0;8.0;12.0;4.0;14.42;0.79;Medium
40.0;9.0;6.3;7.19;6.0;12.0;14.0;2.0;10.7;0.8;
30.0;8.0;4.38;8.14;0.0;14.0;1.0;2.0;6.97;1.91;Low
24.0;3.0;10.18;8.44;4.0;15.0;10.0;1.0;15.14;1.04;Medium
31.0;15.0;5.31;4.03;3.0;12.0;15.0;4.0;9.25;1.97;Medium
36.0;9.0;7.43;8.07;5.0;1.0;17.0;1.0;9.85;1.73;Low
25.0;18.0;10.76;5.75;4.0;1.0;1.0;9.0;12.13;1.28;Medium
20.0;16.0;4.98;7.59;0.0;10.0;9.0;3.0;8.65;0.02;Low
24.0;8.0;5.27;5.86;1.0;15.0;12.0;9.0;9.18;0.59;Medium
44.0;12.0;4.62;7.03;3.0;16.0;27.0;0.0;6.11;0.84;Low
33.0;0.0;13.96;7.23;7.0;2.0;7.0;1.0;17.16;1.31;High
24.0;1.0;7.87;6.02;4.0;0.0;6.0;0.0;12.82;0.79;Low
41.0;12.0;13.06;6.56;6.0;17.0;15.0;1.0;15.36;1.66;High
;8.0;6.94;7.63;1.0;13.0;16.0;3.0;9.15;1.33;Medium
20.0;6.0;11.53;6.38;7.0;8.0;8.0;0.0;16.14;0.69;Medium
37.0;15.0;6.19;4.07;4.0;8.0;26.0;5.0;7.66;1.57;Medium
35.0;18.0;8.98;4.06;3.0;11.0;26.0;0.0;13.71;0.61;Medium
28.0;6.0;12.25;7.31;0.0;2.0;7.0;2.0;16.37;0.13;Medium
38.0;5.0;12.16;8.24;5.0;1.0;28.0;1.0;14.72;0.35;Medium
41.0;17.0;11.94;7.93;6.0;0.0;24.0;1.0;13.27;0.01;Medium
24.0;18.0;12.24;5.55;5.0;8.0;19.0;3.0;13.32;1.66;Medium
21.0;10.0;6.11;6.36;3.0;12.0;4.0;8.0;8.61;;Medium
34.0;11.0;8.82;5.17;7.0;15.0;26.0;2.0;12.64;1.14;High
26.0;9.0;8.85;8.95;7.0;18.0;4.0;5.0;11.8;1.32;Medium
23.0;12.0;12.91;5.3;2.0;9.0;26.0;9.0;16.86;1.31;High
20.0;11.0;6.97;6.08;5.0;4.0;24.0;2.0;10.65;1.13;Low
32.0;9.0;13.31;7.41;4.0;13.0;23.0;9.0;16.6;1.68;High
39.0;19.0;8.51;8.38;1.0;14.0;12.0;4.0;13.38;0.88;Low
41.0;;10.7;4.26;1.0;2.0;15.0;8.0;14.61;1.61;Medium
26.0;3.0;6.69;5.51;6.0;8.0;25.0;2.0;11.35;1.57;Low
34.0;4.0;8.1;6.84;5.0;0.0;21.0;7.0;10.07;0.4;Medium
42.0;4.0;11.1;7.09;3.0;0.0;26.0;5.0;14.95;0.91;Medium
33.0;11.0;9.13;4.35;6.0;18.0;25.0;7.0;12.52;1.67;High
42.0;2.0;13.31;7.32;3.0;5.0;10.0;1.0;18.01;1.66;Medium
38.0;7.0;11.37;6.64;3.0;10.0;14.0;8.0;14.41;0.05;High
41.0;1.0;9.64;8.14;1.0;17.0;25.0;0.0;11.76;0.45;Medium
43.0;17.0;12.87;5.11;0.0;13.0;16.0;2.0;15.41;0.85;Medium
39.0;8.0;10.66;4.98;1.0;15.0;14.0;3.0;12.54;0.09;Medium
43.0;12.0;10.47;7.97;0.0;0.0;22.0;5.0;12.35;0.52;Medium
37.0;6.0;6.46;7.52;6.0;9.0;24.0;3.0;9.34;0.52;Medium
29.0;9.0;7.95;7.96;6.0;9.0;11.0;1.0;12.52;0.43;Low
28.0;8.0;10.83;7.91;6.0;12.0;3.0;2.0;12.6;;Medium
44.0;14.0;12.92;4.52;3.0;0.0;3.0;2.0;15.07;1.63;Medium
27.0;4.0;7.16;5.39;7.0;2.0;20.0;5.0;11.57;0.49;Medium
29.0;11.0;6.15;5.3;2.0;13.0;15.0;4.0;8.51;1.16;Medium
36.0;;9.94;8.67;;15.0;14.0;4.0;14.79;1.12;Medium
21.0;11.0;4.67;6.44;7.0;19.0;7.0;3.0;6.75;1.64;Medium
25.0;5.0;11.15;4.56;3.0;5.0;26.0;3.0;13.92;0.79;High
24.0;18.0;11.03;5.45;1.0;0.0;20.0;8.0;12.41;0.45;Medium
28.0;18.0;7.55;8.36;3.0;19.0;19.0;6.0;12.52;1.78;High
24.0;15.0;12.93;8.24;1.0;4.0;7.0;7.0;17.49;1.67;Medium
37.0;18.0;9.02;8.5;4.0;7.0;10.0;3.0;13.29;1.24;Medium
39.0;2.0;10.46;5.94;1.0;11.0;20.0;2.0;12.09;0.19;Medium
28.0;9.0;6.1;7.21;;0.0;23.0;0.0;10.98;0.03;Low
36.0;17.0;8.17;5.39;7.0;12.0;16.0;8.0;12.89;0.37;High
36.0;12.0;12.62;4.9;0.0;8.0;2.0;8.0;15.36;0.39;High
31.0;17.0;6.13;4.11;1.0;19.0;6.0;;9.86;0.27;Medium
26.0;2.0;7.91;5.12;0.0;7.0;11.0;3.0;12.88;0.52;
22.0;2.0;7.18;7.02;2.0;12.0;0.0;3.0;9.82;0.68;Medium
29.0;11.0;5.51;8.52;5.0;1.0;10.0;0.0;6.96;1.51;Low
21.0;19.0;6.9;4.67;5.0;14.0;4.0;1.0;11.37;1.42;Medium
44.0;6.0;6.33;8.59;4.0;13.0;;7.0;9.24;0.21;Medium
22.0;7.0;13.24;5.73;7.0;18.0;13.0;5.0;18.19;1.95;High
35.0;8.0;11.41;6.13;7.0;8.0;27.0;0.0;14.61;1.5;Medium
21.0;13.0;7.16;5.82;1.0;18.0;28.0;6.0;8.28;0.33;High
43.0;4.0;11.63;6.04;5.0;13.0;16.0;6.0;14.6;0.25;High
29.0;18.0;4.22;5.3;0.0;7.0;;5.0;8.09;0.18;Medium
25.0;15.0;9.27;7.49;5.0;4.0;24.0;7.0;10.37;1.46;Medium
41.0;11.0;6.5;7.79;5.0;;24.0;4.0;9.15;0.47;Medium
30.0;3.0;5.14;8.12;3.0;3.0;2.0;1.0;6.76;0.15;Low
42.0;7.0;12.84;5.71;5.0;7.0;3.0;3.0;16.41;0.84;High
26.0;6.0;5.99;7.82;0.0;3.0;29.0;7.0;10.82;1.42;Low
34.0;14.0;12.22;7.19;5.0;0.0;0.0;7.0;15.72;0.61;Medium
25.0;5.0;8.13;8.79;1.0;7.0;28.0;4.0;11.91;0.97;Low
39.0;4.0;4.14;6.12;5.0;6.0;3.0;5.0;6.73;0.39;Low
28.0;13.0;11.33;8.96;2.0;10.0;13.0;8.0;14.58;0.86;High
41.0;12.0;9.96;7.7;5.0;15.0;20.0;9.0;13.14;0.72;High
39.0;9.0;7.44;7.88;4.0;16.0;6.0;9.0;11.48;0.87;Medium
31.0;17.0;6.82;4.13;7.0;4.0;20.0;9.0;11.25;0.93;Medium
38.0;3.0;4.74;6.49;3.0;6.0;23.0;1.0;8.39;;Low
39.0;7.0;13.41;6.64;6.0;9.0;6.0;4.0;18.33;0.19;High
22.0;10.0;8.94;4.2;;12.0;;8.0;13.25;;Medium
34.0;16.0;4.86;5.56;7.0;19.0;27.0;2.0;6.36;0.23;Medium
21.0;17.0;12.69;8.78;7.0;14.0;1.0;5.0;15.72;0.51;High
40.0;10.0;6.79;6.13;5.0;5.0;22.0;3.0;11.4;0.05;Medium
21.0;15.0;6.04;4.93;5.0;1.0;2.0;3.0;10.82;0.7;Low
41.0;11.0;6.81;6.57;1.0;3.0;17.0;2.0;9.33;0.43;Low
22.0;12.0;9.65;4.17;6.0;13.0;10.0;9.0;13.55;1.78;High
25.0;15.0;4.74;6.58;1.0;14.0;11.0;0.0;7.38;1.72;Low
34.0;0.0;8.82;6.97;4.0;13.0;13.0;7.0;10.31;0.6;Medium
29.0;15.0;12.96;5.79;6.0;3.0;8.0;4.0;17.5;0.95;Medium
28.0;14.0;5.88;7.81;7.0;5.0;27.0;1.0;10.61;1.91;Low
20.0;5.0;7.31;4.68;3.0;6.0;9.0;0.0;10.33;1.05;Low
35.0;11.0;7.96;8.39;0.0;12.0;12.0;0.0;9.03;1.7;Low
25.0;7.0;9.86;8.78;0.0;16.0;23.0;3.0;14.12;1.65;Medium
28.0;6.0;13.19;4.01;7.0;16.0;23.0;3.0;16.1;1.88;High
23.0;1.0;7.95;8.21;0.0;3.0;2.0;5.0;9.25;0.61;Low
21.0;11.0;4.69;6.53;4.0;18.0;26.0;6.0;6.45;0.09;Medium
23.0;13.0;7.48;6.31;4.0;19.0;25.0;0.0;9.09;0.21;Medium
20.0;15.0;5.9;5.19;5.0;12.0;8.0;9.0;9.65;1.14;Medium
38.0;10.0;10.52;6.24;3.0;8.0;23.0;1.0;12.72;1.06;Low
44.0;19.0;4.29;8.75;0.0;1.0;27.0;2.0;5.8;0.6;Low
29.0;8.0;6.92;5.05;0.0;19.0;1.0;8.0;11.59;0.5;High
40.0;9.0;9.45;4.9;5.0;17.0;22.0;3.0;14.28;1.42;High
34.0;16.0;6.77;5.21;3.0;19.0;7.0;5.0;8.32;0.68;Medium
41.0;11.0;9.51;6.76;6.0;16.0;27.0;1.0;11.43;1.21;Medium
38.0;5.0;5.15;8.65;3.0;6.0;6.0;1.0;8.52;1.42;Low
35.0;18.0;13.43;6.87;3.0;16.0;8.0;1.0;15.03;0.86;High
40.0;10.0;6.91;5.22;7.0;9.0;12.0;4.0;8.54;0.39;Medium
43.0;8.0;13.23;6.2;1.0;13.0;6.0;8.0;15.58;1.72;High
41.0;5.0;7.26;5.95;3.0;11.0;27.0;5.0;12.06;0.19;Medium
23.0;15.0;11.82;4.23;2.0;11.0;6.0;8.0;16.67;1.66;
21.0;19.0;6.46;6.55;4.0;16.0;0.0;5.0;10.83;1.67;Medium
44.0;15.0;10.7;4.63;3.0;18.0;1.0;8.0;14.48;1.14;High
32.0;5.0;7.24;8.21;1.0;13.0;29.0;4.0;11.12;1.26;Medium
20.0;4.0;9.09;6.74;7.0;16.0;20.0;0.0;11.97;0.72;Medium
36.0;3.0;10.74;8.22;7.0;14.0;28.0;;13.86;1.68;High
32.0;1.0;9.89;8.78;6.0;5.0;28.0;3.0;13.43;0.53;Medium
23.0;5.0;9.76;8.72;2.0;18.0;26.0;8.0;13.69;1.12;High
26.0;8.0;4.66;4.5;1.0;19.0;29.0;;6.05;0.0;Medium
36.0;16.0;6.49;8.72;1.0;5.0;16.0;0.0;8.39;1.88;Low
28.0;;9.72;7.98;5.0;5.0;27.0;5.0;14.57;1.9;Medium
23.0;6.0;4.18;7.89;1.0;3.0;9.0;2.0;6.52;1.42;Low
38.0;18.0;6.51;4.45;1.0;0.0;14.0;2.0;8.58;0.85;Low
20.0;0.0;6.29;4.9;;18.0;15.0;6.0;;0.36;High
29.0;19.0;6.5;8.88;4.0;10.0;22.0;1.0;8.66;0.98;Low
23.0;14.0;9.36;5.07;5.0;6.0;20.0;;10.72;1.58;Medium
28.0;17.0;9.82;4.85;5.0;1.0;12.0;8.0;11.65;1.21;Medium
32.0;2.0;13.09;5.81;0.0;3.0;20.0;;16.65;1.05;Medium
33.0;17.0;7.86;8.57;2.0;5.0;7.0;8.0;9.75;1.7;Low
29.0;1.0;13.27;6.38;0.0;4.0;8.0;5.0;16.86;0.63;Medium
25.0;9.0;10.52;8.6;5.0;8.0;25.0;8.0;11.92;1.72;Medium
35.0;10.0;13.13;5.67;2.0;10.0;0.0;9.0;14.3;0.88;High
25.0;2.0;12.33;5.13;5.0;17.0;25.0;1.0;16.78;0.0;High
36.0;6.0;10.88;6.48;3.0;19.0;3.0;4.0;14.92;1.46;High
29.0;7.0;7.56;7.08;2.0;16.0;;5.0;11.22;1.76;Medium
37.0;18.0;6.41;5.96;5.0;12.0;17.0;5.0;7.53;0.97;Medium
41.0;17.0;6.22;5.73;0.0;16.0;29.0;3.0;8.18;0.91;Medium
37.0;12.0;13.52;5.09;5.0;9.0;24.0;3.0;17.77;1.61;
22.0;12.0;13.59;5.38;0.0;17.0;24.0;4.0;15.17;1.77;High
39.0;18.0;11.25;7.37;2.0;16.0;0.0;5.0;15.5;1.95;High
40.0;11.0;12.84;5.85;0.0;11.0;2.0;7.0;16.18;0.69;High
44.0;16.0;13.19;4.4;2.0;14.0;9.0;9.0;17.15;1.19;High
34.0;11.0;9.12;4.69;1.0;18.0;23.0;0.0;12.7;1.65;Medium
34.0;12.0;10.29;5.86;4.0;14.0;1.0;7.0;12.96;1.06;Medium
23.0;11.0;8.19;8.62;6.0;12.0;17.0;1.0;10.36;0.92;Low
28.0;18.0;8.18;5.9;2.0;6.0;1.0;6.0;11.87;1.14;Medium
38.0;13.0;4.38;4.3;6.0;10.0;12.0;3.0;8.61;0.71;Medium
43.0;6.0;8.34;6.09;7.0;7.0;20.0;7.0;9.52;0.38;Medium
36.0;12.0;10.73;7.34;6.0;19.0;29.0;5.0;13.25;0.13;High
30.0;;8.22;6.97;1.0;15.0;8.0;4.0;10.62;1.22;Medium
44.0;18.0;12.72;5.39;1.0;10.0;22.0;9.0;15.96;0.76;High
28.0;18.0;7.33;7.44;1.0;4.0;28.0;9.0;8.79;1.77;Low
29.0;3.0;5.33;7.15;6.0;6.0;22.0;4.0;10.06;0.45;Low
;18.0;12.12;4.86;1.0;15.0;1.0;3.0;15.31;0.62;High
39.0;8.0;10.74;4.81;2.0;15.0;1.0;2.0;15.44;1.94;High
32.0;15.0;6.42;6.74;6.0;19.0;4.0;2.0;10.69;1.11;Medium
27.0;3.0;;7.3;6.0;16.0;27.0;2.0;11.13;0.69;Medium
26.0;5.0;8.02;8.81;7.0;18.0;13.0;6.0;9.55;1.72;Medium
36.0;7.0;13.39;6.11;0.0;14.0;22.0;7.0;17.84;1.49;High
40.0;15.0;10.07;7.82;;14.0;22.0;7.0;13.21;1.15;Medium
42.0;4.0;5.58;4.58;3.0;19.0;24.0;1.0;6.66;1.78;Medium
34.0;9.0;9.02;8.45;1.0;14.0;2.0;2.0;13.76;0.19;Low
39.0;12.0;12.63;7.17;7.0;2.0;13.0;1.0;15.52;0.79;Medium
34.0;13.0;10.71;7.15;0.0;11.0;0.0;5.0;;1.62;Medium
20.0;6.0;12.42;4.71;0.0;5.0;8.0;2.0;;0.77;High
44.0;19.0;6.5;4.2;4.0;19.0;15.0;5.0;10.79;1.85;Medium
33.0;5.0;12.88;7.51;4.0;4.0;16.0;3.0;14.32;0.31;Medium
24.0;6.0;11.56;4.59;6.0;10.0;7.0;9.0;14.0;0.67;High
30.0;4.0;11.29;4.63;1.0;11.0;29.0;9.0;13.57;0.85;High
35.0;17.0;7.47;4.94;1.0;6.0;14.0;5.0;11.83;1.37;Medium
21.0;11.0;12.88;4.49;5.0;8.0;29.0;2.0;16.99;0.39;High
27.0;5.0;10.38;7.13;6.0;17.0;20.0;4.0;12.98;0.02;High
30.0;0.0;12.52;6.11;5.0;13.0;7.0;7.0;16.18;1.95;High
37.0;3.0;7.61;5.33;4.0;3.0;6.0;2.0;10.19;1.8;Low
22.0;18.0;5.46;6.2;1.0;7.0;8.0;8.0;8.75;0.6;Medium
20.0;11.0;7.32;8.22;5.0;15.0;1.0;8.0;12.28;0.97;Medium
30.0;14.0;8.55;8.64;3.0;3.0;24.0;6.0;11.69;0.98;Low
35.0;2.0;9.33;6.44;2.0;18.0;9.0;7.0;14.28;1.74;High
37.0;19.0;9.11;6.83;4.0;5.0;4.0;8.0;13.1;1.19;Medium
35.0;7.0;9.46;5.29;4.0;18.0;15.0;0.0;10.94;1.65;Medium
42.0;10.0;12.42;6.57;0.0;14.0;20.0;6.0;16.6;1.82;Medium
29.0;15.0;5.7;7.74;1.0;11.0;0.0;9.0;7.35;1.13;Medium
37.0;8.0;;6.46;4.0;11.0;5.0;2.0;10.29;0.57;Medium
25.0;2.0;12.89;5.51;4.0;1.0;9.0;5.0;16.34;1.0;High
38.0;4.0;9.6;6.91;7.0;8.0;9.0;8.0;14.17;1.7;Medium
23.0;19.0;9.83;8.73;5.0;2.0;25.0;9.0;11.67;1.17;Medium
32.0;13.0;8.78;8.44;3.0;0.0;25.0;7.0;13.28;1.79;Low
43.0;14.0;9.49;7.85;6.0;13.0;18.0;1.0;14.23;1.79;Medium
33.0;5.0;5.98;5.38;1.0;12.0;12.0;3.0;7.34;0.75;Medium
22.0;3.0;9.47;5.21;7.0;4.0;25.0;4.0;14.01;0.9;Medium
29.0;7.0;13.97;8.19;2.0;6.0;18.0;9.0;16.01;1.36;Medium
25.0;18.0;9.66;4.91;3.0;13.0;2.0;5.0;10.98;0.22;High
20.0;4.0;4.44;7.03;2.0;15.0;12.0;6.0;9.27;0.93;Medium
42.0;12.0;11.96;6.19;0.0;17.0;3.0;3.0;14.53;0.3;High
43.0;15.0;7.96;6.34;4.0;13.0;24.0;3.0;11.45;1.7;
33.0;0.0;5.54;6.27;5.0;0.0;28.0;4.0;8.75;1.89;Low
27.0;12.0;12.63;8.5;3.0;5.0;7.0;8.0;14.48;0.28;Medium
38.0;10.0;5.98;4.44;7.0;9.0;11.0;8.0;9.66;1.33;High
33.0;7.0;13.21;7.91;2.0;5.0;21.0;0.0;14.39;1.27;Medium
29.0;7.0;8.42;8.18;1.0;1.0;23.0;4.0;10.23;1.52;Low
36.0;13.0;11.43;8.71;0.0;6.0;23.0;4.0;16.21;1.39;Low
28.0;12.0;9.47;6.26;7.0;16.0;16.0;6.0;14.28;0.43;High
25.0;2.0;6.57;6.5;6.0;13.0;24.0;7.0;9.5;0.58;High
30.0;3.0;10.71;8.81;0.0;6.0;0.0;2.0;12.39;0.33;Medium
44.0;19.0;13.58;6.29;4.0;8.0;26.0;0.0;16.27;1.84;Medium
26.0;14.0;11.7;6.52;4.0;18.0;1.0;1.0;16.21;1.04;High
36.0;14.0;10.04;5.66;2.0;10.0;8.0;5.0;11.32;1.95;Medium
20.0;12.0;13.91;4.16;2.0;2.0;22.0;5.0;15.42;0.9;Medium
41.0;8.0;6.65;6.17;0.0;3.0;25.0;4.0;11.23;1.11;Low
24.0;9.0;4.62;7.28;2.0;4.0;0.0;4.0;7.28;1.58;Low
28.0;11.0;4.32;7.45;;3.0;18.0;8.0;5.65;1.59;Low
37.0;13.0;11.11;4.03;0.0;12.0;29.0;6.0;12.67;0.46;High
43.0;0.0;12.3;8.01;0.0;8.0;16.0;5.0;16.83;0.58;Medium
40.0;13.0;10.35;6.46;6.0;13.0;4.0;6.0;13.31;0.2;High
21.0;13.0;13.05;6.6;1.0;15.0;14.0;2.0;14.7;1.61;High
30.0;7.0;10.98;8.81;1.0;5.0;19.0;6.0;15.56;1.59;Medium
25.0;15.0;7.71;5.42;2.0;;23.0;2.0;12.09;0.16;Low
27.0;13.0;5.81;7.81;7.0;12.0;24.0;7.0;6.9;0.51;Medium
23.0;0.0;13.25;6.87;2.0;2.0;11.0;9.0;16.57;0.9;High
37.0;15.0;5.04;7.5;7.0;10.0;3.0;9.0;7.02;1.08;Medium
30.0;17.0;9.43;6.09;4.0;2.0;14.0;8.0;12.56;1.05;Medium
24.0;6.0;7.14;5.4;7.0;6.0;2.0;2.0;9.26;1.97;Low
34.0;14.0;6.71;6.73;4.0;9.0;13.0;6.0;8.97;1.53;Medium
37.0;16.0;10.46;5.87;1.0;0.0;3.0;7.0;13.87;0.23;Medium
21.0;18.0;6.31;5.11;0.0;3.0;18.0;2.0;9.47;0.59;Low
41.0;12.0;;8.2;3.0;7.0;5.0;5.0;15.74;0.69;Medium
30.0;8.0;8.06;6.38;5.0;19.0;16.0;6.0;9.49;0.63;High
44.0;14.0;10.77;8.24;5.0;16.0;17.0;3.0;15.65;1.57;Medium
32.0;2.0;11.28;;6.0;4.0;7.0;5.0;12.98;0.72;High
23.0;0.0;10.83;6.78;;16.0;18.0;6.0;14.36;0.98;High
41.0;15.0;13.03;8.98;7.0;8.0;19.0;6.0;14.36;1.07;Medium
26.0;7.0;6.31;8.76;6.0;7.0;11.0;0.0;10.06;0.54;Medium
30.0;12.0;4.86;5.36;2.0;6.0;16.0;1.0;6.24;0.65;Low
41.0;7.0;4.55;8.34;5.0;4.0;18.0;0.0;6.47;1.56;Low
43.0;16.0;12.78;5.95;6.0;3.0;0.0;8.0;16.37;1.73;High
23.0;13.0;13.73;4.36;5.0;;10.0;6.0;15.86;0.07;High
34.0;;7.03;6.88;3.0;7.0;9.0;6.0;10.16;1.21;Medium
20.0;14.0;10.94;8.89;6.0;4.0;15.0;2.0;12.44;1.27;Medium
42.0;15.0;;8.87;3.0;4.0;4.0;4.0;5.9;1.47;Low
22.0;18.0;5.89;4.63;1.0;16.0;16.0;1.0;9.83;1.39;Medium
33.0;5.0;10.89;7.86;0.0;14.0;27.0;4.0;;1.75;Medium
25.0;0.0;4.66;8.01;4.0;7.0;8.0;7.0;6.11;0.16;Low
37.0;11.0;8.69;5.84;7.0;6.0;22.0;9.0;10.55;0.78;Medium
44.0;17.0;10.63;7.29;1.0;16.0;26.0;2.0;11.71;1.56;High
20.0;15.0;11.66;6.44;5.0;11.0;7.0;3.0;13.04;;High
25.0;11.0;8.54;5.14;4.0;3.0;24.0;7.0;10.67;0.53;Medium
25.0;19.0;10.3;7.81;1.0;19.0;9.0;1.0;11.67;;High
40.0;12.0;9.4;5.31;1.0;17.0;7.0;0.0;13.86;0.36;Medium
35.0;7.0;4.52;5.7;3.0;3.0;2.0;2.0;5.78;1.7;Low
24.0;0.0;11.43;4.95;4.0;9.0;22.0;1.0;15.87;1.46;High
36.0;6.0;5.72;7.6;;2.0;22.0;9.0;10.01;0.44;Medium
29.0;14.0;4.32;6.29;3.0;4.0;29.0;1.0;5.72;1.25;Low
40.0;12.0;8.51;6.22;2.0;11.0;22.0;3.0;9.61;1.02;Medium
37.0;12.0;12.66;7.02;4.0;4.0;11.0;5.0;13.86;0.52;Medium
26.0;8.0;5.51;4.79;7.0;4.0;23.0;9.0;8.87;1.79;Medium
22.0;14.0;4.13;8.49;6.0;3.0;3.0;9.0;7.81;0.3;Low
32.0;3.0;5.1;6.33;1.0;5.0;26.0;4.0;8.58;0.93;Low
34.0;12.0;7.64;5.83;5.0;9.0;21.0;3.0;10.81;1.17;Medium
39.0;11.0;9.8;4.63;2.0;5.0;17.0;7.0;11.5;1.65;Medium
38.0;4.0;5.93;4.84;3.0;;22.0;4.0;;0.3;Low
22.0;6.0;12.02;8.6;1.0;15.0;;1.0;14.33;1.22;Medium
23.0;7.0;11.53;6.28;5.0;10.0;20.0;3.0;16.47;0.01;High
24.0;4.0;10.96;7.61;3.0;5.0;3.0;6.0;13.5;1.65;Medium
20.0;8.0;8.87;4.4;3.0;19.0;1.0;3.0;10.92;0.47;High
;13.0;7.65;7.22;6.0;17.0;6.0;5.0;12.23;1.44;High
31.0;11.0;7.76;8.61;5.0;5.0;17.0;1.0;11.03;1.2;Low
43.0;3.0;9.03;5.5;3.0;16.0;1.0;8.0;12.92;0.1;High
29.0;19.0;4.77;6.9;4.0;11.0;24.0;3.0;7.4;0.37;
42.0;7.0;10.82;8.7;6.0;16.0;1.0;0.0;15.37;0.54;Medium
44.0;16.0;7.52;7.6;2.0;17.0;9.0;2.0;12.19;1.77;Medium
40.0;7.0;6.25;4.31;6.0;9.0;2.0;6.0;9.0;0.96;Medium
39.0;0.0;6.78;5.89;2.0;19.0;18.0;9.0;8.74;1.83;High
43.0;19.0;5.8;4.43;0.0;11.0;1.0;8.0;9.39;0.09;High
44.0;1.0;13.02;8.31;6.0;3.0;25.0;5.0;17.84;0.01;High
32.0;3.0;;7.11;6.0;9.0;2.0;3.0;9.18;;Low
42.0;0.0;12.83;8.78;7.0;4.0;8.0;1.0;17.65;1.45;Medium
33.0;6.0;9.72;4.1;1.0;3.0;10.0;8.0;12.1;1.57;High
42.0;0.0;12.67;6.12;6.0;15.0;10.0;7.0;17.33;1.83;High
24.0;8.0;8.74;4.52;3.0;4.0;26.0;6.0;10.19;1.97;Medium
23.0;2.0;13.28;5.75;7.0;18.0;2.0;1.0;15.72;0.2;High
33.0;11.0;6.11;4.81;1.0;5.0;4.0;1.0;9.09;0.32;Medium
29.0;18.0;9.55;5.64;7.0;6.0;11.0;7.0;13.16;0.38;High
36.0;14.0;5.26;8.1;7.0;9.0;14.0;8.0;7.44;1.64;Low
29.0;15.0;8.47;4.8;2.0;6.0;22.0;8.0;13.17;0.71;Medium
26.0;9.0;9.7;6.37;2.0;13.0;16.0;7.0;14.31;1.19;High
35.0;5.0;10.06;8.61;3.0;9.0;15.0;0.0;14.26;1.71;Low
20.0;16.0;7.66;8.99;4.0;19.0;29.0;4.0;9.12;1.37;Medium
;16.0;4.76;5.25;5.0;10.0;16.0;6.0;6.07;0.13;Medium
40.0;18.0;10.55;8.68;3.0;13.0;14.0;9.0;13.54;0.89;High
28.0;17.0;8.88;5.31;3.0;11.0;25.0;;12.94;0.14;Medium
25.0;10.0;5.37;6.07;0.0;3.0;12.0;0.0;6.86;0.96;Low
38.0;6.0;13.36;8.39;5.0;12.0;1.0;9.0;16.93;;High
32.0;9.0;13.56;7.93;7.0;2.0;16.0;5.0;16.67;0.0;Medium
22.0;6.0;12.57;8.29;7.0;12.0;0.0;3.0;16.47;1.63;High
26.0;4.0;12.44;8.0;6.0;19.0;29.0;2.0;15.18;1.94;Medium
41.0;11.0;4.99;5.18;7.0;18.0;29.0;3.0;8.76;1.93;Medium
;15.0;13.93;6.79;4.0;14.0;9.0;7.0;15.57;0.6;High
41.0;17.0;8.0;5.93;;18.0;3.0;;9.86;1.66;High
24.0;2.0;5.63;6.3;1.0;19.0;9.0;8.0;10.24;1.36;High
29.0;19.0;12.12;4.77;5.0;3.0;11.0;4.0;14.44;1.6;Medium
42.0;14.0;6.26;5.58;4.0;5.0;27.0;8.0;11.2;1.69;Medium
36.0;4.0;9.26;8.29;3.0;14.0;2.0;3.0;10.44;1.96;Medium
31.0;12.0;5.28;8.49;3.0;3.0;0.0;3.0;8.26;0.3;Low
42.0;18.0;8.75;7.05;3.0;5.0;18.0;5.0;11.05;1.54;Medium
35.0;11.0;9.58;6.49;3.0;1.0;0.0;9.0;14.56;1.47;Medium
22.0;4.0;8.46;7.56;3.0;3.0;18.0;6.0;13.42;0.58;Low
44.0;5.0;4.69;7.04;;17.0;3.0;1.0;6.63;0.79;Low
41.0;6.0;8.85;8.92;6.0;14.0;26.0;3.0;10.92;0.35;Medium
28.0;9.0;;4.95;5.0;11.0;12.0;7.0;12.69;1.83;Medium
34.0;15.0;6.62;6.25;6.0;;26.0;8.0;11.18;1.76;Medium
24.0;7.0;13.22;8.59;5.0;11.0;13.0;4.0;16.87;1.23;Medium
42.0;8.0;8.18;8.57;4.0;8.0;13.0;5.0;12.64;1.02;
32.0;3.0;12.64;6.48;3.0;6.0;23.0;9.0;13.89;0.47;High
33.0;7.0;5.1;4.67;2.0;7.0;2.0;6.0;8.66;1.58;Low
39.0;6.0;7.19;8.07;5.0;19.0;18.0;6.0;10.99;;High
34.0;14.0;5.76;6.93;2.0;9.0;28.0;2.0;7.52;;Medium
35.0;2.0;8.08;7.87;7.0;10.0;24.0;1.0;12.19;1.72;Low
42.0;16.0;5.12;6.31;0.0;1.0;10.0;9.0;9.9;1.24;Low
32.0;10.0;8.41;5.02;7.0;3.0;8.0;7.0;13.0;1.27;Medium
36.0;8.0;7.54;4.12;1.0;;5.0;8.0;9.52;0.14;Medium
42.0;4.0;6.23;6.8;5.0;7.0;25.0;7.0;8.53;0.57;Medium
27.0;9.0;10.42;4.81;2.0;4.0;3.0;7.0;13.42;1.35;Medium
40.0;14.0;;4.94;0.0;13.0;25.0;1.0;15.14;0.1;High
21.0;13.0;6.07;6.18;4.0;1.0;4.0;3.0;10.89;0.66;Low
24.0;3.0;11.12;6.21;1.0;16.0;28.0;5.0;12.77;0.71;
25.0;19.0;11.42;5.37;6.0;7.0;8.0;7.0;15.47;1.0;High
31.0;1.0;8.98;4.66;7.0;1.0;0.0;1.0;11.35;0.72;Medium
37.0;11.0;12.98;8.72;3.0;14.0;22.0;7.0;16.27;0.91;High
41.0;0.0;13.66;4.66;5.0;1.0;14.0;0.0;14.85;1.09;Medium
41.0;19.0;7.62;5.75;5.0;10.0;10.0;5.0;9.44;0.26;Medium
20.0;4.0;10.51;5.52;3.0;13.0;22.0;7.0;13.29;0.36;High
36.0;5.0;10.62;8.33;7.0;9.0;25.0;7.0;14.33;1.67;Medium
30.0;10.0;8.04;6.05;7.0;6.0;0.0;6.0;12.15;0.92;Medium
29.0;7.0;7.17;4.62;6.0;13.0;29.0;6.0;8.29;0.71;High
38.0;6.0;13.34;4.05;4.0;12.0;16.0;9.0;14.95;0.87;
33.0;3.0;11.9;7.61;1.0;1.0;14.0;8.0;15.82;0.35;Medium
29.0;5.0;5.14;;5.0;9.0;13.0;1.0;9.39;0.48;
34.0;;5.2;6.09;2.0;0.0;8.0;0.0;7.15;1.03;Low
38.0;19.0;13.23;4.63;7.0;0.0;22.0;1.0;15.15;0.72;Medium
23.0;14.0;4.81;5.86;6.0;2.0;3.0;2.0;6.16;0.95;Low
21.0;13.0;10.88;6.95;7.0;10.0;8.0;8.0;12.48;0.3;High
28.0;11.0;6.27;7.52;1.0;18.0;27.0;9.0;7.3;0.31;Medium
29.0;11.0;4.35;4.39;0.0;8.0;4.0;6.0;7.71;0.77;Medium
30.0;15.0;4.6;6.78;6.0;12.0;2.0;4.0;9.22;0.76;Medium
33.0;14.0;7.74;5.38;7.0;3.0;17.0;4.0;9.34;1.77;Medium
26.0;12.0;4.78;7.09;5.0;19.0;8.0;5.0;8.79;0.07;Medium
42.0;10.0;9.97;7.24;4.0;5.0;3.0;1.0;13.26;1.99;Low
34.0;16.0;10.47;8.55;6.0;1.0;6.0;0.0;15.23;1.91;Low
41.0;14.0;7.73;6.05;2.0;8.0;0.0;0.0;11.92;1.08;Medium
38.0;13.0;11.43;6.69;1.0;17.0;15.0;2.0;15.84;1.44;Medium
41.0;;8.9;5.34;6.0;3.0;24.0;0.0;12.46;1.87;Low
34.0;11.0;8.3;5.43;1.0;0.0;27.0;8.0;12.55;0.5;Low
43.0;15.0;8.07;4.23;2.0;0.0;24.0;9.0;10.47;0.63;Medium
27.0;14.0;8.31;5.43;0.0;19.0;25.0;4.0;10.15;0.22;High
30.0;9.0;13.68;4.32;0.0;16.0;5.0;8.0;18.33;1.13;High
28.0;3.0;10.81;8.82;6.0;18.0;5.0;4.0;14.75;0.32;High
34.0;8.0;7.15;7.12;1.0;2.0;13.0;0.0;8.51;1.86;Low
20.0;19.0;11.34;4.87;3.0;16.0;21.0;6.0;15.81;0.86;High
20.0;8.0;7.3;4.58;2.0;2.0;4.0;6.0;9.7;1.84;Low
38.0;19.0;5.26;5.85;7.0;3.0;10.0;3.0;7.45;0.41;Low
22.0;10.0;8.75;5.54;5.0;12.0;0.0;2.0;12.24;1.39;Medium
29.0;10.0;11.51;5.4;7.0;14.0;19.0;0.0;14.78;1.3;Medium
27.0;6.0;7.78;6.34;6.0;11.0;9.0;6.0;10.93;0.8;Medium
34.0;9.0;12.69;8.56;0.0;2.0;0.0;4.0;14.71;1.8;Low
29.0;3.0;7.87;6.84;5.0;7.0;20.0;9.0;12.71;0.87;Medium
20.0;4.0;7.5;6.61;0.0;0.0;28.0;0.0;12.3;0.4;Low
37.0;4.0;13.98;8.03;0.0;17.0;3.0;0.0;15.0;1.95;Medium
21.0;10.0;;4.02;4.0;12.0;7.0;2.0;11.17;0.88;Medium
;8.0;12.05;4.99;6.0;6.0;0.0;2.0;13.23;0.42;Medium
32.0;15.0;12.05;6.48;5.0;12.0;7.0;1.0;;0.73;Medium
41.0;8.0;13.26;7.53;3.0;16.0;13.0;7.0;17.81;1.23;High
20.0;3.0;4.85;;;12.0;23.0;7.0;7.92;1.02;Medium
21.0;1.0;6.71;4.82;3.0;12.0;16.0;5.0;11.07;1.27;Medium
35.0;13.0;11.68;8.65;1.0;;8.0;4.0;15.49;1.32;Medium
34.0;2.0;9.63;5.64;1.0;13.0;28.0;5.0;12.63;0.25;Medium
32.0;17.0;9.6;7.94;7.0;9.0;24.0;0.0;12.06;0.63;Medium
35.0;5.0;5.66;8.46;7.0;7.0;5.0;1.0;7.72;1.5;Low
36.0;10.0;6.81;5.73;4.0;5.0;0.0;6.0;8.85;1.3;Medium
40.0;17.0;9.21;8.23;7.0;18.0;22.0;0.0;12.46;0.18;Medium
26.0;11.0;6.77;7.55;3.0;18.0;22.0;7.0;8.44;0.63;High
43.0;4.0;6.1;8.52;2.0;11.0;8.0;2.0;7.8;1.86;Low
36.0;8.0;4.88;5.26;4.0;6.0;0.0;3.0;5.92;1.72;Low
26.0;19.0;5.56;8.66;0.0;17.0;13.0;6.0;9.01;1.34;Low
32.0;17.0;11.69;4.33;1.0;19.0;23.0;9.0;16.67;0.15;High
24.0;18.0;11.19;7.97;7.0;17.0;29.0;6.0;15.75;1.21;High
36.0;2.0;4.46;6.18;6.0;2.0;27.0;1.0;8.28;0.02;Low
22.0;8.0;6.03;4.89;1.0;8.0;28.0;4.0;10.17;1.32;
26.0;3.0;9.6;4.4;2.0;5.0;10.0;7.0;;1.46;
36.0;16.0;7.23;5.95;4.0;0.0;7.0;8.0;9.42;0.99;Low
26.0;16.0;12.23;5.95;3.0;9.0;22.0;4.0;14.7;0.01;Medium
40.0;1.0;11.85;5.15;6.0;7.0;11.0;1.0;13.18;1.33;Medium
20.0;8.0;12.92;5.08;1.0;16.0;5.0;3.0;16.46;1.64;High
36.0;8.0;9.63;6.0;0.0;;16.0;4.0;11.33;1.17;Medium
36.0;4.0;7.52;6.05;2.0;2.0;10.0;5.0;11.57;1.42;Low
30.0;14.0;10.06;6.21;2.0;2.0;9.0;5.0;11.82;0.18;Medium
44.0;14.0;4.89;8.34;5.0;6.0;26.0;0.0;6.8;1.43;Low
22.0;2.0;4.1;7.06;2.0;10.0;7.0;5.0;8.93;1.23;Low
34.0;18.0;4.17;4.1;0.0;17.0;11.0;9.0;5.59;0.66;Medium
40.0;2.0;8.08;6.6;2.0;4.0;20.0;0.0;11.08;1.37;Low
30.0;5.0;;7.81;7.0;1.0;3.0;4.0;7.53;1.29;Low
35.0;3.0;5.57;4.28;3.0;13.0;20.0;6.0;6.93;1.2;Medium
44.0;12.0;10.15;6.11;5.0;0.0;20.0;7.0;13.68;0.37;Medium
41.0;12.0;13.95;6.26;7.0;3.0;29.0;4.0;17.47;0.59;High
28.0;10.0;5.78;8.77;3.0;13.0;12.0;1.0;7.55;1.98;Low
43.0;4.0;9.46;6.38;6.0;14.0;25.0;2.0;13.95;0.87;Medium
43.0;0.0;5.2;7.75;4.0;19.0;2.0;6.0;9.01;0.12;Medium
20.0;8.0;13.34;5.51;4.0;19.0;19.0;9.0;15.54;1.8;High
44.0;16.0;6.92;7.9;6.0;16.0;3.0;3.0;8.91;0.35;Medium
41.0;0.0;12.78;5.61;7.0;2.0;7.0;0.0;16.8;0.81;Medium
35.0;2.0;6.83;6.15;6.0;3.0;4.0;2.0;10.76;0.56;Low
28.0;14.0;12.06;6.4;7.0;17.0;21.0;9.0;13.66;1.93;High
38.0;9.0;6.09;8.63;7.0;0.0;25.0;1.0;8.49;0.76;Low
31.0;7.0;6.93;4.27;3.0;4.0;1.0;8.0;8.8;1.42;Medium
38.0;11.0;5.92;4.98;;17.0;24.0;0.0;8.1;1.2;Low
41.0;14.0;6.64;7.53;5.0;12.0;7.0;8.0;8.79;0.09;Medium
28.0;8.0;12.35;6.89;4.0;13.0;23.0;9.0;17.25;0.77;High
26.0;9.0;10.39;5.26;7.0;19.0;25.0;4.0;14.39;0.78;High
33.0;19.0;8.06;5.45;2.0;2.0;4.0;5.0;12.18;1.98;Low
38.0;8.0;13.72;5.84;6.0;5.0;15.0;5.0;15.83;1.62;High
38.0;14.0;8.65;6.25;3.0;10.0;20.0;5.0;9.65;1.71;Medium
21.0;0.0;13.7;8.09;1.0;8.0;14.0;8.0;14.93;0.63;High
28.0;1.0;5.97;4.07;0.0;19.0;18.0;8.0;9.18;0.66;High
32.0;18.0;13.05;8.49;0.0;18.0;12.0;9.0;15.19;1.03;High
34.0;13.0;4.14;6.07;3.0;6.0;10.0;6.0;5.91;1.26;Medium
22.0;7.0;9.45;5.15;7.0;9.0;15.0;2.0;10.65;1.46;High
30.0;5.0;8.23;6.54;1.0;6.0;17.0;6.0;12.73;1.64;Medium
40.0;11.0;9.25;7.3;0.0;4.0;24.0;4.0;12.65;1.75;Low
33.0;14.0;9.53;4.22;5.0;3.0;14.0;8.0;10.96;0.05;High
44.0;13.0;7.89;7.58;;16.0;5.0;;11.96;1.59;Medium
27.0;0.0;13.98;7.8;5.0;4.0;7.0;9.0;18.0;1.22;High
37.0;10.0;13.77;4.83;1.0;16.0;3.0;5.0;15.93;1.06;High
38.0;2.0;13.62;4.84;5.0;16.0;20.0;4.0;15.37;1.26;High
35.0;18.0;13.79;5.02;2.0;16.0;25.0;9.0;18.05;1.76;High
21.0;17.0;11.93;7.98;6.0;0.0;15.0;1.0;14.25;1.09;Medium
27.0;19.0;13.89;5.36;6.0;1.0;20.0;2.0;18.28;0.32;Medium
41.0;1.0;12.92;7.98;4.0;18.0;10.0;2.0;14.09;0.87;High
25.0;6.0;8.16;6.7;1.0;8.0;25.0;3.0;11.16;1.85;Low
31.0;7.0;11.85;7.84;3.0;19.0;19.0;2.0;13.57;1.63;High
34.0;18.0;13.12;6.77;7.0;14.0;26.0;6.0;16.81;0.41;High
44.0;14.0;11.13;5.68;0.0;18.0;1.0;5.0;16.12;1.43;High
27.0;9.0;8.23;8.55;4.0;4.0;29.0;7.0;10.88;0.51;Medium
23.0;0.0;4.66;7.58;;12.0;21.0;1.0;6.06;0.7;Low
34.0;5.0;12.1;6.42;1.0;3.0;3.0;1.0;14.37;0.94;Low
39.0;12.0;;7.19;2.0;12.0;13.0;0.0;18.1;0.88;High
44.0;13.0;7.62;7.08;0.0;5.0;10.0;4.0;11.68;0.06;Medium
36.0;2.0;5.52;5.79;0.0;11.0;3.0;6.0;7.45;1.55;Low
32.0;10.0;7.27;6.12;4.0;8.0;25.0;;12.08;1.69;Low
37.0;2.0;9.83;5.59;3.0;14.0;2.0;4.0;13.32;1.06;High
21.0;18.0;7.17;9.0;6.0;14.0;23.0;0.0;8.84;0.35;Low
32.0;9.0;10.11;6.9;1.0;16.0;21.0;2.0;13.4;0.5;Medium
32.0;14.0;13.67;4.46;1.0;4.0;24.0;7.0;16.48;0.25;High
41.0;10.0;10.71;6.6;3.0;4.0;4.0;2.0;14.99;0.34;Medium
34.0;14.0;7.63;4.25;0.0;4.0;5.0;6.0;10.01;1.75;Low
39.0;12.0;13.36;5.44;7.0;13.0;;9.0;17.86;0.96;High
29.0;4.0;9.66;6.23;3.0;1.0;3.0;2.0;13.91;0.22;Medium
22.0;3.0;5.28;6.67;5.0;8.0;25.0;1.0;8.98;0.51;Low
38.0;12.0;8.99;8.88;6.0;13.0;6.0;;11.02;1.9;Medium
22.0;8.0;10.54;8.91;1.0;14.0;12.0;5.0;15.42;1.02;High
;16.0;12.38;4.49;7.0;3.0;9.0;1.0;15.57;1.03;Medium
33.0;1.0;13.36;6.69;3.0;5.0;11.0;9.0;17.99;1.05;High
27.0;4.0;7.17;8.09;0.0;13.0;9.0;4.0;9.03;0.22;Medium
42.0;15.0;5.56;5.19;4.0;4.0;10.0;4.0;;1.94;Low
23.0;6.0;4.74;7.75;7.0;10.0;10.0;4.0;9.0;0.17;Medium
39.0;0.0;11.38;8.39;5.0;13.0;21.0;5.0;16.18;1.4;High
30.0;11.0;;7.31;0.0;6.0;5.0;2.0;13.8;0.12;Medium
30.0;10.0;8.09;5.64;2.0;13.0;5.0;9.0;10.81;0.89;Medium
30.0;11.0;7.96;8.62;2.0;12.0;29.0;4.0;9.35;1.8;Medium
21.0;18.0;13.54;8.42;3.0;17.0;19.0;;15.09;1.54;High
36.0;11.0;13.17;7.58;6.0;1.0;25.0;3.0;;0.67;Medium
28.0;11.0;6.33;5.82;;8.0;5.0;4.0;11.14;1.1;Medium
21.0;13.0;11.81;7.96;0.0;10.0;11.0;0.0;15.48;0.33;Low
43.0;1.0;10.23;5.58;0.0;19.0;22.0;0.0;12.49;1.91;Medium
34.0;1.0;5.54;5.26;1.0;10.0;28.0;7.0;10.36;1.42;Medium
35.0;3.0;7.57;6.58;4.0;5.0;13.0;1.0;11.53;0.75;Low
44.0;19.0;5.77;8.99;5.0;0.0;;9.0;10.4;0.64;Medium
23.0;15.0;6.95;8.02;0.0;4.0;26.0;9.0;11.66;0.48;Medium
27.0;9.0;10.15;7.65;7.0;13.0;24.0;6.0;14.15;1.57;Medium
28.0;12.0;7.75;6.26;5.0;15.0;22.0;6.0;9.72;0.87;High
24.0;1.0;7.94;5.56;3.0;8.0;18.0;8.0;12.93;0.66;Medium
;2.0;9.4;8.28;1.0;18.0;9.0;0.0;11.7;1.81;Low
32.0;;4.87;6.84;6.0;19.0;9.0;1.0;8.56;0.3;Medium
26.0;5.0;11.39;8.07;5.0;7.0;6.0;0.0;15.77;0.53;Medium
39.0;18.0;8.02;6.44;5.0;7.0;25.0;0.0;9.72;0.69;Low
36.0;19.0;8.8;7.77;5.0;15.0;9.0;3.0;12.24;0.52;Medium
22.0;18.0;13.74;8.34;5.0;17.0;13.0;7.0;16.24;1.17;High
24.0;7.0;7.44;5.96;5.0;7.0;4.0;9.0;9.42;1.2;Medium
38.0;13.0;10.48;4.07;6.0;8.0;24.0;7.0;11.53;0.11;High
31.0;9.0;7.93;5.27;1.0;4.0;21.0;8.0;12.42;0.29;Medium
26.0;2.0;;8.57;3.0;1.0;;1.0;14.48;0.4;Medium
28.0;5.0;12.47;7.44;5.0;13.0;28.0;6.0;16.98;0.14;High
25.0;14.0;6.42;7.69;5.0;17.0;6.0;3.0;9.82;0.25;Medium
36.0;17.0;10.92;5.63;3.0;12.0;19.0;2.0;14.4;0.48;Medium
35.0;13.0;4.65;7.51;0.0;11.0;17.0;3.0;8.96;0.69;Low
42.0;18.0;13.63;7.23;0.0;14.0;10.0;3.0;16.67;1.58;High
22.0;9.0;7.49;4.89;6.0;14.0;19.0;2.0;9.92;0.44;High
40.0;14.0;12.32;8.84;1.0;0.0;24.0;8.0;13.88;1.34;Medium
23.0;3.0;7.18;5.77;1.0;6.0;2.0;7.0;10.46;0.12;Medium
29.0;1.0;10.33;5.65;4.0;12.0;6.0;9.0;13.54;1.32;High
24.0;2.0;13.84;5.85;1.0;17.0;28.0;1.0;16.02;1.59;Medium
40.0;6.0;12.77;4.46;6.0;0.0;29.0;2.0;16.17;1.21;Medium
41.0;15.0;5.6;7.12;3.0;10.0;3.0;9.0;8.36;0.4;Medium
29.0;9.0;9.47;5.19;5.0;12.0;18.0;6.0;13.69;0.66;High
31.0;18.0;7.49;8.02;3.0;19.0;29.0;4.0;10.73;1.61;Low
29.0;16.0;8.34;5.97;6.0;8.0;29.0;0.0;13.07;0.86;Medium
32.0;18.0;7.35;6.29;4.0;15.0;29.0;0.0;10.42;0.51;Medium
30.0;4.0;7.36;7.23;2.0;10.0;20.0;7.0;11.91;1.87;Medium
41.0;19.0;9.43;7.81;6.0;2.0;17.0;5.0;12.51;1.27;Medium
35.0;12.0;5.92;5.16;6.0;16.0;;3.0;9.15;1.61;Medium
27.0;12.0;9.37;8.83;2.0;1.0;13.0;2.0;11.84;0.05;Low
27.0;10.0;6.79;7.11;3.0;8.0;9.0;8.0;9.39;0.68;Low
44.0;10.0;6.89;4.03;2.0;8.0;13.0;8.0;11.62;0.92;Medium
27.0;15.0;11.39;6.08;6.0;15.0;3.0;3.0;13.28;1.17;High
;14.0;4.3;6.18;6.0;0.0;22.0;7.0;5.79;0.38;Low
21.0;16.0;7.81;8.05;2.0;16.0;11.0;3.0;12.13;1.0;Medium
31.0;17.0;8.08;5.53;7.0;9.0;11.0;7.0;11.39;1.37;Medium
29.0;18.0;8.85;5.66;6.0;19.0;1.0;6.0;10.99;0.69;High
31.0;3.0;10.69;4.35;4.0;4.0;25.0;5.0;13.42;1.38;Medium
30.0;4.0;7.7;5.42;6.0;7.0;5.0;6.0;10.8;0.78;Medium
34.0;6.0;6.13;7.58;6.0;12.0;4.0;5.0;9.5;0.94;Medium
35.0;1.0;12.85;7.17;5.0;4.0;18.0;5.0;17.13;0.27;
36.0;0.0;13.81;4.41;1.0;3.0;20.0;6.0;16.39;1.3;High
21.0;11.0;4.2;4.57;1.0;7.0;14.0;3.0;7.91;0.45;Low
37.0;9.0;9.46;5.88;2.0;6.0;9.0;4.0;13.8;1.66;Medium
31.0;7.0;7.42;7.72;0.0;4.0;6.0;8.0;11.8;1.11;Low
38.0;0.0;6.77;8.16;;9.0;18.0;1.0;8.79;1.12;Medium
42.0;11.0;7.36;4.07;5.0;16.0;7.0;8.0;9.76;1.82;High
37.0;1.0;10.39;5.65;5.0;5.0;14.0;4.0;13.77;0.33;Medium
36.0;9.0;5.91;;2.0;9.0;22.0;9.0;10.45;1.06;Medium
25.0;16.0;13.13;8.56;0.0;15.0;3.0;0.0;17.29;0.76;Low
44.0;2.0;8.66;6.51;0.0;9.0;12.0;6.0;12.0;1.93;Medium
34.0;6.0;7.26;5.35;5.0;3.0;28.0;4.0;12.19;1.59;Low
22.0;11.0;11.66;5.95;4.0;1.0;4.0;2.0;;1.52;Medium
25.0;7.0;4.16;6.18;1.0;0.0;25.0;2.0;;0.41;Low
22.0;19.0;8.32;7.35;5.0;2.0;10.0;0.0;12.59;0.47;Low
20.0;11.0;7.55;4.21;7.0;12.0;15.0;6.0;12.18;0.06;High
32.0;2.0;7.38;5.95;7.0;11.0;19.0;1.0;12.33;1.28;Medium
40.0;16.0;7.37;7.23;6.0;0.0;17.0;7.0;10.35;0.74;Low
33.0;8.0;4.31;5.42;5.0;9.0;27.0;3.0;6.09;0.62;Medium
32.0;9.0;5.52;6.96;6.0;5.0;14.0;3.0;8.36;1.27;Low
23.0;5.0;5.42;5.79;3.0;8.0;24.0;4.0;9.84;1.66;Medium
26.0;0.0;13.89;7.79;0.0;0.0;0.0;8.0;18.23;0.27;Medium
41.0;11.0;4.22;;3.0;11.0;7.0;6.0;6.56;1.84;Medium
29.0;4.0;5.67;8.59;7.0;4.0;3.0;2.0;6.86;0.07;Low
26.0;12.0;13.74;4.86;3.0;0.0;8.0;3.0;16.78;0.19;High
40.0;14.0;10.28;4.79;4.0;1.0;18.0;8.0;13.18;1.68;Medium
34.0;10.0;8.51;8.2;7.0;13.0;6.0;0.0;9.85;0.99;Medium
34.0;7.0;4.79;8.35;5.0;1.0;14.0;7.0;;1.88;Medium
23.0;4.0;10.7;4.46;1.0;4.0;2.0;7.0;12.83;0.92;High
42.0;1.0;5.38;8.54;7.0;9.0;25.0;6.0;8.96;1.85;Low
42.0;11.0;10.71;5.37;6.0;19.0;11.0;5.0;12.12;0.48;High
25.0;1.0;13.79;7.09;6.0;;22.0;6.0;18.23;1.23;High
43.0;15.0;9.32;4.34;4.0;4.0;1.0;9.0;13.28;1.99;Medium
39.0;2.0;6.14;5.9;0.0;1.0;18.0;3.0;8.69;0.75;Low
24.0;9.0;10.25;6.25;1.0;8.0;23.0;3.0;13.77;0.0;Medium
39.0;18.0;9.13;7.0;5.0;9.0;6.0;4.0;10.88;0.13;High
31.0;7.0;9.33;6.63;7.0;7.0;10.0;3.0;14.27;1.72;Medium
20.0;6.0;8.78;6.31;2.0;5.0;18.0;3.0;12.96;0.98;Medium
27.0;0.0;10.74;8.8;1.0;4.0;7.0;8.0;14.9;1.07;Medium
20.0;11.0;9.72;4.93;6.0;17.0;12.0;5.0;11.33;1.6;High
24.0;4.0;13.87;4.79;4.0;19.0;8.0;2.0;14.94;1.62;High
41.0;15.0;12.26;7.57;4.0;17.0;1.0;2.0;15.6;0.95;High
25.0;3.0;6.65;;3.0;1.0;17.0;9.0;8.23;;Medium
40.0;16.0;11.26;6.41;7.0;11.0;14.0;;15.38;0.94;High
22.0;1.0;6.14;6.42;5.0;7.0;22.0;2.0;8.8;1.35;Medium
34.0;11.0;11.82;5.55;2.0;3.0;10.0;3.0;14.17;0.07;Medium
24.0;0.0;5.48;8.65;5.0;19.0;23.0;5.0;6.77;;Medium
43.0;11.0;8.74;5.41;1.0;3.0;14.0;8.0;13.72;;Medium
33.0;11.0;11.91;5.44;2.0;8.0;20.0;5.0;16.73;0.63;High
37.0;11.0;6.8;5.17;5.0;8.0;17.0;2.0;8.33;0.67;Low
35.0;18.0;12.37;4.73;3.0;11.0;13.0;5.0;;1.33;High
25.0;16.0;10.44;5.82;2.0;13.0;25.0;3.0;13.0;1.19;
44.0;19.0;7.98;7.4;2.0;2.0;20.0;4.0;10.17;0.16;Low
43.0;10.0;8.23;7.71;1.0;5.0;18.0;4.0;12.97;1.53;Medium
33.0;12.0;13.26;8.07;2.0;14.0;12.0;2.0;17.15;1.23;Medium
43.0;7.0;6.18;4.99;3.0;18.0;24.0;4.0;11.0;1.71;Medium
27.0;9.0;10.93;4.18;7.0;3.0;15.0;4.0;15.43;1.07;High
26.0;7.0;;8.87;0.0;0.0;1.0;6.0;15.09;0.83;Medium
27.0;19.0;13.22;4.07;0.0;8.0;24.0;8.0;17.01;0.74;High
32.0;7.0;11.13;8.8;4.0;15.0;1.0;4.0;15.59;0.01;Medium
25.0;8.0;9.84;8.14;0.0;8.0;16.0;8.0;13.58;0.08;Medium
37.0;6.0;13.03;8.56;1.0;11.0;25.0;4.0;14.78;0.26;High
21.0;13.0;12.29;5.94;4.0;13.0;21.0;3.0;15.88;1.86;Medium
27.0;1.0;11.17;4.99;0.0;14.0;26.0;5.0;14.23;1.76;Medium
30.0;10.0;4.33;7.03;0.0;15.0;21.0;7.0;9.26;0.99;Low
20.0;7.0;7.74;7.71;4.0;7.0;19.0;3.0;10.78;0.36;Medium
41.0;12.0;10.32;4.65;1.0;9.0;28.0;4.0;11.47;0.29;Medium
25.0;14.0;9.22;7.99;4.0;13.0;17.0;9.0;11.28;0.51;Medium
35.0;2.0;7.19;5.04;6.0;16.0;28.0;0.0;11.86;1.82;Medium
39.0;13.0;5.44;6.46;7.0;2.0;9.0;9.0;10.29;1.04;Low
31.0;14.0;9.53;8.28;6.0;3.0;11.0;0.0;13.44;1.61;Low
30.0;1.0;6.86;4.97;1.0;15.0;26.0;7.0;8.09;1.01;Medium
29.0;18.0;6.33;5.21;1.0;13.0;2.0;6.0;7.42;1.22;
22.0;11.0;7.99;4.31;5.0;13.0;28.0;4.0;10.91;1.22;High
32.0;19.0;11.85;4.73;3.0;15.0;5.0;8.0;16.85;0.06;High
22.0;3.0;8.88;4.73;0.0;7.0;19.0;0.0;13.36;0.89;Medium
34.0;2.0;6.16;5.02;5.0;17.0;4.0;2.0;10.89;1.73;Medium
35.0;4.0;5.17;5.43;0.0;6.0;26.0;5.0;8.66;0.98;Low
32.0;2.0;8.99;8.07;5.0;2.0;24.0;0.0;13.43;0.87;Low
36.0;14.0;11.94;8.58;7.0;5.0;20.0;5.0;14.22;1.05;Medium
22.0;18.0;10.53;6.03;2.0;19.0;25.0;1.0;11.64;0.76;High
39.0;1.0;6.32;4.64;6.0;15.0;26.0;9.0;10.99;1.03;Medium
30.0;11.0;8.37;5.12;7.0;3.0;7.0;4.0;10.24;0.27;Medium
40.0;4.0;12.55;7.68;4.0;18.0;17.0;9.0;16.46;1.94;High
38.0;16.0;5.78;7.39;5.0;1.0;15.0;1.0;9.42;0.07;Medium
41.0;13.0;9.32;8.84;6.0;3.0;27.0;0.0;10.95;0.97;Low
30.0;9.0;7.56;4.07;3.0;1.0;13.0;3.0;9.34;0.42;Medium
35.0;2.0;5.24;7.75;0.0;6.0;5.0;1.0;7.56;0.12;Low
40.0;3.0;4.5;6.53;2.0;14.0;10.0;8.0;8.53;1.3;Medium
22.0;5.0;9.56;8.51;3.0;16.0;26.0;2.0;10.72;1.97;Medium
41.0;15.0;4.21;6.88;1.0;13.0;5.0;;6.84;;Low
25.0;6.0;5.03;6.23;7.0;10.0;4.0;3.0;8.69;0.51;Medium
33.0;;7.48;7.33;0.0;16.0;14.0;9.0;9.17;0.99;Medium
43.0;19.0;4.44;8.17;6.0;4.0;5.0;6.0;5.92;0.1;Medium
37.0;10.0;8.0;5.41;5.0;13.0;29.0;6.0;10.56;1.06;Medium
36.0;0.0;5.3;4.54;4.0;16.0;20.0;5.0;7.45;0.2;High
23.0;4.0;7.5;6.17;3.0;19.0;15.0;7.0;11.1;1.59;Medium
42.0;12.0;11.91;5.07;6.0;1.0;17.0;5.0;16.79;0.11;Medium
34.0;13.0;10.26;6.15;2.0;6.0;20.0;8.0;11.28;0.02;
30.0;8.0;8.45;;4.0;;0.0;4.0;13.06;1.72;Low
22.0;16.0;4.92;6.87;1.0;7.0;2.0;2.0;7.65;1.89;Low
22.0;14.0;10.19;7.47;4.0;0.0;29.0;4.0;13.85;0.17;Medium
;6.0;5.64;7.39;6.0;9.0;22.0;3.0;10.04;0.56;Low
24.0;11.0;4.77;8.1;6.0;0.0;19.0;2.0;8.06;1.48;Low
40.0;5.0;10.64;8.72;2.0;0.0;23.0;0.0;12.03;1.08;Low
29.0;15.0;13.12;7.29;1.0;3.0;2.0;7.0;14.68;1.9;Medium
38.0;4.0;8.61;6.38;2.0;16.0;6.0;3.0;12.77;0.78;Medium
44.0;8.0;4.41;5.59;6.0;4.0;13.0;2.0;6.33;0.01;Low
23.0;13.0;12.8;5.8;0.0;13.0;17.0;3.0;16.08;0.04;High
38.0;7.0;4.67;5.67;2.0;5.0;29.0;0.0;7.38;1.13;Low
30.0;13.0;12.68;5.62;7.0;6.0;23.0;5.0;14.89;1.5;High
21.0;11.0;7.92;7.47;4.0;7.0;14.0;2.0;12.07;1.58;Low
;9.0;7.65;6.94;6.0;17.0;12.0;7.0;11.57;1.82;Medium
30.0;19.0;9.43;5.01;0.0;3.0;18.0;9.0;13.01;0.46;Low
44.0;19.0;13.57;8.85;0.0;2.0;28.0;4.0;16.06;1.48;Medium
39.0;12.0;12.99;6.14;3.0;3.0;21.0;8.0;14.9;1.65;Medium
35.0;18.0;8.7;6.83;4.0;15.0;1.0;8.0;11.76;1.67;Medium
38.0;14.0;10.96;7.51;4.0;12.0;6.0;1.0;15.23;0.82;Medium
42.0;7.0;9.8;7.07;1.0;10.0;12.0;4.0;13.1;1.25;Medium
43.0;9.0;10.93;5.56;2.0;10.0;3.0;6.0;15.81;1.1;Medium
30.0;2.0;12.29;7.99;5.0;4.0;5.0;6.0;13.35;1.19;Medium
33.0;2.0;4.34;4.55;2.0;19.0;17.0;9.0;9.33;0.56;High
21.0;4.0;7.26;6.84;4.0;0.0;18.0;2.0;11.03;1.37;Low
42.0;15.0;13.59;;2.0;13.0;14.0;6.0;17.92;1.42;High
24.0;16.0;13.49;7.08;4.0;19.0;2.0;6.0;15.83;0.39;High
24.0;5.0;4.11;5.09;6.0;18.0;19.0;3.0;7.14;0.89;Medium
38.0;19.0;6.01;7.86;0.0;4.0;16.0;6.0;10.2;0.84;Low
40.0;19.0;13.94;5.14;2.0;19.0;15.0;7.0;17.98;1.5;High
31.0;15.0;8.93;8.45;6.0;5.0;12.0;2.0;11.27;1.33;Low
37.0;1.0;9.73;8.31;2.0;18.0;21.0;;12.03;0.95;Medium
23.0;19.0;5.66;5.81;4.0;11.0;26.0;8.0;9.31;1.31;Medium
41.0;14.0;12.94;5.93;6.0;13.0;21.0;6.0;17.67;0.53;High
36.0;17.0;6.31;7.51;4.0;16.0;19.0;0.0;9.07;0.46;Medium
29.0;0.0;5.9;4.45;1.0;6.0;7.0;9.0;8.31;0.48;Medium
39.0;18.0;6.28;4.4;2.0;0.0;20.0;9.0;10.86;0.06;High
25.0;11.0;13.2;4.68;3.0;16.0;25.0;8.0;16.93;1.38;High
44.0;7.0;11.03;6.81;7.0;5.0;13.0;4.0;13.58;1.97;Medium
33.0;5.0;11.69;4.75;4.0;3.0;3.0;1.0;12.92;0.62;High
30.0;11.0;7.77;5.39;3.0;;6.0;6.0;11.66;1.86;Medium
30.0;6.0;13.09;7.23;0.0;7.0;9.0;8.0;15.5;1.21;Medium
37.0;17.0;11.89;4.08;0.0;17.0;14.0;;;0.45;High
42.0;13.0;11.51;4.9;7.0;19.0;25.0;3.0;14.96;0.02;High
41.0;7.0;13.71;8.65;3.0;12.0;15.0;8.0;16.0;1.45;High
37.0;19.0;7.66;7.32;5.0;7.0;7.0;1.0;10.01;1.39;Low
43.0;13.0;10.11;5.53;0.0;15.0;1.0;3.0;13.03;0.46;Medium
42.0;4.0;13.1;4.23;3.0;4.0;28.0;4.0;16.97;0.67;Medium
30.0;8.0;11.91;6.93;1.0;2.0;16.0;3.0;;1.8;Medium
40.0;7.0;9.63;5.11;1.0;12.0;5.0;6.0;10.95;0.31;High
31.0;1.0;4.76;8.8;0.0;14.0;15.0;5.0;7.46;1.67;Low
24.0;15.0;10.53;7.43;6.0;3.0;1.0;8.0;11.75;0.34;Medium
42.0;;9.27;8.87;3.0;2.0;26.0;3.0;13.06;0.96;Low
28.0;6.0;5.84;8.24;3.0;1.0;23.0;8.0;10.68;1.0;Low
44.0;15.0;12.82;6.42;7.0;3.0;28.0;0.0;16.46;0.94;Medium
28.0;6.0;7.43;7.35;7.0;5.0;20.0;5.0;9.53;0.58;Low
;13.0;7.87;8.06;3.0;3.0;17.0;6.0;9.6;0.51;Low
29.0;13.0;10.72;6.89;7.0;;10.0;8.0;12.65;1.47;High
41.0;11.0;8.89;4.31;5.0;6.0;11.0;0.0;10.78;0.55;Medium
38.0;0.0;4.89;6.35;0.0;17.0;4.0;0.0;7.15;1.22;Medium
20.0;0.0;7.87;4.65;5.0;9.0;1.0;1.0;9.26;1.69;
26.0;11.0;4.94;7.57;3.0;16.0;21.0;;9.52;1.67;Medium
23.0;19.0;5.91;7.4;4.0;3.0;23.0;2.0;10.45;0.33;Low
20.0;;4.07;8.96;3.0;18.0;17.0;5.0;7.53;1.31;Medium
34.0;3.0;5.81;7.14;4.0;6.0;21.0;1.0;7.06;1.2;Low
27.0;6.0;7.3;8.0;1.0;12.0;5.0;9.0;11.52;0.56;Medium
31.0;15.0;9.38;5.34;4.0;2.0;0.0;5.0;10.63;0.78;Medium
41.0;2.0;13.19;5.7;1.0;7.0;8.0;6.0;14.62;0.57;High
41.0;6.0;9.4;8.59;7.0;10.0;14.0;5.0;11.7;1.07;Medium
37.0;5.0;11.06;7.78;0.0;15.0;27.0;1.0;13.79;1.61;Low
34.0;15.0;7.58;7.28;6.0;19.0;7.0;4.0;10.0;1.76;Medium
36.0;7.0;11.52;5.27;6.0;18.0;27.0;9.0;13.18;1.45;High
33.0;5.0;10.2;7.49;5.0;8.0;13.0;5.0;11.65;0.97;Medium
33.0;9.0;8.6;8.43;5.0;9.0;3.0;7.0;13.04;1.92;Medium
37.0;15.0;5.94;5.15;1.0;5.0;6.0;8.0;8.39;1.13;Medium
39.0;10.0;7.04;7.53;1.0;2.0;19.0;4.0;8.91;0.96;
37.0;12.0;10.21;5.97;3.0;19.0;7.0;6.0;13.16;1.71;Medium
35.0;5.0;8.26;4.59;2.0;7.0;9.0;3.0;9.41;0.37;Medium
20.0;0.0;12.89;7.82;1.0;5.0;17.0;9.0;16.29;0.32;Medium
;18.0;6.35;4.84;4.0;7.0;17.0;4.0;8.34;1.57;Medium
30.0;11.0;4.73;5.26;0.0;13.0;18.0;0.0;8.12;1.74;Low
34.0;5.0;9.89;7.91;7.0;7.0;29.0;2.0;13.35;0.15;Medium
31.0;17.0;12.86;7.71;5.0;10.0;3.0;1.0;17.1;1.53;Medium
27.0;12.0;7.65;5.27;4.0;9.0;26.0;5.0;9.57;0.85;Medium
41.0;6.0;10.48;8.7;;9.0;12.0;8.0;13.33;1.41;Medium
39.0;12.0;6.31;5.08;0.0;10.0;5.0;9.0;11.16;0.27;High
25.0;7.0;9.58;8.97;7.0;0.0;20.0;2.0;13.49;1.95;Low
22.0;16.0;11.87;7.69;4.0;14.0;25.0;1.0;16.77;1.76;Medium
43.0;8.0;12.67;5.96;5.0;4.0;12.0;1.0;17.38;0.81;Medium
32.0;19.0;5.05;4.65;1.0;13.0;25.0;5.0;8.49;1.79;Low
32.0;12.0;7.56;5.6;7.0;19.0;22.0;9.0;9.62;1.79;High
21.0;1.0;10.4;4.97;2.0;7.0;21.0;5.0;14.43;0.92;Medium
24.0;3.0;4.35;7.11;1.0;16.0;29.0;;8.14;1.89;Low
36.0;1.0;10.91;5.78;6.0;3.0;15.0;8.0;14.27;1.95;High
25.0;3.0;9.28;5.48;5.0;3.0;19.0;6.0;13.07;0.43;Medium
21.0;17.0;6.89;7.79;3.0;17.0;26.0;6.0;10.34;0.13;High
23.0;4.0;12.15;5.15;4.0;18.0;9.0;0.0;15.23;0.66;
41.0;18.0;6.9;6.93;2.0;2.0;8.0;9.0;9.56;0.98;Low
30.0;9.0;13.91;4.97;4.0;8.0;6.0;9.0;15.09;0.19;High
27.0;17.0;12.16;7.57;3.0;6.0;16.0;1.0;16.62;0.28;Medium
31.0;9.0;11.08;7.13;3.0;1.0;23.0;2.0;15.54;1.94;Low
27.0;4.0;4.61;7.99;3.0;8.0;19.0;4.0;7.99;1.47;Low
30.0;16.0;13.04;4.34;5.0;5.0;6.0;3.0;15.11;1.75;High
41.0;12.0;11.9;5.05;1.0;5.0;26.0;7.0;13.01;1.94;Medium
39.0;16.0;6.29;4.77;5.0;15.0;1.0;;7.3;0.76;Medium
27.0;8.0;7.92;4.95;1.0;1.0;27.0;5.0;9.21;1.38;Low
27.0;11.0;6.69;4.52;2.0;15.0;18.0;8.0;9.13;0.37;High
36.0;13.0;13.84;6.81;3.0;2.0;0.0;1.0;15.59;1.1;Medium
39.0;13.0;12.54;6.97;6.0;15.0;1.0;7.0;14.6;0.42;High
39.0;7.0;13.3;;1.0;11.0;26.0;4.0;17.1;0.32;High
42.0;4.0;11.89;6.09;0.0;2.0;4.0;9.0;16.73;0.2;Medium
35.0;18.0;8.56;6.66;6.0;10.0;17.0;5.0;10.39;1.16;Medium
33.0;13.0;6.05;8.96;0.0;10.0;28.0;2.0;8.91;1.9;Low
30.0;8.0;6.08;6.66;1.0;15.0;5.0;7.0;11.05;0.24;Medium
26.0;6.0;5.52;6.87;6.0;4.0;5.0;1.0;10.25;1.0;Low
;7.0;9.47;8.98;6.0;19.0;21.0;0.0;11.88;1.37;Medium
32.0;13.0;13.2;8.97;2.0;7.0;27.0;0.0;15.48;0.99;Low
34.0;13.0;13.92;6.12;4.0;10.0;26.0;7.0;15.89;1.82;High
43.0;10.0;6.87;7.17;5.0;10.0;15.0;1.0;8.49;0.33;Low
35.0;13.0;10.97;6.4;7.0;17.0;15.0;4.0;13.81;0.05;High
40.0;7.0;9.97;7.6;3.0;18.0;29.0;1.0;12.33;0.77;Medium
42.0;2.0;8.89;8.69;1.0;9.0;2.0;3.0;12.87;1.11;Medium
43.0;17.0;;5.55;2.0;3.0;26.0;8.0;12.61;0.51;Medium
28.0;2.0;7.71;8.09;7.0;9.0;2.0;1.0;11.66;0.34;Low
22.0;12.0;;7.27;6.0;13.0;25.0;3.0;15.59;1.61;High
38.0;11.0;11.05;5.4;5.0;5.0;22.0;9.0;14.42;0.38;High
39.0;14.0;11.54;7.99;4.0;4.0;28.0;4.0;15.09;0.89;Medium
24.0;17.0;6.42;6.14;2.0;14.0;28.0;9.0;10.11;1.91;Medium
29.0;4.0;5.69;4.6;4.0;4.0;3.0;9.0;7.39;1.23;Medium
36.0;6.0;7.94;8.97;0.0;5.0;5.0;4.0;10.07;1.0;Low
34.0;10.0;11.67;6.13;5.0;18.0;27.0;4.0;13.65;0.72;High
42.0;10.0;13.39;6.71;5.0;19.0;;9.0;16.69;1.04;High
44.0;14.0;8.27;8.04;4.0;16.0;2.0;9.0;9.57;1.47;High
27.0;9.0;11.74;;0.0;13.0;24.0;1.0;14.81;1.65;Medium
34.0;;8.7;8.36;7.0;10.0;8.0;7.0;10.05;1.3;Medium
40.0;12.0;6.95;6.63;3.0;13.0;2.0;4.0;9.3;1.58;Medium
33.0;;11.39;6.73;1.0;4.0;5.0;5.0;15.14;0.18;Medium
39.0;16.0;11.98;5.4;6.0;12.0;20.0;7.0;14.63;0.03;High
26.0;;6.03;6.31;0.0;11.0;19.0;7.0;8.15;1.47;Low
40.0;9.0;7.05;8.73;2.0;18.0;23.0;9.0;10.51;0.52;High
42.0;0.0;8.95;7.63;4.0;;25.0;6.0;12.91;1.76;
31.0;0.0;5.87;4.06;5.0;12.0;8.0;7.0;7.89;1.07;Medium
36.0;14.0;13.29;4.58;2.0;14.0;14.0;9.0;15.49;0.96;High
36.0;15.0;9.91;8.62;5.0;19.0;27.0;6.0;;1.55;High
29.0;11.0;5.21;8.24;0.0;12.0;8.0;9.0;10.07;1.48;Low
38.0;5.0;5.84;6.43;5.0;3.0;4.0;5.0;7.7;1.41;Low
33.0;5.0;13.54;7.08;6.0;8.0;20.0;4.0;17.16;1.38;High
30.0;11.0;11.38;5.45;7.0;18.0;26.0;4.0;16.01;1.03;High
21.0;14.0;11.34;7.96;5.0;19.0;15.0;7.0;14.19;1.85;High
37.0;3.0;4.72;7.02;6.0;6.0;2.0;0.0;6.99;1.78;Low
26.0;3.0;12.95;7.47;5.0;14.0;8.0;1.0;16.62;0.66;High
31.0;1.0;8.44;5.87;5.0;;16.0;0.0;9.57;1.61;Low
21.0;11.0;10.6;6.15;7.0;13.0;27.0;9.0;13.04;1.78;High
39.0;6.0;13.6;5.04;6.0;13.0;2.0;6.0;;1.24;High
37.0;19.0;5.0;8.74;6.0;8.0;6.0;8.0;6.9;1.11;Medium
25.0;8.0;8.82;8.73;2.0;15.0;6.0;6.0;10.54;1.34;Medium
43.0;8.0;4.5;8.09;4.0;1.0;20.0;8.0;8.45;0.33;Low
29.0;7.0;9.0;8.68;1.0;13.0;5.0;3.0;;0.17;Low
39.0;13.0;6.52;7.33;7.0;3.0;19.0;6.0;9.06;1.64;Low
34.0;0.0;13.11;5.17;2.0;2.0;7.0;9.0;14.31;1.15;Medium
24.0;11.0;7.98;7.8;3.0;2.0;3.0;9.0;11.86;0.25;Medium
39.0;1.0;10.34;5.63;4.0;10.0;;6.0;13.49;0.83;Medium
22.0;12.0;;6.2;;4.0;14.0;9.0;16.49;0.6;Medium
24.0;3.0;13.84;5.37;7.0;15.0;5.0;9.0;;1.75;High
44.0;19.0;9.04;6.12;6.0;18.0;15.0;1.0;13.66;1.01;High
27.0;17.0;8.56;7.4;3.0;8.0;4.0;1.0;10.12;1.16;Medium
27.0;18.0;4.76;4.55;6.0;10.0;11.0;7.0;6.44;0.47;High
27.0;15.0;4.13;4.53;6.0;11.0;13.0;1.0;6.5;1.6;Low
31.0;13.0;10.09;7.42;0.0;7.0;25.0;0.0;13.06;1.86;Low
43.0;7.0;4.65;7.9;3.0;13.0;5.0;0.0;9.35;1.58;Low
42.0;11.0;7.8;6.76;0.0;16.0;2.0;0.0;12.43;;Medium
27.0;8.0;4.04;4.91;1.0;19.0;28.0;5.0;8.53;1.67;Medium
30.0;5.0;10.15;6.15;0.0;14.0;18.0;4.0;12.04;0.38;High
33.0;17.0;8.25;7.79;6.0;14.0;9.0;6.0;12.17;0.23;High
27.0;1.0;5.27;7.43;7.0;11.0;6.0;2.0;7.8;0.88;Medium
43.0;7.0;6.96;4.55;1.0;;12.0;4.0;11.68;0.36;Medium
29.0;13.0;9.7;8.85;1.0;11.0;0.0;1.0;11.56;0.52;Low
26.0;5.0;10.57;5.12;5.0;18.0;0.0;8.0;12.14;1.17;High
36.0;9.0;8.62;5.1;5.0;11.0;16.0;8.0;12.99;0.81;Medium
23.0;7.0;12.04;6.3;3.0;10.0;21.0;3.0;15.91;1.73;Medium
32.0;16.0;5.12;5.64;6.0;5.0;3.0;1.0;9.41;0.45;Low
23.0;11.0;4.85;8.92;1.0;7.0;;9.0;6.48;1.99;
24.0;16.0;4.44;4.38;6.0;10.0;5.0;7.0;8.98;0.72;Medium
41.0;12.0;9.36;5.53;0.0;2.0;29.0;3.0;13.07;1.03;Low
23.0;18.0;11.06;5.91;2.0;15.0;13.0;4.0;14.67;0.26;High
37.0;11.0;5.31;6.47;5.0;5.0;14.0;3.0;8.64;1.16;Medium
25.0;;10.39;4.08;4.0;8.0;0.0;1.0;14.45;1.92;Medium
43.0;4.0;8.77;4.41;4.0;;;5.0;11.43;1.5;Medium
43.0;15.0;13.87;5.29;0.0;5.0;15.0;0.0;15.4;0.49;
42.0;5.0;11.17;6.77;5.0;4.0;3.0;7.0;14.33;0.89;Medium
41.0;10.0;10.57;;2.0;0.0;1.0;0.0;14.56;0.85;Low
21.0;16.0;9.7;7.43;7.0;2.0;0.0;4.0;11.31;0.2;High
42.0;13.0;13.97;;6.0;2.0;12.0;8.0;15.87;1.77;Medium
30.0;5.0;13.8;5.99;1.0;11.0;15.0;0.0;17.59;0.76;Medium
;10.0;9.38;8.35;5.0;3.0;7.0;9.0;11.46;0.99;Medium
24.0;11.0;8.55;6.3;0.0;15.0;21.0;6.0;10.23;0.58;Medium
25.0;12.0;8.62;5.5;6.0;10.0;3.0;6.0;13.18;0.3;High
29.0;3.0;8.28;7.15;1.0;7.0;1.0;4.0;9.92;1.8;Low
27.0;6.0;9.31;7.46;5.0;8.0;27.0;3.0;11.69;0.07;Medium
33.0;1.0;6.74;5.99;3.0;13.0;12.0;8.0;9.45;0.8;High
43.0;5.0;13.27;4.14;2.0;14.0;4.0;4.0;16.17;1.46;High
22.0;5.0;8.9;4.47;4.0;18.0;24.0;0.0;11.35;0.62;High
31.0;17.0;12.42;8.23;0.0;8.0;22.0;8.0;17.07;0.89;Medium
35.0;19.0;8.75;4.28;;16.0;19.0;4.0;12.38;1.13;High
;7.0;11.18;6.96;6.0;8.0;20.0;8.0;13.62;1.99;Medium
36.0;7.0;7.37;4.92;1.0;2.0;23.0;7.0;9.8;1.52;Low
20.0;7.0;10.25;5.14;1.0;15.0;26.0;9.0;13.26;1.93;High
42.0;7.0;8.98;5.37;3.0;12.0;12.0;6.0;10.11;1.39;Medium
29.0;0.0;7.67;4.19;7.0;16.0;4.0;5.0;12.38;0.54;High
44.0;1.0;12.82;4.89;1.0;3.0;15.0;8.0;14.71;0.57;High
42.0;11.0;5.13;7.25;1.0;8.0;27.0;3.0;8.92;1.64;Low
29.0;14.0;8.87;6.49;6.0;8.0;5.0;;12.98;0.86;Medium
40.0;3.0;5.94;7.99;7.0;17.0;15.0;0.0;10.25;0.74;Medium
43.0;2.0;12.61;4.31;4.0;13.0;28.0;6.0;14.27;1.89;High
21.0;13.0;6.53;;4.0;19.0;25.0;5.0;9.68;0.03;Medium
28.0;7.0;10.33;8.98;0.0;2.0;21.0;6.0;11.66;1.05;Low
41.0;12.0;5.66;4.08;0.0;3.0;23.0;0.0;9.88;1.55;Low
32.0;18.0;8.05;8.84;1.0;0.0;12.0;6.0;11.0;1.47;Low
44.0;4.0;12.99;5.18;5.0;17.0;10.0;6.0;14.62;0.74;High
35.0;12.0;5.66;7.46;2.0;3.0;20.0;7.0;9.53;1.07;Low
37.0;19.0;10.63;5.46;0.0;9.0;0.0;1.0;12.95;0.01;Medium
38.0;0.0;6.05;6.61;1.0;3.0;3.0;0.0;7.51;1.07;Low
31.0;15.0;8.16;6.55;5.0;16.0;2.0;0.0;11.0;1.18;Medium
27.0;1.0;9.41;5.81;5.0;7.0;17.0;7.0;11.35;1.75;Medium
36.0;6.0;9.77;7.59;4.0;18.0;22.0;;14.57;0.42;Medium
34.0;5.0;10.03;7.0;5.0;8.0;15.0;8.0;12.48;1.65;Medium
29.0;4.0;10.4;6.54;3.0;15.0;12.0;1.0;13.69;1.44;Medium
34.0;3.0;6.72;8.91;4.0;14.0;12.0;3.0;11.51;1.33;
34.0;1.0;8.01;8.7;4.0;19.0;6.0;7.0;10.58;0.79;High
42.0;9.0;4.37;8.78;3.0;15.0;23.0;5.0;6.8;0.73;Low
26.0;4.0;11.69;8.41;6.0;11.0;14.0;1.0;13.34;1.41;Medium
32.0;17.0;12.37;5.28;6.0;17.0;25.0;9.0;17.12;1.98;High
36.0;9.0;5.99;5.75;4.0;6.0;14.0;1.0;10.19;0.81;Low
28.0;14.0;6.01;5.16;0.0;15.0;4.0;6.0;7.89;1.84;Medium
27.0;8.0;4.42;8.93;4.0;18.0;16.0;8.0;6.75;1.17;Medium
39.0;10.0;13.7;4.76;3.0;5.0;21.0;7.0;18.36;1.74;High
40.0;16.0;12.07;5.83;1.0;5.0;21.0;1.0;15.22;0.43;Medium
;8.0;7.61;5.0;7.0;5.0;10.0;2.0;10.84;1.52;Low
32.0;15.0;8.82;5.12;1.0;14.0;23.0;7.0;12.41;1.67;Medium
35.0;5.0;6.92;5.24;1.0;1.0;12.0;3.0;10.97;1.66;Low
28.0;10.0;9.97;7.2;6.0;8.0;9.0;5.0;14.73;1.57;Medium
31.0;16.0;11.17;4.38;3.0;7.0;14.0;1.0;15.38;0.61;Medium
31.0;;;6.86;3.0;6.0;1.0;0.0;13.21;1.04;Low
25.0;14.0;12.74;8.1;0.0;15.0;10.0;5.0;17.02;0.6;High
38.0;0.0;9.17;7.83;3.0;14.0;;7.0;10.36;0.69;Medium
26.0;19.0;;4.76;5.0;8.0;10.0;4.0;6.91;0.6;Medium
44.0;0.0;10.22;8.57;1.0;19.0;28.0;0.0;14.76;0.57;Medium
22.0;8.0;8.62;7.85;3.0;14.0;21.0;9.0;9.73;1.39;Medium
35.0;11.0;13.36;4.03;2.0;1.0;0.0;1.0;17.54;1.3;Medium
;3.0;7.92;7.69;6.0;19.0;24.0;2.0;12.32;0.41;Medium
35.0;12.0;8.03;7.69;4.0;13.0;7.0;1.0;10.69;1.38;Low
42.0;6.0;10.51;6.48;0.0;10.0;25.0;8.0;12.93;0.58;Medium
26.0;7.0;9.27;4.23;1.0;2.0;16.0;9.0;11.05;0.4;Medium
23.0;12.0;7.74;6.9;7.0;1.0;7.0;1.0;8.94;1.49;Low
44.0;10.0;13.9;7.83;5.0;17.0;12.0;2.0;17.88;0.73;High
27.0;8.0;7.02;5.35;5.0;13.0;22.0;8.0;;1.14;Medium
32.0;15.0;6.78;7.34;7.0;4.0;4.0;2.0;11.56;0.4;Low
32.0;9.0;12.64;5.77;1.0;11.0;28.0;7.0;14.83;1.23;High
36.0;10.0;4.03;6.87;5.0;13.0;5.0;7.0;8.21;0.42;Medium
36.0;11.0;;5.92;2.0;5.0;19.0;2.0;7.25;0.33;Low
24.0;13.0;9.9;5.52;0.0;7.0;24.0;9.0;13.05;0.77;High
25.0;18.0;5.62;;6.0;6.0;24.0;9.0;8.02;1.58;Medium
38.0;11.0;13.86;7.77;4.0;6.0;28.0;2.0;14.98;0.35;High
32.0;17.0;8.64;5.73;0.0;11.0;25.0;7.0;12.26;0.23;Medium
44.0;16.0;9.97;6.17;0.0;6.0;13.0;2.0;14.74;0.06;Medium
33.0;2.0;5.6;7.46;6.0;11.0;16.0;3.0;6.64;0.83;Low
41.0;0.0;6.89;8.06;7.0;15.0;15.0;;8.97;0.56;Medium
23.0;18.0;10.15;7.42;1.0;6.0;27.0;6.0;13.96;0.58;Medium
26.0;3.0;9.5;6.7;7.0;7.0;8.0;0.0;13.99;;Medium
27.0;15.0;11.84;8.77;3.0;;18.0;7.0;13.6;0.39;Medium
44.0;11.0;6.69;7.87;4.0;12.0;27.0;2.0;7.97;0.92;Low
32.0;12.0;10.54;4.58;0.0;18.0;1.0;6.0;11.57;1.97;High
25.0;16.0;6.91;6.79;2.0;0.0;;9.0;8.77;0.06;Medium
25.0;7.0;9.87;6.05;6.0;17.0;19.0;2.0;11.16;1.39;Medium
43.0;12.0;10.05;7.97;;6.0;8.0;8.0;12.49;0.74;Medium
40.0;19.0;5.22;4.22;3.0;16.0;3.0;9.0;7.98;1.81;Medium
22.0;4.0;9.49;6.05;3.0;14.0;4.0;4.0;12.41;1.82;Medium
22.0;17.0;4.12;5.59;1.0;18.0;5.0;2.0;5.69;0.77;Medium
32.0;14.0;9.01;4.71;0.0;3.0;19.0;;11.87;0.44;Low
41.0;11.0;10.98;;6.0;16.0;;3.0;12.02;0.86;High
21.0;16.0;4.73;7.36;5.0;6.0;12.0;4.0;6.69;1.93;Low
35.0;14.0;13.39;5.81;7.0;15.0;17.0;4.0;15.87;0.56;High
41.0;1.0;8.59;6.9;1.0;16.0;2.0;7.0;10.06;1.96;Medium
25.0;5.0;13.38;6.96;5.0;19.0;19.0;9.0;17.64;;High
27.0;16.0;5.07;6.94;3.0;14.0;4.0;5.0;6.87;0.53;Medium
42.0;15.0;13.5;6.65;3.0;8.0;12.0;4.0;17.52;1.58;High
27.0;;5.09;4.58;2.0;12.0;9.0;1.0;7.99;0.1;
44.0;19.0;8.61;5.09;2.0;6.0;25.0;4.0;11.53;1.1;Medium
25.0;8.0;13.38;8.0;3.0;18.0;2.0;6.0;16.96;0.71;High
33.0;4.0;6.33;6.51;2.0;10.0;10.0;2.0;7.51;0.85;Medium
22.0;0.0;4.35;7.53;2.0;7.0;0.0;6.0;5.67;0.95;Medium
29.0;5.0;11.93;6.85;2.0;16.0;26.0;0.0;14.24;1.01;High
22.0;13.0;9.96;4.19;3.0;3.0;26.0;5.0;12.63;1.31;Medium
31.0;16.0;9.14;7.98;0.0;3.0;14.0;0.0;11.86;1.39;Low
36.0;18.0;4.34;4.32;0.0;17.0;23.0;6.0;8.05;1.95;Low
24.0;0.0;10.53;8.72;6.0;16.0;23.0;5.0;11.53;1.53;Medium
39.0;0.0;5.72;5.08;4.0;2.0;28.0;9.0;10.56;1.38;Medium
44.0;12.0;13.31;6.56;2.0;8.0;3.0;0.0;15.01;0.78;Medium
28.0;13.0;10.86;4.32;0.0;5.0;14.0;;12.85;0.24;Medium
40.0;5.0;11.07;8.47;4.0;1.0;6.0;;15.69;0.12;Low
39.0;5.0;6.33;8.9;1.0;11.0;14.0;6.0;7.35;0.96;Low
26.0;0.0;12.81;4.73;2.0;14.0;3.0;0.0;17.78;1.34;Medium
41.0;13.0;9.38;5.48;0.0;8.0;29.0;7.0;10.52;1.3;Medium
23.0;2.0;12.57;4.08;0.0;1.0;2.0;7.0;14.05;1.91;Medium
32.0;9.0;6.71;7.93;5.0;11.0;22.0;8.0;8.67;0.76;Medium
32.0;18.0;11.55;5.56;0.0;15.0;13.0;;14.3;1.26;Medium
29.0;18.0;9.75;6.94;5.0;6.0;5.0;5.0;12.82;1.78;Medium
37.0;18.0;4.48;4.2;4.0;0.0;0.0;9.0;5.9;0.81;Medium
36.0;3.0;8.05;7.58;5.0;6.0;8.0;4.0;9.34;0.96;Low
39.0;19.0;5.84;6.65;1.0;2.0;11.0;5.0;6.97;1.85;Low
39.0;18.0;7.59;7.62;7.0;19.0;17.0;4.0;9.62;1.1;Medium
32.0;9.0;7.83;7.95;6.0;4.0;28.0;0.0;12.52;1.6;Low
36.0;1.0;8.75;4.45;7.0;2.0;2.0;1.0;11.31;1.87;Low
41.0;3.0;10.0;6.89;2.0;14.0;20.0;2.0;14.06;1.14;Medium
23.0;5.0;9.71;7.25;;5.0;;6.0;11.47;0.22;Medium
20.0;6.0;4.39;6.58;6.0;14.0;2.0;9.0;5.65;1.64;Medium
20.0;15.0;11.51;4.91;3.0;2.0;23.0;8.0;14.73;1.64;High
34.0;6.0;13.49;7.98;2.0;0.0;13.0;1.0;17.78;0.23;Medium
32.0;17.0;7.49;8.99;3.0;1.0;3.0;9.0;12.08;1.1;Medium
36.0;19.0;5.8;8.85;6.0;3.0;12.0;0.0;8.98;0.97;Low
43.0;18.0;9.4;7.89;4.0;13.0;12.0;0.0;11.58;1.69;Medium
27.0;8.0;11.05;6.09;0.0;13.0;25.0;3.0;12.49;;Medium
37.0;19.0;10.79;5.69;2.0;9.0;1.0;8.0;14.46;0.85;High
32.0;9.0;10.12;4.34;2.0;10.0;20.0;3.0;12.24;;Medium
42.0;;5.46;6.08;0.0;3.0;1.0;2.0;9.84;1.03;Low
33.0;17.0;12.37;4.78;6.0;14.0;9.0;9.0;15.79;1.91;High
27.0;15.0;8.26;5.27;1.0;19.0;10.0;7.0;12.7;1.92;High
27.0;16.0;6.21;8.46;4.0;3.0;27.0;8.0;9.48;0.16;Low
34.0;12.0;4.86;8.84;0.0;19.0;23.0;4.0;8.95;;Low
32.0;11.0;8.17;8.74;7.0;19.0;14.0;1.0;10.35;0.02;Medium
26.0;9.0;10.18;4.97;7.0;15.0;2.0;3.0;13.19;0.84;High
24.0;0.0;10.65;8.5;5.0;1.0;13.0;9.0;11.73;;Medium
36.0;7.0;13.63;4.71;2.0;12.0;17.0;7.0;17.06;0.94;High
44.0;17.0;5.53;6.54;1.0;7.0;18.0;1.0;8.66;0.13;Low
35.0;1.0;13.86;7.22;2.0;12.0;18.0;8.0;17.88;0.39;High
42.0;15.0;10.55;6.31;3.0;19.0;0.0;4.0;14.47;;High
21.0;11.0;8.54;8.76;2.0;7.0;18.0;6.0;12.05;1.02;Medium
41.0;8.0;12.88;5.67;;3.0;2.0;4.0;14.11;1.36;Medium
37.0;2.0;10.94;6.64;4.0;4.0;19.0;2.0;15.55;;Medium
36.0;3.0;7.49;4.38;0.0;5.0;28.0;1.0;8.56;0.26;Low
26.0;1.0;12.84;8.26;2.0;18.0;7.0;2.0;17.05;1.6;Medium
32.0;7.0;10.67;6.07;7.0;9.0;24.0;1.0;13.59;1.72;Medium
;9.0;10.99;7.5;5.0;2.0;16.0;1.0;15.26;0.55;Low
33.0;15.0;12.96;7.41;3.0;12.0;0.0;1.0;15.82;0.84;Medium
37.0;10.0;8.48;7.38;7.0;8.0;5.0;1.0;12.07;0.16;Medium
32.0;17.0;10.57;6.53;3.0;16.0;16.0;7.0;13.02;0.46;High
30.0;13.0;11.45;5.39;0.0;9.0;27.0;4.0;15.42;1.53;Medium
40.0;7.0;8.54;7.13;3.0;;20.0;8.0;10.56;0.73;Medium
40.0;14.0;4.83;8.81;6.0;12.0;;4.0;8.71;1.21;Medium
35.0;16.0;11.71;8.17;0.0;9.0;27.0;0.0;13.48;1.89;Low
42.0;17.0;4.48;4.54;4.0;18.0;0.0;7.0;8.37;1.45;Medium
36.0;5.0;11.18;4.12;0.0;18.0;12.0;2.0;13.35;0.91;High
27.0;13.0;13.11;6.49;7.0;16.0;23.0;9.0;15.22;0.73;High
38.0;2.0;7.47;7.88;1.0;4.0;11.0;9.0;11.72;0.38;Medium
39.0;;5.02;5.57;3.0;7.0;4.0;1.0;;1.51;Low
34.0;14.0;6.33;7.51;3.0;4.0;21.0;5.0;10.1;0.22;Low
28.0;15.0;9.62;8.66;5.0;;19.0;3.0;14.32;0.12;Medium
39.0;15.0;13.43;6.29;7.0;3.0;12.0;3.0;15.05;0.21;Medium
29.0;7.0;9.12;5.22;2.0;12.0;7.0;8.0;11.2;0.49;High
31.0;6.0;5.13;8.59;1.0;16.0;11.0;9.0;7.31;1.25;Low
40.0;5.0;10.28;6.36;6.0;4.0;24.0;7.0;12.5;1.72;High
42.0;1.0;11.33;6.04;2.0;0.0;8.0;2.0;13.64;1.99;Medium
39.0;12.0;7.93;5.77;0.0;14.0;16.0;8.0;11.72;1.46;Medium
20.0;11.0;;6.12;4.0;9.0;13.0;0.0;13.3;0.29;Medium
44.0;14.0;7.25;7.37;5.0;10.0;;6.0;9.39;0.56;Low
39.0;8.0;11.89;6.17;3.0;17.0;3.0;6.0;15.17;0.26;High
28.0;1.0;7.41;5.62;6.0;12.0;28.0;1.0;9.18;0.23;High
41.0;16.0;6.56;;7.0;19.0;28.0;6.0;9.02;1.14;High
34.0;4.0;12.79;5.01;6.0;15.0;25.0;6.0;14.02;1.81;High
20.0;10.0;9.48;5.01;4.0;18.0;26.0;8.0;14.29;1.37;High
31.0;18.0;6.85;7.48;0.0;;23.0;5.0;9.12;1.6;Low
22.0;6.0;13.35;8.33;0.0;13.0;6.0;9.0;17.75;1.02;High
30.0;1.0;10.91;5.21;1.0;1.0;16.0;9.0;14.03;0.95;Medium
21.0;15.0;6.21;4.96;2.0;9.0;16.0;8.0;8.12;1.87;Medium
35.0;11.0;10.15;7.35;3.0;3.0;0.0;2.0;11.92;1.44;Medium
28.0;14.0;12.7;7.1;6.0;0.0;1.0;7.0;16.48;0.92;High
34.0;0.0;10.96;6.24;7.0;16.0;25.0;3.0;15.82;0.67;High
31.0;12.0;6.45;4.48;7.0;10.0;17.0;0.0;8.18;0.19;Medium
20.0;5.0;10.49;4.46;3.0;6.0;8.0;6.0;11.95;1.64;Medium
32.0;12.0;10.19;7.89;6.0;16.0;4.0;2.0;12.74;0.34;High
33.0;17.0;12.21;6.26;4.0;16.0;0.0;3.0;14.79;1.03;High
44.0;2.0;5.78;8.29;1.0;8.0;6.0;2.0;10.01;1.27;Low
44.0;0.0;11.0;;5.0;9.0;25.0;5.0;13.88;1.49;Medium
27.0;14.0;4.27;7.09;0.0;5.0;1.0;9.0;5.52;0.17;Medium
27.0;12.0;10.96;8.67;1.0;16.0;2.0;0.0;15.64;0.02;Medium
31.0;4.0;13.6;4.82;3.0;15.0;3.0;9.0;16.09;1.41;High
20.0;12.0;5.74;6.72;5.0;6.0;2.0;6.0;9.41;0.91;Medium
30.0;4.0;7.11;4.29;2.0;18.0;18.0;9.0;10.78;0.36;High
27.0;18.0;9.83;5.79;4.0;3.0;24.0;7.0;11.06;1.96;Medium
29.0;17.0;11.32;4.74;0.0;;11.0;;12.33;1.58;Medium
38.0;9.0;7.44;4.94;0.0;16.0;14.0;8.0;8.79;1.16;High
30.0;7.0;;8.67;0.0;8.0;3.0;1.0;15.47;1.4;Medium
26.0;14.0;12.99;7.05;2.0;10.0;23.0;9.0;17.17;0.31;High
30.0;19.0;11.27;8.46;7.0;0.0;0.0;9.0;12.8;1.92;Medium
36.0;3.0;11.11;6.22;3.0;6.0;15.0;8.0;14.57;1.99;High
20.0;1.0;7.82;6.99;3.0;4.0;28.0;4.0;11.27;1.3;Low
40.0;5.0;13.11;4.16;1.0;4.0;5.0;5.0;14.11;1.34;Medium
40.0;2.0;6.77;6.35;7.0;0.0;16.0;1.0;9.49;1.41;Low
27.0;6.0;6.05;6.82;5.0;5.0;4.0;4.0;9.9;1.33;Low
42.0;9.0;7.64;4.08;6.0;12.0;22.0;5.0;9.39;0.88;Medium
43.0;5.0;10.5;7.95;1.0;14.0;12.0;4.0;14.9;1.08;High
25.0;15.0;12.62;5.48;3.0;3.0;11.0;3.0;16.26;0.57;Medium
41.0;1.0;5.32;6.26;0.0;;0.0;7.0;6.35;0.89;Medium
37.0;16.0;12.14;6.68;;12.0;24.0;1.0;16.56;0.87;High
25.0;12.0;12.13;8.96;3.0;10.0;11.0;0.0;13.21;0.58;High
24.0;0.0;9.87;4.5;7.0;3.0;26.0;1.0;14.42;1.57;Medium
32.0;5.0;11.61;6.78;7.0;;24.0;3.0;13.94;0.82;Medium
38.0;4.0;5.82;6.65;2.0;18.0;21.0;0.0;9.61;1.1;Medium
41.0;12.0;5.7;4.34;4.0;6.0;29.0;8.0;9.85;0.31;Medium
27.0;17.0;12.63;7.17;0.0;13.0;1.0;0.0;14.76;0.95;Medium
28.0;11.0;8.98;5.43;4.0;15.0;17.0;4.0;11.41;1.52;Medium
36.0;6.0;6.46;4.52;3.0;8.0;8.0;7.0;9.5;0.89;Medium
22.0;14.0;10.89;4.89;1.0;1.0;15.0;8.0;14.22;1.12;Medium
38.0;2.0;12.92;8.12;3.0;15.0;28.0;8.0;15.09;1.4;High
30.0;15.0;10.32;4.52;4.0;4.0;29.0;7.0;15.29;0.78;Medium
43.0;0.0;7.47;6.33;2.0;11.0;;5.0;11.42;0.71;Medium
36.0;15.0;8.83;4.98;5.0;19.0;19.0;5.0;10.93;0.17;High
40.0;11.0;11.52;4.81;5.0;14.0;14.0;8.0;15.08;1.16;High
38.0;18.0;4.68;5.03;3.0;2.0;21.0;1.0;7.42;1.41;Low
21.0;7.0;6.17;6.46;6.0;8.0;28.0;2.0;10.61;1.16;Low
27.0;11.0;8.63;5.19;1.0;6.0;9.0;5.0;;0.57;Medium
38.0;14.0;10.04;4.48;4.0;3.0;1.0;7.0;11.79;0.52;Medium
26.0;1.0;7.39;8.01;3.0;8.0;3.0;6.0;8.57;0.32;Medium
36.0;16.0;6.98;;7.0;14.0;17.0;7.0;11.92;0.09;Medium
25.0;6.0;4.41;4.78;4.0;6.0;18.0;4.0;6.85;0.85;Low
38.0;12.0;;6.36;4.0;10.0;17.0;8.0;6.21;0.32;Medium
43.0;0.0;6.79;4.34;0.0;18.0;13.0;5.0;9.76;1.38;Medium
;5.0;9.31;6.9;5.0;10.0;7.0;9.0;11.48;1.92;Medium
21.0;12.0;9.56;5.7;6.0;0.0;4.0;1.0;11.49;0.15;Medium
25.0;10.0;8.94;;5.0;12.0;4.0;5.0;12.41;1.79;High
42.0;9.0;8.1;;2.0;12.0;7.0;3.0;9.4;1.32;Medium
24.0;15.0;6.52;5.73;7.0;1.0;10.0;4.0;9.56;1.72;Medium
38.0;19.0;8.01;8.03;6.0;16.0;23.0;4.0;10.56;0.31;High
39.0;16.0;5.39;4.87;0.0;18.0;28.0;0.0;8.52;1.81;Medium
23.0;16.0;5.15;4.55;5.0;14.0;22.0;9.0;7.43;1.92;High
41.0;3.0;7.0;6.58;4.0;18.0;20.0;4.0;10.28;1.81;Medium
36.0;4.0;13.95;6.79;7.0;9.0;6.0;9.0;15.28;1.57;High
30.0;13.0;7.26;4.45;1.0;9.0;12.0;8.0;9.76;0.18;Medium
23.0;19.0;;5.42;1.0;8.0;16.0;7.0;15.31;0.44;High
32.0;9.0;7.92;5.31;0.0;18.0;18.0;7.0;10.67;1.83;Medium
39.0;13.0;8.39;4.93;1.0;10.0;2.0;2.0;10.98;0.46;Low
36.0;0.0;11.97;5.58;4.0;5.0;1.0;8.0;15.49;0.7;High
28.0;10.0;4.94;4.19;6.0;1.0;5.0;8.0;8.46;0.1;Medium
23.0;17.0;5.82;7.26;3.0;9.0;18.0;9.0;8.47;1.26;Medium
42.0;15.0;13.74;8.94;4.0;14.0;14.0;6.0;15.47;1.13;High
33.0;17.0;9.06;7.17;7.0;4.0;3.0;5.0;12.39;1.92;Medium
38.0;7.0;4.44;5.81;5.0;17.0;18.0;8.0;9.31;1.78;Medium
22.0;;4.47;7.34;7.0;6.0;6.0;5.0;6.21;1.01;Low
;9.0;13.07;6.86;3.0;2.0;19.0;2.0;14.35;1.22;Medium
27.0;4.0;12.73;8.23;7.0;15.0;20.0;5.0;14.79;0.83;High
43.0;9.0;8.58;7.11;1.0;16.0;13.0;1.0;11.23;0.26;Medium
20.0;17.0;5.63;7.17;6.0;1.0;6.0;1.0;7.85;1.74;Low
29.0;5.0;12.3;5.11;2.0;15.0;19.0;6.0;16.64;1.1;High
37.0;2.0;7.25;6.08;2.0;19.0;13.0;7.0;10.22;0.85;High
35.0;7.0;8.19;5.72;4.0;0.0;21.0;6.0;10.17;0.14;Low
27.0;;10.82;4.06;4.0;13.0;24.0;4.0;15.62;1.33;
20.0;4.0;7.53;5.57;1.0;15.0;21.0;3.0;9.03;0.8;Medium
31.0;1.0;10.29;6.43;2.0;8.0;4.0;7.0;11.78;0.51;Medium
27.0;1.0;12.85;7.0;7.0;16.0;14.0;8.0;14.83;1.75;High
43.0;6.0;11.97;8.67;2.0;7.0;11.0;6.0;13.28;0.37;Medium
35.0;16.0;7.82;5.2;4.0;8.0;29.0;0.0;11.83;1.03;Medium
37.0;9.0;6.88;4.76;5.0;1.0;;3.0;;1.59;Low
23.0;11.0;6.86;8.35;2.0;12.0;16.0;3.0;10.78;1.7;Low
25.0;1.0;7.49;8.71;4.0;0.0;23.0;9.0;11.54;1.64;Low
31.0;9.0;8.94;6.44;0.0;;20.0;2.0;10.89;1.79;Medium
28.0;19.0;8.17;4.58;7.0;17.0;4.0;3.0;11.24;0.28;Medium
34.0;0.0;5.33;6.43;2.0;4.0;18.0;8.0;8.41;1.88;
35.0;3.0;5.63;4.55;3.0;6.0;9.0;0.0;10.12;0.02;Low
43.0;12.0;7.43;8.42;6.0;11.0;11.0;1.0;8.53;0.51;Low
31.0;11.0;9.62;7.54;1.0;16.0;1.0;6.0;11.89;0.17;Medium
43.0;;9.93;5.21;6.0;4.0;16.0;8.0;14.46;1.89;High
42.0;9.0;8.86;8.43;7.0;11.0;24.0;6.0;10.81;0.85;High
33.0;14.0;11.39;7.19;7.0;18.0;4.0;0.0;12.94;0.63;High
32.0;4.0;11.37;8.77;4.0;12.0;25.0;6.0;14.67;0.33;High
44.0;16.0;8.28;8.9;2.0;15.0;27.0;5.0;10.5;0.31;Medium
21.0;4.0;5.24;4.02;2.0;18.0;14.0;0.0;8.11;1.23;Medium
22.0;1.0;9.3;4.6;5.0;9.0;19.0;0.0;13.58;0.09;Medium
43.0;8.0;7.81;6.73;4.0;11.0;22.0;1.0;10.89;1.19;Medium
41.0;5.0;5.38;8.78;3.0;6.0;12.0;5.0;8.44;1.55;Low
29.0;17.0;13.82;8.97;2.0;13.0;19.0;3.0;15.93;1.2;Medium
28.0;13.0;7.7;6.84;0.0;9.0;10.0;3.0;11.87;1.65;Low
39.0;18.0;10.26;4.87;1.0;7.0;17.0;5.0;14.22;0.53;Medium
27.0;13.0;8.9;4.82;4.0;14.0;8.0;8.0;10.84;0.15;High
29.0;7.0;5.43;7.82;2.0;15.0;15.0;0.0;7.71;1.44;Low
38.0;16.0;4.56;6.96;6.0;7.0;23.0;;8.71;;Medium
22.0;2.0;10.26;6.74;5.0;3.0;27.0;7.0;12.69;1.0;Medium
43.0;9.0;6.47;6.33;5.0;16.0;14.0;7.0;9.08;1.64;High
24.0;;6.44;7.63;1.0;3.0;3.0;5.0;8.9;0.92;Medium
22.0;10.0;;8.29;7.0;10.0;23.0;5.0;15.22;0.4;Medium
35.0;7.0;8.62;5.51;4.0;12.0;11.0;7.0;10.98;0.95;Medium
36.0;0.0;4.29;5.1;4.0;5.0;12.0;1.0;8.5;0.43;Medium
34.0;12.0;7.4;7.35;4.0;13.0;;1.0;10.36;0.94;Low
22.0;;9.84;8.57;3.0;6.0;14.0;0.0;12.67;0.3;Medium
31.0;6.0;7.29;5.74;0.0;11.0;17.0;5.0;8.92;0.37;Medium
28.0;13.0;4.27;5.36;5.0;0.0;19.0;5.0;5.98;1.77;Low
40.0;4.0;8.44;5.13;4.0;9.0;26.0;5.0;9.61;0.23;Medium
31.0;10.0;5.06;5.27;3.0;0.0;21.0;1.0;6.12;0.45;Low
34.0;16.0;10.19;4.67;7.0;15.0;6.0;6.0;13.14;1.99;High
21.0;4.0;10.2;6.98;4.0;6.0;20.0;2.0;12.84;1.15;Medium
42.0;19.0;4.38;5.4;7.0;19.0;25.0;0.0;6.48;1.17;Medium
37.0;;6.91;7.07;7.0;5.0;11.0;0.0;11.87;1.69;Low
39.0;4.0;8.14;4.42;4.0;17.0;9.0;8.0;;1.05;High
31.0;14.0;9.5;4.58;7.0;19.0;28.0;2.0;13.66;0.44;High
42.0;18.0;6.96;6.68;3.0;3.0;6.0;7.0;8.8;0.84;Low
23.0;15.0;6.88;6.56;0.0;15.0;13.0;9.0;8.87;1.51;Medium
42.0;7.0;13.83;5.36;1.0;0.0;26.0;6.0;17.1;1.74;Medium
35.0;12.0;4.42;8.14;5.0;19.0;14.0;1.0;5.44;0.55;Medium
42.0;15.0;13.89;4.94;7.0;1.0;3.0;1.0;14.96;0.52;Medium
35.0;2.0;4.48;;2.0;15.0;7.0;3.0;6.05;0.66;Low
20.0;0.0;6.88;6.78;6.0;8.0;18.0;1.0;8.77;1.19;Medium
41.0;8.0;8.94;8.34;4.0;14.0;28.0;4.0;12.05;0.56;Medium
44.0;8.0;5.43;6.09;0.0;15.0;18.0;9.0;9.17;1.79;Medium
21.0;16.0;5.35;5.99;5.0;8.0;4.0;6.0;7.6;1.96;Medium
22.0;1.0;6.56;6.9;2.0;6.0;21.0;1.0;8.52;1.36;Low
40.0;8.0;13.74;5.58;4.0;9.0;2.0;8.0;18.03;1.94;Medium
44.0;18.0;7.8;7.55;6.0;6.0;9.0;0.0;9.45;0.58;Low
39.0;12.0;9.66;5.24;2.0;12.0;14.0;;13.37;1.63;Medium
36.0;4.0;11.04;8.12;7.0;1.0;1.0;6.0;15.77;1.36;Medium
39.0;8.0;11.42;5.36;3.0;11.0;20.0;4.0;13.35;0.53;High
41.0;12.0;10.88;8.96;6.0;12.0;9.0;0.0;12.23;0.64;High
40.0;0.0;7.37;5.58;5.0;2.0;21.0;3.0;12.29;0.98;Low
20.0;14.0;5.12;8.39;0.0;10.0;15.0;7.0;7.2;1.58;Low
39.0;3.0;6.82;5.99;0.0;7.0;2.0;4.0;8.92;1.74;Low
25.0;3.0;6.1;5.23;5.0;10.0;6.0;1.0;9.04;1.27;Medium
34.0;;5.36;5.13;7.0;17.0;18.0;8.0;7.28;1.44;High
33.0;9.0;4.24;8.25;7.0;6.0;14.0;0.0;9.21;0.53;Low
39.0;5.0;13.36;5.54;1.0;11.0;11.0;0.0;14.53;1.48;Medium
34.0;11.0;13.21;5.69;1.0;5.0;28.0;9.0;16.02;1.21;High
33.0;19.0;4.5;4.98;7.0;9.0;1.0;4.0;7.69;0.45;Medium
44.0;15.0;5.73;8.81;2.0;19.0;29.0;8.0;8.6;1.9;Medium
40.0;2.0;5.4;5.22;3.0;14.0;12.0;5.0;8.48;;Medium
43.0;13.0;6.81;5.24;2.0;19.0;25.0;4.0;11.76;1.59;High
44.0;0.0;6.04;8.72;4.0;14.0;19.0;5.0;10.55;1.05;Medium
24.0;9.0;13.46;8.5;0.0;18.0;18.0;5.0;15.69;1.87;High
25.0;14.0;4.84;5.24;2.0;5.0;6.0;8.0;8.05;0.28;Medium
36.0;6.0;6.12;8.32;2.0;;23.0;8.0;7.12;1.09;Medium
30.0;3.0;4.81;5.25;7.0;14.0;2.0;4.0;7.45;0.05;Medium
35.0;13.0;13.8;4.42;5.0;19.0;5.0;3.0;15.46;0.39;High
31.0;15.0;13.18;8.1;6.0;19.0;0.0;0.0;17.03;0.56;Medium
34.0;13.0;11.17;7.86;0.0;17.0;20.0;5.0;13.05;0.95;
42.0;2.0;8.26;5.47;7.0;1.0;1.0;6.0;12.26;1.64;Medium
23.0;16.0;5.9;4.45;0.0;6.0;0.0;6.0;8.15;0.93;Low
37.0;13.0;6.21;5.03;7.0;4.0;28.0;0.0;10.91;1.12;Low
40.0;17.0;8.43;7.86;1.0;2.0;22.0;5.0;11.21;1.85;Low
22.0;2.0;11.68;8.82;1.0;5.0;25.0;7.0;16.04;1.51;Medium
41.0;18.0;6.65;5.3;0.0;5.0;3.0;2.0;10.16;0.1;Low
27.0;2.0;7.11;8.09;6.0;0.0;4.0;0.0;12.02;0.35;Low
42.0;11.0;10.0;5.14;2.0;18.0;1.0;6.0;13.97;0.08;High
22.0;4.0;6.38;7.4;4.0;11.0;15.0;3.0;10.29;0.14;Low
27.0;9.0;9.84;4.42;2.0;4.0;7.0;4.0;11.9;0.68;Medium
37.0;8.0;7.87;6.93;6.0;6.0;14.0;1.0;10.89;1.46;Low
;;4.34;5.35;4.0;19.0;10.0;6.0;6.5;0.49;High
44.0;12.0;8.03;8.63;0.0;7.0;28.0;0.0;9.11;0.78;Low
39.0;2.0;13.2;5.45;5.0;18.0;9.0;3.0;17.04;0.79;High
36.0;18.0;6.93;5.99;4.0;5.0;29.0;7.0;8.87;1.18;Medium
27.0;10.0;7.23;8.2;1.0;14.0;2.0;6.0;9.82;1.79;Medium
42.0;15.0;4.66;6.19;5.0;5.0;22.0;6.0;6.8;1.97;Low
30.0;5.0;10.15;5.19;7.0;8.0;10.0;6.0;11.95;1.21;High
24.0;2.0;12.49;;6.0;3.0;16.0;4.0;13.76;1.01;Medium
32.0;18.0;7.53;8.2;0.0;15.0;9.0;9.0;9.88;1.36;Medium
40.0;5.0;6.4;6.17;6.0;9.0;16.0;2.0;7.73;1.34;Low
42.0;7.0;13.57;4.66;3.0;0.0;13.0;9.0;16.73;1.05;High
24.0;;11.45;5.92;4.0;10.0;22.0;6.0;12.53;1.47;Medium
43.0;11.0;9.67;8.77;4.0;;0.0;7.0;14.43;0.98;Medium
32.0;9.0;7.06;4.36;7.0;17.0;27.0;6.0;11.93;1.99;Medium
25.0;2.0;6.21;6.04;6.0;19.0;24.0;5.0;8.43;0.1;Medium
24.0;3.0;11.16;7.24;5.0;19.0;8.0;8.0;13.2;0.89;High
28.0;0.0;9.22;4.39;3.0;14.0;23.0;5.0;10.64;0.79;High
35.0;12.0;9.21;5.72;3.0;5.0;23.0;4.0;13.83;1.54;Low
21.0;3.0;4.74;8.7;0.0;15.0;14.0;5.0;8.09;0.38;Low
20.0;10.0;9.12;4.15;5.0;1.0;;9.0;12.56;0.87;Medium
27.0;18.0;12.23;7.76;7.0;2.0;19.0;3.0;16.81;1.4;Medium
38.0;10.0;13.47;8.21;2.0;16.0;20.0;5.0;18.11;1.21;High
30.0;11.0;5.07;5.39;3.0;7.0;24.0;3.0;9.38;1.09;Low
31.0;10.0;10.31;5.07;6.0;19.0;2.0;4.0;14.4;0.87;High
31.0;5.0;9.68;8.57;4.0;14.0;19.0;5.0;;1.5;Medium
26.0;11.0;12.9;7.82;3.0;12.0;25.0;0.0;17.4;1.29;Medium
32.0;8.0;11.51;4.57;6.0;18.0;20.0;5.0;13.98;1.75;High
27.0;9.0;13.65;5.06;0.0;0.0;6.0;5.0;18.54;1.47;Medium
41.0;2.0;13.6;7.11;0.0;11.0;20.0;0.0;17.44;0.28;High
28.0;2.0;6.26;6.1;4.0;17.0;24.0;;8.74;1.24;Medium
26.0;19.0;11.25;6.52;7.0;17.0;21.0;9.0;14.02;0.09;High
40.0;15.0;9.31;8.76;4.0;2.0;2.0;4.0;13.06;0.77;Low
43.0;2.0;6.15;6.1;4.0;17.0;21.0;7.0;8.59;0.82;High
34.0;9.0;5.95;8.41;2.0;16.0;21.0;4.0;10.26;;Medium
21.0;;4.81;7.3;4.0;10.0;14.0;9.0;6.4;0.36;Medium
42.0;7.0;11.96;4.61;7.0;4.0;27.0;4.0;16.59;1.29;Medium
39.0;5.0;;7.72;5.0;6.0;9.0;1.0;9.45;0.38;Medium
44.0;19.0;12.57;6.6;0.0;17.0;15.0;3.0;;1.9;Medium
31.0;10.0;10.08;5.13;7.0;6.0;16.0;;14.51;1.06;Medium
20.0;11.0;10.74;5.45;0.0;17.0;22.0;9.0;12.7;1.42;High
42.0;15.0;6.92;6.79;3.0;1.0;18.0;9.0;11.29;1.29;Medium
41.0;17.0;8.57;7.01;4.0;5.0;0.0;7.0;10.76;0.61;Low
27.0;12.0;8.12;8.84;2.0;7.0;0.0;2.0;12.86;1.8;
24.0;2.0;6.36;8.27;5.0;16.0;20.0;0.0;8.24;1.25;Low
34.0;14.0;12.33;5.03;1.0;3.0;13.0;6.0;13.61;1.02;High
20.0;13.0;10.22;7.87;3.0;16.0;25.0;8.0;14.97;;
20.0;17.0;4.37;4.04;7.0;15.0;25.0;5.0;6.03;1.78;Medium
44.0;13.0;12.2;4.65;5.0;14.0;1.0;1.0;16.98;0.12;High
29.0;4.0;;5.0;6.0;14.0;1.0;1.0;9.36;0.78;Medium
41.0;13.0;8.04;6.99;2.0;7.0;27.0;0.0;9.37;1.68;Low
29.0;7.0;9.71;4.97;4.0;16.0;19.0;5.0;12.49;0.08;High
40.0;14.0;4.08;5.83;2.0;18.0;9.0;7.0;5.37;1.28;High
34.0;14.0;10.53;5.21;1.0;0.0;14.0;0.0;12.85;0.81;Low
36.0;18.0;10.6;5.69;5.0;12.0;26.0;0.0;;0.41;Medium
41.0;;10.53;8.71;2.0;5.0;27.0;0.0;13.93;1.22;Low
25.0;5.0;5.63;8.99;6.0;9.0;27.0;9.0;10.53;1.66;Low
22.0;18.0;6.56;7.43;1.0;0.0;;4.0;8.24;0.93;Low
32.0;7.0;6.47;6.86;;11.0;6.0;6.0;8.79;0.29;Low
35.0;5.0;;7.54;5.0;18.0;7.0;3.0;16.95;0.61;High
27.0;19.0;4.68;7.86;1.0;14.0;10.0;0.0;6.37;1.96;Low
;14.0;8.29;7.7;5.0;4.0;15.0;0.0;12.13;;Low
36.0;2.0;12.71;4.41;2.0;1.0;25.0;9.0;15.32;0.32;High
36.0;9.0;11.69;5.55;6.0;18.0;22.0;2.0;16.49;1.98;High
41.0;14.0;12.22;5.72;4.0;13.0;24.0;4.0;15.74;1.76;High
32.0;15.0;13.72;5.85;;8.0;6.0;4.0;;1.41;High
36.0;16.0;7.87;5.72;7.0;0.0;19.0;8.0;11.75;0.3;
25.0;18.0;7.1;7.94;0.0;12.0;8.0;8.0;11.46;0.48;Medium
36.0;10.0;4.31;7.74;;16.0;24.0;8.0;8.51;0.36;Medium
35.0;15.0;5.5;4.02;4.0;1.0;18.0;7.0;7.55;1.26;Low
33.0;4.0;9.62;5.48;0.0;13.0;25.0;8.0;12.29;0.8;Medium
32.0;4.0;5.58;7.12;;19.0;29.0;;8.39;0.1;Medium
25.0;13.0;11.36;4.6;1.0;5.0;23.0;7.0;13.91;0.58;High
22.0;17.0;4.37;4.36;2.0;5.0;0.0;7.0;6.61;1.72;Low
33.0;7.0;6.59;8.14;2.0;17.0;17.0;7.0;10.6;1.59;Medium
33.0;4.0;10.95;6.26;3.0;18.0;7.0;4.0;12.0;1.29;Medium
34.0;6.0;6.56;8.28;3.0;8.0;28.0;9.0;8.73;0.17;Medium
27.0;15.0;11.29;8.12;3.0;14.0;7.0;2.0;12.86;1.77;Medium
34.0;13.0;13.96;8.47;5.0;6.0;21.0;3.0;15.48;1.07;Medium
41.0;4.0;11.97;4.24;4.0;5.0;7.0;8.0;14.08;0.99;High
32.0;8.0;7.42;4.93;7.0;4.0;29.0;6.0;11.47;1.87;Medium
36.0;3.0;13.01;5.48;2.0;18.0;13.0;8.0;17.89;0.02;High
40.0;3.0;4.51;4.68;3.0;;23.0;6.0;7.57;1.11;Medium
43.0;15.0;11.25;6.43;2.0;0.0;1.0;7.0;13.61;1.58;Medium
22.0;16.0;4.23;7.99;1.0;6.0;2.0;2.0;8.55;0.13;Low
25.0;14.0;5.75;8.76;3.0;17.0;6.0;7.0;7.02;0.71;High
24.0;3.0;13.88;8.45;2.0;7.0;;3.0;15.25;1.95;Medium
41.0;5.0;7.61;6.29;4.0;11.0;28.0;5.0;9.99;0.42;Medium
36.0;15.0;12.2;7.18;5.0;9.0;14.0;;14.99;1.06;Medium
42.0;3.0;7.76;5.15;6.0;5.0;10.0;1.0;11.95;1.49;Low
44.0;5.0;;6.02;4.0;15.0;1.0;6.0;17.1;0.78;High
21.0;4.0;13.65;8.36;4.0;18.0;21.0;5.0;16.78;0.82;High
34.0;15.0;8.36;4.15;6.0;17.0;17.0;9.0;11.34;0.13;High
24.0;15.0;9.59;6.66;3.0;12.0;13.0;4.0;11.44;0.38;High
39.0;9.0;10.29;8.36;4.0;19.0;17.0;6.0;13.09;1.76;High
25.0;8.0;13.35;4.61;5.0;6.0;26.0;1.0;18.04;1.64;Medium
25.0;3.0;6.57;8.91;0.0;6.0;1.0;9.0;9.14;0.61;Medium
37.0;13.0;10.11;4.06;7.0;15.0;3.0;3.0;11.95;0.76;High
37.0;3.0;7.25;8.43;5.0;9.0;13.0;4.0;9.6;0.88;Medium
23.0;11.0;6.17;5.77;1.0;14.0;6.0;7.0;9.23;0.69;Medium
36.0;9.0;;4.66;5.0;13.0;14.0;5.0;8.24;1.31;Medium
44.0;3.0;10.21;4.79;2.0;11.0;5.0;5.0;12.94;0.03;High
33.0;17.0;12.82;7.51;0.0;14.0;4.0;4.0;16.85;1.76;Medium
33.0;12.0;7.51;8.35;3.0;7.0;19.0;9.0;10.85;0.6;Medium
32.0;12.0;9.53;7.21;2.0;6.0;17.0;4.0;13.19;1.74;Medium
26.0;13.0;10.42;8.64;6.0;8.0;10.0;0.0;14.87;0.91;Medium
31.0;17.0;8.15;8.21;5.0;13.0;7.0;3.0;12.61;1.55;Medium
42.0;0.0;13.03;4.05;2.0;6.0;28.0;8.0;14.84;1.65;High
34.0;15.0;7.63;7.35;4.0;11.0;11.0;1.0;11.12;0.6;Medium
38.0;14.0;5.25;5.52;2.0;13.0;17.0;5.0;9.12;1.28;Medium
30.0;4.0;5.44;6.27;2.0;10.0;14.0;1.0;7.02;1.21;Low
34.0;5.0;12.91;4.47;5.0;18.0;26.0;8.0;17.28;0.95;High
31.0;5.0;13.88;5.41;1.0;5.0;7.0;4.0;15.6;0.94;Medium
22.0;2.0;6.89;7.16;6.0;2.0;25.0;8.0;11.09;0.61;Medium
36.0;15.0;5.44;5.09;5.0;5.0;29.0;9.0;7.09;0.62;Medium
22.0;11.0;8.82;7.24;3.0;8.0;3.0;4.0;12.79;1.1;Medium
38.0;3.0;11.1;8.62;7.0;1.0;27.0;8.0;12.69;0.06;High
39.0;0.0;10.12;4.02;7.0;5.0;20.0;1.0;12.64;1.87;Medium
23.0;3.0;13.51;7.93;6.0;13.0;14.0;6.0;15.08;1.3;High
22.0;0.0;12.18;7.21;0.0;18.0;10.0;7.0;14.26;0.89;Medium
35.0;7.0;12.69;4.23;4.0;3.0;0.0;2.0;17.63;0.12;Medium
31.0;4.0;9.42;7.95;1.0;13.0;1.0;0.0;10.85;1.26;Medium
27.0;1.0;7.27;5.12;0.0;9.0;26.0;1.0;9.9;0.04;Low
43.0;11.0;11.02;5.33;0.0;5.0;7.0;9.0;14.73;1.36;Medium
36.0;16.0;8.39;4.47;6.0;10.0;;4.0;;0.15;Medium
26.0;6.0;6.88;6.67;1.0;12.0;0.0;8.0;8.32;1.31;Medium
30.0;10.0;5.52;6.49;4.0;17.0;2.0;4.0;7.09;0.81;Medium
37.0;3.0;9.28;5.74;3.0;19.0;17.0;0.0;12.86;1.33;Medium
20.0;4.0;9.94;4.84;1.0;13.0;25.0;0.0;14.58;0.28;Medium
22.0;5.0;9.69;8.19;1.0;19.0;15.0;1.0;13.99;0.23;High
23.0;10.0;5.17;8.38;1.0;19.0;20.0;0.0;10.1;0.49;Low
32.0;0.0;9.7;6.7;7.0;10.0;27.0;7.0;13.01;0.82;High
25.0;9.0;5.68;5.22;4.0;4.0;19.0;1.0;10.53;0.51;Low
33.0;19.0;10.64;4.48;7.0;;19.0;7.0;12.86;0.16;High
24.0;10.0;8.29;8.34;1.0;3.0;12.0;4.0;10.98;0.65;Low
35.0;16.0;12.49;4.48;1.0;11.0;19.0;0.0;;1.41;Medium
34.0;7.0;11.78;4.07;2.0;5.0;26.0;3.0;12.97;1.17;Medium
34.0;12.0;11.24;6.35;2.0;7.0;3.0;1.0;15.56;1.93;Medium
23.0;19.0;11.01;7.66;2.0;3.0;3.0;5.0;12.11;0.87;Medium
27.0;17.0;9.6;6.29;2.0;19.0;21.0;4.0;13.52;0.67;High
35.0;15.0;4.61;4.26;1.0;9.0;1.0;8.0;7.24;1.39;Medium
35.0;1.0;10.55;7.45;7.0;10.0;12.0;2.0;11.57;0.82;High
23.0;4.0;8.67;7.21;6.0;14.0;12.0;4.0;10.83;1.24;Medium
32.0;17.0;8.7;7.41;7.0;4.0;19.0;9.0;11.08;1.89;Medium
32.0;2.0;7.79;5.06;2.0;2.0;29.0;6.0;12.65;1.0;Low
21.0;16.0;13.29;7.98;0.0;14.0;6.0;8.0;16.93;1.0;High
22.0;15.0;6.49;6.4;6.0;1.0;6.0;2.0;9.66;1.55;Low
41.0;5.0;7.17;6.68;3.0;1.0;16.0;3.0;8.68;1.51;Low
27.0;18.0;13.63;6.73;2.0;7.0;9.0;0.0;16.19;1.03;Medium
43.0;6.0;12.1;5.43;4.0;13.0;11.0;1.0;13.24;0.13;High
34.0;17.0;4.14;5.25;3.0;8.0;24.0;2.0;8.19;;Low
30.0;13.0;13.06;4.02;7.0;4.0;22.0;9.0;14.71;0.75;High
28.0;5.0;6.27;5.98;7.0;11.0;26.0;6.0;9.65;0.63;Medium
26.0;7.0;11.06;6.43;5.0;9.0;21.0;6.0;14.86;1.96;Medium
32.0;14.0;9.53;7.71;7.0;0.0;29.0;0.0;12.0;1.74;Low
21.0;14.0;9.37;4.33;5.0;18.0;15.0;8.0;12.9;0.66;High
27.0;14.0;11.18;8.62;0.0;10.0;1.0;2.0;15.24;0.62;Medium
26.0;15.0;6.07;5.32;3.0;16.0;21.0;2.0;7.81;1.44;Medium
43.0;0.0;5.59;5.83;3.0;2.0;20.0;1.0;8.99;0.67;Low
31.0;10.0;10.52;4.24;7.0;0.0;8.0;2.0;14.46;0.5;Medium
38.0;4.0;6.91;7.27;0.0;16.0;11.0;5.0;9.34;1.96;Medium
26.0;4.0;13.74;7.54;5.0;5.0;16.0;9.0;15.39;1.13;High
29.0;5.0;8.52;8.64;2.0;12.0;15.0;3.0;10.66;1.52;Medium
44.0;1.0;5.12;5.68;0.0;19.0;4.0;1.0;9.85;1.43;Low
35.0;5.0;10.86;5.29;4.0;3.0;18.0;7.0;13.29;1.51;Medium
22.0;13.0;7.06;7.63;0.0;4.0;24.0;0.0;8.49;1.81;
29.0;10.0;5.49;7.53;1.0;14.0;27.0;9.0;6.82;1.0;Low
25.0;3.0;8.23;8.69;5.0;13.0;16.0;7.0;9.95;1.51;High
37.0;8.0;13.64;5.03;1.0;18.0;21.0;1.0;15.15;1.59;High
37.0;2.0;8.11;7.53;5.0;14.0;2.0;8.0;11.09;1.89;Medium
24.0;;7.47;4.33;5.0;11.0;16.0;3.0;9.86;1.43;Medium
40.0;10.0;8.45;6.4;3.0;17.0;26.0;3.0;12.82;1.79;Medium
26.0;3.0;4.12;4.6;2.0;13.0;14.0;6.0;8.64;0.19;Medium
21.0;0.0;5.33;7.27;2.0;9.0;18.0;2.0;8.22;0.25;Low
30.0;15.0;12.5;7.01;5.0;7.0;14.0;9.0;17.05;0.32;High
32.0;;13.78;4.24;5.0;3.0;17.0;2.0;16.58;0.29;High
42.0;15.0;5.58;5.6;7.0;17.0;25.0;3.0;9.15;0.18;Medium
24.0;10.0;9.36;5.98;1.0;7.0;11.0;9.0;11.01;0.25;High
25.0;7.0;13.66;5.24;7.0;3.0;27.0;2.0;14.87;1.99;Medium
43.0;0.0;5.57;4.19;7.0;;11.0;9.0;7.21;0.54;
33.0;8.0;5.86;5.59;4.0;4.0;23.0;7.0;7.87;0.96;Low
31.0;11.0;13.27;7.96;0.0;9.0;2.0;8.0;17.27;1.64;Medium
23.0;7.0;11.06;5.8;5.0;5.0;10.0;4.0;12.75;0.24;High
42.0;16.0;5.52;5.62;7.0;3.0;22.0;2.0;7.04;0.63;Low
25.0;9.0;7.93;8.71;5.0;17.0;9.0;6.0;12.64;0.32;High
29.0;6.0;4.56;4.21;0.0;16.0;21.0;2.0;8.32;0.13;Medium
37.0;18.0;8.33;7.84;0.0;6.0;14.0;5.0;11.22;1.92;Low
34.0;5.0;11.78;6.42;4.0;8.0;22.0;3.0;13.16;1.72;Medium
27.0;;9.54;8.72;4.0;2.0;10.0;6.0;13.95;1.76;Low
28.0;17.0;10.47;5.97;0.0;8.0;22.0;5.0;11.9;1.74;
24.0;14.0;7.27;7.54;5.0;3.0;25.0;6.0;10.71;0.31;Medium
29.0;1.0;5.61;4.35;5.0;18.0;0.0;3.0;9.28;1.57;Medium
39.0;13.0;4.13;8.64;0.0;8.0;19.0;5.0;6.73;1.46;Low
25.0;9.0;12.21;5.72;5.0;19.0;3.0;9.0;16.85;1.85;High
35.0;15.0;10.37;6.62;4.0;5.0;20.0;6.0;11.57;0.44;Medium
43.0;6.0;6.29;4.69;0.0;10.0;29.0;9.0;10.56;0.83;High
22.0;7.0;8.18;8.73;4.0;14.0;25.0;7.0;11.4;0.59;Medium
29.0;9.0;12.01;7.36;5.0;5.0;20.0;9.0;15.45;0.52;High
30.0;14.0;9.39;4.27;5.0;19.0;7.0;8.0;14.34;1.3;High
30.0;7.0;7.0;4.78;;9.0;19.0;2.0;10.33;0.33;Medium
36.0;12.0;6.67;6.0;1.0;17.0;12.0;4.0;10.86;0.93;Medium
23.0;11.0;6.18;5.08;1.0;15.0;16.0;9.0;7.79;1.29;Medium
23.0;7.0;12.24;5.52;6.0;3.0;14.0;2.0;16.48;0.26;Medium
36.0;14.0;9.82;8.99;4.0;;20.0;4.0;13.86;0.51;High
28.0;11.0;11.09;7.29;0.0;12.0;0.0;1.0;15.96;1.93;Medium
38.0;10.0;;8.61;1.0;4.0;27.0;2.0;17.34;1.59;Low
24.0;18.0;13.87;6.18;5.0;19.0;2.0;6.0;15.73;1.35;High
41.0;13.0;6.49;7.55;7.0;18.0;23.0;7.0;9.35;1.71;Medium
43.0;17.0;5.81;;2.0;17.0;25.0;4.0;10.46;0.03;Medium
25.0;12.0;8.62;5.64;0.0;19.0;20.0;2.0;12.18;0.01;Medium
22.0;3.0;4.35;6.6;4.0;16.0;22.0;3.0;7.2;0.31;Low
41.0;16.0;;6.14;5.0;15.0;29.0;2.0;13.36;0.99;High
20.0;18.0;12.84;8.9;5.0;0.0;16.0;2.0;15.25;1.14;Low
39.0;8.0;10.86;6.48;2.0;0.0;21.0;8.0;14.52;0.23;Medium
41.0;6.0;6.68;8.06;4.0;19.0;27.0;3.0;10.79;0.14;Medium
35.0;0.0;5.23;7.33;6.0;13.0;29.0;5.0;8.02;1.66;Medium
42.0;6.0;7.82;6.4;0.0;1.0;23.0;2.0;9.04;0.93;Low
30.0;6.0;12.33;6.37;5.0;14.0;21.0;7.0;15.86;1.98;High
32.0;19.0;7.48;5.71;6.0;2.0;3.0;3.0;12.17;0.46;Medium
29.0;6.0;4.34;4.53;3.0;12.0;26.0;7.0;;1.29;Medium
22.0;7.0;6.74;7.81;5.0;18.0;7.0;1.0;11.45;1.61;Low
28.0;15.0;13.9;8.59;3.0;0.0;14.0;8.0;16.32;1.75;Medium
31.0;2.0;10.77;5.09;7.0;12.0;7.0;1.0;15.32;0.61;High
42.0;12.0;13.01;8.63;3.0;14.0;29.0;2.0;17.16;0.39;Medium
33.0;9.0;11.75;5.16;0.0;15.0;13.0;2.0;16.6;0.45;High
20.0;17.0;9.4;6.65;7.0;10.0;5.0;4.0;13.56;1.33;Medium
37.0;6.0;5.49;5.72;0.0;2.0;23.0;2.0;7.78;1.04;Low
36.0;4.0;7.49;4.57;2.0;7.0;27.0;7.0;12.09;1.2;Medium
28.0;6.0;9.84;4.26;5.0;5.0;21.0;9.0;13.52;0.04;High
28.0;16.0;12.71;5.83;0.0;4.0;14.0;6.0;14.36;0.78;Medium
42.0;3.0;6.69;4.24;0.0;14.0;19.0;0.0;7.87;0.62;Medium
29.0;15.0;5.21;4.52;;8.0;26.0;5.0;7.67;1.73;Low
38.0;18.0;9.59;4.71;2.0;4.0;27.0;1.0;13.74;1.55;Medium
34.0;9.0;5.77;4.01;5.0;9.0;21.0;7.0;9.24;0.86;High
24.0;2.0;10.1;4.77;6.0;5.0;;9.0;13.21;1.26;Medium
34.0;2.0;6.64;6.89;4.0;10.0;23.0;7.0;7.65;0.1;Medium
39.0;16.0;6.31;8.1;1.0;3.0;29.0;6.0;9.05;1.27;Low
42.0;9.0;7.99;4.97;5.0;19.0;22.0;7.0;9.62;0.19;High
44.0;16.0;9.93;4.4;1.0;11.0;4.0;0.0;12.75;1.43;Medium
21.0;16.0;9.45;7.65;7.0;19.0;12.0;7.0;14.42;1.15;High
32.0;3.0;6.45;4.04;7.0;5.0;6.0;0.0;10.97;0.6;Medium
43.0;5.0;12.91;7.67;4.0;0.0;16.0;2.0;15.15;0.74;Medium
35.0;11.0;5.1;4.66;3.0;17.0;7.0;3.0;8.47;0.18;Medium
34.0;19.0;4.39;5.14;6.0;1.0;4.0;2.0;7.4;0.65;Low
44.0;16.0;10.03;4.6;5.0;4.0;22.0;1.0;11.55;1.93;Medium
29.0;16.0;5.23;5.24;0.0;15.0;6.0;2.0;10.19;0.97;Medium
33.0;9.0;9.05;7.99;2.0;11.0;7.0;8.0;11.75;0.95;High
29.0;6.0;13.52;4.66;5.0;11.0;6.0;1.0;16.54;1.26;Medium
44.0;15.0;10.99;8.97;2.0;10.0;21.0;4.0;14.58;0.97;Medium
33.0;12.0;10.17;5.64;3.0;19.0;;2.0;11.94;0.71;High
42.0;2.0;9.75;8.61;2.0;18.0;5.0;8.0;11.64;0.28;High
28.0;1.0;5.8;4.95;3.0;6.0;20.0;6.0;7.57;1.26;Medium
44.0;15.0;8.33;4.94;6.0;1.0;20.0;9.0;10.87;1.5;Medium
33.0;5.0;7.43;6.83;4.0;5.0;3.0;2.0;9.23;1.85;Low
22.0;5.0;13.53;4.25;3.0;3.0;22.0;1.0;18.24;0.01;Medium
39.0;12.0;6.42;8.01;7.0;1.0;;1.0;10.28;0.13;Low
35.0;6.0;8.72;6.2;1.0;16.0;27.0;4.0;13.31;1.8;Medium
21.0;4.0;13.38;7.5;7.0;7.0;26.0;8.0;17.77;1.26;High
29.0;6.0;11.89;4.87;5.0;4.0;29.0;1.0;15.7;1.92;Medium
22.0;1.0;13.65;7.21;7.0;9.0;2.0;1.0;15.62;0.86;High
30.0;16.0;10.08;6.97;7.0;15.0;4.0;7.0;13.54;0.83;High
30.0;12.0;7.34;7.78;7.0;1.0;18.0;2.0;9.09;0.69;Low
40.0;15.0;12.27;5.49;3.0;18.0;;2.0;13.8;0.29;High
40.0;19.0;6.91;8.67;5.0;6.0;4.0;5.0;10.44;0.76;Low
41.0;1.0;5.65;8.81;4.0;1.0;26.0;5.0;9.15;0.03;Low
32.0;4.0;11.06;8.34;6.0;12.0;12.0;5.0;12.69;1.02;High
26.0;17.0;10.39;6.86;;3.0;9.0;4.0;12.8;1.69;Medium
42.0;6.0;12.79;6.1;3.0;15.0;5.0;3.0;14.06;0.64;High
36.0;10.0;13.62;4.29;4.0;9.0;0.0;8.0;17.48;0.19;High
21.0;10.0;12.57;8.74;1.0;16.0;29.0;3.0;17.52;1.95;Medium
31.0;16.0;4.6;8.76;6.0;13.0;10.0;0.0;8.56;0.26;Low
44.0;15.0;10.65;4.09;0.0;11.0;19.0;7.0;15.03;1.06;High
29.0;12.0;11.85;5.78;4.0;12.0;8.0;7.0;14.76;1.62;High
37.0;4.0;13.82;8.4;0.0;19.0;15.0;2.0;15.2;0.5;Medium
41.0;19.0;7.75;4.4;4.0;7.0;14.0;8.0;11.66;1.68;Medium
30.0;15.0;5.7;4.98;7.0;16.0;4.0;6.0;7.73;1.11;Medium
35.0;15.0;12.53;8.89;6.0;17.0;14.0;6.0;15.08;0.66;High
36.0;15.0;7.17;8.24;3.0;9.0;0.0;4.0;;1.73;Low
38.0;13.0;9.98;8.56;0.0;12.0;14.0;2.0;14.6;1.24;Medium
37.0;5.0;7.9;4.71;6.0;1.0;3.0;9.0;10.84;1.23;High
22.0;1.0;8.02;5.06;4.0;16.0;27.0;4.0;12.87;1.01;High
40.0;13.0;11.32;7.03;5.0;5.0;15.0;2.0;14.4;0.55;Medium
35.0;15.0;7.61;6.51;4.0;11.0;21.0;2.0;9.1;0.61;Medium
25.0;19.0;10.93;5.49;0.0;12.0;6.0;0.0;14.0;0.18;Medium
;12.0;4.14;8.42;5.0;3.0;22.0;3.0;8.58;0.49;Low
31.0;14.0;7.25;8.51;7.0;14.0;7.0;8.0;10.4;0.56;High
30.0;11.0;7.19;5.46;6.0;15.0;20.0;5.0;11.18;0.12;High
34.0;8.0;11.49;4.78;4.0;18.0;21.0;5.0;14.68;0.22;High
34.0;17.0;7.15;4.75;0.0;14.0;26.0;5.0;10.33;0.54;Medium
35.0;13.0;10.33;6.42;1.0;;26.0;4.0;12.47;1.35;Medium
29.0;19.0;10.89;4.66;2.0;19.0;1.0;1.0;12.7;0.37;Medium
31.0;3.0;10.58;6.37;1.0;5.0;29.0;4.0;12.7;1.04;Medium
32.0;7.0;10.03;6.31;0.0;4.0;11.0;9.0;12.79;1.02;Medium
23.0;7.0;8.14;8.42;3.0;1.0;25.0;2.0;12.38;1.67;Low
26.0;15.0;7.73;5.48;3.0;19.0;27.0;9.0;12.05;1.22;High
41.0;9.0;9.65;6.8;2.0;1.0;1.0;1.0;;1.83;Low
21.0;16.0;4.64;7.72;0.0;4.0;13.0;3.0;7.85;1.26;Low
34.0;0.0;12.76;6.98;5.0;2.0;18.0;9.0;15.42;0.05;High
27.0;17.0;12.25;8.77;4.0;5.0;19.0;8.0;15.53;0.76;Medium
26.0;9.0;7.46;7.01;1.0;10.0;5.0;6.0;11.05;1.4;Medium
34.0;3.0;9.67;8.51;5.0;4.0;21.0;9.0;11.79;0.95;Medium
42.0;0.0;13.32;5.23;6.0;17.0;18.0;8.0;18.0;0.84;High
33.0;3.0;6.72;6.8;1.0;13.0;16.0;2.0;11.46;1.34;Medium
27.0;3.0;11.42;6.72;2.0;9.0;2.0;1.0;12.84;0.57;Medium
31.0;3.0;4.83;8.95;7.0;2.0;19.0;8.0;8.64;1.82;Low
32.0;16.0;9.23;5.02;2.0;15.0;24.0;5.0;10.36;0.83;Medium
30.0;8.0;12.84;4.7;6.0;15.0;9.0;9.0;14.03;1.26;High
36.0;18.0;9.52;7.06;2.0;10.0;23.0;3.0;14.35;1.96;Low
36.0;12.0;10.16;5.12;7.0;3.0;12.0;3.0;;1.57;Medium
43.0;3.0;13.08;7.2;6.0;10.0;19.0;9.0;15.38;1.06;High
23.0;4.0;11.15;8.86;5.0;7.0;22.0;9.0;14.83;1.72;Medium
40.0;12.0;10.96;8.73;5.0;15.0;28.0;5.0;15.34;1.12;High
27.0;15.0;9.86;5.16;2.0;7.0;28.0;6.0;14.34;0.88;High
24.0;4.0;10.33;4.85;5.0;8.0;24.0;9.0;11.41;1.75;High
35.0;7.0;12.04;6.8;2.0;13.0;17.0;4.0;16.31;0.05;High
23.0;15.0;13.79;6.93;7.0;7.0;18.0;7.0;18.2;0.81;High
41.0;0.0;;7.31;5.0;15.0;;9.0;15.33;0.69;High
34.0;5.0;11.08;7.71;2.0;1.0;7.0;0.0;14.0;1.43;Low
31.0;10.0;5.36;7.0;;19.0;17.0;0.0;6.8;0.03;Medium
24.0;15.0;12.17;4.56;7.0;18.0;6.0;3.0;14.13;1.32;High
;4.0;11.36;7.95;4.0;19.0;22.0;7.0;14.32;0.69;High
35.0;15.0;11.7;4.4;6.0;19.0;10.0;7.0;16.16;0.2;High
33.0;6.0;6.31;4.1;1.0;18.0;2.0;5.0;10.52;1.96;Medium
29.0;18.0;13.03;7.85;6.0;18.0;1.0;4.0;16.01;0.42;High
26.0;0.0;4.97;6.74;1.0;17.0;18.0;9.0;9.11;0.7;Medium
32.0;8.0;6.54;7.49;6.0;12.0;27.0;9.0;10.6;0.41;High
39.0;17.0;10.63;5.91;2.0;16.0;23.0;1.0;13.95;1.32;Medium
24.0;12.0;10.74;4.06;;0.0;27.0;4.0;12.62;1.57;Low
22.0;14.0;7.13;5.66;5.0;4.0;24.0;4.0;9.52;1.72;Medium
34.0;2.0;11.02;7.04;2.0;19.0;10.0;1.0;12.68;;Medium
23.0;9.0;7.88;5.13;4.0;12.0;7.0;7.0;8.91;1.05;Medium
34.0;8.0;4.0;7.44;3.0;5.0;10.0;9.0;5.32;1.33;Low
33.0;12.0;5.63;7.97;4.0;9.0;1.0;4.0;9.67;1.26;Low
39.0;15.0;12.83;6.27;0.0;;11.0;4.0;13.96;1.43;Medium
38.0;2.0;6.23;8.38;4.0;5.0;28.0;0.0;8.83;1.54;Low
32.0;14.0;5.13;8.27;0.0;0.0;8.0;0.0;10.07;0.19;Low
29.0;16.0;10.82;8.39;1.0;17.0;5.0;0.0;15.0;0.34;Medium
40.0;13.0;8.41;7.31;4.0;6.0;11.0;7.0;12.41;1.47;Medium
24.0;6.0;11.97;5.52;3.0;9.0;17.0;9.0;14.07;0.95;Medium
42.0;19.0;12.61;6.41;5.0;11.0;24.0;1.0;16.18;0.85;Medium
39.0;15.0;12.46;7.55;;14.0;4.0;7.0;15.45;0.91;High
39.0;7.0;7.13;5.05;5.0;16.0;21.0;5.0;10.63;0.74;High
44.0;3.0;9.06;7.69;4.0;2.0;16.0;4.0;11.8;1.18;Medium
25.0;19.0;10.5;6.74;4.0;14.0;15.0;5.0;13.62;0.65;Medium
23.0;14.0;7.22;4.48;7.0;0.0;11.0;3.0;12.17;1.27;Low
21.0;4.0;4.41;6.79;5.0;10.0;28.0;2.0;6.73;0.41;Low
41.0;12.0;8.96;4.33;5.0;5.0;29.0;3.0;10.83;1.52;Medium
35.0;5.0;4.13;4.07;2.0;15.0;1.0;8.0;6.92;1.56;Medium
37.0;4.0;13.51;8.45;4.0;11.0;15.0;7.0;16.61;1.16;High
24.0;16.0;11.97;6.45;;14.0;0.0;7.0;13.31;0.74;High
41.0;6.0;5.92;6.72;7.0;17.0;19.0;0.0;10.14;0.03;Medium
23.0;5.0;6.88;5.4;3.0;9.0;1.0;4.0;9.57;0.24;Medium
32.0;1.0;13.83;6.71;5.0;11.0;12.0;;16.48;0.16;High
38.0;10.0;7.74;4.84;7.0;19.0;15.0;8.0;11.38;0.02;High
42.0;6.0;11.84;7.73;5.0;18.0;0.0;9.0;15.93;1.44;High
21.0;7.0;8.47;8.12;0.0;4.0;18.0;9.0;13.41;1.91;Medium
32.0;4.0;12.64;8.28;0.0;17.0;3.0;5.0;14.33;0.02;High
30.0;17.0;;4.53;5.0;18.0;19.0;0.0;13.42;0.23;High
41.0;15.0;4.23;6.79;3.0;11.0;2.0;0.0;5.9;1.72;Low
23.0;13.0;6.94;8.04;7.0;0.0;1.0;6.0;11.46;1.38;Low
41.0;11.0;9.58;4.64;1.0;1.0;11.0;2.0;12.77;0.81;Medium
39.0;16.0;13.26;4.5;4.0;2.0;23.0;6.0;17.67;1.99;Medium
39.0;4.0;5.02;8.08;1.0;11.0;25.0;4.0;9.96;1.15;Low
34.0;13.0;10.01;7.98;3.0;13.0;12.0;0.0;13.21;1.34;Medium
23.0;5.0;7.02;6.24;1.0;;26.0;7.0;8.49;1.31;Low
28.0;14.0;12.89;4.55;0.0;3.0;17.0;8.0;15.34;0.45;Medium
26.0;6.0;11.65;6.58;2.0;11.0;4.0;5.0;12.79;0.98;Medium
38.0;13.0;7.7;5.97;1.0;7.0;22.0;1.0;12.1;0.43;Low
38.0;17.0;5.67;6.59;2.0;0.0;24.0;8.0;6.74;1.02;Low
25.0;0.0;4.11;6.2;1.0;4.0;11.0;1.0;7.48;0.06;Low
25.0;5.0;10.21;6.84;7.0;0.0;18.0;5.0;11.63;0.76;Medium
39.0;2.0;8.06;7.64;3.0;14.0;0.0;9.0;9.09;0.74;High
34.0;4.0;7.15;7.87;2.0;12.0;8.0;3.0;9.17;0.58;Medium
34.0;11.0;13.86;7.24;1.0;12.0;0.0;5.0;17.07;0.16;High
44.0;10.0;8.66;4.99;3.0;3.0;23.0;3.0;9.96;1.54;Low
39.0;12.0;11.5;5.99;6.0;14.0;17.0;2.0;14.96;0.84;Medium
28.0;15.0;5.77;4.36;6.0;11.0;22.0;7.0;9.46;1.63;Medium
23.0;17.0;4.13;6.26;5.0;7.0;;4.0;;1.67;Low
37.0;16.0;8.18;8.85;7.0;15.0;2.0;0.0;12.78;0.43;Medium
37.0;16.0;10.66;7.21;6.0;11.0;5.0;7.0;13.93;0.84;High
24.0;10.0;9.07;4.77;0.0;5.0;21.0;2.0;13.24;1.44;Low
39.0;19.0;12.9;5.34;4.0;14.0;3.0;3.0;15.35;1.0;High
42.0;9.0;8.34;4.32;3.0;6.0;23.0;8.0;11.68;1.71;Medium
30.0;15.0;7.11;;3.0;4.0;11.0;2.0;9.72;1.14;Medium
24.0;1.0;13.16;6.44;;14.0;11.0;4.0;15.51;1.26;Medium
41.0;16.0;8.07;5.72;2.0;11.0;4.0;7.0;11.98;1.57;Medium
23.0;19.0;6.7;5.02;1.0;10.0;22.0;5.0;8.89;0.24;Medium
31.0;9.0;4.98;4.73;2.0;3.0;28.0;2.0;7.5;1.17;Low
21.0;12.0;11.93;;7.0;12.0;20.0;7.0;;0.17;High
32.0;11.0;12.25;6.79;3.0;17.0;12.0;4.0;16.73;0.52;High
29.0;14.0;4.33;8.21;5.0;7.0;11.0;5.0;6.01;0.43;Low
28.0;6.0;7.59;4.92;6.0;6.0;3.0;2.0;10.12;1.13;Medium
29.0;12.0;11.5;8.24;1.0;15.0;5.0;7.0;16.05;1.69;Medium
26.0;11.0;13.46;6.89;6.0;2.0;18.0;3.0;14.52;0.27;Medium
23.0;11.0;7.78;5.33;6.0;15.0;5.0;8.0;12.57;1.54;High
38.0;1.0;12.72;5.37;4.0;15.0;5.0;4.0;17.32;0.29;High
29.0;4.0;7.94;5.95;6.0;6.0;10.0;0.0;10.61;0.38;Medium
22.0;1.0;5.79;6.3;7.0;12.0;26.0;8.0;9.4;1.83;Medium
44.0;19.0;4.03;4.41;7.0;12.0;21.0;7.0;8.99;0.02;Medium
40.0;12.0;7.3;8.21;7.0;18.0;13.0;4.0;10.52;0.39;Medium
38.0;2.0;7.78;4.61;4.0;17.0;29.0;2.0;9.17;0.43;High
40.0;10.0;13.45;6.42;1.0;6.0;26.0;8.0;17.86;0.56;Medium
21.0;15.0;6.06;5.91;7.0;19.0;2.0;6.0;7.6;0.73;High
39.0;0.0;7.82;6.56;3.0;17.0;28.0;7.0;9.85;0.21;High
29.0;18.0;4.25;8.44;5.0;17.0;7.0;2.0;8.74;0.94;Low
21.0;10.0;11.64;;0.0;3.0;3.0;5.0;13.66;0.8;Medium
21.0;8.0;13.15;4.1;6.0;8.0;26.0;3.0;17.13;1.25;High
43.0;13.0;6.38;5.97;5.0;15.0;15.0;2.0;9.17;1.74;Medium
36.0;8.0;8.29;;6.0;3.0;17.0;3.0;12.33;0.6;Low
35.0;6.0;5.22;;6.0;7.0;6.0;1.0;7.15;1.09;Low
35.0;15.0;8.57;7.25;;2.0;10.0;4.0;11.25;0.74;Low
33.0;2.0;5.33;8.96;5.0;8.0;7.0;7.0;7.6;0.08;Medium
26.0;18.0;;7.23;5.0;7.0;26.0;4.0;11.23;1.64;Medium
40.0;3.0;11.35;4.56;2.0;11.0;19.0;;13.61;1.27;
30.0;6.0;9.53;8.21;0.0;13.0;5.0;6.0;11.82;0.0;Medium
43.0;11.0;6.45;8.83;0.0;9.0;23.0;7.0;11.27;0.5;Low
20.0;17.0;7.54;7.56;4.0;16.0;15.0;;10.67;0.62;Medium
30.0;4.0;10.39;6.1;7.0;10.0;4.0;2.0;13.24;1.62;Medium
42.0;9.0;9.9;8.74;6.0;9.0;24.0;7.0;12.91;1.52;High
40.0;11.0;5.37;8.84;7.0;12.0;5.0;9.0;10.35;0.79;Medium
23.0;7.0;12.45;8.68;0.0;1.0;5.0;1.0;16.06;0.31;Low
26.0;18.0;8.75;6.06;1.0;0.0;27.0;6.0;12.56;0.77;Medium
34.0;14.0;5.62;7.95;4.0;0.0;28.0;9.0;7.87;1.62;Medium
;0.0;5.23;7.27;7.0;15.0;1.0;7.0;8.12;0.9;Medium
31.0;2.0;13.66;4.9;3.0;9.0;6.0;4.0;15.4;0.23;High
36.0;17.0;6.82;6.68;4.0;9.0;8.0;6.0;10.56;0.08;Medium
20.0;17.0;13.09;7.74;6.0;6.0;14.0;8.0;15.47;0.67;High
30.0;1.0;8.11;8.48;5.0;6.0;20.0;7.0;12.1;0.3;Medium
20.0;4.0;7.86;8.31;5.0;0.0;13.0;4.0;9.71;1.49;Low
34.0;0.0;11.01;4.77;4.0;12.0;20.0;3.0;13.62;0.56;High
40.0;9.0;;6.44;2.0;4.0;27.0;2.0;6.98;1.75;Low
29.0;19.0;7.38;6.39;6.0;;12.0;5.0;9.05;1.23;Medium
26.0;9.0;7.03;8.49;0.0;12.0;26.0;3.0;8.31;0.79;Low
;4.0;12.68;4.01;5.0;11.0;4.0;3.0;14.95;1.22;High
29.0;17.0;9.29;7.69;5.0;17.0;16.0;;12.47;0.59;Medium
43.0;14.0;7.65;7.09;1.0;4.0;;9.0;11.26;0.28;Medium
23.0;19.0;6.66;8.61;6.0;4.0;25.0;4.0;9.36;1.93;Low
31.0;7.0;9.91;6.28;0.0;1.0;23.0;0.0;12.91;1.13;Low
38.0;16.0;5.52;7.29;6.0;5.0;2.0;4.0;8.69;0.01;Low
30.0;11.0;6.46;8.86;5.0;6.0;8.0;5.0;9.51;0.62;Low
27.0;11.0;6.94;7.72;2.0;0.0;8.0;0.0;8.3;0.32;Low
37.0;0.0;10.08;4.34;5.0;2.0;21.0;2.0;12.7;0.52;Medium
30.0;3.0;7.73;4.84;0.0;19.0;3.0;5.0;9.55;0.11;High
30.0;7.0;9.06;8.11;1.0;1.0;19.0;6.0;12.19;0.49;Low
32.0;0.0;10.5;5.67;7.0;9.0;10.0;6.0;14.53;1.37;High
22.0;14.0;13.56;7.53;7.0;10.0;16.0;6.0;16.88;1.64;Medium
31.0;17.0;11.65;7.5;0.0;12.0;13.0;8.0;13.54;0.69;High
22.0;0.0;8.05;8.97;6.0;15.0;9.0;1.0;9.88;1.04;Medium
29.0;10.0;11.48;6.35;6.0;19.0;4.0;2.0;12.63;0.08;High
36.0;1.0;13.5;7.69;2.0;10.0;20.0;6.0;16.21;0.18;High
41.0;0.0;8.99;4.24;1.0;17.0;20.0;5.0;11.72;1.1;Medium
21.0;11.0;8.1;6.31;7.0;10.0;27.0;0.0;10.05;1.68;Medium
36.0;15.0;4.78;4.93;0.0;0.0;16.0;9.0;8.84;0.18;Medium
35.0;9.0;12.92;8.2;2.0;17.0;15.0;6.0;15.47;0.84;High
21.0;17.0;6.46;8.2;2.0;19.0;0.0;1.0;10.14;1.94;Medium
41.0;14.0;4.64;5.18;4.0;4.0;9.0;3.0;8.2;1.48;Low
39.0;16.0;9.37;5.59;5.0;1.0;11.0;6.0;12.79;0.4;Medium
25.0;9.0;12.46;7.51;6.0;17.0;17.0;3.0;17.09;0.57;High
44.0;2.0;8.07;7.69;1.0;6.0;0.0;5.0;9.13;1.9;Low
29.0;15.0;11.83;7.29;1.0;10.0;28.0;8.0;13.1;0.44;High
29.0;5.0;12.36;8.98;5.0;10.0;;4.0;16.25;0.88;High
27.0;2.0;8.54;8.34;6.0;12.0;27.0;2.0;10.95;0.71;Low
20.0;8.0;9.91;6.09;6.0;3.0;11.0;5.0;14.86;0.98;Medium
32.0;10.0;9.34;5.63;0.0;0.0;19.0;3.0;11.21;0.47;Medium
43.0;12.0;13.39;6.98;4.0;17.0;5.0;8.0;15.12;1.34;High
28.0;17.0;11.26;8.09;1.0;;7.0;1.0;14.61;0.47;Medium
41.0;3.0;13.25;6.38;2.0;9.0;13.0;9.0;15.37;1.2;High
29.0;7.0;6.2;7.69;1.0;7.0;4.0;4.0;8.56;0.72;Low
34.0;12.0;7.1;;4.0;2.0;21.0;8.0;11.78;0.5;Medium
24.0;9.0;4.71;8.63;5.0;6.0;3.0;9.0;5.81;1.39;Medium
41.0;1.0;9.0;7.87;3.0;;21.0;6.0;12.13;1.93;High
35.0;7.0;12.74;5.97;5.0;10.0;15.0;4.0;15.08;1.74;Medium
32.0;5.0;7.27;5.92;2.0;6.0;5.0;7.0;9.65;0.17;Medium
41.0;15.0;5.28;4.51;1.0;6.0;2.0;1.0;7.27;0.91;Low
44.0;17.0;4.68;8.08;5.0;8.0;3.0;3.0;6.22;1.39;Low
39.0;16.0;8.48;7.84;2.0;2.0;21.0;5.0;9.62;1.13;Low
37.0;5.0;5.64;7.15;7.0;10.0;7.0;6.0;10.59;1.45;Medium
30.0;12.0;7.46;4.51;6.0;16.0;28.0;7.0;11.1;1.95;High
28.0;13.0;12.2;5.31;0.0;7.0;29.0;3.0;16.31;0.68;Medium
35.0;9.0;7.84;6.29;7.0;19.0;13.0;8.0;9.1;1.54;High
21.0;10.0;10.1;5.33;;1.0;6.0;6.0;11.16;0.19;Medium
44.0;12.0;9.02;6.17;2.0;19.0;3.0;1.0;12.42;1.74;High
21.0;11.0;11.19;5.13;1.0;0.0;29.0;8.0;15.09;1.56;Medium
31.0;8.0;5.56;5.75;0.0;15.0;18.0;6.0;8.14;1.04;Medium
27.0;3.0;13.2;7.26;0.0;3.0;10.0;4.0;15.75;1.64;Medium
28.0;6.0;10.44;8.46;7.0;8.0;14.0;2.0;12.98;1.33;Medium
31.0;1.0;6.71;5.93;0.0;7.0;23.0;8.0;8.32;1.1;Medium
28.0;6.0;5.23;7.46;3.0;0.0;15.0;6.0;9.25;1.89;Low
29.0;8.0;5.5;4.67;3.0;7.0;5.0;2.0;7.36;0.26;Medium
44.0;4.0;11.83;6.7;0.0;4.0;11.0;4.0;14.13;1.99;Medium
21.0;14.0;9.88;8.61;7.0;0.0;7.0;2.0;13.57;0.31;Low
35.0;17.0;7.81;4.14;5.0;6.0;;2.0;8.81;0.96;Medium
39.0;3.0;7.33;5.34;7.0;14.0;24.0;6.0;11.4;0.46;High
26.0;18.0;12.56;4.66;5.0;6.0;9.0;8.0;17.16;0.54;High
21.0;19.0;12.75;6.67;5.0;0.0;10.0;4.0;13.96;1.26;Medium
20.0;6.0;9.81;7.4;1.0;8.0;8.0;3.0;13.18;0.07;Medium
38.0;7.0;9.25;4.29;0.0;;25.0;3.0;11.88;1.88;Low
23.0;16.0;12.16;4.35;5.0;11.0;16.0;2.0;13.47;0.56;Medium
43.0;12.0;11.49;8.35;0.0;6.0;27.0;7.0;15.22;0.55;Medium
41.0;;8.0;6.28;2.0;8.0;13.0;9.0;11.45;1.73;Medium
21.0;0.0;4.83;6.31;5.0;4.0;2.0;0.0;8.4;1.53;Low
;1.0;11.69;8.72;;11.0;8.0;2.0;15.94;1.34;Medium
33.0;16.0;5.69;5.6;2.0;1.0;19.0;1.0;7.84;0.29;Low
21.0;4.0;4.16;8.49;2.0;17.0;25.0;6.0;7.87;1.54;Medium
34.0;5.0;12.43;8.87;5.0;8.0;27.0;5.0;16.4;0.72;Medium
31.0;6.0;9.78;5.21;4.0;0.0;17.0;0.0;11.46;1.99;Medium
24.0;14.0;12.92;6.57;2.0;9.0;16.0;2.0;17.75;1.34;Medium
39.0;18.0;8.85;6.67;5.0;13.0;29.0;3.0;11.21;1.67;Medium
26.0;15.0;13.26;8.33;6.0;13.0;4.0;9.0;17.11;1.47;High
43.0;12.0;7.54;5.52;2.0;6.0;29.0;6.0;11.56;1.19;Low
40.0;4.0;11.25;7.99;1.0;11.0;19.0;2.0;14.27;1.43;Medium
29.0;2.0;7.01;8.86;3.0;5.0;20.0;3.0;8.52;1.19;Low
33.0;2.0;4.01;8.2;3.0;12.0;26.0;6.0;6.11;0.1;Medium
33.0;18.0;7.8;8.55;3.0;7.0;20.0;3.0;9.74;0.69;Medium
24.0;13.0;11.38;7.54;6.0;1.0;23.0;8.0;14.45;0.63;Medium
37.0;15.0;5.5;8.52;4.0;9.0;5.0;5.0;7.55;1.43;Low
43.0;16.0;9.05;4.82;0.0;5.0;2.0;1.0;12.24;1.15;Low
33.0;3.0;6.12;7.56;2.0;;15.0;0.0;8.27;1.22;Medium
21.0;12.0;4.75;7.66;6.0;9.0;14.0;7.0;5.75;1.69;Medium
31.0;7.0;10.17;6.2;1.0;14.0;24.0;2.0;12.62;1.05;Medium
41.0;18.0;13.52;4.4;4.0;19.0;7.0;6.0;16.95;0.44;High
43.0;4.0;7.11;7.11;6.0;9.0;8.0;3.0;11.2;0.02;Low
25.0;;9.81;4.26;3.0;10.0;3.0;2.0;10.92;0.32;Medium
23.0;14.0;13.54;5.91;4.0;1.0;12.0;8.0;15.57;0.06;Medium
32.0;1.0;10.5;5.97;6.0;9.0;23.0;5.0;15.44;0.47;High
23.0;10.0;10.73;8.99;1.0;11.0;26.0;5.0;12.78;1.27;Medium
41.0;12.0;5.79;5.5;5.0;10.0;2.0;5.0;;0.3;Medium
33.0;9.0;8.93;8.1;4.0;14.0;20.0;2.0;11.97;0.16;Medium
35.0;2.0;7.67;4.27;3.0;3.0;29.0;5.0;9.16;1.94;Medium
23.0;4.0;8.71;6.65;0.0;4.0;6.0;3.0;12.28;1.99;Low
43.0;2.0;12.01;6.68;6.0;0.0;15.0;1.0;16.88;1.27;Medium
44.0;5.0;8.61;7.14;3.0;0.0;16.0;2.0;13.16;0.22;Low
20.0;12.0;4.63;8.05;6.0;9.0;29.0;3.0;8.39;1.64;Low
32.0;9.0;13.06;7.81;3.0;3.0;16.0;0.0;16.11;1.08;Medium
23.0;18.0;9.45;7.81;3.0;12.0;18.0;6.0;11.73;0.36;High
39.0;7.0;13.24;6.16;6.0;13.0;19.0;4.0;15.67;1.15;High
37.0;17.0;9.72;;4.0;18.0;16.0;8.0;12.1;0.08;High
25.0;2.0;4.7;6.46;1.0;4.0;23.0;5.0;9.39;1.94;Low
22.0;16.0;9.53;4.33;3.0;10.0;1.0;7.0;11.38;1.65;High
42.0;7.0;9.76;8.45;7.0;7.0;26.0;8.0;12.27;0.52;Medium
32.0;9.0;6.14;8.45;5.0;0.0;4.0;5.0;8.87;0.84;Low
35.0;1.0;8.71;5.61;4.0;4.0;15.0;6.0;11.35;0.79;Medium
24.0;11.0;8.59;8.57;1.0;17.0;28.0;5.0;9.61;1.72;Medium
23.0;5.0;10.23;7.79;0.0;12.0;29.0;5.0;12.31;0.71;Medium
40.0;1.0;6.6;6.0;7.0;4.0;21.0;1.0;9.59;0.1;Medium
27.0;2.0;9.82;5.66;3.0;6.0;10.0;4.0;13.86;0.43;High
38.0;16.0;6.41;8.88;2.0;11.0;21.0;5.0;9.69;0.43;Low
33.0;6.0;8.46;7.56;4.0;1.0;5.0;9.0;11.0;1.9;Medium
26.0;4.0;5.23;5.89;5.0;12.0;10.0;4.0;8.89;1.85;Medium
33.0;0.0;4.37;7.21;0.0;13.0;0.0;3.0;8.03;0.6;Low
25.0;7.0;7.21;;0.0;5.0;18.0;5.0;9.2;0.01;Low
31.0;11.0;6.75;6.62;0.0;15.0;;5.0;8.17;1.03;Medium
35.0;13.0;8.07;7.22;4.0;9.0;7.0;7.0;12.28;1.59;Medium
36.0;15.0;13.62;6.69;1.0;10.0;21.0;;16.74;0.54;High
32.0;9.0;9.22;7.27;2.0;;17.0;9.0;10.93;0.88;Medium
42.0;14.0;9.53;8.54;7.0;14.0;12.0;0.0;11.58;0.35;
33.0;14.0;13.42;8.97;5.0;15.0;29.0;1.0;17.49;0.65;Medium
26.0;9.0;13.21;7.55;1.0;9.0;0.0;0.0;16.82;1.52;Medium
33.0;6.0;12.84;8.64;3.0;9.0;19.0;9.0;17.62;0.86;Medium
34.0;2.0;4.98;8.29;;2.0;16.0;6.0;7.84;0.89;Low
31.0;1.0;10.34;5.48;1.0;10.0;4.0;7.0;11.55;1.58;Medium
36.0;5.0;12.08;8.66;3.0;10.0;11.0;2.0;15.88;1.53;High
28.0;;12.36;4.35;6.0;15.0;10.0;2.0;14.38;0.37;
41.0;9.0;9.78;5.65;2.0;5.0;23.0;6.0;12.08;0.83;Medium
34.0;3.0;4.17;7.2;4.0;8.0;25.0;7.0;5.96;1.7;Low
31.0;2.0;13.74;6.63;5.0;0.0;17.0;5.0;15.98;0.91;Medium
21.0;8.0;8.72;6.71;6.0;5.0;7.0;7.0;13.04;1.32;Medium
24.0;16.0;7.94;7.97;5.0;17.0;28.0;1.0;11.25;0.61;Medium
32.0;13.0;7.95;4.97;3.0;12.0;23.0;6.0;9.39;0.12;Medium
39.0;9.0;8.24;8.91;1.0;1.0;21.0;4.0;11.59;0.33;
42.0;12.0;6.42;6.19;2.0;18.0;23.0;5.0;9.95;0.8;Medium
27.0;11.0;7.27;8.75;3.0;1.0;12.0;6.0;11.81;0.71;Low
33.0;0.0;13.85;5.92;3.0;3.0;1.0;8.0;18.29;1.79;High
34.0;18.0;7.68;7.01;4.0;3.0;22.0;6.0;8.93;1.09;Low
30.0;18.0;9.27;6.25;3.0;9.0;15.0;0.0;13.74;;Medium
20.0;5.0;12.48;7.38;2.0;16.0;11.0;4.0;13.68;1.38;High
40.0;12.0;9.27;4.92;0.0;15.0;7.0;3.0;10.89;1.06;Medium
22.0;18.0;7.24;6.0;;7.0;3.0;7.0;8.69;1.54;Medium
36.0;12.0;9.24;4.34;2.0;5.0;;6.0;10.97;1.57;Medium
38.0;3.0;5.14;6.99;4.0;1.0;8.0;3.0;9.35;0.7;Low
33.0;1.0;5.3;8.81;4.0;14.0;10.0;2.0;9.04;0.17;Low
41.0;14.0;10.94;4.23;5.0;10.0;15.0;5.0;14.69;1.97;High
42.0;11.0;13.17;7.3;6.0;15.0;5.0;7.0;17.86;1.29;High
27.0;6.0;11.26;;5.0;3.0;11.0;2.0;13.83;1.42;Medium
32.0;19.0;4.75;;3.0;10.0;18.0;4.0;5.76;1.51;Medium
39.0;17.0;8.03;5.37;7.0;13.0;15.0;9.0;11.59;1.23;High
22.0;12.0;4.03;5.01;5.0;7.0;12.0;0.0;8.5;0.94;Low
24.0;16.0;9.11;5.49;4.0;5.0;3.0;9.0;14.02;1.97;Medium
28.0;3.0;5.93;4.55;3.0;18.0;11.0;9.0;8.39;1.46;High
25.0;13.0;12.68;5.85;;3.0;3.0;7.0;16.97;1.69;Medium
44.0;19.0;5.04;5.84;1.0;3.0;16.0;6.0;9.44;0.88;Low
41.0;12.0;4.01;8.04;4.0;5.0;13.0;7.0;5.59;1.81;Low
21.0;2.0;8.51;8.0;6.0;10.0;28.0;1.0;12.04;1.46;Low
32.0;17.0;5.55;7.98;7.0;0.0;25.0;6.0;7.24;1.49;Low
24.0;13.0;11.38;6.84;4.0;1.0;16.0;3.0;14.17;0.17;Medium
44.0;14.0;13.2;5.63;0.0;;0.0;1.0;17.72;1.23;Medium
27.0;2.0;4.42;6.05;6.0;15.0;19.0;8.0;8.58;0.67;Medium
42.0;0.0;7.96;5.59;4.0;5.0;0.0;4.0;11.24;1.34;Medium
20.0;16.0;13.97;6.91;5.0;8.0;29.0;6.0;18.2;1.14;High
39.0;2.0;11.33;8.69;5.0;18.0;21.0;3.0;12.94;0.22;High
31.0;13.0;13.53;5.42;5.0;4.0;29.0;9.0;15.31;1.06;High
42.0;2.0;5.64;6.29;7.0;9.0;1.0;3.0;7.48;0.9;Low
30.0;12.0;6.21;7.28;0.0;6.0;16.0;2.0;10.31;1.55;Low
26.0;14.0;5.55;8.22;3.0;1.0;22.0;0.0;10.11;1.01;Low
34.0;17.0;7.02;5.27;7.0;19.0;21.0;1.0;10.27;0.96;Medium
41.0;13.0;11.24;5.4;4.0;3.0;;8.0;16.07;1.44;Medium
43.0;2.0;5.65;8.43;4.0;7.0;11.0;0.0;9.56;1.34;Low
30.0;18.0;9.24;4.4;5.0;2.0;12.0;4.0;12.49;1.98;Medium
41.0;7.0;6.69;7.03;3.0;1.0;13.0;1.0;10.14;0.7;Low
35.0;3.0;12.29;8.3;7.0;8.0;9.0;3.0;;;Medium
22.0;3.0;4.07;8.61;4.0;10.0;11.0;6.0;5.43;0.33;Low
39.0;18.0;6.23;4.06;7.0;3.0;24.0;4.0;7.9;1.61;Medium
33.0;10.0;10.05;5.85;2.0;8.0;21.0;0.0;12.12;1.57;Low
22.0;0.0;4.97;;0.0;5.0;;2.0;9.55;;Low
20.0;7.0;8.66;;1.0;0.0;6.0;9.0;13.44;0.24;Medium
40.0;14.0;8.36;7.16;2.0;2.0;18.0;8.0;10.78;1.98;Medium
34.0;0.0;12.53;9.0;6.0;6.0;29.0;0.0;17.23;1.89;Medium
20.0;6.0;10.25;6.56;1.0;;14.0;9.0;13.44;0.74;High
36.0;19.0;10.4;6.76;2.0;7.0;6.0;3.0;13.29;1.15;Medium
21.0;19.0;13.52;6.07;2.0;12.0;13.0;4.0;17.85;1.78;High
39.0;10.0;13.82;4.74;6.0;17.0;8.0;9.0;17.0;0.99;High
25.0;13.0;10.53;5.52;7.0;18.0;4.0;2.0;13.35;1.2;High
27.0;15.0;9.22;5.23;6.0;8.0;0.0;2.0;10.28;1.21;Medium
35.0;;10.08;8.01;2.0;19.0;15.0;0.0;11.13;1.3;Medium
38.0;11.0;7.82;6.73;0.0;5.0;4.0;5.0;11.33;1.15;Low
20.0;16.0;13.87;5.48;1.0;11.0;23.0;3.0;15.16;0.81;Medium
22.0;13.0;11.05;6.45;3.0;3.0;7.0;7.0;15.0;1.08;High
22.0;;6.91;5.09;3.0;8.0;18.0;5.0;10.4;1.74;Medium
24.0;13.0;4.58;4.93;5.0;9.0;19.0;2.0;7.41;1.73;Medium
31.0;17.0;4.45;8.3;7.0;2.0;11.0;6.0;8.29;1.55;Low
31.0;8.0;6.05;8.72;7.0;16.0;7.0;2.0;11.02;0.83;Medium
39.0;16.0;6.33;4.4;7.0;6.0;7.0;;8.32;1.57;Medium
32.0;5.0;8.15;7.82;4.0;7.0;22.0;7.0;11.38;;Medium
39.0;7.0;6.15;6.27;0.0;10.0;5.0;2.0;10.52;1.33;Low
28.0;;10.31;5.94;7.0;12.0;19.0;1.0;11.38;1.13;Medium
26.0;17.0;6.11;7.45;5.0;2.0;25.0;2.0;;0.6;Low
23.0;4.0;5.88;5.33;5.0;18.0;28.0;3.0;8.96;0.91;Medium
38.0;5.0;8.71;4.1;0.0;13.0;8.0;2.0;11.92;1.66;Medium
41.0;18.0;12.89;5.07;0.0;15.0;1.0;8.0;14.24;1.83;High
38.0;3.0;8.68;4.92;2.0;14.0;17.0;;11.31;0.41;High
25.0;6.0;8.14;4.17;0.0;1.0;0.0;1.0;11.22;0.91;Low
32.0;3.0;9.78;5.61;3.0;5.0;10.0;7.0;12.47;0.87;Medium
30.0;10.0;6.57;6.37;0.0;6.0;14.0;6.0;10.37;0.98;Low
32.0;11.0;7.53;7.68;6.0;8.0;11.0;0.0;11.62;1.95;Low
32.0;13.0;6.14;5.63;2.0;8.0;2.0;5.0;8.98;;Medium
44.0;12.0;9.72;4.97;1.0;16.0;18.0;5.0;12.42;1.66;Medium
41.0;9.0;10.97;5.15;5.0;2.0;19.0;8.0;14.79;1.33;High
39.0;17.0;10.74;8.46;7.0;;;;13.96;0.21;High
34.0;15.0;6.55;5.02;0.0;1.0;9.0;7.0;;1.39;Low
40.0;4.0;11.8;8.4;6.0;0.0;15.0;6.0;14.72;1.29;Medium
32.0;7.0;6.56;6.24;6.0;9.0;5.0;6.0;9.86;1.52;Medium
41.0;13.0;5.5;8.67;5.0;2.0;8.0;4.0;7.02;0.15;Low
30.0;4.0;7.5;6.04;1.0;9.0;7.0;1.0;11.84;0.48;Medium
38.0;7.0;9.98;4.89;4.0;8.0;21.0;9.0;12.67;1.54;High
27.0;5.0;5.42;6.75;2.0;16.0;15.0;4.0;9.3;0.74;Medium
39.0;15.0;10.48;6.94;5.0;14.0;7.0;0.0;13.2;1.82;Medium
27.0;3.0;12.63;7.18;0.0;2.0;23.0;9.0;13.63;1.04;Medium
29.0;11.0;6.93;6.06;4.0;2.0;25.0;5.0;9.53;0.0;Medium
35.0;10.0;8.5;4.24;4.0;3.0;21.0;1.0;10.09;1.4;Medium
38.0;2.0;6.28;7.13;1.0;3.0;17.0;0.0;8.87;1.03;Low
42.0;11.0;7.61;8.67;5.0;16.0;4.0;0.0;9.9;0.63;Medium
30.0;4.0;4.22;8.79;5.0;5.0;19.0;0.0;6.03;0.04;Low
32.0;5.0;13.54;6.98;3.0;10.0;11.0;3.0;15.04;0.4;High
28.0;18.0;8.16;4.1;3.0;11.0;5.0;4.0;12.07;0.32;High
39.0;17.0;11.89;4.53;3.0;6.0;1.0;4.0;15.91;1.17;Medium
43.0;15.0;5.43;8.17;5.0;12.0;3.0;0.0;7.49;1.54;Low
;10.0;12.12;8.15;5.0;5.0;15.0;5.0;15.1;0.47;High
35.0;4.0;12.6;8.73;3.0;;28.0;2.0;15.46;1.4;Low
26.0;8.0;11.15;6.82;2.0;13.0;23.0;3.0;13.57;1.8;Medium
38.0;2.0;13.03;8.32;6.0;13.0;13.0;4.0;15.14;1.24;Medium
31.0;7.0;5.67;8.12;6.0;9.0;16.0;3.0;7.41;1.55;Medium
34.0;5.0;8.76;6.95;6.0;4.0;18.0;3.0;13.25;0.41;Medium
42.0;3.0;;7.92;7.0;1.0;3.0;9.0;14.53;0.15;Medium
33.0;11.0;9.96;4.63;0.0;5.0;17.0;0.0;12.63;0.73;Medium
30.0;11.0;12.61;7.2;0.0;10.0;11.0;1.0;16.49;1.42;Medium
29.0;15.0;6.16;8.77;2.0;17.0;1.0;1.0;9.15;1.37;Low
30.0;9.0;5.76;4.81;1.0;10.0;5.0;1.0;7.1;1.91;Low
25.0;13.0;6.53;7.72;6.0;14.0;5.0;9.0;10.82;1.26;Medium
21.0;12.0;12.92;5.6;6.0;2.0;2.0;0.0;14.8;0.82;Medium
30.0;8.0;13.41;8.09;;1.0;7.0;9.0;17.24;1.59;Medium
38.0;6.0;9.7;7.49;5.0;6.0;11.0;7.0;12.81;0.31;Medium
25.0;11.0;9.01;8.63;4.0;4.0;2.0;0.0;12.77;1.63;Low
33.0;4.0;10.05;7.56;5.0;12.0;1.0;7.0;12.93;0.73;High
39.0;17.0;10.16;6.05;7.0;7.0;20.0;;13.97;0.31;Medium
25.0;3.0;5.7;4.05;0.0;8.0;28.0;9.0;6.83;0.32;Medium
36.0;1.0;10.86;7.96;7.0;7.0;22.0;2.0;12.02;1.97;Medium
29.0;2.0;8.52;6.04;7.0;9.0;0.0;8.0;13.11;1.25;Medium
20.0;11.0;9.17;;2.0;1.0;17.0;7.0;13.17;0.35;Medium
22.0;2.0;4.3;4.53;1.0;9.0;17.0;1.0;8.61;0.54;Low
27.0;3.0;11.65;8.45;0.0;10.0;7.0;3.0;14.48;0.74;Medium
27.0;5.0;12.35;6.18;2.0;10.0;25.0;7.0;15.19;0.11;High
39.0;11.0;10.19;8.6;4.0;4.0;21.0;8.0;13.33;0.22;Medium
41.0;18.0;11.49;7.54;3.0;13.0;;6.0;13.46;1.52;High
34.0;9.0;9.23;4.61;4.0;2.0;28.0;0.0;13.16;1.57;Low
43.0;0.0;10.18;6.9;4.0;19.0;12.0;7.0;14.5;1.98;High
26.0;16.0;7.95;8.55;6.0;;14.0;0.0;12.58;0.14;Low
30.0;15.0;11.92;8.0;1.0;17.0;14.0;8.0;14.99;1.78;High
26.0;8.0;8.68;6.09;0.0;0.0;12.0;;11.34;0.63;Low
23.0;8.0;10.8;8.78;7.0;0.0;3.0;3.0;15.12;0.66;Medium
44.0;8.0;10.21;5.34;3.0;16.0;3.0;9.0;14.22;0.25;High
31.0;11.0;11.02;5.88;2.0;5.0;4.0;3.0;15.49;1.97;Medium
25.0;8.0;11.85;7.75;3.0;12.0;2.0;3.0;15.47;1.96;High
33.0;14.0;9.13;5.16;0.0;0.0;;5.0;13.66;1.73;Low
31.0;1.0;12.13;6.58;1.0;5.0;29.0;1.0;13.49;0.18;Medium
30.0;10.0;8.97;7.64;0.0;7.0;19.0;;12.69;1.68;Medium
38.0;10.0;13.57;7.22;2.0;12.0;11.0;3.0;14.93;1.27;Medium
40.0;7.0;11.53;4.78;3.0;1.0;19.0;7.0;15.53;0.26;Medium
24.0;5.0;5.71;7.15;4.0;7.0;6.0;1.0;9.22;0.52;Low
33.0;19.0;12.3;6.86;0.0;0.0;6.0;;13.36;1.38;Medium
40.0;6.0;9.52;6.79;7.0;12.0;0.0;9.0;12.92;1.61;High
43.0;2.0;13.84;8.13;5.0;0.0;11.0;1.0;15.43;1.7;Medium
35.0;7.0;11.19;4.92;1.0;9.0;2.0;8.0;12.76;1.09;High
44.0;17.0;4.84;7.76;1.0;4.0;14.0;8.0;6.44;1.07;Low
32.0;16.0;7.95;7.8;3.0;19.0;8.0;5.0;10.89;1.37;High
44.0;10.0;9.17;7.61;4.0;12.0;21.0;9.0;10.63;1.56;Medium
41.0;1.0;12.39;6.53;2.0;4.0;21.0;4.0;13.89;0.34;Medium
41.0;18.0;11.29;5.98;4.0;9.0;19.0;6.0;13.31;1.48;High
44.0;;7.69;5.97;7.0;2.0;25.0;7.0;8.69;0.68;Medium
39.0;17.0;10.53;7.67;3.0;1.0;8.0;7.0;12.63;0.77;Medium
41.0;7.0;9.77;6.49;4.0;1.0;13.0;2.0;13.24;0.16;Medium
23.0;13.0;5.26;5.69;3.0;4.0;27.0;2.0;8.67;1.18;Low
30.0;6.0;;7.13;4.0;3.0;2.0;;11.23;0.19;Low
36.0;3.0;7.41;8.19;0.0;1.0;7.0;4.0;8.89;;Low
26.0;16.0;5.95;4.31;1.0;8.0;28.0;1.0;10.41;1.24;Low
33.0;4.0;5.5;8.86;3.0;8.0;5.0;4.0;8.06;1.98;Low
30.0;11.0;4.58;4.48;3.0;8.0;11.0;0.0;7.13;0.49;Low
41.0;8.0;12.73;6.56;1.0;3.0;1.0;6.0;15.13;1.36;Medium
28.0;19.0;6.89;6.8;5.0;7.0;2.0;6.0;8.39;1.93;Medium
42.0;12.0;6.9;4.69;5.0;17.0;13.0;0.0;9.81;0.6;Medium
32.0;17.0;6.06;8.58;2.0;8.0;16.0;2.0;10.21;0.19;Low
42.0;19.0;8.75;6.36;3.0;2.0;2.0;7.0;13.25;1.27;Low
37.0;8.0;9.14;4.72;0.0;5.0;3.0;8.0;13.99;0.73;Medium
30.0;3.0;6.08;7.56;4.0;18.0;14.0;2.0;10.22;0.55;Medium
34.0;7.0;10.09;7.32;0.0;4.0;29.0;5.0;13.58;1.99;Low
44.0;0.0;11.23;8.81;3.0;16.0;21.0;5.0;14.22;1.51;High
44.0;16.0;7.74;6.21;2.0;18.0;25.0;5.0;12.24;0.97;High
41.0;8.0;9.85;5.34;7.0;2.0;29.0;4.0;13.81;;Medium
38.0;19.0;9.02;4.3;7.0;7.0;6.0;5.0;10.67;0.38;High
20.0;12.0;5.96;7.67;7.0;8.0;18.0;;9.69;0.6;Low
23.0;1.0;11.3;;3.0;7.0;13.0;9.0;14.02;0.97;Medium
33.0;12.0;12.01;8.86;7.0;13.0;15.0;5.0;15.39;0.99;High
33.0;8.0;10.49;7.56;2.0;9.0;26.0;7.0;15.08;0.05;Medium
22.0;19.0;7.24;8.67;1.0;16.0;;5.0;10.85;1.89;Low
36.0;5.0;13.27;8.96;4.0;2.0;22.0;2.0;18.02;1.09;Medium
22.0;;8.55;6.14;7.0;2.0;28.0;6.0;13.02;0.04;Medium
35.0;4.0;6.66;4.75;7.0;2.0;19.0;5.0;8.18;1.4;Low
33.0;2.0;8.08;4.98;7.0;3.0;16.0;8.0;9.13;0.14;Medium
39.0;3.0;10.92;5.59;0.0;16.0;16.0;3.0;13.46;1.44;Medium
32.0;0.0;12.46;6.54;2.0;13.0;23.0;0.0;16.92;1.4;Medium
;13.0;7.57;4.61;0.0;1.0;9.0;5.0;9.49;1.97;Low
33.0;8.0;6.33;5.51;6.0;11.0;6.0;8.0;10.1;;Medium
43.0;3.0;10.26;5.54;1.0;4.0;19.0;7.0;13.16;0.29;Medium
44.0;17.0;;4.02;3.0;1.0;16.0;1.0;17.19;0.18;Medium
38.0;13.0;5.83;5.77;2.0;11.0;21.0;2.0;7.49;0.14;Medium
25.0;3.0;12.03;4.58;4.0;8.0;26.0;7.0;13.99;1.62;Medium
29.0;9.0;8.77;6.15;6.0;8.0;11.0;8.0;10.74;1.44;Medium
34.0;2.0;12.0;4.98;2.0;19.0;10.0;7.0;15.19;1.95;
40.0;6.0;;8.11;5.0;0.0;9.0;9.0;11.22;0.62;Medium
41.0;9.0;7.77;4.4;3.0;6.0;;0.0;12.02;1.61;Low
39.0;12.0;10.97;8.33;3.0;17.0;21.0;2.0;13.36;0.19;High
25.0;3.0;13.01;6.9;4.0;9.0;27.0;7.0;16.65;1.81;High
42.0;17.0;7.2;6.29;4.0;14.0;21.0;0.0;11.99;0.1;Low
44.0;10.0;8.61;6.75;1.0;8.0;7.0;6.0;12.04;1.58;Medium
29.0;3.0;6.29;5.88;6.0;10.0;29.0;3.0;8.26;0.61;Medium
26.0;13.0;5.83;4.64;6.0;0.0;14.0;6.0;10.15;0.36;Medium
41.0;17.0;11.78;7.83;0.0;10.0;21.0;3.0;12.83;1.41;Medium
36.0;7.0;6.01;8.64;7.0;0.0;17.0;7.0;8.04;1.79;Low
37.0;9.0;11.93;8.75;2.0;4.0;22.0;5.0;14.48;1.53;Medium
36.0;4.0;8.29;7.35;1.0;17.0;12.0;9.0;10.07;0.63;High
28.0;6.0;13.95;6.05;0.0;0.0;25.0;9.0;17.37;0.71;Medium
29.0;11.0;5.97;6.39;6.0;9.0;15.0;7.0;9.2;0.38;Medium
29.0;2.0;4.93;7.28;7.0;12.0;29.0;0.0;7.56;1.65;Low
44.0;3.0;4.75;8.12;7.0;7.0;12.0;8.0;6.93;0.21;Low
;9.0;12.35;5.87;1.0;12.0;3.0;8.0;15.09;1.81;High
35.0;3.0;8.38;8.58;5.0;19.0;10.0;5.0;10.54;1.2;Medium
37.0;14.0;4.03;5.62;4.0;1.0;26.0;8.0;5.92;1.18;Low
25.0;9.0;12.75;6.65;4.0;11.0;18.0;5.0;15.16;1.68;High
39.0;15.0;12.77;8.81;3.0;12.0;7.0;5.0;16.18;1.34;High
20.0;14.0;12.06;8.69;7.0;7.0;9.0;3.0;15.65;0.61;Medium
20.0;18.0;6.48;7.48;2.0;14.0;11.0;2.0;8.67;0.7;Low
31.0;19.0;7.73;5.62;2.0;6.0;27.0;2.0;12.52;0.35;Low
40.0;18.0;11.45;5.1;2.0;6.0;20.0;1.0;13.5;0.93;Medium
21.0;17.0;8.89;4.4;1.0;16.0;19.0;3.0;12.74;0.22;High
23.0;11.0;5.54;7.54;1.0;18.0;10.0;8.0;6.87;1.31;Medium
36.0;15.0;6.43;6.52;2.0;2.0;19.0;6.0;;0.34;Low
23.0;0.0;13.73;6.86;3.0;6.0;20.0;2.0;16.57;1.73;Medium
30.0;15.0;5.51;6.36;0.0;11.0;27.0;;8.79;1.4;Medium
41.0;1.0;11.26;;5.0;13.0;3.0;8.0;13.0;1.78;High
23.0;14.0;;6.86;1.0;1.0;18.0;0.0;11.51;0.17;Low
20.0;6.0;11.49;8.57;2.0;6.0;19.0;0.0;15.56;1.6;Low
26.0;0.0;10.61;4.15;4.0;15.0;9.0;8.0;14.68;1.76;High
37.0;4.0;8.39;8.01;1.0;8.0;14.0;8.0;10.34;0.09;Medium
28.0;9.0;7.54;5.95;0.0;0.0;12.0;6.0;9.95;2.0;Medium
22.0;3.0;11.54;7.72;1.0;11.0;12.0;2.0;12.56;0.6;Medium
27.0;13.0;7.23;8.74;0.0;1.0;20.0;3.0;8.59;0.42;Low
43.0;12.0;11.88;5.53;0.0;17.0;27.0;6.0;13.39;0.83;High
38.0;0.0;10.8;4.45;1.0;13.0;17.0;8.0;12.97;0.02;High
23.0;15.0;9.78;5.16;0.0;11.0;6.0;7.0;13.82;1.77;Medium
37.0;8.0;7.69;5.11;7.0;17.0;29.0;7.0;10.73;0.54;High
39.0;15.0;6.05;7.71;;4.0;13.0;0.0;10.22;1.04;Low
30.0;18.0;;4.31;1.0;6.0;4.0;5.0;15.12;1.25;Medium
33.0;14.0;4.91;4.25;3.0;3.0;8.0;5.0;8.26;1.58;Low
44.0;13.0;13.71;7.47;4.0;12.0;29.0;4.0;16.71;0.5;High
37.0;19.0;13.79;6.78;7.0;15.0;21.0;0.0;18.52;1.43;High
35.0;9.0;5.3;6.09;5.0;;26.0;2.0;8.58;0.24;Medium
22.0;11.0;5.04;6.88;7.0;18.0;16.0;3.0;7.97;1.41;Medium
34.0;0.0;8.13;7.68;0.0;3.0;24.0;9.0;12.61;1.84;Low
23.0;16.0;13.64;4.52;7.0;19.0;4.0;6.0;14.93;0.17;High
24.0;8.0;8.0;6.77;1.0;19.0;15.0;4.0;11.62;0.23;Medium
36.0;18.0;7.64;8.12;0.0;0.0;8.0;1.0;9.09;1.11;Low
26.0;17.0;11.04;5.81;1.0;12.0;16.0;2.0;15.32;0.09;Medium
35.0;6.0;5.79;7.82;5.0;19.0;29.0;0.0;9.96;0.37;Medium
33.0;8.0;7.63;8.23;6.0;19.0;17.0;5.0;10.64;0.38;Medium
35.0;11.0;6.91;8.1;1.0;8.0;2.0;7.0;10.55;0.96;Low
26.0;6.0;10.02;7.25;1.0;9.0;27.0;3.0;14.11;0.5;Low
28.0;13.0;5.63;7.59;4.0;5.0;4.0;1.0;8.56;0.95;Low
23.0;14.0;9.49;7.94;0.0;6.0;29.0;3.0;14.11;1.04;Medium
41.0;14.0;12.58;7.67;4.0;15.0;21.0;9.0;15.33;1.46;High
30.0;5.0;9.14;6.26;7.0;16.0;20.0;3.0;13.71;1.89;High
21.0;13.0;10.83;4.8;7.0;0.0;;4.0;14.16;1.01;Medium
31.0;1.0;4.75;5.55;4.0;8.0;19.0;;7.45;0.71;Low
31.0;7.0;8.49;5.04;7.0;13.0;;8.0;9.51;0.52;High
23.0;12.0;4.95;5.81;6.0;14.0;3.0;6.0;7.13;1.27;Medium
37.0;5.0;9.99;6.45;7.0;3.0;3.0;8.0;14.46;1.89;Medium
40.0;4.0;6.81;8.8;6.0;7.0;20.0;6.0;9.52;1.53;Low
26.0;4.0;6.87;8.8;4.0;14.0;23.0;9.0;9.56;0.41;Medium
20.0;0.0;4.77;7.85;4.0;3.0;20.0;3.0;7.73;1.79;Low
42.0;8.0;7.1;8.9;3.0;18.0;6.0;4.0;9.25;1.47;Medium
32.0;5.0;9.07;8.99;0.0;2.0;7.0;6.0;12.04;0.26;Medium
25.0;19.0;9.85;8.43;0.0;7.0;21.0;5.0;12.35;1.43;Low
25.0;6.0;4.67;4.4;1.0;1.0;21.0;8.0;9.31;0.58;Low
31.0;8.0;10.51;6.13;0.0;7.0;29.0;2.0;13.77;0.98;Medium
27.0;4.0;8.89;6.67;5.0;7.0;1.0;7.0;13.23;0.6;Medium
43.0;13.0;9.37;4.62;4.0;16.0;28.0;9.0;13.12;0.17;High
41.0;4.0;12.33;8.04;2.0;15.0;28.0;3.0;14.18;1.54;Medium
38.0;7.0;7.42;4.74;6.0;15.0;9.0;8.0;11.89;1.66;High
24.0;6.0;5.74;5.92;0.0;15.0;4.0;0.0;7.09;0.46;Low
37.0;12.0;9.52;4.34;6.0;6.0;16.0;4.0;12.31;0.48;High
24.0;12.0;13.45;6.62;6.0;14.0;24.0;3.0;15.41;0.86;High
44.0;7.0;9.18;6.99;2.0;16.0;6.0;;12.33;1.62;Medium
29.0;10.0;12.32;7.68;7.0;2.0;1.0;5.0;14.52;0.15;Medium
20.0;17.0;11.57;5.7;6.0;0.0;5.0;0.0;15.46;1.62;Medium
29.0;18.0;9.18;6.95;5.0;7.0;9.0;7.0;13.93;1.85;Medium
24.0;5.0;10.48;7.67;3.0;6.0;8.0;2.0;14.32;1.12;Medium
31.0;1.0;8.07;7.81;1.0;17.0;27.0;6.0;;0.12;High
41.0;12.0;9.31;5.51;1.0;4.0;4.0;6.0;12.71;0.54;Medium
26.0;10.0;9.07;4.34;1.0;14.0;2.0;8.0;13.62;0.22;High
28.0;0.0;11.09;4.19;3.0;6.0;10.0;6.0;13.17;0.52;Medium
41.0;1.0;8.1;7.84;4.0;9.0;9.0;7.0;9.57;1.62;Medium
40.0;16.0;5.0;5.93;6.0;15.0;15.0;3.0;6.52;0.11;Medium
31.0;7.0;11.89;4.67;2.0;1.0;26.0;9.0;14.87;0.57;Medium
42.0;1.0;;4.92;0.0;17.0;19.0;3.0;14.78;1.03;High
20.0;5.0;13.5;7.83;4.0;14.0;18.0;9.0;17.13;1.75;High
30.0;4.0;8.29;6.99;1.0;18.0;0.0;7.0;11.11;0.5;Medium
40.0;15.0;;6.51;7.0;19.0;25.0;3.0;8.7;1.56;Medium
34.0;7.0;5.22;7.12;1.0;13.0;29.0;3.0;8.76;1.17;Low
21.0;18.0;11.73;4.69;6.0;1.0;10.0;9.0;15.24;1.35;High
39.0;15.0;4.68;5.6;4.0;17.0;28.0;2.0;6.49;1.72;Medium
26.0;12.0;13.08;5.87;2.0;8.0;14.0;2.0;15.33;0.05;High
40.0;19.0;6.82;5.57;4.0;0.0;6.0;3.0;9.2;1.06;Medium
31.0;6.0;12.99;8.32;3.0;15.0;7.0;1.0;17.22;1.49;Medium
41.0;15.0;11.74;6.91;1.0;11.0;15.0;2.0;15.84;1.77;Medium
37.0;15.0;12.71;7.65;2.0;11.0;17.0;1.0;14.72;0.27;Medium
22.0;11.0;6.14;5.18;7.0;18.0;23.0;5.0;7.36;0.68;Medium
26.0;13.0;9.96;5.32;6.0;9.0;27.0;2.0;14.03;0.16;Medium
30.0;17.0;4.94;5.13;0.0;19.0;24.0;1.0;7.58;1.67;Medium
37.0;17.0;6.02;7.44;6.0;4.0;22.0;8.0;7.9;1.71;Low
31.0;15.0;7.1;5.75;7.0;2.0;10.0;7.0;8.57;0.97;Medium
25.0;19.0;11.41;6.03;7.0;8.0;0.0;4.0;12.46;0.04;High
24.0;15.0;4.25;7.55;1.0;14.0;15.0;8.0;6.96;0.2;Medium
20.0;12.0;13.03;8.86;6.0;13.0;3.0;4.0;15.39;1.25;High
31.0;8.0;4.71;4.81;4.0;10.0;22.0;4.0;8.5;1.97;Low
30.0;8.0;7.76;4.31;2.0;12.0;;3.0;12.67;1.68;Medium
23.0;12.0;4.81;4.97;1.0;6.0;10.0;2.0;6.64;1.6;Low
37.0;3.0;11.69;7.67;0.0;1.0;29.0;9.0;;0.84;Medium
23.0;8.0;5.41;4.97;0.0;2.0;23.0;8.0;7.76;1.97;Low
36.0;14.0;12.85;6.92;5.0;19.0;5.0;3.0;15.71;1.65;High
21.0;13.0;9.3;6.95;4.0;7.0;9.0;6.0;13.09;0.67;Medium
43.0;18.0;13.48;5.47;3.0;0.0;5.0;4.0;15.89;1.5;Medium
41.0;11.0;6.9;4.34;7.0;3.0;9.0;6.0;8.32;0.87;Low
21.0;5.0;8.54;6.0;4.0;12.0;21.0;7.0;12.46;1.32;Medium
31.0;2.0;10.94;4.93;2.0;13.0;22.0;7.0;15.12;1.94;High
25.0;19.0;12.32;4.92;4.0;8.0;4.0;9.0;14.31;0.49;High
29.0;15.0;8.21;6.61;2.0;2.0;27.0;5.0;9.76;1.59;Medium
44.0;19.0;12.92;7.37;;13.0;26.0;4.0;16.03;1.18;
42.0;16.0;5.18;4.38;7.0;3.0;;1.0;7.01;1.9;Low
44.0;15.0;11.09;6.89;7.0;16.0;6.0;7.0;13.59;0.27;High
40.0;5.0;7.48;5.23;5.0;14.0;16.0;4.0;11.59;1.44;High
42.0;7.0;5.01;7.37;5.0;11.0;26.0;7.0;6.89;0.07;Medium
35.0;18.0;7.87;8.05;3.0;13.0;11.0;5.0;;0.49;Medium
33.0;1.0;12.8;8.04;5.0;18.0;27.0;7.0;16.5;0.64;
26.0;13.0;13.81;5.85;4.0;9.0;29.0;0.0;15.69;0.86;Medium
38.0;11.0;;6.84;0.0;4.0;24.0;8.0;11.04;1.93;Medium
42.0;16.0;12.86;7.97;2.0;16.0;10.0;8.0;16.32;0.14;High
36.0;14.0;9.1;4.3;6.0;16.0;5.0;2.0;;0.34;High
28.0;17.0;11.17;7.03;2.0;2.0;26.0;4.0;12.75;0.41;Medium
32.0;15.0;4.45;8.18;0.0;15.0;23.0;6.0;7.57;0.85;Medium
41.0;12.0;9.57;5.86;7.0;8.0;24.0;7.0;13.35;0.12;Medium
24.0;16.0;4.7;;6.0;16.0;10.0;6.0;7.56;1.93;Medium
42.0;7.0;6.69;7.49;4.0;19.0;10.0;2.0;7.97;1.12;Medium
24.0;0.0;9.67;4.34;3.0;11.0;13.0;6.0;14.37;1.63;Medium
29.0;2.0;12.07;5.93;1.0;1.0;15.0;0.0;;1.54;Low
40.0;15.0;9.61;5.48;4.0;19.0;1.0;4.0;13.09;1.32;High
29.0;1.0;13.36;4.08;5.0;15.0;1.0;8.0;16.93;1.81;High
26.0;14.0;12.1;4.98;6.0;5.0;4.0;1.0;;1.8;Medium
34.0;0.0;5.56;5.98;7.0;1.0;13.0;2.0;10.5;0.26;Low
26.0;8.0;7.89;4.99;4.0;8.0;20.0;8.0;9.42;1.8;Medium
34.0;15.0;10.68;7.01;2.0;4.0;27.0;2.0;14.64;1.05;Medium
22.0;3.0;13.38;6.24;2.0;17.0;9.0;7.0;16.06;0.54;High
38.0;11.0;13.88;4.2;3.0;17.0;9.0;5.0;18.4;1.22;High
29.0;;11.63;5.38;5.0;9.0;17.0;6.0;15.5;0.56;High
34.0;0.0;9.74;4.1;6.0;9.0;25.0;4.0;12.99;0.96;Medium
22.0;6.0;11.57;5.79;3.0;9.0;19.0;9.0;16.32;1.63;Medium
25.0;17.0;6.73;5.3;3.0;17.0;8.0;6.0;11.38;0.06;High
31.0;14.0;6.84;7.44;0.0;15.0;3.0;9.0;8.05;0.37;Medium
34.0;;10.54;5.54;6.0;5.0;16.0;9.0;12.31;1.91;High
25.0;15.0;12.72;5.88;1.0;11.0;20.0;2.0;16.42;0.89;Medium
32.0;6.0;13.7;7.63;1.0;3.0;1.0;4.0;18.39;0.61;Medium
38.0;15.0;7.41;6.4;6.0;19.0;13.0;5.0;10.13;1.85;Medium
22.0;12.0;11.97;6.78;5.0;15.0;21.0;8.0;;1.82;High
27.0;13.0;12.52;8.21;3.0;10.0;0.0;3.0;16.09;0.09;Medium
27.0;16.0;10.23;5.03;7.0;0.0;22.0;7.0;12.01;0.72;Medium
42.0;11.0;7.48;8.95;2.0;4.0;6.0;7.0;10.69;1.83;Low
39.0;19.0;10.19;8.5;1.0;16.0;3.0;9.0;12.73;0.36;High
34.0;12.0;9.84;5.43;7.0;10.0;8.0;5.0;13.07;1.16;High
23.0;19.0;10.07;8.46;6.0;13.0;2.0;7.0;14.8;0.64;High
38.0;14.0;10.19;7.77;7.0;8.0;4.0;4.0;13.13;1.47;Medium
40.0;3.0;12.47;8.65;6.0;9.0;20.0;0.0;13.61;0.32;Medium
22.0;1.0;5.7;7.46;4.0;3.0;;3.0;9.02;1.19;Low
32.0;17.0;7.67;7.37;0.0;1.0;9.0;5.0;9.97;0.0;Low
27.0;1.0;9.86;4.02;2.0;5.0;9.0;8.0;13.97;;Medium
42.0;14.0;6.83;6.37;0.0;2.0;3.0;3.0;9.71;0.32;Low
35.0;18.0;13.78;5.0;4.0;;16.0;5.0;17.75;0.42;High
32.0;14.0;6.63;5.62;1.0;11.0;26.0;9.0;11.27;1.72;Medium
22.0;19.0;8.7;;0.0;17.0;20.0;4.0;11.15;1.83;Medium
35.0;9.0;12.77;4.43;5.0;5.0;16.0;8.0;17.73;1.51;High
28.0;19.0;4.8;7.61;0.0;9.0;18.0;9.0;6.4;1.18;Medium
33.0;10.0;12.21;4.86;0.0;5.0;5.0;5.0;15.79;0.46;Medium
32.0;9.0;9.71;4.04;7.0;4.0;0.0;2.0;10.85;0.55;Medium
40.0;4.0;4.32;6.51;6.0;14.0;25.0;;6.17;0.62;Low
44.0;;13.03;4.81;4.0;14.0;13.0;2.0;;1.55;High
26.0;19.0;4.39;8.83;6.0;11.0;29.0;5.0;5.57;0.51;Medium
34.0;18.0;9.15;5.02;2.0;8.0;12.0;9.0;10.56;1.95;Medium
26.0;;4.49;4.96;7.0;12.0;2.0;7.0;6.65;1.59;Medium
25.0;;4.71;4.16;6.0;15.0;22.0;7.0;8.01;2.0;Medium
21.0;16.0;12.87;5.65;2.0;1.0;1.0;4.0;13.93;0.92;Medium
28.0;5.0;11.66;4.12;4.0;16.0;21.0;0.0;14.59;1.18;High
41.0;9.0;5.97;6.49;7.0;8.0;6.0;0.0;9.47;0.56;Medium
43.0;1.0;10.2;6.53;6.0;18.0;27.0;6.0;12.81;1.21;High
36.0;5.0;11.95;4.27;;5.0;11.0;1.0;13.22;1.95;Medium
24.0;12.0;12.9;5.2;7.0;3.0;1.0;3.0;16.34;0.06;High
31.0;17.0;8.68;8.16;0.0;14.0;10.0;9.0;12.1;0.58;Medium
20.0;6.0;12.97;6.31;3.0;17.0;15.0;4.0;15.99;0.56;High
29.0;1.0;9.08;6.17;7.0;11.0;26.0;7.0;12.85;1.96;Medium
30.0;13.0;10.88;7.49;5.0;11.0;4.0;9.0;12.71;0.27;High
35.0;4.0;13.79;7.57;1.0;19.0;25.0;8.0;17.5;1.62;High
33.0;;6.36;7.81;1.0;16.0;27.0;0.0;8.01;0.55;Medium
27.0;10.0;5.69;8.15;2.0;6.0;25.0;8.0;8.26;1.72;Low
43.0;9.0;7.42;5.16;4.0;19.0;16.0;4.0;8.69;0.98;Medium
36.0;10.0;5.64;4.33;7.0;;2.0;3.0;9.92;0.48;Medium
44.0;1.0;6.84;5.9;0.0;11.0;13.0;9.0;;1.42;Medium
37.0;14.0;11.43;8.28;6.0;16.0;15.0;4.0;16.31;1.68;Medium
31.0;6.0;8.78;4.39;5.0;1.0;;;13.55;0.94;Medium
44.0;8.0;7.75;6.88;1.0;3.0;27.0;7.0;12.74;1.43;Low
36.0;4.0;7.69;7.51;4.0;1.0;18.0;9.0;9.1;0.36;Low
33.0;6.0;5.95;6.41;4.0;13.0;3.0;4.0;9.38;;Medium
35.0;19.0;8.47;5.28;7.0;13.0;27.0;9.0;11.1;0.19;High
33.0;1.0;10.25;5.63;0.0;12.0;27.0;4.0;13.38;0.44;Medium
28.0;2.0;5.39;4.36;7.0;16.0;20.0;0.0;7.63;0.58;Medium
23.0;1.0;13.73;5.46;7.0;16.0;19.0;8.0;14.92;0.31;High
44.0;18.0;8.43;4.22;5.0;17.0;19.0;2.0;12.26;0.81;High
42.0;3.0;13.48;7.63;4.0;2.0;24.0;0.0;18.34;0.92;Medium
30.0;19.0;5.35;8.49;1.0;15.0;24.0;4.0;8.48;1.04;Low
25.0;6.0;11.67;7.17;3.0;18.0;8.0;9.0;13.99;0.08;High
34.0;6.0;10.18;7.28;1.0;5.0;10.0;2.0;14.93;0.44;Medium
24.0;16.0;12.2;6.36;5.0;5.0;4.0;5.0;14.66;1.62;Medium
30.0;18.0;10.01;4.78;3.0;17.0;10.0;6.0;;1.62;High
44.0;15.0;13.63;4.04;6.0;8.0;12.0;3.0;18.05;0.66;High
37.0;2.0;;5.72;6.0;17.0;20.0;3.0;13.38;0.92;Medium
32.0;14.0;11.85;7.76;4.0;5.0;1.0;1.0;15.56;0.37;Medium
30.0;13.0;12.78;8.8;1.0;8.0;21.0;1.0;16.58;1.64;Medium
33.0;14.0;11.15;6.16;0.0;17.0;1.0;6.0;14.71;1.91;High
37.0;13.0;9.24;5.83;5.0;15.0;9.0;4.0;10.88;0.58;Medium
44.0;6.0;6.73;6.23;4.0;12.0;12.0;4.0;10.5;1.56;Medium
38.0;2.0;12.54;6.14;0.0;;4.0;1.0;13.55;;Medium
43.0;16.0;8.81;7.13;3.0;7.0;10.0;6.0;12.65;0.01;Medium
34.0;9.0;10.21;7.67;6.0;16.0;28.0;1.0;13.43;1.2;High
28.0;14.0;4.79;7.92;2.0;8.0;14.0;4.0;6.83;0.82;Low
27.0;5.0;8.97;7.25;2.0;5.0;27.0;4.0;13.19;1.52;Medium
39.0;16.0;10.98;;3.0;0.0;27.0;2.0;13.6;1.5;Medium
20.0;16.0;9.84;8.75;2.0;0.0;4.0;1.0;12.78;1.89;Low
23.0;13.0;8.49;7.56;7.0;12.0;19.0;2.0;9.6;0.88;High
33.0;17.0;6.23;6.13;5.0;6.0;4.0;4.0;8.84;0.97;Low
44.0;4.0;7.1;6.23;7.0;9.0;6.0;5.0;8.77;0.8;Medium
21.0;7.0;11.01;8.09;4.0;17.0;9.0;3.0;13.11;0.59;High
;6.0;6.24;6.2;4.0;5.0;;6.0;8.25;1.28;Medium
22.0;3.0;10.22;6.58;5.0;12.0;1.0;1.0;11.4;1.66;Medium
27.0;17.0;9.9;5.46;1.0;4.0;;5.0;12.74;0.32;Medium
25.0;4.0;13.7;8.19;4.0;14.0;19.0;8.0;16.79;1.96;High
35.0;15.0;4.61;6.61;6.0;11.0;22.0;9.0;7.89;1.37;Medium
43.0;13.0;5.08;6.76;2.0;10.0;0.0;4.0;7.93;1.56;Low
35.0;18.0;9.06;8.4;6.0;7.0;3.0;3.0;13.54;2.0;Low
26.0;13.0;9.27;8.6;5.0;4.0;14.0;8.0;10.42;1.01;Medium
32.0;8.0;4.4;8.12;0.0;7.0;14.0;5.0;7.86;0.14;Low
32.0;5.0;12.26;4.33;7.0;4.0;29.0;3.0;16.72;1.58;High
24.0;16.0;8.95;6.22;1.0;9.0;5.0;0.0;10.11;1.74;Medium
44.0;18.0;7.47;5.72;0.0;;5.0;8.0;10.46;0.32;Medium
;11.0;7.19;5.07;6.0;5.0;0.0;9.0;10.55;0.05;Medium
41.0;3.0;;8.54;2.0;17.0;6.0;2.0;14.37;0.27;Medium
37.0;15.0;5.97;8.45;;2.0;29.0;5.0;7.98;0.65;Low
34.0;10.0;5.6;6.33;0.0;8.0;4.0;0.0;9.74;1.85;Low
37.0;3.0;6.13;4.67;2.0;9.0;21.0;5.0;9.4;0.0;Low
21.0;16.0;10.25;4.07;4.0;;16.0;2.0;12.51;1.61;Medium
29.0;7.0;;;1.0;18.0;6.0;2.0;16.17;1.71;Medium
42.0;13.0;7.31;4.2;3.0;1.0;3.0;6.0;11.3;1.62;Medium
32.0;1.0;5.73;7.05;2.0;7.0;2.0;8.0;8.11;0.16;Medium
37.0;10.0;6.09;7.04;5.0;6.0;11.0;5.0;9.04;1.36;Low
34.0;10.0;10.19;8.49;5.0;4.0;26.0;0.0;13.85;1.91;Medium
31.0;5.0;6.46;4.95;4.0;3.0;28.0;8.0;8.83;0.24;Medium
34.0;13.0;12.77;5.86;5.0;10.0;14.0;4.0;16.29;0.06;Medium
32.0;9.0;5.04;8.3;0.0;9.0;19.0;1.0;7.04;1.75;Low
37.0;7.0;4.32;6.37;4.0;0.0;8.0;2.0;6.49;1.29;Low
34.0;6.0;4.88;4.3;5.0;3.0;20.0;4.0;7.12;1.29;Medium
44.0;7.0;12.46;4.55;0.0;5.0;11.0;1.0;17.2;1.93;Medium
42.0;7.0;10.51;8.07;0.0;17.0;4.0;2.0;14.84;1.54;Medium
30.0;1.0;13.58;7.72;0.0;;7.0;7.0;16.84;0.79;High
38.0;15.0;7.36;8.38;5.0;12.0;14.0;5.0;10.62;0.87;Medium
22.0;8.0;6.13;4.59;7.0;0.0;6.0;1.0;7.35;0.29;Low
26.0;12.0;9.62;7.8;0.0;3.0;18.0;1.0;13.22;0.61;Low
40.0;11.0;9.38;7.28;6.0;3.0;12.0;0.0;11.69;0.89;Medium
33.0;16.0;9.91;5.16;1.0;17.0;0.0;6.0;13.36;0.52;High
33.0;1.0;7.48;8.87;5.0;17.0;27.0;5.0;11.84;1.83;Medium
41.0;12.0;4.06;6.85;0.0;17.0;10.0;5.0;5.24;0.02;Medium
32.0;0.0;4.35;8.53;1.0;14.0;12.0;4.0;7.78;1.17;Low
31.0;18.0;10.64;8.3;6.0;17.0;1.0;2.0;13.9;1.54;Medium
43.0;10.0;9.23;5.67;3.0;;18.0;7.0;11.06;1.46;Medium
28.0;4.0;12.21;6.68;1.0;16.0;10.0;2.0;15.8;1.29;Medium
20.0;0.0;7.0;6.16;5.0;4.0;0.0;4.0;10.22;0.82;Medium
38.0;19.0;12.15;7.55;5.0;10.0;0.0;7.0;16.22;1.84;High
30.0;12.0;8.25;6.94;0.0;15.0;7.0;2.0;9.69;0.66;Medium
42.0;7.0;4.97;7.92;6.0;;12.0;4.0;7.74;1.5;Medium
41.0;5.0;13.78;4.06;;1.0;7.0;5.0;18.77;1.85;High
42.0;16.0;9.12;7.44;6.0;16.0;1.0;0.0;12.88;0.26;
43.0;11.0;10.29;5.6;6.0;0.0;7.0;1.0;14.03;1.89;Low
41.0;0.0;10.71;5.12;5.0;17.0;26.0;6.0;12.98;1.55;High
38.0;2.0;7.62;8.01;3.0;16.0;28.0;8.0;9.0;1.23;Medium
37.0;13.0;11.48;4.45;6.0;17.0;13.0;9.0;16.28;0.75;High
31.0;7.0;12.7;5.14;7.0;18.0;1.0;3.0;14.12;1.81;High
42.0;10.0;7.87;;4.0;4.0;12.0;4.0;12.84;0.09;Medium
20.0;13.0;10.57;;1.0;12.0;26.0;3.0;12.07;0.86;Medium
38.0;7.0;11.57;5.61;4.0;5.0;4.0;2.0;13.25;1.51;Medium
39.0;2.0;5.9;7.6;3.0;12.0;0.0;9.0;8.13;1.62;Medium
36.0;6.0;7.33;7.5;1.0;17.0;8.0;1.0;10.38;0.4;Low
24.0;18.0;5.09;5.63;0.0;3.0;19.0;2.0;9.25;0.1;Low
22.0;3.0;10.02;6.18;1.0;8.0;9.0;1.0;14.9;1.61;Medium
21.0;;12.01;5.04;0.0;2.0;29.0;7.0;14.45;0.84;Medium
22.0;;10.11;7.35;2.0;7.0;10.0;0.0;11.19;0.29;Low
27.0;19.0;5.8;;1.0;12.0;17.0;4.0;9.27;0.17;Medium
35.0;18.0;9.46;4.66;7.0;10.0;16.0;0.0;13.3;1.28;Medium
25.0;4.0;12.35;4.64;1.0;9.0;5.0;4.0;14.94;1.17;Medium
32.0;4.0;7.03;5.61;7.0;10.0;10.0;2.0;8.76;1.71;Medium
42.0;19.0;12.33;7.74;4.0;2.0;23.0;8.0;14.55;0.06;High
41.0;3.0;11.85;4.13;4.0;13.0;3.0;0.0;15.47;1.74;High
41.0;1.0;4.22;5.29;3.0;13.0;0.0;9.0;7.2;1.77;Medium
35.0;12.0;6.39;4.81;0.0;18.0;0.0;0.0;10.36;0.89;Medium
35.0;15.0;;8.78;5.0;3.0;21.0;7.0;11.3;0.15;Medium
;1.0;11.18;7.53;4.0;0.0;17.0;2.0;15.55;1.89;Low
32.0;18.0;12.81;5.17;7.0;1.0;4.0;6.0;14.43;0.14;Medium
33.0;16.0;10.41;5.04;7.0;5.0;15.0;9.0;12.73;1.18;High
27.0;4.0;7.8;8.29;6.0;12.0;1.0;4.0;11.16;0.99;Low
31.0;17.0;5.85;4.95;3.0;13.0;8.0;1.0;9.8;1.67;Low
42.0;17.0;11.6;8.99;0.0;0.0;1.0;6.0;13.66;1.01;Medium
42.0;7.0;6.07;5.41;7.0;7.0;4.0;6.0;10.86;0.94;Medium
41.0;14.0;10.95;4.42;0.0;17.0;19.0;2.0;14.77;1.76;Medium
40.0;12.0;5.81;7.45;0.0;13.0;26.0;5.0;7.68;1.93;Medium
27.0;12.0;4.91;7.05;2.0;1.0;16.0;4.0;8.81;1.1;Low
40.0;15.0;6.51;9.0;0.0;11.0;25.0;0.0;10.3;;Low
44.0;19.0;6.85;8.01;7.0;0.0;24.0;0.0;10.86;1.66;Low
28.0;12.0;10.47;6.14;7.0;14.0;18.0;1.0;15.13;1.66;Medium
20.0;19.0;5.61;7.38;3.0;10.0;9.0;6.0;9.46;0.64;Medium
25.0;1.0;13.3;8.09;0.0;17.0;7.0;2.0;15.71;1.15;High
42.0;2.0;9.54;6.57;7.0;16.0;19.0;8.0;13.7;0.31;High
38.0;14.0;8.91;5.36;5.0;2.0;10.0;2.0;12.69;1.27;Medium
42.0;18.0;8.35;5.05;5.0;14.0;12.0;9.0;11.65;1.67;Medium
30.0;12.0;9.67;5.48;7.0;12.0;12.0;3.0;12.09;0.38;High
30.0;4.0;4.22;8.24;0.0;2.0;8.0;7.0;8.9;0.65;Low
42.0;5.0;13.9;5.9;3.0;12.0;4.0;3.0;16.95;0.9;High
32.0;13.0;9.58;5.43;1.0;8.0;17.0;6.0;13.09;1.69;Medium
30.0;3.0;4.35;8.03;0.0;9.0;7.0;4.0;7.01;1.46;Low
37.0;18.0;9.9;4.16;3.0;;28.0;5.0;14.02;0.63;Medium
42.0;6.0;8.37;6.97;4.0;1.0;19.0;7.0;10.73;0.49;Medium
34.0;;4.24;8.37;3.0;13.0;13.0;3.0;8.48;1.39;Medium
20.0;1.0;13.24;6.05;2.0;4.0;1.0;5.0;14.67;0.96;Medium
40.0;6.0;4.11;5.35;4.0;9.0;21.0;9.0;7.95;1.19;Medium
44.0;2.0;9.78;6.46;5.0;18.0;15.0;1.0;12.69;1.3;High
26.0;14.0;13.62;7.59;5.0;7.0;0.0;8.0;17.42;1.12;High
42.0;0.0;6.38;6.58;1.0;12.0;23.0;8.0;9.51;1.23;Medium
32.0;1.0;6.54;4.04;1.0;8.0;24.0;9.0;;1.78;Medium
31.0;9.0;4.0;4.39;3.0;17.0;22.0;9.0;6.91;1.74;Medium
37.0;15.0;4.66;7.61;3.0;3.0;28.0;5.0;9.52;0.3;Low
43.0;14.0;4.45;6.0;0.0;7.0;12.0;5.0;8.47;1.17;Low
38.0;14.0;12.23;7.92;6.0;4.0;;9.0;14.43;0.88;High
34.0;;12.37;7.25;6.0;5.0;17.0;6.0;17.15;0.57;High
27.0;13.0;11.27;6.91;;19.0;26.0;3.0;15.39;1.26;Medium
38.0;5.0;7.53;8.51;5.0;4.0;0.0;6.0;9.99;1.02;Low
29.0;;12.21;4.11;2.0;0.0;6.0;9.0;15.62;1.55;Medium
26.0;16.0;9.4;4.78;6.0;18.0;3.0;0.0;12.11;0.19;Medium
37.0;17.0;7.04;7.12;0.0;3.0;;6.0;8.43;0.61;Medium
35.0;19.0;8.37;;5.0;0.0;7.0;0.0;12.59;0.05;Low
39.0;18.0;4.66;7.22;3.0;18.0;2.0;7.0;6.42;1.49;Medium
25.0;16.0;13.45;8.92;7.0;3.0;22.0;9.0;16.28;1.82;Medium
28.0;15.0;10.19;8.39;6.0;13.0;6.0;5.0;14.0;1.17;Medium
40.0;7.0;11.31;6.95;3.0;13.0;26.0;0.0;16.04;1.23;Medium
;6.0;10.77;8.47;0.0;8.0;25.0;0.0;12.02;0.09;Medium
44.0;19.0;10.68;4.58;6.0;18.0;24.0;3.0;13.25;1.01;High
40.0;11.0;4.17;6.27;2.0;10.0;15.0;6.0;7.63;1.05;Medium
27.0;8.0;9.25;6.14;5.0;15.0;26.0;4.0;13.37;0.08;High
35.0;13.0;12.22;5.68;3.0;18.0;19.0;4.0;16.9;1.56;High
32.0;19.0;4.45;4.0;5.0;3.0;29.0;;5.45;0.56;Low
32.0;0.0;13.56;8.46;2.0;8.0;9.0;1.0;17.07;1.45;Medium
36.0;9.0;8.24;7.89;3.0;16.0;12.0;3.0;9.27;0.81;Medium
42.0;16.0;6.9;7.26;5.0;14.0;29.0;3.0;11.05;1.99;Medium
39.0;16.0;9.32;4.64;7.0;7.0;0.0;7.0;10.92;0.42;High
24.0;16.0;12.01;5.89;2.0;12.0;6.0;5.0;16.59;0.12;Medium
41.0;3.0;8.75;8.62;2.0;0.0;9.0;9.0;10.37;1.96;Medium
40.0;16.0;10.45;7.08;2.0;1.0;11.0;8.0;14.51;0.49;Medium
36.0;17.0;9.0;7.02;0.0;9.0;13.0;9.0;11.16;1.27;Medium
28.0;19.0;10.31;8.57;1.0;12.0;21.0;8.0;13.54;0.75;Medium
21.0;1.0;5.38;6.8;5.0;10.0;10.0;3.0;8.81;;Medium
44.0;7.0;4.39;6.99;2.0;13.0;16.0;;6.22;1.19;Low
37.0;12.0;5.37;5.73;5.0;15.0;8.0;6.0;7.56;1.41;Medium
28.0;19.0;6.86;5.86;2.0;5.0;25.0;2.0;8.29;0.04;Low
25.0;14.0;6.53;7.43;5.0;1.0;7.0;5.0;7.55;1.67;Low
30.0;19.0;10.15;5.6;3.0;4.0;9.0;0.0;12.11;0.96;Medium
44.0;8.0;8.56;6.8;5.0;18.0;3.0;4.0;11.62;1.04;High
25.0;2.0;4.39;5.4;6.0;6.0;4.0;5.0;8.24;0.82;Medium
25.0;2.0;4.35;4.83;1.0;16.0;23.0;4.0;8.52;1.98;Medium
