age,experience_years,daily_work_hours,sleep_hours,caffeine_intake,bugs_per_day,commits_per_day,meetings_per_day,screen_time,exercise_hours,burnout_level,burnout_level_encoded
0.26666666666666683,0.7368421052631579,0.013000000000000012,0.256,0.0,0.42105263157894735,0.5862068965517241,0.7777777777777777,0.23946784922394676,0.4,Low,0
0.3333333333333335,0.47368421052631576,0.9420000000000001,0.17400000000000004,0.7142857142857142,0.5263157894736842,0.5172413793103449,1.0,0.8011825572801183,0.435,High,2
0.6666666666666667,0.3684210526315789,0.4960000000000001,0.9339999999999999,0.0,0.42105263157894735,0.10344827586206896,0.1111111111111111,0.7583148558758317,0.7,Medium,1
0.8666666666666669,0.5789473684210527,0.791,0.28800000000000003,0.2857142857142857,0.42105263157894735,0.6896551724137931,0.5555555555555556,0.8514412416851442,0.315,High,2
1.0000000000000002,0.631578947368421,0.4960000000000001,0.3039999999999998,0.5714285714285714,0.7894736842105263,0.9655172413793103,0.4444444444444444,0.8684405025868442,0.525,High,2
0.26666666666666683,0.15789473684210525,0.9880000000000001,0.8899999999999999,0.2857142857142857,0.3684210526315789,0.48275862068965514,0.3333333333333333,0.7420546932742056,0.975,Medium,1
0.8666666666666669,1.0,0.406,0.29000000000000004,0.2857142857142857,0.10526315789473684,0.13793103448275862,0.5555555555555556,0.5151515151515151,0.99,Low,0
0.8666666666666669,0.21052631578947367,0.91,0.4800000000000002,0.42857142857142855,1.0,0.9655172413793103,0.6666666666666666,0.7849223946784925,0.65,High,2
0.8,0.05263157894736842,0.254,0.008000000000000007,0.14285714285714285,0.42105263157894735,0.8275862068965517,1.0,0.5018477457501849,0.89,Medium,1
0.9333333333333333,0.0,0.06799999999999995,0.6380000000000001,0.42857142857142855,0.7368421052631579,0.896551724137931,0.8888888888888888,0.3096821877309683,0.485,Medium,1
0.3333333333333335,0.5789473684210527,0.723,0.4970000000000001,0.0,0.2631578947368421,0.7586206896551724,0.0,0.5521064301552108,0.65,Low,0
0.19999999999999996,0.5263157894736842,0.6509999999999999,0.538,0.14285714285714285,0.47368421052631576,0.27586206896551724,0.1111111111111111,0.6363636363636365,0.7,Medium,1
0.4666666666666668,0.15789473684210525,0.9660000000000001,0.18000000000000005,1.0,0.15789473684210525,0.3793103448275862,0.8888888888888888,0.927568366592757,0.86,High,2
0.0,0.6842105263157894,0.8170000000000001,0.03599999999999992,0.2857142857142857,0.42105263157894735,0.0,0.6666666666666666,0.779009608277901,0.735,Medium,1
0.6000000000000001,0.8421052631578947,0.05499999999999999,0.6960000000000002,0.2857142857142857,0.3157894736842105,0.41379310344827586,0.6666666666666666,0.17294900221729487,0.09,Low,0
0.6666666666666667,0.7368421052631579,0.66,0.236,0.42857142857142855,0.3684210526315789,0.6551724137931034,0.1111111111111111,0.5661492978566149,0.665,Medium,1
0.19999999999999996,0.47368421052631576,0.272,0.692,0.0,0.8421052631578947,0.5172413793103449,0.5555555555555556,0.345158906134516,0.31,Low,0
0.0,0.10526315789473684,0.664,0.772,0.0,0.5789473684210527,0.8620689655172413,0.8888888888888888,0.6223207686622323,0.805,Medium,1
0.6666666666666667,0.6842105263157894,0.868,0.32400000000000007,1.0,0.3157894736842105,0.7931034482758621,0.5555555555555556,0.7154471544715448,0.75,High,2
0.26666666666666683,0.8421052631578947,0.492,0.802,0.14285714285714285,0.21052631578947367,0.9655172413793103,0.1111111111111111,0.6082779009608279,0.555,Low,0
0.06666666666666665,0.9473684210526315,0.10799999999999998,0.061999999999999944,0.5714285714285714,0.21052631578947367,0.6551724137931034,0.0,0.11529933481152993,0.63,Low,0
0.9333333333333333,0.6842105263157894,0.826,0.4970000000000001,0.14285714285714285,0.7368421052631579,0.24137931034482757,0.1111111111111111,0.6260162601626016,0.7,Medium,1
1.0000000000000002,0.5789473684210527,0.396,0.8780000000000001,0.0,0.631578947368421,0.41379310344827586,0.0,0.2823355506282335,0.85,Low,0
0.06666666666666665,0.8421052631578947,0.135,0.39800000000000013,0.7142857142857142,0.42105263157894735,0.13793103448275862,0.6666666666666666,0.1766444937176645,0.98,Medium,1
0.19999999999999996,0.9473684210526315,0.502,0.8480000000000001,0.7142857142857142,0.05263157894736842,0.5172413793103449,0.2222222222222222,0.6474501108647452,0.795,Low,0
0.5333333333333334,0.21052631578947367,0.5539999999999999,0.08000000000000007,0.42857142857142855,0.631578947368421,0.1724137931034483,0.8888888888888888,0.42424242424242425,0.86,High,2
0.0,0.05263157894736842,0.924,0.4099999999999999,0.2857142857142857,0.21052631578947367,0.034482758620689655,0.5555555555555556,0.6991869918699187,0.48,Medium,1
0.9333333333333333,0.6842105263157894,0.8770000000000001,0.3720000000000001,0.7142857142857142,0.5263157894736842,0.48275862068965514,0.4444444444444444,0.8189209164818922,0.03,Medium,1
0.7333333333333332,0.47368421052631576,0.9900000000000001,0.8420000000000003,0.5714285714285714,0.3684210526315789,0.5862068965517241,1.0,0.934959349593496,0.255,High,2
0.40000000000000013,0.47368421052631576,0.6390000000000001,0.252,1.0,1.0,0.8620689655172413,0.4444444444444444,0.6784922394678494,0.39,High,2
0.5333333333333334,0.2631578947368421,0.7660000000000001,0.02400000000000002,0.5714285714285714,0.8421052631578947,0.7241379310344828,0.0,0.6932742054693275,0.59,High,2
0.7333333333333332,0.10526315789473684,0.256,0.262,0.14285714285714285,0.21052631578947367,0.6896551724137931,0.6666666666666666,0.3976348854397635,0.35,Medium,1
0.26666666666666683,0.21052631578947367,0.6960000000000001,0.7220000000000002,0.42857142857142855,0.2631578947368421,0.10344827586206896,0.6666666666666666,0.6127124907612713,0.825,Medium,1
0.26666666666666683,0.5789473684210527,0.8830000000000001,0.17200000000000004,0.7142857142857142,0.47368421052631576,0.896551724137931,0.2222222222222222,0.6762749445676275,0.685,Medium,1
0.40000000000000013,0.10526315789473684,0.783,0.051999999999999935,0.0,0.6842105263157894,0.06896551724137931,0.4444444444444444,0.8447893569844791,0.065,High,2
0.5333333333333334,1.0,0.35,0.8820000000000001,0.7142857142857142,0.5789473684210527,0.41379310344827586,0.3333333333333333,0.4789356984478936,0.32,Low,0
0.40000000000000013,0.21052631578947367,0.54,0.762,0.5714285714285714,0.5263157894736842,0.3793103448275862,0.4444444444444444,0.6230598669623062,0.955,Medium,1
0.0,0.6842105263157894,0.5830000000000001,0.10399999999999987,0.5714285714285714,0.0,0.1724137931034483,0.6666666666666666,0.4286770140428678,0.145,Medium,1
0.40000000000000013,0.47368421052631576,0.253,0.72,0.8571428571428571,0.21052631578947367,0.3793103448275862,1.0,0.3082039911308205,0.27,Medium,1
0.26666666666666683,0.3157894736842105,0.31399999999999995,0.28,1.0,0.3157894736842105,0.06896551724137931,0.2222222222222222,0.2993348115299335,0.985,Low,0
0.40000000000000013,0.894736842105263,0.676,0.9160000000000001,1.0,0.47368421052631576,0.8620689655172413,0.1111111111111111,0.5461936437546195,0.82,Medium,1
0.1333333333333333,0.6842105263157894,0.7050000000000002,0.49,0.42857142857142855,0.15789473684210525,0.24137931034482757,0.7777777777777777,0.7235772357723578,0.54,High,2
0.5333333333333334,0.2631578947368421,0.8470000000000001,0.6880000000000002,0.7142857142857142,0.6842105263157894,0.9655172413793103,0.6666666666666666,0.869918699186992,0.07,High,2
0.3333333333333335,0.10526315789473684,0.5039999999999999,0.6839999999999999,0.2857142857142857,0.21052631578947367,1.0,0.7777777777777777,0.4486326681448633,0.425,Medium,1
0.6666666666666667,0.3157894736842105,0.7400000000000001,0.43000000000000016,0.7142857142857142,0.0,0.0,0.0,0.6341463414634148,0.565,Low,0
0.4666666666666668,0.10526315789473684,0.6789999999999999,0.33000000000000007,0.0,0.0,0.9310344827586207,1.0,0.5957132298595713,0.55,High,2
0.8,0.42105263157894735,0.91,0.94,0.42857142857142855,0.47368421052631576,0.5517241379310345,0.7777777777777777,0.7028824833702885,0.36,High,2
0.5333333333333334,0.2631578947368421,0.22699999999999998,0.39600000000000013,1.0,0.5789473684210527,0.896551724137931,0.6666666666666666,0.3281596452328161,0.315,Medium,1
0.9333333333333333,0.7894736842105263,0.255,0.20399999999999996,0.0,0.05263157894736842,0.3103448275862069,0.7777777777777777,0.5018477457501849,0.695,Low,0
0.8,0.7368421052631579,0.967,0.09199999999999997,0.14285714285714285,0.21052631578947367,0.8275862068965517,0.7777777777777777,0.8329637841832964,0.125,High,2
0.7333333333333332,0.47368421052631576,0.15400000000000003,0.09600000000000009,0.0,0.7368421052631579,0.13793103448275862,0.5555555555555556,0.33555062823355514,0.395,Medium,1
1.0000000000000002,0.10526315789473684,0.31900000000000006,0.20799999999999996,0.8571428571428571,0.8421052631578947,0.9655172413793103,0.0,0.49150036954915005,0.91,Medium,1
0.26666666666666683,0.21052631578947367,0.6330000000000001,0.16999999999999993,0.7142857142857142,0.42105263157894735,0.8275862068965517,1.0,0.45824094604582416,0.875,High,2
0.7333333333333332,0.7894736842105263,0.6609999999999999,0.10999999999999999,0.8571428571428571,0.5789473684210527,0.896551724137931,1.0,0.5461936437546195,0.475,High,2
0.0,0.9473684210526315,0.9310000000000002,0.23199999999999998,0.2857142857142857,0.3684210526315789,0.7586206896551724,0.5555555555555556,0.7405764966740578,0.015,Medium,1
0.06666666666666665,0.3157894736842105,0.21200000000000008,0.8160000000000001,0.14285714285714285,0.5263157894736842,0.06896551724137931,0.0,0.3133776792313378,0.975,Low,0
0.6000000000000001,0.47368421052631576,0.8210000000000001,0.02200000000000002,0.2857142857142857,0.0,0.20689655172413793,1.0,0.7694013303769403,0.775,Medium,1
0.7333333333333332,0.7894736842105263,0.995,0.758,0.2857142857142857,0.21052631578947367,0.1724137931034483,0.6666666666666666,0.9541759053954177,0.15,High,2
0.1333333333333333,0.47368421052631576,0.30000000000000004,0.6880000000000002,0.7142857142857142,0.47368421052631576,0.5517241379310345,0.3333333333333333,0.20768662232076868,0.025,Medium,1
0.9333333333333333,0.5789473684210527,0.4820000000000001,0.23399999999999999,1.0,0.7894736842105263,0.896551724137931,0.2222222222222222,0.5491500369549152,0.57,High,2
0.3333333333333335,1.0,0.747,0.504,0.7142857142857142,0.2631578947368421,0.896551724137931,0.8888888888888888,0.5609756097560976,0.585,High,2
1.0000000000000002,0.9473684210526315,0.06500000000000006,0.4640000000000002,1.0,0.7894736842105263,0.1724137931034483,0.0,0.23059866962305992,0.04,Low,0
0.6000000000000001,0.6842105263157894,0.126,0.798,0.14285714285714285,0.3684210526315789,0.5862068965517241,0.4444444444444444,0.1101256467110126,0.975,Low,0
0.7333333333333332,0.47368421052631576,0.4960000000000001,0.5720000000000001,0.42857142857142855,0.3157894736842105,0.034482758620689655,0.0,0.5912786400591281,0.52,Low,0
0.3333333333333335,0.3157894736842105,0.32400000000000007,0.03200000000000003,0.8571428571428571,0.9473684210526315,0.06896551724137931,0.5555555555555556,0.40946045824094607,0.445,High,2
1.0000000000000002,0.8421052631578947,0.32699999999999996,0.28200000000000003,0.42857142857142855,0.5789473684210527,0.5517241379310345,0.0,0.4478935698447894,0.79,Medium,1
0.19999999999999996,0.6842105263157894,0.126,0.3380000000000001,0.42857142857142855,0.21052631578947367,0.9310344827586207,0.2222222222222222,0.25572801182557287,0.59,Low,0
0.5333333333333334,0.21052631578947367,0.7380000000000001,0.3679999999999999,0.42857142857142855,0.5263157894736842,0.034482758620689655,1.0,0.6607538802660755,0.225,High,2
0.7333333333333332,0.894736842105263,0.8490000000000001,0.15999999999999992,0.42857142857142855,1.0,0.06896551724137931,0.3333333333333333,0.8388765705838876,0.055,High,2
0.1333333333333333,0.0,0.41500000000000004,0.4970000000000001,0.5714285714285714,0.6842105263157894,0.3103448275862069,0.7777777777777777,0.38433111603843323,0.05,High,2
0.0,0.7368421052631579,0.10999999999999999,0.9320000000000002,0.2857142857142857,1.0,0.8275862068965517,0.4444444444444444,0.2926829268292684,0.89,Low,0
0.5333333333333334,0.05263157894736842,0.394,0.506,0.2857142857142857,0.0,0.9310344827586207,0.7777777777777777,0.4951958610495197,0.5,Medium,1
0.40000000000000013,1.0,0.4960000000000001,0.1519999999999999,0.7142857142857142,0.42105263157894735,0.3448275862068966,0.4444444444444444,0.1256467110125647,0.3,Medium,1
0.4666666666666668,0.15789473684210525,0.765,0.8899999999999999,0.0,0.5263157894736842,0.24137931034482757,0.3333333333333333,0.6851441241685146,0.37,Medium,1
0.6000000000000001,0.7894736842105263,0.20199999999999996,0.54,0.0,0.7894736842105263,0.9310344827586207,0.6666666666666666,0.33776792313377685,0.27,Medium,1
0.3333333333333335,1.0,0.636,0.3500000000000001,0.7142857142857142,0.2631578947368421,0.9655172413793103,0.0,0.4848484848484849,0.06,Low,0
0.06666666666666665,0.05263157894736842,0.6900000000000001,0.6260000000000001,0.14285714285714285,0.5263157894736842,0.24137931034482757,0.7777777777777777,0.6563192904656321,0.12,Medium,1
0.3333333333333335,0.894736842105263,0.15400000000000003,0.8160000000000001,1.0,0.21052631578947367,0.7241379310344828,0.3333333333333333,0.28824833702882485,0.385,Medium,1
0.5333333333333334,0.5789473684210527,0.977,0.4119999999999999,0.8571428571428571,0.15789473684210525,0.6206896551724138,0.7777777777777777,0.8181818181818183,0.655,High,2
0.3333333333333335,0.3157894736842105,0.067,0.08000000000000007,0.14285714285714285,0.05263157894736842,0.7241379310344828,0.8888888888888888,0.30303030303030315,0.29,Low,0
0.9333333333333333,0.8421052631578947,0.3650000000000001,0.984,0.0,0.47368421052631576,0.24137931034482757,0.3333333333333333,0.3281596452328161,0.655,Low,0
0.6666666666666667,1.0,0.11699999999999999,0.02200000000000002,0.2857142857142857,0.8421052631578947,0.9310344827586207,0.5555555555555556,0.1788617886178862,0.365,Medium,1
0.06666666666666665,0.2631578947368421,0.45399999999999996,0.40000000000000013,0.5714285714285714,0.631578947368421,0.7241379310344828,0.7777777777777777,0.5358462675535849,0.66,Medium,1
0.9333333333333333,0.6842105263157894,0.9960000000000001,0.8940000000000001,0.7142857142857142,0.3157894736842105,0.7241379310344828,0.3333333333333333,0.7590539541759056,0.535,Medium,1
0.40000000000000013,0.42105263157894735,0.066,0.09999999999999998,0.14285714285714285,1.0,1.0,0.5555555555555556,0.062084257206208415,0.0,Medium,1
0.6666666666666667,0.631578947368421,0.9540000000000001,0.44199999999999995,0.8571428571428571,0.21052631578947367,0.5517241379310345,0.6666666666666666,0.7235772357723578,0.015,High,2
0.6666666666666667,0.631578947368421,0.42500000000000004,0.5880000000000001,0.0,0.7894736842105263,0.24137931034482757,0.2222222222222222,0.3311160384331116,0.33,Medium,1
0.0,0.8421052631578947,0.765,0.8579999999999999,0.0,0.6842105263157894,0.7241379310344828,0.6666666666666666,0.7420546932742056,0.515,Medium,1
0.1333333333333333,0.8421052631578947,0.787,0.7380000000000002,0.5714285714285714,0.7368421052631579,0.8620689655172413,0.1111111111111111,0.8543976348854398,0.88,Medium,1
0.6666666666666667,0.15789473684210525,0.20800000000000007,0.712,0.5714285714285714,0.9473684210526315,0.48275862068965514,0.2222222222222222,0.37028824833702895,0.275,Medium,1
0.8,0.47368421052631576,0.10399999999999998,0.8600000000000001,0.0,0.47368421052631576,0.6551724137931034,0.1111111111111111,0.13525498891352555,0.875,Low,0
0.6666666666666667,0.5789473684210527,0.511,0.504,1.0,0.42105263157894735,0.06896551724137931,0.1111111111111111,0.49150036954915005,0.435,Medium,1
0.9333333333333333,0.3684210526315789,0.122,0.6240000000000001,0.14285714285714285,0.6842105263157894,1.0,0.3333333333333333,0.262379896526238,0.585,Low,0
0.3333333333333335,0.8421052631578947,0.636,0.4019999999999999,0.0,0.47368421052631576,0.0,0.1111111111111111,0.49223946784922396,0.405,Medium,1
0.19999999999999996,0.21052631578947367,0.18799999999999994,0.266,0.7142857142857142,0.9473684210526315,0.9655172413793103,0.3333333333333333,0.2771618625277163,0.455,Medium,1
0.0,0.894736842105263,0.757,0.3400000000000001,0.8571428571428571,0.0,0.1724137931034483,0.0,0.7575757575757578,0.81,Medium,1
0.40000000000000013,0.21052631578947367,0.769,0.8820000000000001,0.8571428571428571,0.5789473684210527,0.48275862068965514,0.1111111111111111,0.6008869179600889,0.705,Medium,1
0.7333333333333332,0.5263157894736842,0.239,0.0020000000000000018,0.5714285714285714,0.42105263157894735,0.6206896551724138,0.0,0.31929046563192903,0.87,Low,0
0.06666666666666665,0.5263157894736842,0.7640000000000001,0.4970000000000001,0.0,0.15789473684210525,0.10344827586206896,0.5555555555555556,0.6245380635624538,0.4,Medium,1
0.40000000000000013,0.6842105263157894,0.9810000000000002,0.3699999999999999,0.5714285714285714,0.47368421052631576,1.0,0.0,0.7745750184774576,0.43,Medium,1
0.8,0.47368421052631576,0.009000000000000008,0.704,0.0,0.47368421052631576,0.5517241379310345,0.7777777777777777,0.25424981522542506,0.735,Low,0
0.06666666666666665,0.3157894736842105,0.515,0.546,0.7142857142857142,0.5263157894736842,0.8620689655172413,0.4444444444444444,0.45676274944567635,0.985,Medium,1
0.6666666666666667,0.7368421052631579,0.979,0.16999999999999993,1.0,0.15789473684210525,0.3103448275862069,0.3333333333333333,0.9379157427937916,0.84,High,2
0.0,0.7368421052631579,0.45199999999999996,0.051999999999999935,0.5714285714285714,0.05263157894736842,0.6551724137931034,0.4444444444444444,0.5040650406504066,0.67,Medium,1
0.9333333333333333,0.894736842105263,0.30199999999999994,0.254,1.0,1.0,0.7241379310344828,0.1111111111111111,0.37398373983739835,0.48,Medium,1
0.26666666666666683,0.10526315789473684,0.019000000000000017,0.19999999999999996,0.7142857142857142,0.10526315789473684,0.06896551724137931,0.5555555555555556,0.03769401330376937,0.525,Low,0
0.7333333333333332,1.0,0.268,0.132,0.0,0.3684210526315789,0.13793103448275862,0.8888888888888888,0.33924611973392477,0.655,Medium,1
1.0000000000000002,0.5789473684210527,0.5880000000000001,0.34399999999999986,0.14285714285714285,0.7894736842105263,0.5172413793103449,0.3333333333333333,0.5787139689578715,0.065,Medium,1
0.6000000000000001,0.05263157894736842,0.508,0.43399999999999994,1.0,0.5789473684210527,0.896551724137931,0.7777777777777777,0.5646711012564671,0.98,Medium,1
0.06666666666666665,0.05263157894736842,0.138,0.56,0.7142857142857142,0.5263157894736842,0.3448275862068966,0.3333333333333333,0.26607538802660763,0.505,Medium,1
0.1333333333333333,0.8421052631578947,0.5529999999999999,0.06600000000000006,0.42857142857142855,0.5263157894736842,0.034482758620689655,0.7777777777777777,0.45602365114560256,0.825,High,2
0.26666666666666683,0.47368421052631576,0.6250000000000001,0.44999999999999996,0.14285714285714285,0.42105263157894735,0.7931034482758621,0.3333333333333333,0.632668144863267,0.0,Medium,1
0.19999999999999996,0.15789473684210525,0.515,0.31000000000000005,0.2857142857142857,0.894736842105263,0.0,0.4444444444444444,0.4116777531411678,0.4,Medium,1
0.40000000000000013,0.9473684210526315,0.8560000000000002,0.132,0.7142857142857142,0.3157894736842105,0.3103448275862069,0.8888888888888888,0.8832224685883223,0.27,High,2
0.40000000000000013,0.47368421052631576,0.618,0.19399999999999995,1.0,0.7894736842105263,0.06896551724137931,0.3333333333333333,0.5898004434589801,0.42,High,2
0.6000000000000001,0.47368421052631576,0.616,0.14,0.0,0.15789473684210525,0.8275862068965517,0.2222222222222222,0.5284552845528456,0.435,Medium,1
0.26666666666666683,0.47368421052631576,0.347,0.06600000000000006,0.7142857142857142,0.5789473684210527,0.5517241379310345,0.3333333333333333,0.3436807095343681,0.715,Medium,1
0.8666666666666669,0.631578947368421,0.402,0.76,0.42857142857142855,0.3157894736842105,0.48275862068965514,0.6666666666666666,0.38950480413895056,0.62,Medium,1
0.26666666666666683,1.0,0.11199999999999999,0.6660000000000001,0.7142857142857142,0.5263157894736842,0.7241379310344828,1.0,0.1958610495195861,0.505,Medium,1
0.40000000000000013,0.21052631578947367,0.14300000000000002,0.79,0.5714285714285714,0.0,0.13793103448275862,0.0,0.18994826311899488,0.045,Low,0
0.4666666666666668,0.8421052631578947,0.399,0.484,0.14285714285714285,0.0,0.7241379310344828,0.7777777777777777,0.5314116777531412,0.755,Low,0
0.6000000000000001,0.47368421052631576,0.801,0.6720000000000002,0.7142857142857142,0.2631578947368421,0.6896551724137931,1.0,0.7568366592756837,0.26,High,2
0.8,0.47368421052631576,0.346,0.20399999999999996,0.8571428571428571,0.3684210526315789,0.7931034482758621,0.6666666666666666,0.37398373983739835,0.145,Medium,1
0.5333333333333334,0.6842105263157894,0.8320000000000002,0.726,0.14285714285714285,0.47368421052631576,0.6551724137931034,0.0,0.8026607538802661,0.28,Medium,1
0.9333333333333333,0.9473684210526315,0.807,0.42599999999999993,0.2857142857142857,0.47368421052631576,0.5172413793103449,0.3333333333333333,0.6954915003695492,0.72,Medium,1
0.26666666666666683,0.42105263157894735,0.275,0.8,0.7142857142857142,0.15789473684210525,0.1724137931034483,0.7777777777777777,0.2424242424242425,0.325,Medium,1
0.0,0.15789473684210525,0.10499999999999998,0.5720000000000001,0.2857142857142857,0.05263157894736842,0.7241379310344828,1.0,0.2121212121212121,0.765,Low,0
0.3333333333333335,0.894736842105263,0.674,0.08000000000000007,0.2857142857142857,0.7368421052631579,0.6896551724137931,0.0,0.664449371766445,0.295,Medium,1
0.9333333333333333,0.631578947368421,0.584,0.28600000000000003,1.0,0.5263157894736842,0.27586206896551724,0.5555555555555556,0.5809312638580932,0.58,High,2
0.3333333333333335,0.8421052631578947,0.534,0.31999999999999984,0.2857142857142857,0.7894736842105263,0.06896551724137931,0.2222222222222222,0.6452328159645233,0.545,Medium,1
0.1333333333333333,0.5789473684210527,0.43400000000000005,0.8980000000000001,0.0,0.5263157894736842,0.5172413793103449,0.8888888888888888,0.5262379896526239,0.06,Medium,1
0.8,0.2631578947368421,0.32699999999999996,0.3839999999999999,0.2857142857142857,0.3157894736842105,0.1724137931034483,0.7777777777777777,0.3281596452328161,0.085,Medium,1
0.4666666666666668,0.3684210526315789,0.3490000000000001,0.8899999999999999,0.42857142857142855,0.631578947368421,0.6206896551724138,0.5555555555555556,0.3104212860310422,0.5,Medium,1
0.0,0.15789473684210525,0.6010000000000001,0.10999999999999999,0.0,0.3157894736842105,0.7241379310344828,0.2222222222222222,0.5299334811529934,0.645,Medium,1
1.0000000000000002,0.6842105263157894,0.22599999999999998,0.8360000000000001,0.5714285714285714,0.15789473684210525,0.5862068965517241,0.2222222222222222,0.19660014781966,0.15,Low,0
1.0000000000000002,0.894736842105263,0.016000000000000014,0.09199999999999997,0.14285714285714285,0.5789473684210527,0.896551724137931,0.6666666666666666,0.1788617886178862,0.115,Medium,1
0.5333333333333334,0.3684210526315789,0.11299999999999999,0.9260000000000002,0.5714285714285714,1.0,0.6551724137931034,1.0,0.3296378418329638,0.185,High,2
0.19999999999999996,0.6842105263157894,0.33099999999999996,0.19800000000000006,0.2857142857142857,0.9473684210526315,0.1724137931034483,0.6666666666666666,0.3813747228381375,0.695,High,2
0.1333333333333333,0.0,0.7050000000000002,0.30200000000000005,0.8571428571428571,0.9473684210526315,0.48275862068965514,0.1111111111111111,0.5062823355506283,0.985,High,2
0.8666666666666669,0.2631578947368421,0.14500000000000002,0.5700000000000001,0.14285714285714285,0.47368421052631576,0.48275862068965514,0.6666666666666666,0.13747228381374726,0.625,Low,0
0.5333333333333334,0.42105263157894735,0.7859999999999999,0.06799999999999995,0.42857142857142855,0.8421052631578947,0.9655172413793103,1.0,0.6208425720620843,0.1,High,2
1.0000000000000002,0.894736842105263,0.42500000000000004,0.6420000000000001,1.0,0.3684210526315789,0.5172413793103449,0.5555555555555556,0.44050258684405036,0.77,Medium,1
0.06666666666666665,1.0,0.674,0.8300000000000001,0.2857142857142857,0.7368421052631579,0.27586206896551724,0.2222222222222222,0.5188470066518849,0.165,Medium,1
0.8666666666666669,0.7894736842105263,0.43400000000000005,0.9339999999999999,0.42857142857142855,0.5789473684210527,0.9310344827586207,0.2222222222222222,0.5691056910569108,0.97,Low,0
0.1333333333333333,0.10526315789473684,0.476,0.6020000000000001,0.42857142857142855,0.2631578947368421,0.3793103448275862,0.8888888888888888,0.6237989652623801,0.065,Medium,1
0.5333333333333334,0.7368421052631579,0.28,0.76,0.2857142857142857,0.21052631578947367,0.7586206896551724,1.0,0.27420546932742057,0.09,Medium,1
0.6000000000000001,0.9473684210526315,0.763,0.512,0.2857142857142857,0.3157894736842105,0.896551724137931,0.4444444444444444,0.7664449371766446,0.57,Medium,1
0.26666666666666683,0.8421052631578947,0.511,0.29800000000000004,0.5714285714285714,0.2631578947368421,0.10344827586206896,1.0,0.6511456023651145,0.985,Medium,1
0.8,0.7894736842105263,0.727,0.5860000000000001,0.14285714285714285,0.47368421052631576,0.27586206896551724,0.1111111111111111,0.6371027346637104,0.36,Medium,1
0.1333333333333333,0.7368421052631579,0.31300000000000006,0.3320000000000001,0.7142857142857142,0.21052631578947367,0.8275862068965517,0.4444444444444444,0.31855136733185513,0.86,Medium,1
0.9333333333333333,0.21052631578947367,0.34299999999999997,0.16199999999999992,0.8571428571428571,0.894736842105263,0.8620689655172413,0.7777777777777777,0.4478935698447894,0.115,High,2
0.19999999999999996,0.05263157894736842,0.9730000000000002,0.29200000000000004,1.0,0.8421052631578947,0.6551724137931034,0.8888888888888888,0.7176644493717665,0.155,High,2
0.6000000000000001,0.7894736842105263,0.07800000000000001,0.5960000000000001,0.42857142857142855,0.21052631578947367,0.7586206896551724,0.5555555555555556,0.06504065040650403,0.395,Low,0
0.6666666666666667,0.6842105263157894,0.8130000000000001,0.19600000000000006,1.0,0.631578947368421,0.6896551724137931,0.4444444444444444,0.8233555062823357,0.075,High,2
0.06666666666666665,0.8421052631578947,0.5220000000000001,0.31000000000000005,0.42857142857142855,0.05263157894736842,0.6896551724137931,0.4444444444444444,0.6496674057649667,0.635,Low,0
1.0000000000000002,0.05263157894736842,0.6550000000000001,0.6900000000000002,1.0,0.5263157894736842,0.41379310344827586,0.2222222222222222,0.47006651884700673,0.41,High,2
1.0000000000000002,0.6842105263157894,0.16100000000000003,0.8680000000000001,0.5714285714285714,0.3157894736842105,0.034482758620689655,0.1111111111111111,0.3481152993348116,0.115,Low,0
0.0,0.5789473684210527,0.519,0.6140000000000001,0.7142857142857142,0.7894736842105263,0.0,0.3333333333333333,0.54249815225425,0.315,Medium,1
0.19999999999999996,0.21052631578947367,0.9740000000000001,0.9760000000000002,0.8571428571428571,0.8421052631578947,1.0,0.0,0.788617886178862,0.17,High,2
0.19999999999999996,0.5263157894736842,0.695,0.4970000000000001,0.8571428571428571,0.3684210526315789,0.10344827586206896,0.3333333333333333,0.5402808573540281,0.215,Medium,1
0.6666666666666667,0.5263157894736842,0.1519999999999999,0.498,0.5714285714285714,0.894736842105263,0.06896551724137931,0.4444444444444444,0.13895048041389507,0.405,Medium,1
0.40000000000000013,0.631578947368421,0.922,0.506,0.0,1.0,0.06896551724137931,0.6666666666666666,0.8691796008869179,0.75,High,2
0.9333333333333333,0.42105263157894735,0.45600000000000007,0.014000000000000012,0.14285714285714285,0.7894736842105263,0.7931034482758621,0.1111111111111111,0.3968957871396897,0.9,Medium,1
0.40000000000000013,0.21052631578947367,0.123,0.3779999999999999,0.7142857142857142,0.631578947368421,0.3448275862068966,0.4444444444444444,0.27198817442719886,0.925,Medium,1
0.3333333333333335,0.7894736842105263,0.729,0.16199999999999992,1.0,0.21052631578947367,0.3448275862068966,0.6666666666666666,0.8122690317812269,0.54,Medium,1
0.4666666666666668,0.47368421052631576,0.642,0.16199999999999992,0.2857142857142857,0.21052631578947367,0.10344827586206896,0.7777777777777777,0.6067997043606801,0.675,Medium,1
0.0,0.10526315789473684,0.17400000000000004,0.78,0.14285714285714285,0.2631578947368421,0.4482758620689655,1.0,0.20842572062084258,0.53,Low,0
0.6000000000000001,0.894736842105263,0.7320000000000001,0.14800000000000002,0.0,0.47368421052631576,0.3793103448275862,0.5555555555555556,0.5262379896526239,0.79,Medium,1
0.40000000000000013,0.2631578947368421,0.943,0.25,0.14285714285714285,0.10526315789473684,0.3103448275862069,0.2222222222222222,0.8588322246858833,0.475,Medium,1
0.4666666666666668,0.42105263157894735,0.8960000000000002,0.8500000000000001,0.2857142857142857,0.42105263157894735,0.5862068965517241,0.5555555555555556,0.6932742054693275,0.74,Medium,1
0.8,0.631578947368421,0.32300000000000006,0.95,0.5714285714285714,0.5789473684210527,0.6206896551724138,0.0,0.4833702882483371,0.905,Low,0
0.19999999999999996,0.631578947368421,0.8910000000000001,0.26,0.2857142857142857,0.47368421052631576,0.896551724137931,1.0,0.861049519586105,0.655,High,2
0.4666666666666668,0.894736842105263,0.45600000000000007,0.6800000000000002,0.42857142857142855,0.42105263157894735,0.13793103448275862,0.1111111111111111,0.3628972653362897,0.58,Medium,1
0.06666666666666665,0.894736842105263,0.678,0.988,1.0,0.3157894736842105,0.8275862068965517,0.8888888888888888,0.5417590539541759,0.095,High,2
0.6000000000000001,0.9473684210526315,0.9760000000000001,1.0,0.14285714285714285,0.631578947368421,0.20689655172413793,0.4444444444444444,0.7435328898743534,0.505,Medium,1
0.7333333333333332,0.3157894736842105,0.5519999999999999,0.7460000000000002,0.14285714285714285,0.3157894736842105,0.0,0.3333333333333333,0.42202512934220254,0.93,Medium,1
0.8,0.0,0.30400000000000005,0.21999999999999997,0.14285714285714285,0.631578947368421,0.5517241379310345,0.7777777777777777,0.30672579453067256,0.135,Medium,1
0.06666666666666665,0.5789473684210527,0.66,0.43000000000000016,1.0,0.6842105263157894,0.9310344827586207,1.0,0.5787139689578715,0.89,High,2
0.9333333333333333,0.2631578947368421,0.7080000000000001,0.742,0.2857142857142857,0.05263157894736842,0.24137931034482757,0.0,0.6496674057649667,0.715,Low,0
0.40000000000000013,0.5263157894736842,0.55,0.45199999999999996,0.0,0.7368421052631579,0.7241379310344828,0.4444444444444444,0.5587583148558759,0.085,Medium,1
0.9333333333333333,0.21052631578947367,0.18799999999999994,0.47,1.0,0.6842105263157894,0.27586206896551724,0.1111111111111111,0.3658536585365854,0.265,Medium,1
0.0,0.9473684210526315,0.8240000000000002,0.6060000000000001,0.2857142857142857,0.2631578947368421,0.034482758620689655,0.5555555555555556,0.8765705838876572,0.75,Medium,1
0.3333333333333335,0.3684210526315789,0.397,0.482,0.2857142857142857,0.7368421052631579,0.7931034482758621,0.2222222222222222,0.3266814486326683,0.675,Medium,1
0.06666666666666665,0.631578947368421,0.367,0.8399999999999999,0.0,0.6842105263157894,0.48275862068965514,0.1111111111111111,0.34220251293422027,0.335,Medium,1
0.4666666666666668,0.631578947368421,0.9760000000000001,0.238,0.5714285714285714,0.42105263157894735,0.1724137931034483,1.0,0.7671840354767185,0.415,High,2
0.5333333333333334,1.0,0.8220000000000002,0.22599999999999998,0.14285714285714285,0.3684210526315789,0.5862068965517241,0.3333333333333333,0.8588322246858833,0.865,Medium,1
0.26666666666666683,0.3157894736842105,0.9680000000000001,0.6599999999999999,0.42857142857142855,0.8421052631578947,0.8620689655172413,0.6666666666666666,0.7405764966740578,0.165,High,2
0.4666666666666668,0.9473684210526315,0.8230000000000001,0.752,1.0,0.10526315789473684,0.6551724137931034,0.3333333333333333,0.8573540280857355,0.7,Medium,1
0.0,0.3157894736842105,0.759,0.32600000000000007,0.5714285714285714,0.631578947368421,0.034482758620689655,0.2222222222222222,0.6600147819660016,0.03,High,2
0.5333333333333334,0.10526315789473684,0.14300000000000002,0.6340000000000001,0.14285714285714285,0.05263157894736842,0.3793103448275862,1.0,0.13821138211382117,0.19,Low,0
0.9333333333333333,0.0,0.5740000000000001,0.019999999999999907,0.8571428571428571,0.47368421052631576,0.8620689655172413,0.4444444444444444,0.575018477457502,0.48,Medium,1
0.5333333333333334,0.5789473684210527,0.8510000000000001,0.3779999999999999,0.8571428571428571,0.8421052631578947,0.0,0.4444444444444444,0.5018477457501849,0.87,High,2
0.19999999999999996,0.894736842105263,0.842,0.238,0.2857142857142857,0.9473684210526315,0.6206896551724138,0.7777777777777777,0.8403547671840355,0.935,High,2
1.0000000000000002,0.9473684210526315,0.47,0.5660000000000001,0.5714285714285714,0.7894736842105263,0.034482758620689655,0.8888888888888888,0.484109386548411,0.835,Medium,1
0.3333333333333335,0.47368421052631576,0.8060000000000002,0.5660000000000001,0.0,0.47368421052631576,0.6896551724137931,0.1111111111111111,0.8181818181818183,0.375,Low,0
0.7333333333333332,0.05263157894736842,0.543,0.8079999999999998,0.5714285714285714,0.3684210526315789,0.6206896551724138,0.8888888888888888,0.52549889135255,0.28,Medium,1
0.5333333333333334,0.7894736842105263,0.07199999999999995,0.3320000000000001,1.0,0.5263157894736842,0.4482758620689655,0.5555555555555556,0.22616407982261638,0.955,Low,0
0.06666666666666665,0.5263157894736842,0.8570000000000001,0.9480000000000002,0.14285714285714285,0.8421052631578947,1.0,0.3333333333333333,0.9098300073909831,0.975,Medium,1
0.8,0.7894736842105263,0.985,0.23199999999999998,0.42857142857142855,0.3157894736842105,1.0,0.5555555555555556,0.9401330376940134,0.6,High,2
0.8,0.631578947368421,0.654,0.11599999999999999,0.0,0.9473684210526315,0.034482758620689655,0.6666666666666666,0.47006651884700673,0.985,High,2
0.4666666666666668,0.47368421052631576,0.17500000000000004,0.7060000000000002,0.2857142857142857,0.3684210526315789,1.0,0.6666666666666666,0.3606799704360681,0.315,Low,0
0.0,0.3157894736842105,0.842,0.29400000000000004,0.8571428571428571,0.8421052631578947,0.3793103448275862,0.5555555555555556,0.7627494456762749,0.22,High,2
0.8,0.7368421052631579,0.5529999999999999,0.742,1.0,0.0,1.0,0.0,0.5018477457501849,0.87,Low,0
0.26666666666666683,0.894736842105263,0.242,0.42799999999999994,0.2857142857142857,0.7368421052631579,0.9655172413793103,1.0,0.3621581670362158,0.955,Medium,1
0.26666666666666683,0.21052631578947367,0.868,0.16999999999999993,0.2857142857142857,0.42105263157894735,0.10344827586206896,0.3333333333333333,0.5018477457501849,0.02,Medium,1
0.8666666666666669,1.0,0.8890000000000001,0.546,0.2857142857142857,0.0,0.6206896551724138,0.7777777777777777,0.9356984478935702,0.59,Medium,1
0.06666666666666665,0.05263157894736842,0.46199999999999997,0.708,0.14285714285714285,0.8421052631578947,0.8275862068965517,0.0,0.42424242424242425,0.775,Medium,1
0.26666666666666683,0.21052631578947367,0.987,0.15800000000000003,0.5714285714285714,1.0,0.27586206896551724,0.2222222222222222,0.7191426459719144,0.81,High,2
0.4666666666666668,0.42105263157894735,0.14600000000000002,0.08399999999999996,1.0,0.5263157894736842,0.06896551724137931,0.1111111111111111,0.5018477457501849,0.325,Low,0
0.06666666666666665,0.5263157894736842,0.41899999999999993,0.5740000000000001,0.5714285714285714,0.8421052631578947,0.10344827586206896,0.0,0.5816703621581671,0.265,Medium,1
0.3333333333333335,0.631578947368421,0.8890000000000001,0.40600000000000014,0.5714285714285714,0.3684210526315789,0.4482758620689655,0.4444444444444444,0.6459719142645972,0.91,Medium,1
0.40000000000000013,0.42105263157894735,0.04999999999999999,0.14,1.0,0.9473684210526315,0.6551724137931034,0.0,0.2830746489283074,0.715,Medium,1
0.19999999999999996,0.7894736842105263,0.28800000000000003,0.512,0.0,0.7894736842105263,0.4482758620689655,1.0,0.27050997782705094,0.755,Medium,1
0.19999999999999996,0.5263157894736842,0.926,0.6560000000000001,0.0,0.894736842105263,0.9655172413793103,0.8888888888888888,0.9283074648928309,0.58,High,2
0.40000000000000013,0.47368421052631576,0.30300000000000005,0.8980000000000001,0.0,0.631578947368421,0.896551724137931,0.3333333333333333,0.2291204730229121,0.395,Low,0
1.0000000000000002,0.3157894736842105,0.9500000000000001,0.09600000000000009,0.8571428571428571,0.10526315789473684,0.06896551724137931,0.3333333333333333,0.7427937915742795,0.565,High,2
0.8666666666666669,0.21052631578947367,0.243,0.694,0.7142857142857142,0.47368421052631576,0.9310344827586207,0.6666666666666666,0.20842572062084258,0.115,Medium,1
0.5333333333333334,0.5789473684210527,0.30000000000000004,0.3859999999999999,0.2857142857142857,0.7894736842105263,0.034482758620689655,0.7777777777777777,0.2904656319290467,0.47,Medium,1
0.6666666666666667,0.8421052631578947,0.9580000000000001,0.0020000000000000018,0.2857142857142857,1.0,0.48275862068965514,0.7777777777777777,0.7065779748706578,0.945,High,2
0.9333333333333333,0.21052631578947367,0.31500000000000006,0.774,0.2857142857142857,0.631578947368421,0.27586206896551724,0.3333333333333333,0.2926829268292684,0.29,Medium,1
0.6666666666666667,0.15789473684210525,0.07199999999999995,0.42200000000000015,0.7142857142857142,0.2631578947368421,0.1724137931034483,0.7777777777777777,0.04804138950480413,0.88,Medium,1
0.8666666666666669,0.9473684210526315,0.494,0.17599999999999993,0.5714285714285714,0.9473684210526315,0.10344827586206896,1.0,0.40354767184035484,0.37,High,2
0.6000000000000001,0.5789473684210527,0.542,0.75,0.7142857142857142,0.0,0.41379310344827586,0.1111111111111111,0.5070214338507022,0.26,Low,0
0.5333333333333334,0.894736842105263,0.7839999999999999,0.13800000000000012,0.5714285714285714,0.47368421052631576,0.10344827586206896,0.8888888888888888,0.6526237989652623,0.505,High,2
0.06666666666666665,0.10526315789473684,0.507,0.32799999999999985,0.42857142857142855,0.2631578947368421,0.9655172413793103,1.0,0.47006651884700673,0.58,High,2
0.8,1.0,0.04500000000000004,0.0,0.7142857142857142,0.15789473684210525,1.0,0.5555555555555556,0.017738359201773857,0.28,Low,0
0.4666666666666668,0.894736842105263,0.5599999999999999,0.45799999999999996,0.2857142857142857,1.0,0.7241379310344828,0.4444444444444444,0.6141906873614191,0.335,High,2
0.0,0.8421052631578947,0.279,0.43200000000000016,0.14285714285714285,0.631578947368421,0.5517241379310345,0.7777777777777777,0.28824833702882485,0.32,Medium,1
1.0000000000000002,0.9473684210526315,0.5060000000000001,0.8800000000000001,0.8571428571428571,0.3684210526315789,0.10344827586206896,0.3333333333333333,0.6156688839615669,1.0,Low,0
0.8,0.2631578947368421,0.82,0.43800000000000017,0.5714285714285714,0.5789473684210527,0.10344827586206896,0.7777777777777777,0.7265336289726534,0.74,High,2
0.19999999999999996,0.21052631578947367,0.35,0.43399999999999994,0.42857142857142855,1.0,0.5172413793103449,0.7777777777777777,0.4353288987435329,0.795,Medium,1
0.4666666666666668,0.7368421052631579,0.03899999999999998,0.6679999999999999,0.8571428571428571,0.8421052631578947,0.10344827586206896,0.8888888888888888,0.2638580931263858,0.035,Medium,1
1.0000000000000002,0.9473684210526315,0.876,0.708,0.7142857142857142,0.2631578947368421,0.9655172413793103,0.3333333333333333,0.8691796008869179,0.96,Medium,1
0.5333333333333334,0.21052631578947367,0.137,0.702,0.5714285714285714,0.47368421052631576,0.6896551724137931,0.4444444444444444,0.28381374722838143,0.275,Low,0
0.0,0.5789473684210527,0.8910000000000001,0.3380000000000001,0.8571428571428571,0.3157894736842105,0.7241379310344828,0.1111111111111111,0.8085735402808574,0.15,Medium,1
0.26666666666666683,0.47368421052631576,0.759,0.17200000000000004,0.8571428571428571,1.0,0.6551724137931034,0.5555555555555556,0.6991869918699187,0.295,High,2
0.0,0.21052631578947367,0.8490000000000001,0.30000000000000004,0.0,0.21052631578947367,0.9655172413793103,0.6666666666666666,0.6237989652623801,0.355,High,2
0.4666666666666668,0.631578947368421,0.725,0.35199999999999987,0.8571428571428571,0.42105263157894735,0.27586206896551724,0.1111111111111111,0.78640059127864,0.97,Medium,1
0.8,0.0,0.57,0.54,1.0,0.5263157894736842,0.9310344827586207,0.7777777777777777,0.5764966740576498,0.41,High,2
0.6666666666666667,0.2631578947368421,0.6150000000000001,0.43000000000000016,0.0,0.7368421052631579,0.6206896551724138,0.4444444444444444,0.5048041389504805,0.19,High,2
0.6000000000000001,0.9473684210526315,0.025000000000000022,0.8879999999999999,0.7142857142857142,0.894736842105263,0.24137931034482757,0.2222222222222222,0.2609016999260902,0.47,Low,0
0.6000000000000001,0.6842105263157894,0.28600000000000003,0.14600000000000013,0.0,0.47368421052631576,0.10344827586206896,0.8888888888888888,0.5018477457501849,0.49,Medium,1
1.0000000000000002,0.47368421052631576,0.13,0.4179999999999999,0.7142857142857142,0.47368421052631576,0.896551724137931,0.2222222222222222,0.24907612712490762,0.12,Medium,1
0.4666666666666668,0.42105263157894735,0.8380000000000002,0.764,0.7142857142857142,0.15789473684210525,0.48275862068965514,0.8888888888888888,0.7095343680709536,0.505,Medium,1
0.4666666666666668,0.10526315789473684,0.577,0.8760000000000001,0.7142857142857142,0.8421052631578947,0.6206896551724138,0.3333333333333333,0.42498152254249827,0.01,Medium,1
1.0000000000000002,0.21052631578947367,0.9630000000000002,0.4560000000000002,0.14285714285714285,0.3157894736842105,0.48275862068965514,0.3333333333333333,0.7952697708795271,0.775,Medium,1
0.3333333333333335,0.7894736842105263,0.862,0.29600000000000004,0.42857142857142855,0.15789473684210525,0.3793103448275862,0.3333333333333333,0.8167036215816705,0.285,Medium,1
0.3333333333333335,0.47368421052631576,0.63,0.4970000000000001,0.8571428571428571,0.6842105263157894,0.27586206896551724,0.7777777777777777,0.6090169992609018,0.925,High,2
0.1333333333333333,0.0,0.034999999999999976,0.7060000000000002,0.2857142857142857,0.3684210526315789,0.0,0.6666666666666666,0.03399852180339985,0.475,Medium,1
0.3333333333333335,0.47368421052631576,0.6960000000000001,0.12200000000000011,0.14285714285714285,0.21052631578947367,0.13793103448275862,0.1111111111111111,0.5912786400591281,0.495,Low,0
0.8666666666666669,0.3157894736842105,0.781,0.504,0.7142857142857142,0.2631578947368421,0.8275862068965517,0.7777777777777777,0.6792313377679233,0.205,High,2
0.6000000000000001,0.6842105263157894,0.57,0.97,0.14285714285714285,0.5789473684210527,0.0,0.1111111111111111,0.4693274205469328,0.26,Low,0
0.0,0.5789473684210527,0.7679999999999999,0.1140000000000001,0.5714285714285714,0.2631578947368421,0.48275862068965514,0.7777777777777777,0.73909830007391,0.17,High,2
0.7333333333333332,0.21052631578947367,0.401,0.256,0.42857142857142855,0.42105263157894735,1.0,0.6666666666666666,0.4974131559497414,0.215,Medium,1
0.6666666666666667,0.21052631578947367,0.51,0.040000000000000036,0.7142857142857142,0.7894736842105263,0.5862068965517241,0.6666666666666666,0.5476718403547671,0.56,High,2
0.40000000000000013,0.631578947368421,0.4,0.72,0.8571428571428571,0.10526315789473684,0.6206896551724138,0.3333333333333333,0.4678492239467849,0.64,Low,0
0.4666666666666668,0.2631578947368421,0.638,0.6260000000000001,0.8571428571428571,0.894736842105263,0.6896551724137931,0.4444444444444444,0.5742793791574281,0.01,High,2
0.40000000000000013,0.631578947368421,0.9740000000000001,0.17200000000000004,0.42857142857142855,0.0,0.27586206896551724,0.3333333333333333,0.855136733185514,0.095,High,2
0.8,0.47368421052631576,0.7960000000000002,0.29800000000000004,0.8571428571428571,0.05263157894736842,0.20689655172413793,0.7777777777777777,0.6903178122690319,0.235,Medium,1
0.19999999999999996,0.631578947368421,0.4109999999999999,0.19800000000000006,0.2857142857142857,0.47368421052631576,0.0,0.0,0.44198078344419817,0.18,Medium,1
0.19999999999999996,0.42105263157894735,0.6570000000000001,0.016000000000000014,0.7142857142857142,0.3684210526315789,0.24137931034482757,0.1111111111111111,0.6112342941611235,0.6,Medium,1
0.0,0.10526315789473684,0.7699999999999999,0.548,0.8571428571428571,0.15789473684210525,0.9310344827586207,0.7777777777777777,0.5018477457501849,0.86,Medium,1
0.5333333333333334,0.10526315789473684,0.7900000000000001,0.4970000000000001,0.5714285714285714,0.47368421052631576,0.6896551724137931,0.0,0.8543976348854398,0.055,Medium,1
0.6666666666666667,0.47368421052631576,0.3530000000000001,0.8440000000000001,0.2857142857142857,0.7368421052631579,0.48275862068965514,0.1111111111111111,0.3983739837398374,0.5,Low,0
0.4666666666666668,0.7894736842105263,0.013000000000000012,0.1060000000000001,0.8571428571428571,0.5789473684210527,0.4482758620689655,0.1111111111111111,0.09534368070953436,0.8,Low,0
0.8,0.10526315789473684,0.6940000000000001,0.71,0.8571428571428571,0.10526315789473684,0.6206896551724138,0.4444444444444444,0.6215816703621582,0.465,Medium,1
0.06666666666666665,0.631578947368421,0.4810000000000001,0.43200000000000016,0.2857142857142857,0.631578947368421,0.7586206896551724,0.3333333333333333,0.5912786400591281,0.02,Medium,1
0.0,0.5263157894736842,0.17300000000000004,0.1359999999999999,0.8571428571428571,0.5789473684210527,0.5517241379310345,1.0,0.20842572062084258,0.32,High,2
0.6000000000000001,0.15789473684210525,0.594,0.018000000000000016,0.42857142857142855,0.2631578947368421,0.6551724137931034,0.1111111111111111,0.6053215077605323,0.475,Medium,1
0.4666666666666668,0.3157894736842105,0.20499999999999996,0.5640000000000001,0.7142857142857142,0.2631578947368421,0.13793103448275862,0.4444444444444444,0.3466371027346638,0.665,Low,0
1.0000000000000002,0.05263157894736842,0.28700000000000003,0.236,0.8571428571428571,0.15789473684210525,0.6551724137931034,0.1111111111111111,0.25129342202512933,0.93,Low,0
0.0,0.3157894736842105,0.6250000000000001,0.512,0.14285714285714285,0.47368421052631576,0.48275862068965514,1.0,0.6082779009608279,0.37,High,2
0.40000000000000013,0.21052631578947367,0.21600000000000008,0.030000000000000027,0.0,0.3157894736842105,0.8620689655172413,0.8888888888888888,0.3813747228381375,0.01,Medium,1
0.8,0.5263157894736842,0.44900000000000007,0.9219999999999999,0.2857142857142857,0.5263157894736842,0.5862068965517241,0.8888888888888888,0.5594974131559498,0.51,Medium,1
0.19999999999999996,0.21052631578947367,0.46099999999999997,0.6699999999999999,0.8571428571428571,0.42105263157894735,0.7931034482758621,0.4444444444444444,0.5602365114560237,0.175,Medium,1
0.3333333333333335,0.7368421052631579,0.44100000000000006,0.32799999999999985,0.8571428571428571,0.3684210526315789,0.3103448275862069,0.7777777777777777,0.4323725055432374,0.875,Medium,1
0.4666666666666668,0.9473684210526315,0.5830000000000001,0.3580000000000001,0.5714285714285714,0.15789473684210525,0.8275862068965517,0.7777777777777777,0.4323725055432374,0.98,Medium,1
0.0,0.7894736842105263,0.9860000000000001,0.8260000000000003,0.42857142857142855,0.9473684210526315,0.1724137931034483,0.7777777777777777,0.8447893569844791,0.89,High,2
0.6666666666666667,1.0,0.7580000000000001,0.534,0.0,0.42105263157894735,0.10344827586206896,0.5555555555555556,0.7849223946784925,0.195,Medium,1
0.4666666666666668,0.3684210526315789,0.20000000000000007,0.43200000000000016,1.0,0.894736842105263,0.7931034482758621,1.0,0.14781966001478203,0.125,Medium,1
0.3333333333333335,0.42105263157894735,0.785,0.75,0.42857142857142855,0.631578947368421,0.06896551724137931,0.3333333333333333,0.7583148558758317,0.98,High,2
0.5333333333333334,0.631578947368421,0.38,0.1359999999999999,0.2857142857142857,0.7368421052631579,0.27586206896551724,0.8888888888888888,0.550628233555063,0.455,High,2
0.9333333333333333,0.5263157894736842,0.5220000000000001,0.4970000000000001,1.0,0.42105263157894735,0.034482758620689655,0.0,0.4493717664449372,0.805,Medium,1
0.8666666666666669,0.3157894736842105,0.8710000000000001,0.05999999999999994,0.7142857142857142,0.2631578947368421,0.13793103448275862,1.0,0.7753141167775315,0.225,High,2
0.7333333333333332,0.05263157894736842,0.44399999999999995,0.3740000000000001,0.7142857142857142,0.47368421052631576,0.5517241379310345,0.0,0.32224685883222476,0.805,Low,0
0.6666666666666667,0.9473684210526315,0.4960000000000001,0.061999999999999944,0.14285714285714285,0.3157894736842105,0.13793103448275862,0.5555555555555556,0.7324464153732446,0.625,Medium,1
0.9333333333333333,0.6842105263157894,0.7340000000000001,0.30800000000000005,0.0,0.5789473684210527,1.0,0.2222222222222222,0.5018477457501849,0.13,Medium,1
0.8666666666666669,0.5263157894736842,0.5810000000000001,0.6000000000000001,0.8571428571428571,0.5789473684210527,0.7241379310344828,0.6666666666666666,0.5971914264597191,0.465,Medium,1
0.0,0.894736842105263,0.257,0.954,0.8571428571428571,0.5789473684210527,0.1724137931034483,0.7777777777777777,0.2926829268292684,0.665,Medium,1
0.1333333333333333,0.42105263157894735,0.654,0.982,0.14285714285714285,0.7368421052631579,0.41379310344827586,0.5555555555555556,0.754619364375462,0.51,High,2
0.8666666666666669,0.631578947368421,0.16300000000000003,0.794,0.5714285714285714,0.47368421052631576,0.034482758620689655,0.4444444444444444,0.3296378418329638,0.63,Low,0
0.8,0.3157894736842105,0.5529999999999999,0.3460000000000001,0.5714285714285714,0.15789473684210525,0.8620689655172413,0.3333333333333333,0.5779748706577976,0.885,Medium,1
0.9333333333333333,0.7894736842105263,0.08700000000000002,0.07200000000000006,0.2857142857142857,0.3684210526315789,0.10344827586206896,0.8888888888888888,0.5018477457501849,0.3,Medium,1
0.9333333333333333,0.7894736842105263,0.10699999999999998,0.552,1.0,0.894736842105263,0.7241379310344828,0.3333333333333333,0.32076866223207695,0.295,Medium,1
0.9333333333333333,0.0,0.518,0.28200000000000003,1.0,0.5263157894736842,0.8620689655172413,0.7777777777777777,0.550628233555063,0.905,High,2
0.26666666666666683,0.3684210526315789,0.8380000000000002,0.252,0.14285714285714285,0.894736842105263,0.3793103448275862,0.2222222222222222,0.8056171470805618,0.555,High,2
0.9333333333333333,0.0,0.9109999999999999,0.23399999999999999,0.2857142857142857,0.10526315789473684,0.24137931034482757,1.0,0.672579453067258,0.575,Medium,1
0.9333333333333333,0.8421052631578947,0.44000000000000006,0.41999999999999993,0.42857142857142855,0.7368421052631579,0.1724137931034483,0.0,0.47302291204730235,0.925,Medium,1
0.06666666666666665,0.15789473684210525,0.17400000000000004,0.27,0.8571428571428571,0.5789473684210527,0.6551724137931034,1.0,0.24685883222468602,0.69,Medium,1
0.26666666666666683,0.6842105263157894,0.5900000000000001,0.3039999999999998,0.0,0.3684210526315789,0.8275862068965517,1.0,0.5794530672579454,0.385,High,2
0.6666666666666667,0.3157894736842105,0.4960000000000001,0.6260000000000001,0.5714285714285714,0.15789473684210525,0.06896551724137931,0.5555555555555556,0.4449371766444938,0.095,Low,0
0.8,0.10526315789473684,0.7279999999999999,0.4970000000000001,0.8571428571428571,0.21052631578947367,0.24137931034482757,0.5555555555555556,0.5742793791574281,0.36,High,2
0.8666666666666669,0.5789473684210527,0.5369999999999999,0.29000000000000004,0.5714285714285714,0.5789473684210527,0.8620689655172413,0.8888888888888888,0.3821138211382115,0.04,High,2
0.26666666666666683,0.21052631578947367,0.6130000000000001,0.938,1.0,0.3684210526315789,0.034482758620689655,0.2222222222222222,0.47302291204730235,0.885,Low,0
0.0,0.47368421052631576,0.19699999999999995,0.8360000000000001,0.2857142857142857,0.8421052631578947,0.034482758620689655,0.0,0.30229120473022925,0.64,Low,0
0.6666666666666667,0.3684210526315789,0.30000000000000004,0.15600000000000003,0.5714285714285714,0.47368421052631576,0.6551724137931034,0.2222222222222222,0.3784183296378419,0.165,Medium,1
0.19999999999999996,0.7894736842105263,0.22499999999999998,0.31999999999999984,0.14285714285714285,0.21052631578947367,0.5862068965517241,0.6666666666666666,0.1751662971175167,0.99,Low,0
0.4666666666666668,0.7894736842105263,0.9710000000000002,0.3679999999999999,0.7142857142857142,0.21052631578947367,0.5862068965517241,1.0,0.8181818181818183,0.455,High,2
0.8,0.3157894736842105,0.5730000000000001,0.6199999999999999,0.8571428571428571,0.7894736842105263,0.24137931034482757,0.2222222222222222,0.532889874353289,0.115,High,2
0.0,0.3157894736842105,0.478,0.46199999999999997,0.2857142857142857,0.2631578947368421,0.6206896551724138,0.3333333333333333,0.5728011825572803,0.49,Medium,1
0.4666666666666668,0.3684210526315789,0.43699999999999994,0.8180000000000001,0.5714285714285714,0.3684210526315789,0.4482758620689655,0.2222222222222222,0.45602365114560256,0.45,Low,0
0.8,0.2631578947368421,0.9820000000000001,0.72,0.7142857142857142,0.0,0.0,0.8888888888888888,0.9948263118994829,0.615,Medium,1
0.3333333333333335,0.05263157894736842,0.93,0.8180000000000001,0.0,0.894736842105263,0.24137931034482757,0.2222222222222222,0.7760532150776054,0.575,High,2
0.6666666666666667,0.631578947368421,0.8320000000000002,0.19199999999999995,0.14285714285714285,0.3684210526315789,0.6551724137931034,1.0,0.7812269031781227,0.31,High,2
0.3333333333333335,0.3684210526315789,0.558,0.8820000000000001,1.0,0.2631578947368421,0.3448275862068966,0.1111111111111111,0.6459719142645972,0.04,Medium,1
0.6000000000000001,0.15789473684210525,0.626,0.5900000000000001,1.0,0.15789473684210525,0.6896551724137931,0.1111111111111111,0.4944567627494458,0.365,Medium,1
0.1333333333333333,0.10526315789473684,0.28900000000000003,0.6320000000000001,0.8571428571428571,0.10526315789473684,0.8620689655172413,0.8888888888888888,0.434589800443459,0.305,Medium,1
0.0,0.3157894736842105,0.5810000000000001,0.6800000000000002,0.14285714285714285,0.42105263157894735,0.27586206896551724,0.3333333333333333,0.5890613451589062,0.035,Medium,1
0.8666666666666669,0.8421052631578947,0.16900000000000004,0.31999999999999984,0.2857142857142857,0.05263157894736842,0.6551724137931034,0.1111111111111111,0.1943828529194383,0.145,Low,0
0.8666666666666669,0.3684210526315789,0.6730000000000002,0.8920000000000001,0.7142857142857142,0.7368421052631579,0.7931034482758621,0.7777777777777777,0.6888396156688841,0.655,Medium,1
0.4666666666666668,0.10526315789473684,0.707,0.7380000000000002,1.0,1.0,0.1724137931034483,0.5555555555555556,0.5528455284552847,0.935,High,2
0.40000000000000013,0.894736842105263,0.388,0.6420000000000001,0.0,0.42105263157894735,0.6896551724137931,0.3333333333333333,0.345158906134516,0.235,Medium,1
0.4666666666666668,0.15789473684210525,0.7420000000000001,0.544,0.2857142857142857,0.47368421052631576,0.06896551724137931,0.1111111111111111,0.5639320029563932,0.285,Medium,1
0.8666666666666669,0.5789473684210527,0.7980000000000002,0.794,0.14285714285714285,0.3157894736842105,0.6206896551724138,0.1111111111111111,0.7487065779748707,0.66,Medium,1
0.3333333333333335,0.3157894736842105,0.569,0.22199999999999998,0.7142857142857142,0.47368421052631576,0.10344827586206896,0.8888888888888888,0.5373244641537325,0.985,High,2
0.6666666666666667,0.15789473684210525,0.6710000000000002,0.9620000000000002,0.0,0.3157894736842105,0.0,0.2222222222222222,0.5306725794530673,0.165,Medium,1
0.7333333333333332,0.2631578947368421,0.594,0.8160000000000001,0.14285714285714285,0.5263157894736842,0.5172413793103449,0.7777777777777777,0.4988913525498893,0.34,Medium,1
0.7333333333333332,0.7894736842105263,0.918,0.8200000000000001,0.8571428571428571,1.0,0.0,0.0,0.8736141906873616,0.28,Medium,1
0.8,0.9473684210526315,0.09900000000000003,0.23399999999999999,0.8571428571428571,0.21052631578947367,0.5172413793103449,1.0,0.5018477457501849,0.895,Low,0
0.26666666666666683,0.3157894736842105,0.7560000000000001,0.118,0.8571428571428571,0.5263157894736842,0.24137931034482757,1.0,0.6496674057649667,0.335,High,2
0.4666666666666668,0.0,0.674,0.9600000000000002,0.14285714285714285,0.21052631578947367,0.24137931034482757,0.8888888888888888,0.7161862527716187,0.535,Medium,1
0.9333333333333333,0.9473684210526315,0.717,0.246,0.8571428571428571,0.0,0.41379310344827586,0.8888888888888888,0.5971914264597191,0.635,Medium,1
0.9333333333333333,0.15789473684210525,0.03300000000000003,0.9760000000000002,0.2857142857142857,0.7894736842105263,0.10344827586206896,0.2222222222222222,0.14929785661492984,0.975,Low,0
0.4666666666666668,0.3157894736842105,0.9410000000000002,0.3939999999999999,0.42857142857142855,0.3684210526315789,0.3103448275862069,0.8888888888888888,0.9312638580931265,0.535,High,2
0.9333333333333333,0.15789473684210525,0.577,0.019999999999999907,1.0,0.05263157894736842,0.41379310344827586,0.1111111111111111,0.4175905395417591,0.125,Medium,1
0.40000000000000013,0.42105263157894735,0.4960000000000001,0.15600000000000003,0.2857142857142857,0.15789473684210525,0.8620689655172413,0.8888888888888888,0.2749445676274945,0.47,Medium,1
0.19999999999999996,0.5789473684210527,0.21699999999999997,0.35399999999999987,0.14285714285714285,0.7368421052631579,0.20689655172413793,0.7777777777777777,0.2971175166297118,0.345,Medium,1
0.6000000000000001,0.21052631578947367,0.4960000000000001,0.19999999999999996,0.8571428571428571,0.7368421052631579,0.034482758620689655,0.1111111111111111,0.30672579453067256,0.39,Medium,1
0.19999999999999996,1.0,0.16600000000000004,0.3619999999999999,0.5714285714285714,0.5789473684210527,0.896551724137931,0.8888888888888888,0.30303030303030315,0.655,Medium,1
0.8,0.894736842105263,0.32000000000000006,0.09800000000000009,0.14285714285714285,0.8421052631578947,0.41379310344827586,1.0,0.28677014042867705,0.04,Medium,1
0.19999999999999996,0.9473684210526315,0.6150000000000001,0.6839999999999999,0.14285714285714285,0.3157894736842105,0.9310344827586207,0.6666666666666666,0.6467110125646713,0.29,Medium,1
0.3333333333333335,0.05263157894736842,0.008000000000000007,0.5680000000000001,0.7142857142857142,0.10526315789473684,0.6896551724137931,0.5555555555555556,0.5018477457501849,0.79,Low,0
1.0000000000000002,0.6842105263157894,0.40700000000000003,0.6439999999999999,0.5714285714285714,0.47368421052631576,0.24137931034482757,0.7777777777777777,0.5225424981522544,0.795,Medium,1
0.3333333333333335,0.15789473684210525,0.9380000000000001,0.16199999999999992,0.14285714285714285,0.8421052631578947,1.0,0.2222222222222222,0.7915742793791576,0.4,Medium,1
0.8,0.7894736842105263,0.04500000000000004,0.8360000000000001,0.0,0.7894736842105263,0.7931034482758621,0.6666666666666666,0.17442719881744279,0.425,Medium,1
0.9333333333333333,0.05263157894736842,0.8949999999999999,0.21799999999999997,1.0,0.05263157894736842,0.7931034482758621,0.7777777777777777,0.6659275683665928,0.23,High,2
0.0,0.2631578947368421,0.33099999999999996,0.1359999999999999,0.42857142857142855,0.3157894736842105,0.3103448275862069,0.0,0.3784183296378419,0.525,Low,0
0.7333333333333332,0.10526315789473684,0.31500000000000006,0.766,0.42857142857142855,0.15789473684210525,0.7586206896551724,0.4444444444444444,0.28824833702882485,0.015,Low,0
0.9333333333333333,0.15789473684210525,0.7160000000000001,0.982,0.14285714285714285,0.42105263157894735,0.20689655172413793,0.7777777777777777,0.6932742054693275,0.165,Medium,1
0.8666666666666669,0.894736842105263,0.8210000000000001,0.45199999999999996,0.5714285714285714,0.8421052631578947,0.0,0.3333333333333333,0.7080561714708056,0.515,High,2
0.6000000000000001,0.8421052631578947,0.43400000000000005,0.3939999999999999,0.8571428571428571,0.42105263157894735,1.0,0.0,0.5809312638580932,0.43,Medium,1
0.8,1.0,0.03200000000000003,0.6560000000000001,0.7142857142857142,0.10526315789473684,0.3793103448275862,0.8888888888888888,0.14929785661492984,0.54,Low,0
0.3333333333333335,0.631578947368421,0.46199999999999997,0.32799999999999985,0.0,1.0,0.6896551724137931,0.2222222222222222,0.5151515151515151,0.005,Medium,1
0.8666666666666669,0.6842105263157894,0.916,0.5900000000000001,0.14285714285714285,0.3157894736842105,0.034482758620689655,0.4444444444444444,0.9445676274944568,0.685,High,2
0.8,0.21052631578947367,0.7039999999999998,0.18200000000000005,0.0,0.631578947368421,0.5862068965517241,0.1111111111111111,0.7191426459719144,0.59,Medium,1
0.5333333333333334,0.5263157894736842,0.397,0.7140000000000002,0.0,0.0,0.5862068965517241,0.7777777777777777,0.33628972653362904,0.69,Low,0
0.06666666666666665,0.6842105263157894,0.6829999999999999,0.15999999999999992,1.0,0.0,0.48275862068965514,0.4444444444444444,0.6614929785661494,0.505,Medium,1
0.6000000000000001,0.894736842105263,0.5289999999999999,0.7380000000000002,0.7142857142857142,0.894736842105263,0.5517241379310345,0.5555555555555556,0.5365853658536588,0.295,Medium,1
0.7333333333333332,0.3684210526315789,0.785,0.768,0.42857142857142855,1.0,0.6551724137931034,0.2222222222222222,0.6178861788617886,0.815,High,2
0.9333333333333333,0.894736842105263,0.4960000000000001,0.05999999999999994,1.0,1.0,0.6551724137931034,0.7777777777777777,0.5365853658536588,0.155,High,2
0.9333333333333333,0.47368421052631576,0.12,0.4179999999999999,0.2857142857142857,0.0,0.27586206896551724,0.0,0.1433850702143385,0.515,Low,0
0.5333333333333334,0.05263157894736842,0.3410000000000001,0.32400000000000007,0.8571428571428571,0.631578947368421,0.9655172413793103,0.1111111111111111,0.2934220251293422,0.115,High,2
0.0,0.7368421052631579,0.33799999999999997,0.17599999999999993,0.0,0.15789473684210525,0.034482758620689655,0.0,0.2993348115299335,0.465,Low,0
0.6666666666666667,0.5789473684210527,0.31900000000000006,0.29200000000000004,0.8571428571428571,0.7894736842105263,0.6896551724137931,0.5555555555555556,0.44124168514412426,0.06,High,2
0.4666666666666668,0.5789473684210527,0.8850000000000001,0.1279999999999999,0.5714285714285714,0.21052631578947367,0.8620689655172413,1.0,0.8388765705838876,0.77,High,2
0.06666666666666665,1.0,0.9730000000000002,0.4099999999999999,0.2857142857142857,0.5263157894736842,0.5862068965517241,0.4444444444444444,0.779009608277901,0.755,Medium,1
0.8,0.5263157894736842,0.09500000000000003,0.4460000000000002,0.5714285714285714,0.10526315789473684,0.6206896551724138,0.5555555555555556,0.3296378418329638,0.235,Medium,1
0.6666666666666667,0.10526315789473684,0.22099999999999997,0.534,0.0,0.894736842105263,0.3793103448275862,0.4444444444444444,0.15816703621581668,0.34,Medium,1
0.40000000000000013,0.5263157894736842,0.725,0.9620000000000002,0.42857142857142855,0.5263157894736842,0.1724137931034483,0.1111111111111111,0.7730968218773098,0.585,Low,0
0.06666666666666665,0.21052631578947367,0.745,0.16999999999999993,0.0,0.9473684210526315,0.5862068965517241,0.2222222222222222,0.6696230598669624,0.435,High,2
0.9333333333333333,0.0,0.41300000000000014,0.736,0.0,0.15789473684210525,0.8275862068965517,1.0,0.5469327420546934,0.92,Low,0
0.6666666666666667,0.21052631578947367,0.547,0.05999999999999994,0.8571428571428571,0.5789473684210527,0.6551724137931034,0.2222222222222222,0.42202512934220254,0.09,Medium,1
0.4666666666666668,0.3157894736842105,0.89,0.528,0.0,0.15789473684210525,0.3793103448275862,0.0,0.8684405025868442,0.505,Low,0
1.0000000000000002,1.0,0.818,0.24,0.7142857142857142,0.0,0.6206896551724138,0.4444444444444444,0.8122690317812269,0.285,Medium,1
0.3333333333333335,0.2631578947368421,0.715,0.11199999999999988,0.42857142857142855,0.2631578947368421,0.896551724137931,0.3333333333333333,0.6437546193643755,0.395,High,2
0.1333333333333333,0.0,0.21699999999999997,0.484,0.8571428571428571,0.5263157894736842,0.034482758620689655,0.1111111111111111,0.3784183296378419,0.41,Medium,1
0.19999999999999996,0.2631578947368421,0.5820000000000001,0.6560000000000001,0.5714285714285714,0.05263157894736842,0.3448275862068966,0.6666666666666666,0.5735402808573542,0.15,Medium,1
0.6666666666666667,0.3157894736842105,0.9090000000000001,0.6460000000000001,0.0,0.3684210526315789,0.3103448275862069,0.8888888888888888,0.7605321507760534,0.605,Medium,1
0.4666666666666668,0.3157894736842105,0.9500000000000001,0.3779999999999999,0.14285714285714285,0.6842105263157894,0.3103448275862069,0.6666666666666666,0.7280118255728014,0.36,High,2
0.8666666666666669,0.5789473684210527,0.9380000000000001,0.35199999999999987,1.0,0.5263157894736842,0.896551724137931,0.2222222222222222,0.8085735402808574,0.35,High,2
0.0,0.3157894736842105,0.932,0.6000000000000001,0.0,0.9473684210526315,0.6896551724137931,0.8888888888888888,0.7354028085735405,0.895,High,2
0.26666666666666683,0.47368421052631576,0.08200000000000002,0.512,0.2857142857142857,0.42105263157894735,0.5172413793103449,1.0,0.15373244641537326,0.925,Low,0
0.8666666666666669,0.5263157894736842,0.9090000000000001,0.804,0.8571428571428571,1.0,0.06896551724137931,0.2222222222222222,0.5018477457501849,0.02,High,2
0.8666666666666669,0.5789473684210527,0.5130000000000001,0.06999999999999995,0.8571428571428571,0.9473684210526315,0.8620689655172413,0.7777777777777777,0.5402808573540281,0.835,High,2
0.9333333333333333,0.2631578947368421,0.25,0.30000000000000004,1.0,0.05263157894736842,0.24137931034482757,0.4444444444444444,0.3791574279379158,0.61,Medium,1
0.7333333333333332,0.7894736842105263,0.9230000000000002,0.246,0.0,0.9473684210526315,0.7931034482758621,0.3333333333333333,0.9475240206947526,0.42,High,2
0.8,0.6842105263157894,0.21399999999999997,0.32600000000000007,0.2857142857142857,0.42105263157894735,0.06896551724137931,0.5555555555555556,0.2786400591278641,0.505,Medium,1
0.0,0.894736842105263,0.16300000000000003,0.6340000000000001,0.8571428571428571,0.05263157894736842,0.20689655172413793,0.1111111111111111,0.1951219512195122,0.87,Low,0
0.4666666666666668,0.42105263157894735,0.0040000000000000036,0.18200000000000005,0.14285714285714285,1.0,0.9655172413793103,0.5555555555555556,0.2453806356245381,0.835,Medium,1
0.1333333333333333,0.2631578947368421,0.254,0.03599999999999992,0.42857142857142855,0.3684210526315789,0.6206896551724138,0.3333333333333333,0.394678492239468,0.91,Medium,1
0.26666666666666683,0.2631578947368421,0.3530000000000001,0.536,0.14285714285714285,0.6842105263157894,0.48275862068965514,1.0,0.25498891352549896,0.98,Medium,1
0.1333333333333333,0.9473684210526315,0.7140000000000001,0.766,0.0,1.0,0.7931034482758621,0.3333333333333333,0.7413155949741317,0.045,Medium,1
0.1333333333333333,0.631578947368421,0.8640000000000002,0.8859999999999999,0.2857142857142857,0.2631578947368421,0.27586206896551724,0.5555555555555556,0.7568366592756837,0.545,Low,0
0.8,0.05263157894736842,0.5890000000000001,0.956,0.8571428571428571,0.2631578947368421,0.9655172413793103,0.3333333333333333,0.607538802660754,0.265,Medium,1
0.3333333333333335,0.47368421052631576,0.691,0.9600000000000002,0.42857142857142855,0.3157894736842105,0.3793103448275862,0.2222222222222222,0.7827050997782707,0.58,Low,0
0.19999999999999996,1.0,0.30300000000000005,0.7,0.2857142857142857,0.10526315789473684,0.8620689655172413,0.4444444444444444,0.4316334072431635,0.4,Low,0
0.7333333333333332,0.47368421052631576,0.494,0.4880000000000002,0.0,0.47368421052631576,0.6896551724137931,0.2222222222222222,0.41980783444198094,0.895,Medium,1
0.4666666666666668,0.5789473684210527,0.40500000000000014,0.08800000000000008,0.0,0.42105263157894735,0.4482758620689655,0.2222222222222222,0.28972653362897277,0.96,Low,0
0.8666666666666669,0.47368421052631576,0.051999999999999935,0.4970000000000001,0.0,0.8421052631578947,0.13793103448275862,0.7777777777777777,0.06356245380635628,0.63,Low,0
0.0,0.15789473684210525,0.16200000000000003,0.4460000000000002,0.2857142857142857,0.3157894736842105,0.5862068965517241,0.6666666666666666,0.15447154471544716,0.215,Low,0
0.9333333333333333,0.5789473684210527,0.3330000000000001,0.772,0.0,0.21052631578947367,0.3103448275862069,0.7777777777777777,0.3436807095343681,0.44,Medium,1
0.8,0.05263157894736842,0.7660000000000001,0.74,0.42857142857142855,1.0,0.06896551724137931,0.2222222222222222,0.5018477457501849,0.865,Medium,1
0.06666666666666665,0.47368421052631576,0.7679999999999999,0.3380000000000001,1.0,0.05263157894736842,0.48275862068965514,1.0,0.6201034737620104,0.95,Medium,1
0.5333333333333334,0.894736842105263,0.8640000000000002,0.6580000000000001,1.0,0.47368421052631576,0.0,0.8888888888888888,0.8647450110864747,0.77,High,2
0.8,0.47368421052631576,0.8190000000000001,0.019999999999999907,0.2857142857142857,0.5789473684210527,0.4482758620689655,0.2222222222222222,0.6984478935698448,0.15,High,2
0.26666666666666683,0.47368421052631576,0.18200000000000005,0.7460000000000002,1.0,0.9473684210526315,0.6551724137931034,0.2222222222222222,0.35254988913525503,0.965,Medium,1
0.26666666666666683,0.0,0.5369999999999999,0.9179999999999999,0.42857142857142855,0.10526315789473684,0.8275862068965517,0.5555555555555556,0.44419807834442,0.91,Low,0
0.5333333333333334,0.47368421052631576,0.354,0.3900000000000001,0.0,0.0,0.41379310344827586,0.6666666666666666,0.3503325942350332,1.0,Medium,1
0.4666666666666668,0.10526315789473684,0.5820000000000001,0.3320000000000001,0.42857142857142855,0.3157894736842105,0.3448275862068966,0.4444444444444444,0.6393200295639321,0.215,High,2
0.6000000000000001,0.6842105263157894,0.672,0.5780000000000001,1.0,0.47368421052631576,0.3448275862068966,0.8888888888888888,0.5498891352549891,0.735,High,2
0.4666666666666668,0.894736842105263,0.8160000000000002,0.7140000000000002,0.42857142857142855,0.3157894736842105,0.5517241379310345,0.1111111111111111,0.8433111603843313,0.14,Medium,1
0.8666666666666669,0.0,0.03700000000000003,0.6420000000000001,0.0,0.6842105263157894,0.0,0.3333333333333333,0.20842572062084258,0.3,Low,0
0.0,0.894736842105263,0.354,0.712,0.5714285714285714,0.8421052631578947,0.5172413793103449,0.5555555555555556,0.40354767184035484,0.31,Medium,1
0.8,0.15789473684210525,0.10999999999999999,0.46599999999999997,0.14285714285714285,0.2631578947368421,0.896551724137931,0.4444444444444444,0.24907612712490762,0.465,Low,0
0.8666666666666669,0.2631578947368421,0.396,0.562,0.14285714285714285,0.8421052631578947,0.6551724137931034,0.7777777777777777,0.2926829268292684,0.3,Medium,1
0.8666666666666669,0.6842105263157894,0.577,0.776,0.42857142857142855,0.0,0.9655172413793103,0.3333333333333333,0.5794530672579454,0.775,Low,0
0.7333333333333332,0.5789473684210527,0.013999999999999957,0.492,0.42857142857142855,0.7368421052631579,0.20689655172413793,0.2222222222222222,0.2283813747228382,0.015,Low,0
0.8666666666666669,0.5789473684210527,0.89,0.9079999999999999,0.0,0.10526315789473684,0.5517241379310345,0.7777777777777777,0.7649667405764968,0.66,Medium,1
0.7333333333333332,0.15789473684210525,0.594,0.8579999999999999,0.7142857142857142,0.21052631578947367,0.6206896551724138,0.4444444444444444,0.5846267553584628,0.87,Medium,1
0.3333333333333335,1.0,0.585,0.8859999999999999,0.0,0.3684210526315789,0.7241379310344828,0.5555555555555556,0.5277161862527717,0.715,Low,0
0.3333333333333335,0.10526315789473684,0.8890000000000001,0.30200000000000005,0.5714285714285714,0.05263157894736842,0.3103448275862069,0.5555555555555556,0.8226164079822618,0.5,High,2
0.19999999999999996,0.7368421052631579,0.9540000000000001,0.3820000000000001,0.5714285714285714,0.05263157894736842,0.41379310344827586,0.8888888888888888,0.7657058388765707,0.03,Medium,1
0.3333333333333335,0.7894736842105263,0.4960000000000001,0.9359999999999999,0.42857142857142855,0.9473684210526315,0.3103448275862069,0.5555555555555556,0.4323725055432374,0.415,Medium,1
0.6000000000000001,0.7894736842105263,0.5609999999999999,0.3640000000000001,0.8571428571428571,0.3157894736842105,0.0,0.4444444444444444,0.6762749445676275,0.625,Medium,1
0.06666666666666665,0.894736842105263,0.6970000000000002,0.12200000000000011,1.0,0.6842105263157894,0.7241379310344828,0.8888888888888888,0.5816703621581671,0.08,High,2
0.9333333333333333,0.6842105263157894,0.9570000000000002,0.524,0.42857142857142855,0.631578947368421,0.1724137931034483,1.0,0.9024390243902443,0.085,High,2
0.8,0.05263157894736842,0.258,0.8059999999999998,0.5714285714285714,0.7368421052631579,0.24137931034482757,0.4444444444444444,0.3082039911308205,0.935,Medium,1
0.5333333333333334,1.0,0.834,0.26,0.5714285714285714,0.631578947368421,0.06896551724137931,0.1111111111111111,0.8292682926829269,0.98,Medium,1
0.0,0.21052631578947367,0.715,0.8,0.42857142857142855,0.6842105263157894,0.5862068965517241,0.5555555555555556,0.7708795269770881,0.56,Medium,1
0.26666666666666683,0.7894736842105263,0.686,0.4970000000000001,0.0,0.5789473684210527,0.13793103448275862,0.1111111111111111,0.5195861049519588,0.285,Medium,1
0.8666666666666669,0.47368421052631576,0.45899999999999996,0.784,0.14285714285714285,0.21052631578947367,0.41379310344827586,0.0,0.34220251293422027,0.125,Low,0
0.3333333333333335,0.5789473684210527,0.3480000000000001,0.06400000000000006,0.8571428571428571,0.0,0.5862068965517241,0.3333333333333333,0.5232815964523283,0.225,Medium,1
0.6666666666666667,0.21052631578947367,0.4960000000000001,0.3919999999999999,0.2857142857142857,0.3157894736842105,0.9310344827586207,0.4444444444444444,0.7361419068736144,0.195,High,2
0.7333333333333332,0.3157894736842105,0.4660000000000001,0.02400000000000002,0.5714285714285714,0.894736842105263,0.6206896551724138,0.2222222222222222,0.3606799704360681,0.715,Medium,1
0.1333333333333333,0.10526315789473684,0.08600000000000002,0.5920000000000001,0.2857142857142857,0.7894736842105263,0.3448275862068966,0.3333333333333333,0.3266814486326683,0.45,Low,0
0.3333333333333335,0.3157894736842105,0.826,0.716,1.0,0.3157894736842105,0.7586206896551724,0.5555555555555556,0.7413155949741317,0.095,High,2
0.5333333333333334,0.21052631578947367,0.4960000000000001,0.9260000000000002,0.0,0.3157894736842105,0.6896551724137931,0.4444444444444444,0.4663710273466372,0.27,Low,0
0.4666666666666668,0.8421052631578947,0.7859999999999999,0.742,0.5714285714285714,0.6842105263157894,0.896551724137931,0.0,0.7679231337767924,0.79,Medium,1
0.8666666666666669,0.5263157894736842,0.118,0.42400000000000015,0.8571428571428571,0.7368421052631579,0.7931034482758621,0.4444444444444444,0.15151515151515155,0.595,Medium,1
0.9333333333333333,0.42105263157894735,0.9960000000000001,0.702,0.14285714285714285,0.10526315789473684,0.8275862068965517,0.2222222222222222,0.974870657797487,0.045,Medium,1
0.7333333333333332,0.47368421052631576,0.08399999999999996,0.4960000000000002,0.14285714285714285,0.631578947368421,0.20689655172413793,0.1111111111111111,0.0761271249076127,0.585,Low,0
1.0000000000000002,0.3684210526315789,0.5460000000000002,0.258,0.5714285714285714,0.9473684210526315,0.5172413793103449,0.0,0.42350332594235035,0.825,Medium,1
0.6000000000000001,0.5789473684210527,0.15100000000000002,0.9039999999999999,0.7142857142857142,0.05263157894736842,0.3448275862068966,0.0,0.1293422025129342,0.755,Low,0
0.8,0.7894736842105263,0.751,0.27,0.2857142857142857,1.0,0.48275862068965514,0.2222222222222222,0.5868440502586845,0.705,High,2
0.7333333333333332,0.7368421052631579,0.28400000000000003,0.6880000000000002,0.0,0.7894736842105263,0.10344827586206896,1.0,0.2099039172209905,0.185,Medium,1
0.7333333333333332,0.10526315789473684,0.791,0.6660000000000001,0.8571428571428571,0.8421052631578947,0.8275862068965517,1.0,0.7339246119733926,0.87,High,2
0.19999999999999996,0.10526315789473684,0.7050000000000002,0.050000000000000044,0.42857142857142855,0.0,0.3448275862068966,0.6666666666666666,0.558019216555802,0.545,Medium,1
0.4666666666666668,0.7894736842105263,0.739,0.41600000000000015,0.8571428571428571,0.7894736842105263,0.10344827586206896,0.3333333333333333,0.5964523281596452,0.585,High,2
0.1333333333333333,0.47368421052631576,0.5039999999999999,0.6660000000000001,0.2857142857142857,0.6842105263157894,0.1724137931034483,0.7777777777777777,0.5934959349593498,0.22,High,2
0.6000000000000001,0.3157894736842105,0.05599999999999994,0.04200000000000004,0.0,0.8421052631578947,0.7241379310344828,0.2222222222222222,0.229859571322986,0.065,Medium,1
0.26666666666666683,0.47368421052631576,0.363,0.10199999999999998,0.2857142857142857,0.9473684210526315,0.4482758620689655,0.8888888888888888,0.476718403547672,0.51,High,2
0.40000000000000013,0.21052631578947367,0.9740000000000001,0.708,0.7142857142857142,0.2631578947368421,0.5517241379310345,1.0,0.7524020694752402,0.565,High,2
0.40000000000000013,0.631578947368421,0.5619999999999999,0.76,0.0,0.15789473684210525,0.6206896551724138,0.1111111111111111,0.592017738359202,0.305,Low,0
0.8,0.5263157894736842,0.05399999999999999,0.3420000000000001,0.42857142857142855,0.0,0.9310344827586207,0.6666666666666666,0.22246858832224697,0.285,Low,0
0.19999999999999996,0.5789473684210527,0.41899999999999993,0.9239999999999999,0.8571428571428571,0.631578947368421,0.5862068965517241,0.1111111111111111,0.3806356245380636,0.46,Low,0
0.1333333333333333,0.5263157894736842,0.475,0.30800000000000005,0.7142857142857142,0.631578947368421,0.0,0.2222222222222222,0.5195861049519588,0.695,Medium,1
0.6000000000000001,0.21052631578947367,0.394,0.3900000000000001,0.8571428571428571,0.3157894736842105,0.3448275862068966,0.0,0.3991130820399113,0.19,Medium,1
0.0,0.8421052631578947,0.14900000000000002,0.32200000000000006,1.0,0.6842105263157894,0.20689655172413793,0.3333333333333333,0.2121212121212121,0.12,Low,0
0.0,0.05263157894736842,0.676,0.8100000000000003,0.7142857142857142,0.0,0.7586206896551724,0.6666666666666666,0.5277161862527717,0.865,Medium,1
0.4666666666666668,0.47368421052631576,0.45199999999999996,0.18200000000000005,0.42857142857142855,0.47368421052631576,0.6206896551724138,0.7777777777777777,0.40354767184035484,0.66,Medium,1
0.6666666666666667,0.3684210526315789,0.30900000000000005,0.014000000000000012,0.7142857142857142,0.7894736842105263,0.4482758620689655,0.6666666666666666,0.3096821877309683,0.815,High,2
0.26666666666666683,1.0,0.22899999999999998,0.9140000000000001,0.2857142857142857,0.6842105263157894,0.5517241379310345,0.8888888888888888,0.2121212121212121,0.17,High,2
0.8666666666666669,0.3684210526315789,0.10999999999999999,0.134,0.2857142857142857,0.3684210526315789,0.06896551724137931,0.6666666666666666,0.25498891352549896,0.79,Low,0
0.4666666666666668,0.6842105263157894,0.852,0.8420000000000003,0.42857142857142855,0.5263157894736842,0.0,0.3333333333333333,0.804138950480414,0.045,Medium,1
0.8,0.47368421052631576,0.28500000000000003,0.30200000000000005,0.42857142857142855,0.5263157894736842,0.7586206896551724,0.3333333333333333,0.32002956393200294,0.035,Medium,1
0.5333333333333334,0.47368421052631576,0.6310000000000001,0.3880000000000001,1.0,0.631578947368421,0.6551724137931034,0.1111111111111111,0.45602365114560256,0.565,Medium,1
0.3333333333333335,0.47368421052631576,0.393,0.9420000000000002,0.7142857142857142,0.894736842105263,0.3103448275862069,0.6666666666666666,0.5491500369549152,0.16,High,2
0.26666666666666683,0.7894736842105263,0.6529999999999999,0.6859999999999999,0.8571428571428571,0.15789473684210525,0.034482758620689655,0.8888888888888888,0.4833702882483371,0.17,Medium,1
0.7333333333333332,1.0,0.051999999999999935,0.06999999999999995,1.0,0.9473684210526315,0.20689655172413793,0.4444444444444444,0.03843311160384333,0.985,Medium,1
0.40000000000000013,0.7894736842105263,0.46799999999999997,0.4460000000000002,0.0,0.42105263157894735,0.9310344827586207,0.2222222222222222,0.3466371027346638,0.63,Medium,1
0.4666666666666668,0.05263157894736842,0.43300000000000005,0.5,0.7142857142857142,0.15789473684210525,1.0,0.4444444444444444,0.5720620842572062,0.85,Medium,1
0.9333333333333333,0.47368421052631576,0.41899999999999993,0.3420000000000001,0.0,0.9473684210526315,0.7241379310344828,0.1111111111111111,0.5631929046563193,0.525,Medium,1
0.8666666666666669,0.42105263157894735,0.6490000000000001,0.712,0.2857142857142857,0.47368421052631576,0.896551724137931,0.7777777777777777,0.729490022172949,0.025,Medium,1
0.5333333333333334,0.3684210526315789,0.6330000000000001,0.9960000000000002,0.0,0.10526315789473684,0.7241379310344828,0.6666666666666666,0.476718403547672,0.525,Low,0
0.3333333333333335,0.6842105263157894,0.501,0.71,0.2857142857142857,0.631578947368421,0.8620689655172413,0.5555555555555556,0.38654841093865483,0.885,Low,0
0.4666666666666668,0.6842105263157894,0.85,0.5980000000000001,0.14285714285714285,0.15789473684210525,0.5517241379310345,0.6666666666666666,0.7028824833702885,0.09,Medium,1
0.6666666666666667,0.15789473684210525,0.08099999999999996,0.25,1.0,0.7368421052631579,0.06896551724137931,0.4444444444444444,0.16555801921655583,0.025,Medium,1
0.4666666666666668,0.21052631578947367,0.7859999999999999,0.272,0.5714285714285714,0.894736842105263,0.6551724137931034,0.7777777777777777,0.8292682926829269,0.9,Medium,1
0.4666666666666668,0.42105263157894735,0.392,0.19000000000000006,0.14285714285714285,0.05263157894736842,0.9310344827586207,0.5555555555555556,0.295639320029564,0.69,Low,0
0.8,0.47368421052631576,0.5220000000000001,0.6539999999999999,0.2857142857142857,0.47368421052631576,0.5862068965517241,1.0,0.42276422764227645,0.44,Medium,1
0.1333333333333333,0.15789473684210525,0.4880000000000001,0.14600000000000013,0.0,0.3684210526315789,0.6551724137931034,0.0,0.6023651145602367,0.445,Medium,1
1.0000000000000002,0.47368421052631576,0.646,0.6260000000000001,0.2857142857142857,0.3157894736842105,0.9310344827586207,0.7777777777777777,0.5964523281596452,0.87,Low,0
0.26666666666666683,0.5789473684210527,0.119,0.20999999999999996,0.5714285714285714,0.8421052631578947,0.8275862068965517,0.4444444444444444,0.0842572062084257,0.31,Medium,1
0.19999999999999996,0.8421052631578947,0.842,0.28200000000000003,0.42857142857142855,0.3157894736842105,0.4482758620689655,0.2222222222222222,0.8277900960827791,0.38,Medium,1
0.6000000000000001,0.9473684210526315,0.04800000000000004,0.1060000000000001,1.0,0.42105263157894735,0.6206896551724138,0.5555555555555556,0.3141167775314118,0.67,Medium,1
0.1333333333333333,0.47368421052631576,0.40500000000000014,0.15800000000000003,0.5714285714285714,0.5263157894736842,0.3103448275862069,0.7777777777777777,0.3111603843311161,0.39,High,2
0.26666666666666683,0.15789473684210525,0.049000000000000044,0.9199999999999999,0.14285714285714285,0.2631578947368421,0.24137931034482757,0.1111111111111111,0.039911308203991136,0.845,Low,0
0.0,0.6842105263157894,0.6570000000000001,0.4970000000000001,0.14285714285714285,0.631578947368421,0.896551724137931,0.3333333333333333,0.5070214338507022,0.43,Medium,1
0.9333333333333333,0.9473684210526315,0.6609999999999999,0.03200000000000003,0.42857142857142855,0.0,0.10344827586206896,0.5555555555555556,0.746489283074649,0.4,Medium,1
0.5333333333333334,0.5263157894736842,0.5970000000000001,0.6400000000000001,0.8571428571428571,0.42105263157894735,0.3103448275862069,0.5555555555555556,0.7036215816703624,0.785,Medium,1
0.06666666666666665,0.47368421052631576,0.4970000000000001,0.238,0.0,0.6842105263157894,1.0,0.8888888888888888,0.4087213599408723,0.15,Medium,1
0.19999999999999996,1.0,0.6070000000000001,0.8920000000000001,0.8571428571428571,0.6842105263157894,0.06896551724137931,0.7777777777777777,0.7087952697708797,0.32,High,2
0.19999999999999996,0.7368421052631579,0.3410000000000001,0.8500000000000001,0.42857142857142855,0.42105263157894735,0.41379310344827586,0.3333333333333333,0.5136733185513673,0.88,Low,0
0.19999999999999996,0.2631578947368421,0.020000000000000018,0.3599999999999999,0.0,0.3684210526315789,0.3448275862068966,0.1111111111111111,0.10790835181079084,0.015,Low,0
0.9333333333333333,0.10526315789473684,0.834,0.4560000000000002,1.0,0.2631578947368421,0.13793103448275862,0.6666666666666666,0.7679231337767924,0.505,High,2
0.8,0.3157894736842105,0.15599999999999992,0.28200000000000003,0.42857142857142855,0.9473684210526315,0.896551724137931,0.4444444444444444,0.25646711012564677,0.87,Medium,1
0.1333333333333333,0.2631578947368421,0.953,0.050000000000000044,0.42857142857142855,0.15789473684210525,0.7586206896551724,0.1111111111111111,0.9630450849963046,0.005,Medium,1
0.4666666666666668,1.0,0.5210000000000001,0.776,0.42857142857142855,1.0,0.5172413793103449,0.7777777777777777,0.4833702882483371,0.43,Medium,1
0.8666666666666669,0.631578947368421,0.21699999999999997,0.09000000000000008,1.0,0.47368421052631576,0.4482758620689655,0.1111111111111111,0.37102734663710285,0.34,Medium,1
0.6000000000000001,0.5789473684210527,0.9410000000000002,0.9420000000000002,0.42857142857142855,0.2631578947368421,0.4482758620689655,0.5555555555555556,0.9630450849963046,0.595,Medium,1
0.6000000000000001,0.9473684210526315,0.66,0.758,0.5714285714285714,0.3684210526315789,0.41379310344827586,0.5555555555555556,0.6548410938654843,0.905,Medium,1
0.9333333333333333,0.5789473684210527,0.826,0.03200000000000003,0.7142857142857142,0.42105263157894735,0.4482758620689655,0.2222222222222222,0.6016260162601628,0.715,Medium,1
0.8,0.47368421052631576,0.392,0.262,0.0,0.9473684210526315,0.6206896551724138,0.7777777777777777,0.40354767184035484,0.915,Medium,1
0.5333333333333334,0.894736842105263,0.15100000000000002,0.6519999999999999,0.7142857142857142,0.15789473684210525,1.0,0.0,0.3762010347376202,0.385,Low,0
0.4666666666666668,0.7894736842105263,0.127,0.8640000000000001,1.0,0.3157894736842105,0.10344827586206896,0.8888888888888888,0.35476718403547675,0.825,Medium,1
0.9333333333333333,0.42105263157894735,0.805,0.3340000000000001,1.0,0.6842105263157894,0.6551724137931034,0.4444444444444444,0.7435328898743534,0.855,High,2
0.06666666666666665,0.5789473684210527,0.392,0.694,0.5714285714285714,0.3684210526315789,0.48275862068965514,0.2222222222222222,0.5070214338507022,0.79,Low,0
0.26666666666666683,0.894736842105263,0.30999999999999994,0.6800000000000002,0.5714285714285714,0.47368421052631576,0.5862068965517241,0.0,0.3835920177383593,0.43,Low,0
0.6666666666666667,0.10526315789473684,0.991,0.486,0.14285714285714285,0.7894736842105263,1.0,0.7777777777777777,0.7228381374722839,0.55,High,2
1.0000000000000002,0.7894736842105263,0.43400000000000005,0.974,0.7142857142857142,0.21052631578947367,0.8620689655172413,1.0,0.5210643015521066,0.155,Medium,1
0.19999999999999996,0.0,0.9730000000000002,0.5720000000000001,0.42857142857142855,0.3157894736842105,0.6896551724137931,0.2222222222222222,0.8396156688839618,0.865,Medium,1
0.5333333333333334,0.47368421052631576,0.8140000000000002,0.15399999999999991,0.5714285714285714,0.894736842105263,1.0,0.1111111111111111,0.8573540280857355,0.47,High,2
0.6666666666666667,0.9473684210526315,0.4039999999999999,0.76,0.5714285714285714,0.2631578947368421,0.06896551724137931,0.7777777777777777,0.30672579453067256,0.105,Medium,1
0.3333333333333335,1.0,0.741,0.40600000000000014,1.0,0.42105263157894735,0.0,0.4444444444444444,0.5358462675535849,0.02,High,2
0.1333333333333333,0.15789473684210525,0.622,0.516,0.7142857142857142,0.631578947368421,0.034482758620689655,0.1111111111111111,0.45750184774575026,0.83,Medium,1
0.4666666666666668,0.6842105263157894,0.9109999999999999,0.498,1.0,0.8421052631578947,0.7931034482758621,1.0,0.7398373983739839,0.365,High,2
0.7333333333333332,0.15789473684210525,0.658,0.474,0.14285714285714285,0.2631578947368421,1.0,0.4444444444444444,0.5535846267553586,0.52,Medium,1
0.8,0.15789473684210525,0.7460000000000001,0.6480000000000001,0.7142857142857142,0.5263157894736842,0.3448275862068966,0.3333333333333333,0.6119733924611974,0.26,Medium,1
0.5333333333333334,0.47368421052631576,0.017000000000000015,0.22599999999999998,1.0,0.10526315789473684,0.3793103448275862,0.4444444444444444,0.09977827050997778,0.47,Low,0
0.1333333333333333,0.2631578947368421,0.22899999999999998,0.504,0.2857142857142857,0.6842105263157894,0.4482758620689655,1.0,0.19881744271988183,0.615,Medium,1
0.26666666666666683,0.05263157894736842,0.19100000000000006,0.6000000000000001,0.42857142857142855,0.7894736842105263,0.7586206896551724,0.2222222222222222,0.2786400591278641,0.79,Low,0
0.4666666666666668,1.0,0.922,0.014000000000000012,0.0,0.42105263157894735,0.8275862068965517,0.8888888888888888,0.8721359940872138,0.37,High,2
0.8666666666666669,0.10526315789473684,0.402,0.11199999999999988,0.5714285714285714,0.7368421052631579,0.24137931034482757,1.0,0.5395417590539542,0.615,High,2
0.5333333333333334,0.894736842105263,0.45999999999999996,0.05399999999999994,0.7142857142857142,0.8421052631578947,0.06896551724137931,0.5555555555555556,0.5218033998521805,0.105,Medium,1
0.40000000000000013,0.3684210526315789,0.9400000000000001,0.47,0.14285714285714285,0.15789473684210525,0.3448275862068966,0.4444444444444444,0.9563932002956395,0.775,Medium,1
0.19999999999999996,0.3157894736842105,0.01799999999999996,0.778,0.14285714285714285,0.15789473684210525,0.3103448275862069,0.2222222222222222,0.09682187730968217,0.71,Low,0
0.4666666666666668,0.631578947368421,0.09100000000000003,0.6100000000000001,0.2857142857142857,0.05263157894736842,0.5517241379310345,0.4444444444444444,0.26607538802660763,0.55,Low,0
0.8666666666666669,0.15789473684210525,0.20000000000000007,0.04200000000000004,1.0,0.5263157894736842,0.06896551724137931,0.3333333333333333,0.1951219512195122,0.83,Medium,1
0.9333333333333333,0.7894736842105263,0.268,0.522,0.0,0.631578947368421,0.896551724137931,0.2222222222222222,0.5018477457501849,0.595,Low,0
0.06666666666666665,0.9473684210526315,0.31700000000000006,1.0,0.8571428571428571,0.7368421052631579,0.7931034482758621,0.0,0.26829268292682934,0.175,Low,0
0.26666666666666683,0.0,0.18600000000000005,0.764,0.0,0.21052631578947367,0.9655172413793103,0.6666666666666666,0.15373244641537326,0.09,Low,0
0.19999999999999996,0.21052631578947367,0.67,0.09199999999999997,0.14285714285714285,0.21052631578947367,0.06896551724137931,0.7777777777777777,0.5631929046563193,0.46,High,2
0.19999999999999996,0.15789473684210525,0.4890000000000001,0.6240000000000001,0.7142857142857142,1.0,0.6206896551724138,0.7777777777777777,0.4138950480413896,0.52,High,2
0.5333333333333334,0.5263157894736842,0.08300000000000002,0.252,0.7142857142857142,0.9473684210526315,0.5517241379310345,0.8888888888888888,0.3288987435328899,0.18,High,2
0.19999999999999996,0.3157894736842105,0.03899999999999998,0.09800000000000009,1.0,1.0,1.0,0.4444444444444444,0.24981522542498152,0.645,Medium,1
0.8,0.7894736842105263,0.805,0.4960000000000002,0.7142857142857142,0.631578947368421,0.24137931034482757,0.1111111111111111,0.5018477457501849,0.365,Medium,1
0.7333333333333332,0.05263157894736842,0.049000000000000044,0.10399999999999987,0.7142857142857142,0.894736842105263,0.13793103448275862,0.1111111111111111,0.18699186991869926,0.025,Medium,1
0.19999999999999996,0.7894736842105263,0.44399999999999995,0.28200000000000003,0.14285714285714285,0.894736842105263,0.3103448275862069,1.0,0.44419807834442,0.25,High,2
0.26666666666666683,0.10526315789473684,0.32500000000000007,0.796,0.7142857142857142,0.3157894736842105,1.0,0.1111111111111111,0.4508499630450851,0.555,Low,0
0.7333333333333332,0.21052631578947367,0.606,0.9179999999999999,1.0,0.5263157894736842,0.9655172413793103,0.1111111111111111,0.476718403547672,0.965,Low,0
0.1333333333333333,0.7368421052631579,0.6189999999999999,0.694,0.5714285714285714,0.0,1.0,0.4444444444444444,0.6385809312638582,0.085,Medium,1
0.9333333333333333,0.7368421052631579,0.6210000000000001,0.694,0.8571428571428571,1.0,0.20689655172413793,0.7777777777777777,0.45380635624538074,0.66,High,2
0.8,0.2631578947368421,0.826,0.06600000000000006,1.0,0.21052631578947367,1.0,0.3333333333333333,0.8507021433850703,0.79,High,2
0.06666666666666665,0.5263157894736842,0.6109999999999999,0.07400000000000007,1.0,0.3684210526315789,0.0,0.0,0.47302291204730235,0.505,Medium,1
0.7333333333333332,0.47368421052631576,0.121,0.12200000000000011,0.5714285714285714,0.2631578947368421,0.3448275862068966,0.0,0.23207686622320772,0.505,Low,0
0.9333333333333333,0.7368421052631579,0.17599999999999993,0.5860000000000001,0.2857142857142857,0.47368421052631576,0.9655172413793103,0.2222222222222222,0.17073170731707316,0.505,Medium,1
0.5333333333333334,0.8421052631578947,0.397,0.4970000000000001,0.14285714285714285,0.42105263157894735,0.20689655172413793,0.4444444444444444,0.40428677014042874,0.845,Medium,1
1.0000000000000002,0.7894736842105263,0.18399999999999994,0.5700000000000001,0.42857142857142855,0.47368421052631576,1.0,0.4444444444444444,0.23059866962305992,0.55,Medium,1
0.26666666666666683,0.47368421052631576,0.2440000000000001,0.726,0.14285714285714285,0.15789473684210525,0.10344827586206896,0.5555555555555556,0.27272727272727276,0.46,Medium,1
0.0,0.631578947368421,0.9029999999999999,0.972,0.8571428571428571,0.6842105263157894,0.10344827586206896,0.4444444444444444,0.7524020694752402,0.625,High,2
0.1333333333333333,0.05263157894736842,0.5300000000000001,0.11999999999999988,0.7142857142857142,0.47368421052631576,0.6551724137931034,0.0,0.6186252771618626,0.045,Medium,1
0.40000000000000013,0.0,0.6609999999999999,0.030000000000000027,0.5714285714285714,0.7894736842105263,0.3103448275862069,0.8888888888888888,0.6999260901699926,0.88,High,2
0.6666666666666667,0.21052631578947367,0.531,0.6420000000000001,0.8571428571428571,0.7894736842105263,0.3448275862068966,0.4444444444444444,0.6526237989652623,0.595,Medium,1
0.6666666666666667,0.21052631578947367,0.42899999999999994,0.5980000000000001,0.14285714285714285,0.9473684210526315,0.0,0.7777777777777777,0.4360679970436068,0.25,Medium,1
0.5333333333333334,0.631578947368421,0.057999999999999996,0.726,0.14285714285714285,0.8421052631578947,0.7241379310344828,0.5555555555555556,0.1101256467110126,0.455,Low,0
0.40000000000000013,0.5789473684210527,0.389,0.75,0.0,0.3684210526315789,0.034482758620689655,0.4444444444444444,0.27346637102734667,0.28,Low,0
0.4666666666666668,0.42105263157894735,0.33799999999999997,0.266,1.0,0.9473684210526315,0.20689655172413793,0.0,0.4124168514412417,0.295,Medium,1
1.0000000000000002,0.2631578947368421,0.39,0.18599999999999994,1.0,0.9473684210526315,0.3103448275862069,0.7777777777777777,0.32150776053215085,0.565,High,2
0.06666666666666665,0.42105263157894735,0.08799999999999997,0.518,0.14285714285714285,0.3684210526315789,0.41379310344827586,0.3333333333333333,0.32224685883222476,0.94,Low,0
0.7333333333333332,0.631578947368421,0.44600000000000006,0.972,1.0,0.8421052631578947,0.10344827586206896,0.5555555555555556,0.4634146341463416,0.72,Medium,1
0.6000000000000001,0.3684210526315789,0.14300000000000002,0.764,0.2857142857142857,0.7894736842105263,0.5172413793103449,0.0,0.18477457501847744,0.72,Low,0
0.3333333333333335,0.7368421052631579,0.531,0.32600000000000007,1.0,0.7894736842105263,0.6206896551724138,0.6666666666666666,0.5388026607538803,0.1,High,2
0.8,0.05263157894736842,0.01799999999999996,0.9160000000000001,0.5714285714285714,0.5789473684210527,0.8275862068965517,0.4444444444444444,0.15373244641537326,0.6,Low,0
0.8,0.5263157894736842,0.6689999999999999,0.8239999999999998,0.14285714285714285,0.3684210526315789,0.8275862068965517,0.8888888888888888,0.599408721359941,0.715,Medium,1
0.6000000000000001,0.2631578947368421,0.4029999999999999,0.11999999999999988,1.0,0.894736842105263,0.7586206896551724,0.1111111111111111,0.39246119733924617,0.86,High,2
0.19999999999999996,0.6842105263157894,0.3480000000000001,0.46199999999999997,0.5714285714285714,1.0,0.8620689655172413,0.0,0.28677014042867705,0.105,Medium,1
1.0000000000000002,0.10526315789473684,0.6960000000000001,0.264,0.7142857142857142,0.3684210526315789,0.27586206896551724,0.6666666666666666,0.6784922394678494,0.98,High,2
0.6666666666666667,0.6842105263157894,0.32599999999999996,0.09000000000000008,0.14285714285714285,0.47368421052631576,0.41379310344827586,0.8888888888888888,0.33628972653362904,0.09,Medium,1
0.1333333333333333,1.0,0.511,0.9239999999999999,0.5714285714285714,0.15789473684210525,0.5172413793103449,0.4444444444444444,0.632668144863267,0.505,Low,0
0.3333333333333335,0.3157894736842105,0.977,0.8300000000000001,0.14285714285714285,0.21052631578947367,0.034482758620689655,0.5555555555555556,0.7494456762749446,0.335,Medium,1
0.6000000000000001,0.3684210526315789,0.22000000000000008,0.7380000000000002,0.14285714285714285,0.3684210526315789,0.13793103448275862,0.4444444444444444,0.2475979305247598,0.36,Low,0
0.6000000000000001,0.47368421052631576,0.44600000000000006,0.4800000000000002,0.2857142857142857,0.7368421052631579,1.0,0.7777777777777777,0.3828529194382854,0.69,High,2
0.1333333333333333,0.10526315789473684,0.9500000000000001,0.8239999999999998,0.2857142857142857,0.7894736842105263,0.4482758620689655,0.3333333333333333,0.7272727272727275,0.41,High,2
0.19999999999999996,0.6842105263157894,0.376,0.06999999999999995,0.5714285714285714,0.2631578947368421,0.6896551724137931,0.0,0.4626755358462677,0.555,Low,0
0.40000000000000013,0.3157894736842105,0.719,0.5860000000000001,0.7142857142857142,0.47368421052631576,0.6206896551724138,1.0,0.7413155949741317,0.345,High,2
0.3333333333333335,0.5789473684210527,0.5800000000000001,0.9640000000000002,0.7142857142857142,0.9473684210526315,0.6896551724137931,0.5555555555555556,0.5779748706577976,0.87,Medium,1
0.8,0.0,0.6029999999999999,0.20799999999999996,0.42857142857142855,0.9473684210526315,0.1724137931034483,0.5555555555555556,0.689578713968958,0.13,High,2
0.19999999999999996,0.631578947368421,0.4900000000000001,0.252,0.0,0.3157894736842105,0.4482758620689655,0.5555555555555556,0.49076127124907615,0.14,Medium,1
0.7333333333333332,0.5789473684210527,0.8990000000000001,0.8760000000000001,0.7142857142857142,1.0,0.10344827586206896,0.6666666666666666,0.6770140428677014,0.4,High,2
0.06666666666666665,1.0,0.3440000000000001,0.9940000000000002,0.2857142857142857,0.7368421052631579,0.5172413793103449,0.8888888888888888,0.3259423503325943,0.19,Medium,1
0.3333333333333335,0.47368421052631576,0.6669999999999999,0.3679999999999999,0.5714285714285714,0.0,0.7931034482758621,0.8888888888888888,0.5388026607538803,0.87,Medium,1
0.5333333333333334,0.8421052631578947,0.8710000000000001,0.3660000000000001,0.0,0.21052631578947367,0.48275862068965514,0.6666666666666666,0.6762749445676275,0.39,Medium,1
0.26666666666666683,0.47368421052631576,0.745,0.3839999999999999,0.5714285714285714,0.5263157894736842,0.7586206896551724,0.6666666666666666,0.541019955654102,0.735,Medium,1
0.7333333333333332,0.6842105263157894,0.495,0.20599999999999996,0.7142857142857142,0.2631578947368421,0.3793103448275862,0.3333333333333333,0.6097560975609757,0.535,Low,0
0.8666666666666669,0.42105263157894735,0.4960000000000001,0.9780000000000002,0.2857142857142857,0.5263157894736842,0.5517241379310345,0.4444444444444444,0.5801921655580193,0.155,Medium,1
0.6666666666666667,1.0,0.551,0.75,0.14285714285714285,0.15789473684210525,0.034482758620689655,0.7777777777777777,0.6245380635624538,0.265,Medium,1
0.9333333333333333,0.21052631578947367,0.858,0.71,0.7142857142857142,0.21052631578947367,0.4482758620689655,0.3333333333333333,0.6208425720620843,0.605,Medium,1
0.40000000000000013,0.631578947368421,0.43300000000000005,0.30800000000000005,0.5714285714285714,0.21052631578947367,0.3103448275862069,0.6666666666666666,0.5772357723577237,0.815,Medium,1
0.06666666666666665,0.9473684210526315,0.32699999999999996,0.796,1.0,0.8421052631578947,0.5862068965517241,0.6666666666666666,0.3599408721359942,0.04,Medium,1
0.9333333333333333,0.9473684210526315,0.515,0.20399999999999996,0.2857142857142857,0.42105263157894735,0.41379310344827586,1.0,0.3954175905395419,0.975,Medium,1
0.3333333333333335,0.15789473684210525,0.10899999999999999,0.9079999999999999,0.2857142857142857,0.3157894736842105,0.1724137931034483,0.0,0.15151515151515155,0.32,Low,0
0.8666666666666669,0.47368421052631576,0.5369999999999999,0.6740000000000002,0.42857142857142855,1.0,0.3793103448275862,0.8888888888888888,0.6511456023651145,0.41,High,2
0.6666666666666667,0.631578947368421,0.3450000000000001,0.3039999999999998,0.14285714285714285,0.42105263157894735,0.5517241379310345,1.0,0.3148558758314857,0.045,Medium,1
0.26666666666666683,0.3157894736842105,0.797,0.3039999999999998,0.42857142857142855,0.47368421052631576,0.5862068965517241,1.0,0.6548410938654843,0.475,Medium,1
0.19999999999999996,0.7368421052631579,0.8119999999999999,0.3580000000000001,0.2857142857142857,0.3157894736842105,0.8620689655172413,0.7777777777777777,0.8174427198817444,0.405,High,2
0.6000000000000001,0.5263157894736842,0.878,0.07799999999999996,0.8571428571428571,0.894736842105263,0.4482758620689655,0.0,0.8240946045824096,0.815,High,2
0.7333333333333332,0.3684210526315789,0.376,0.8739999999999999,0.0,0.3684210526315789,0.27586206896551724,0.1111111111111111,0.27420546932742057,0.15,Low,0
0.1333333333333333,1.0,0.34199999999999997,0.9420000000000002,0.42857142857142855,0.8421052631578947,0.9655172413793103,1.0,0.3680709534368071,0.91,Medium,1
0.5333333333333334,0.631578947368421,0.6470000000000001,0.42799999999999994,1.0,0.7368421052631579,0.6206896551724138,0.1111111111111111,0.7331855136733187,0.83,Medium,1
0.5333333333333334,0.7894736842105263,0.9269999999999999,0.3320000000000001,0.8571428571428571,0.7894736842105263,0.5862068965517241,0.5555555555555556,0.8765705838876572,0.135,High,2
0.6666666666666667,0.2631578947368421,0.392,0.9640000000000002,0.7142857142857142,0.0,0.41379310344827586,0.6666666666666666,0.4619364375461938,0.94,Low,0
0.6000000000000001,0.42105263157894735,0.4980000000000001,0.8180000000000001,0.42857142857142855,0.631578947368421,0.27586206896551724,0.0,0.3791574279379158,0.76,Medium,1
0.7333333333333332,0.9473684210526315,0.518,0.72,0.42857142857142855,0.0,0.06896551724137931,0.0,0.46045824094604587,0.78,Low,0
0.40000000000000013,0.7894736842105263,0.19900000000000007,0.536,0.5714285714285714,0.3157894736842105,0.7931034482758621,0.3333333333333333,0.2291204730229121,0.745,Low,0
0.0,0.631578947368421,0.7400000000000001,0.05600000000000005,0.7142857142857142,0.05263157894736842,0.6551724137931034,0.2222222222222222,0.5661492978566149,0.15,Medium,1
0.0,0.631578947368421,0.2240000000000001,0.13800000000000012,1.0,0.47368421052631576,0.7586206896551724,0.6666666666666666,0.3665927568366593,0.025,Medium,1
0.3333333333333335,0.8421052631578947,0.22499999999999998,0.504,0.42857142857142855,0.7894736842105263,0.10344827586206896,1.0,0.15373244641537326,0.18,High,2
0.6000000000000001,0.21052631578947367,0.16900000000000004,0.11999999999999988,0.5714285714285714,0.21052631578947367,0.10344827586206896,1.0,0.1611234294161123,0.615,Medium,1
0.06666666666666665,0.8421052631578947,0.381,0.8100000000000003,0.2857142857142857,0.8421052631578947,0.3793103448275862,0.3333333333333333,0.5114560236511458,0.5,Medium,1
0.0,0.3157894736842105,0.4650000000000001,0.43399999999999994,0.7142857142857142,0.15789473684210525,0.7931034482758621,0.7777777777777777,0.5624538063562454,0.66,Medium,1
0.8,0.05263157894736842,0.04800000000000004,0.56,1.0,0.5263157894736842,0.27586206896551724,0.2222222222222222,0.13008130081300812,0.08,Medium,1
0.7333333333333332,0.05263157894736842,0.07100000000000001,0.14600000000000013,0.14285714285714285,0.5263157894736842,0.6551724137931034,0.1111111111111111,0.11160384331116036,0.705,Low,0
0.0,0.0,0.5820000000000001,0.99,0.2857142857142857,0.631578947368421,0.034482758620689655,0.6666666666666666,0.5838876570583889,0.885,Medium,1
0.0,0.15789473684210525,0.261,0.4019999999999999,0.8571428571428571,0.7368421052631579,0.1724137931034483,0.3333333333333333,0.27346637102734667,0.71,Medium,1
0.19999999999999996,0.2631578947368421,0.6769999999999999,0.9019999999999999,0.0,0.894736842105263,0.27586206896551724,0.0,0.7176644493717665,0.475,Medium,1
0.7333333333333332,0.42105263157894735,0.4960000000000001,0.954,0.42857142857142855,0.47368421052631576,0.5517241379310345,0.5555555555555556,0.35550628233555065,0.885,Low,0
0.4666666666666668,0.7894736842105263,0.30700000000000005,0.09399999999999997,0.8571428571428571,0.6842105263157894,0.896551724137931,0.5555555555555556,0.3288987435328899,0.03,High,2
0.7333333333333332,0.15789473684210525,0.749,0.266,0.2857142857142857,1.0,0.034482758620689655,0.2222222222222222,0.5942350332594237,0.69,High,2
0.6666666666666667,0.7368421052631579,0.539,0.05399999999999994,0.7142857142857142,1.0,0.24137931034482757,0.8888888888888888,0.6747967479674797,0.65,High,2
1.0000000000000002,0.7894736842105263,0.8530000000000001,0.9780000000000002,0.8571428571428571,0.894736842105263,0.48275862068965514,0.6666666666666666,0.729490022172949,0.33,High,2
0.06666666666666665,0.3684210526315789,0.22699999999999998,0.43800000000000017,0.7142857142857142,0.05263157894736842,0.06896551724137931,0.0,0.4308943089430895,0.865,Low,0
0.3333333333333335,0.2631578947368421,0.6210000000000001,0.5680000000000001,1.0,0.0,0.6206896551724138,0.5555555555555556,0.47450110864745026,0.38,Medium,1
0.8,1.0,0.20899999999999996,0.22399999999999998,0.5714285714285714,0.10526315789473684,0.0,0.5555555555555556,0.3968957871396897,0.655,Low,0
0.6666666666666667,0.47368421052631576,0.502,0.8719999999999999,0.7142857142857142,0.5789473684210527,0.8275862068965517,0.1111111111111111,0.3968957871396897,0.17,Medium,1
0.40000000000000013,0.15789473684210525,0.6630000000000001,0.492,0.8571428571428571,0.47368421052631576,0.0,0.2222222222222222,0.6666666666666667,0.515,Medium,1
0.7333333333333332,0.894736842105263,0.842,0.8460000000000001,0.0,0.42105263157894735,0.7586206896551724,0.8888888888888888,0.8765705838876572,0.445,Medium,1
1.0000000000000002,0.7368421052631579,0.03799999999999998,0.28200000000000003,0.8571428571428571,0.7894736842105263,0.5517241379310345,0.2222222222222222,0.15225424981522545,0.71,Medium,1
0.8666666666666669,0.15789473684210525,0.272,0.56,0.14285714285714285,0.6842105263157894,0.5517241379310345,0.2222222222222222,0.4619364375461938,0.67,Medium,1
0.1333333333333333,0.10526315789473684,0.803,0.6720000000000002,0.8571428571428571,0.5263157894736842,0.48275862068965514,0.2222222222222222,0.5868440502586845,0.365,Medium,1
1.0000000000000002,0.0,0.123,0.6660000000000001,0.8571428571428571,0.6842105263157894,1.0,0.5555555555555556,0.20768662232076868,0.83,Medium,1
0.1333333333333333,0.10526315789473684,0.43599999999999994,0.20599999999999996,0.5714285714285714,1.0,0.3448275862068966,1.0,0.5521064301552108,0.695,High,2
0.7333333333333332,0.0,0.9470000000000002,0.124,0.42857142857142855,0.15789473684210525,0.034482758620689655,0.6666666666666666,0.927568366592757,0.525,Medium,1
0.4666666666666668,0.3157894736842105,0.34299999999999997,0.778,0.14285714285714285,0.7368421052631579,0.20689655172413793,0.3333333333333333,0.4804138950480415,0.945,Medium,1
0.6666666666666667,0.7894736842105263,0.15500000000000003,0.16199999999999992,1.0,0.5263157894736842,0.1724137931034483,0.0,0.18033998521803402,0.695,Medium,1
0.19999999999999996,0.631578947368421,0.41999999999999993,0.494,0.5714285714285714,0.0,0.034482758620689655,1.0,0.4789356984478936,0.65,Low,0
0.06666666666666665,0.47368421052631576,0.07800000000000001,0.41999999999999993,0.0,0.42105263157894735,1.0,0.0,0.22690317812269029,0.455,Low,0
1.0000000000000002,0.3157894736842105,0.22599999999999998,0.256,0.8571428571428571,0.9473684210526315,1.0,0.6666666666666666,0.2283813747228382,0.285,High,2
0.40000000000000013,0.7894736842105263,0.40700000000000003,0.974,0.14285714285714285,0.15789473684210525,0.8275862068965517,0.7777777777777777,0.31929046563192903,0.16,Medium,1
0.7333333333333332,0.42105263157894735,0.61,0.21199999999999997,0.8571428571428571,0.5789473684210527,0.48275862068965514,0.5555555555555556,0.4966740576496675,0.385,High,2
0.3333333333333335,0.2631578947368421,0.16300000000000003,0.998,0.8571428571428571,0.47368421052631576,0.9310344827586207,1.0,0.3932002956393201,0.83,Low,0
0.3333333333333335,0.9473684210526315,0.382,0.14800000000000002,0.0,0.9473684210526315,0.9310344827586207,0.1111111111111111,0.5018477457501849,0.555,Medium,1
0.9333333333333333,0.42105263157894735,0.0,0.6880000000000002,0.42857142857142855,0.2631578947368421,0.3448275862068966,1.0,0.008130081300812997,0.665,Low,0
0.6000000000000001,0.21052631578947367,0.33099999999999996,0.9600000000000002,1.0,0.5263157894736842,0.3103448275862069,1.0,0.3488543976348855,0.625,Medium,1
0.26666666666666683,0.7894736842105263,0.237,0.46599999999999997,0.0,0.7368421052631579,0.5862068965517241,0.2222222222222222,0.22616407982261638,0.405,Low,0
0.5333333333333334,0.42105263157894735,0.8270000000000001,0.018000000000000016,0.42857142857142855,0.7368421052631579,0.3448275862068966,1.0,0.6016260162601628,0.145,High,2
0.9333333333333333,0.10526315789473684,0.264,0.5780000000000001,0.5714285714285714,0.5263157894736842,0.7931034482758621,0.7777777777777777,0.18033998521803402,0.05,Medium,1
0.3333333333333335,0.894736842105263,0.07300000000000006,0.548,0.42857142857142855,0.47368421052631576,0.48275862068965514,0.3333333333333333,0.18920916481892086,0.405,Low,0
0.7333333333333332,0.05263157894736842,0.271,0.3859999999999999,0.0,0.3684210526315789,0.7931034482758621,0.8888888888888888,0.229859571322986,0.55,Medium,1
0.4666666666666668,0.21052631578947367,0.14100000000000001,0.9019999999999999,0.42857142857142855,0.15789473684210525,0.6551724137931034,0.8888888888888888,0.2993348115299335,0.915,Low,0
0.8,0.2631578947368421,0.658,0.6560000000000001,0.2857142857142857,0.6842105263157894,0.10344827586206896,0.8888888888888888,0.5528455284552847,0.64,High,2
0.1333333333333333,0.10526315789473684,0.279,0.10999999999999999,0.8571428571428571,0.47368421052631576,0.24137931034482757,0.4444444444444444,0.3096821877309683,0.505,Medium,1
1.0000000000000002,0.5789473684210527,1.0,0.9280000000000002,0.8571428571428571,0.9473684210526315,0.06896551724137931,0.3333333333333333,0.7612712490761273,0.955,High,2
0.19999999999999996,0.15789473684210525,0.346,0.5840000000000001,0.2857142857142857,0.3157894736842105,0.8620689655172413,0.4444444444444444,0.2771618625277163,0.785,Low,0
0.6666666666666667,0.7368421052631579,0.4660000000000001,0.8340000000000001,0.5714285714285714,0.6842105263157894,0.9655172413793103,1.0,0.3680709534368071,0.46,High,2
1.0000000000000002,0.9473684210526315,0.7050000000000002,0.6599999999999999,0.2857142857142857,0.6842105263157894,0.24137931034482757,0.4444444444444444,0.5491500369549152,0.5,Medium,1
0.1333333333333333,0.47368421052631576,0.6109999999999999,0.6699999999999999,0.2857142857142857,0.3684210526315789,0.3448275862068966,0.0,0.44198078344419817,0.145,Low,0
0.6666666666666667,0.3684210526315789,0.5060000000000001,0.8219999999999998,0.14285714285714285,0.05263157894736842,0.6551724137931034,0.6666666666666666,0.515890613451589,0.245,Low,0
0.6666666666666667,0.631578947368421,0.33399999999999996,0.756,1.0,0.05263157894736842,0.6206896551724138,0.2222222222222222,0.28677014042867705,0.345,Low,0
0.0,0.05263157894736842,0.382,0.5980000000000001,0.42857142857142855,0.21052631578947367,0.9655172413793103,0.4444444444444444,0.4478935698447894,0.65,Low,0
0.9333333333333333,0.9473684210526315,0.05300000000000005,0.4039999999999999,0.5714285714285714,0.10526315789473684,0.9655172413793103,0.0,0.2446415373244642,0.055,Low,0
0.19999999999999996,0.6842105263157894,0.29400000000000004,0.8079999999999998,1.0,0.0,0.034482758620689655,0.6666666666666666,0.4619364375461938,0.69,Low,0
0.26666666666666683,0.42105263157894735,0.4740000000000001,0.10399999999999987,0.42857142857142855,0.21052631578947367,0.896551724137931,0.6666666666666666,0.3680709534368071,0.985,Medium,1
0.06666666666666665,0.894736842105263,0.126,0.11599999999999999,0.8571428571428571,0.21052631578947367,0.3103448275862069,0.3333333333333333,0.3266814486326683,0.09,Medium,1
0.1333333333333333,0.9473684210526315,0.14600000000000002,0.44000000000000017,0.14285714285714285,0.3684210526315789,0.27586206896551724,0.8888888888888888,0.2616407982261641,0.3,Medium,1
0.06666666666666665,0.15789473684210525,0.969,0.528,0.5714285714285714,0.5263157894736842,0.7241379310344828,0.3333333333333333,0.8270509977827052,0.55,High,2
0.06666666666666665,0.47368421052631576,0.975,0.0039999999999998925,0.8571428571428571,0.7368421052631579,0.6551724137931034,0.3333333333333333,0.8144863266814488,0.335,High,2
0.6000000000000001,0.47368421052631576,0.255,0.026000000000000023,0.0,0.0,0.5517241379310345,0.8888888888888888,0.3621581670362158,0.255,Medium,1
0.40000000000000013,0.05263157894736842,0.5640000000000001,0.9480000000000002,0.7142857142857142,0.8421052631578947,0.3103448275862069,0.8888888888888888,0.42498152254249827,0.76,Medium,1
0.3333333333333335,0.7368421052631579,0.874,0.8200000000000001,0.0,0.7894736842105263,0.3448275862068966,0.5555555555555556,0.8728750923872877,0.3,High,2
0.6666666666666667,0.5263157894736842,0.5720000000000001,0.6300000000000001,0.0,0.8421052631578947,0.8620689655172413,0.2222222222222222,0.516629711751663,0.17,Medium,1
0.8,0.10526315789473684,0.9090000000000001,0.3619999999999999,0.0,0.15789473684210525,0.6896551724137931,0.5555555555555556,0.8455284552845528,0.525,Medium,1
0.9333333333333333,0.7368421052631579,0.363,0.050000000000000044,0.0,0.21052631578947367,0.1724137931034483,0.6666666666666666,0.35476718403547675,0.875,Low,0
0.26666666666666683,0.0,0.6529999999999999,0.9440000000000002,0.8571428571428571,0.8421052631578947,0.7931034482758621,0.5555555555555556,0.467110125646711,0.765,Medium,1
0.9333333333333333,1.0,0.492,0.3820000000000001,0.42857142857142855,0.10526315789473684,0.13793103448275862,0.8888888888888888,0.37176644493717675,0.58,Medium,1
0.9333333333333333,0.15789473684210525,0.017000000000000015,0.6400000000000001,0.5714285714285714,0.42105263157894735,0.8620689655172413,0.7777777777777777,0.055432372505543226,0.85,Low,0
0.8,0.6842105263157894,0.119,0.1439999999999999,1.0,0.3157894736842105,0.4482758620689655,0.0,0.28529194382852924,0.325,Low,0
0.0,0.15789473684210525,0.8470000000000001,0.708,0.8571428571428571,0.2631578947368421,0.1724137931034483,0.3333333333333333,0.8226164079822618,0.275,Medium,1
0.6666666666666667,0.47368421052631576,0.532,0.812,0.14285714285714285,0.894736842105263,0.7586206896551724,0.6666666666666666,0.6600147819660016,0.035,Medium,1
0.6000000000000001,0.5789473684210527,0.034999999999999976,0.07799999999999996,0.0,0.42105263157894735,0.13793103448275862,0.6666666666666666,0.18477457501847744,0.385,Medium,1
0.26666666666666683,0.8421052631578947,0.394,0.794,0.7142857142857142,0.894736842105263,0.9655172413793103,0.1111111111111111,0.4464153732446416,0.305,Medium,1
0.26666666666666683,0.6842105263157894,0.9250000000000002,0.03200000000000003,0.42857142857142855,0.5789473684210527,0.4482758620689655,0.8888888888888888,0.8307464892830747,0.25,High,2
0.4666666666666668,0.05263157894736842,0.8710000000000001,0.258,0.2857142857142857,0.9473684210526315,0.10344827586206896,0.1111111111111111,0.6371027346637104,0.65,High,2
0.7333333333333332,0.05263157894736842,0.40700000000000003,0.762,0.14285714285714285,0.894736842105263,0.9310344827586207,0.6666666666666666,0.5018477457501849,0.06,High,2
0.8,0.7368421052631579,0.577,0.264,0.7142857142857142,0.5263157894736842,0.4482758620689655,1.0,0.6267553584626755,0.19,High,2
0.06666666666666665,0.8421052631578947,0.8410000000000001,0.262,0.7142857142857142,0.894736842105263,0.1724137931034483,0.8888888888888888,0.6910569105691058,0.67,High,2
0.3333333333333335,0.5263157894736842,0.9420000000000001,0.6119999999999999,0.5714285714285714,0.47368421052631576,0.7241379310344828,0.4444444444444444,0.7376201034737622,0.33,High,2
0.40000000000000013,0.0,0.492,0.534,0.0,0.2631578947368421,0.5172413793103449,0.6666666666666666,0.4013303769401331,0.94,Medium,1
0.1333333333333333,0.15789473684210525,0.352,0.02200000000000002,1.0,0.47368421052631576,0.3103448275862069,0.8888888888888888,0.4279379157427939,0.84,Medium,1
0.0,0.5789473684210527,0.674,0.29000000000000004,0.0,0.894736842105263,0.7586206896551724,1.0,0.5535846267553586,0.71,High,2
0.7333333333333332,0.7368421052631579,0.5529999999999999,0.8559999999999999,0.8571428571428571,0.15789473684210525,0.3793103448275862,0.0,0.6082779009608279,0.805,Low,0
0.7333333333333332,0.9473684210526315,0.894,0.29800000000000004,0.2857142857142857,0.894736842105263,0.24137931034482757,0.3333333333333333,0.9393939393939397,0.42,High,2
0.8,0.21052631578947367,0.932,0.3460000000000001,0.7142857142857142,1.0,0.5517241379310345,0.1111111111111111,0.7117516629711753,0.18,High,2
0.0,0.10526315789473684,0.769,0.4970000000000001,1.0,0.8421052631578947,0.9655172413793103,0.4444444444444444,0.6932742054693275,0.505,High,2
0.6666666666666667,0.5789473684210527,0.43699999999999994,0.22399999999999998,1.0,0.15789473684210525,0.24137931034482757,0.4444444444444444,0.37176644493717675,0.135,Medium,1
0.5333333333333334,0.7894736842105263,0.5619999999999999,0.9320000000000002,0.7142857142857142,0.47368421052631576,0.6551724137931034,0.3333333333333333,0.6733185513673319,0.06,Medium,1
0.5333333333333334,0.47368421052631576,0.2440000000000001,0.8640000000000001,0.7142857142857142,0.8421052631578947,0.3793103448275862,0.7777777777777777,0.44271988174427207,0.45,Medium,1
0.7333333333333332,0.21052631578947367,0.29900000000000004,0.44199999999999995,0.5714285714285714,0.10526315789473684,0.9310344827586207,0.5555555555555556,0.37324464153732456,0.745,Low,0
0.26666666666666683,0.2631578947368421,0.975,0.5960000000000001,0.0,0.3684210526315789,0.3448275862068966,0.4444444444444444,0.9297856614929787,0.935,Medium,1
0.40000000000000013,0.3684210526315789,0.524,0.8699999999999999,0.7142857142857142,0.5789473684210527,0.13793103448275862,0.5555555555555556,0.4360679970436068,0.845,High,2
0.8,0.42105263157894735,0.254,0.6980000000000002,0.8571428571428571,0.631578947368421,0.9310344827586207,1.0,0.3983739837398374,0.205,High,2
0.19999999999999996,0.6842105263157894,0.8800000000000002,0.3599999999999999,0.0,0.6842105263157894,0.5862068965517241,0.3333333333333333,0.80339985218034,0.02,High,2
0.6000000000000001,0.5263157894736842,0.7480000000000001,0.47,0.8571428571428571,1.0,0.13793103448275862,0.2222222222222222,0.5484109386548413,0.04,High,2
0.06666666666666665,0.7894736842105263,0.7300000000000001,0.09600000000000009,0.5714285714285714,0.894736842105263,0.24137931034482757,0.6666666666666666,0.6718403547671841,0.47,High,2
0.8666666666666669,0.5263157894736842,0.68,0.8160000000000001,0.2857142857142857,0.10526315789473684,0.896551724137931,0.8888888888888888,0.5572801182557281,0.68,Medium,1
0.7333333333333332,0.21052631578947367,0.37,0.9239999999999999,0.42857142857142855,0.42105263157894735,0.8620689655172413,1.0,0.4456762749445677,0.975,Medium,1
0.19999999999999996,0.47368421052631576,0.17599999999999993,0.8739999999999999,0.0,0.05263157894736842,0.5517241379310345,0.3333333333333333,0.31633407243163353,0.735,Low,0
0.26666666666666683,0.894736842105263,0.05700000000000005,0.8140000000000001,0.2857142857142857,0.5789473684210527,0.27586206896551724,0.6666666666666666,0.17294900221729487,0.7,Low,0
0.40000000000000013,0.6842105263157894,0.18300000000000005,0.1279999999999999,0.8571428571428571,0.0,0.48275862068965514,0.6666666666666666,0.3651145602365115,0.18,Medium,1
0.26666666666666683,0.9473684210526315,0.10899999999999999,0.32600000000000007,0.0,0.15789473684210525,0.6551724137931034,0.2222222222222222,0.2985957132298596,0.05,Low,0
0.3333333333333335,0.0,0.5890000000000001,0.486,1.0,0.15789473684210525,0.034482758620689655,0.7777777777777777,0.7021433850702146,0.455,Medium,1
0.5333333333333334,0.0,0.5660000000000001,0.33000000000000007,0.42857142857142855,0.3684210526315789,0.8620689655172413,0.4444444444444444,0.49223946784922396,0.82,Medium,1
0.19999999999999996,0.2631578947368421,0.576,0.9440000000000002,0.2857142857142857,0.9473684210526315,0.896551724137931,0.8888888888888888,0.6267553584626755,0.56,High,2
0.7333333333333332,0.05263157894736842,0.07599999999999996,0.9600000000000002,0.0,0.7368421052631579,0.5172413793103449,0.5555555555555556,0.16629711751662973,0.835,Low,0
0.26666666666666683,0.8421052631578947,0.82,0.4720000000000002,0.7142857142857142,0.2631578947368421,0.13793103448275862,0.5555555555555556,0.6984478935698448,0.81,Medium,1
0.6000000000000001,0.8421052631578947,0.4960000000000001,0.8980000000000001,0.8571428571428571,0.10526315789473684,0.1724137931034483,0.4444444444444444,0.4501108647450112,0.755,Low,0
0.7333333333333332,0.15789473684210525,0.08300000000000002,0.99,1.0,0.10526315789473684,0.6551724137931034,0.8888888888888888,0.25351071692535115,0.91,Low,0
0.7333333333333332,0.8421052631578947,0.4960000000000001,0.4970000000000001,0.0,0.3157894736842105,0.5517241379310345,0.8888888888888888,0.6267553584626755,0.16,High,2
0.8666666666666669,0.894736842105263,0.5750000000000001,0.6020000000000001,0.0,0.3157894736842105,0.3103448275862069,0.6666666666666666,0.5934959349593498,0.96,Medium,1
0.8,0.2631578947368421,0.21299999999999997,0.3820000000000001,1.0,0.7368421052631579,0.7931034482758621,0.7777777777777777,0.39098300073909836,0.32,High,2
0.3333333333333335,0.47368421052631576,0.045999999999999985,0.712,0.5714285714285714,0.42105263157894735,0.3793103448275862,0.6666666666666666,0.2113821138211383,0.62,Low,0
0.06666666666666665,0.7894736842105263,0.8880000000000002,0.8879999999999999,0.14285714285714285,0.5789473684210527,0.41379310344827586,0.5555555555555556,0.7065779748706578,0.735,Medium,1
0.40000000000000013,0.894736842105263,0.382,0.6220000000000001,0.2857142857142857,0.10526315789473684,0.6896551724137931,1.0,0.43976348854397646,0.57,Low,0
0.4666666666666668,0.21052631578947367,0.7400000000000001,0.051999999999999935,0.5714285714285714,0.7368421052631579,0.0,0.6666666666666666,0.5912786400591281,0.505,High,2
0.3333333333333335,0.3684210526315789,0.03899999999999998,0.532,1.0,0.15789473684210525,0.8275862068965517,0.2222222222222222,0.30672579453067256,0.54,Low,0
0.6000000000000001,0.47368421052631576,0.127,0.08399999999999996,0.5714285714285714,1.0,0.3448275862068966,0.0,0.3436807095343681,0.335,Low,0
0.40000000000000013,0.05263157894736842,0.271,0.20999999999999996,0.42857142857142855,0.15789473684210525,0.3793103448275862,0.2222222222222222,0.18920916481892086,0.05,Low,0
0.8666666666666669,0.7368421052631579,0.31100000000000005,0.08399999999999996,0.14285714285714285,0.42105263157894735,0.20689655172413793,0.1111111111111111,0.4131559497413157,0.025,Low,0
0.6666666666666667,0.9473684210526315,0.5519999999999999,0.9000000000000001,0.7142857142857142,0.05263157894736842,0.3103448275862069,0.2222222222222222,0.5225424981522544,0.66,Low,0
1.0000000000000002,0.10526315789473684,0.46799999999999997,0.772,0.2857142857142857,0.7368421052631579,0.10344827586206896,0.2222222222222222,0.3680709534368071,0.315,Medium,1
0.0,0.15789473684210525,0.92,0.486,0.8571428571428571,0.8421052631578947,0.5172413793103449,1.0,0.8588322246858833,0.595,High,2
0.19999999999999996,0.42105263157894735,0.09500000000000003,0.9800000000000002,0.42857142857142855,0.7368421052631579,0.7241379310344828,0.8888888888888888,0.20251293422025135,0.07,Medium,1
0.1333333333333333,0.5789473684210527,0.28400000000000003,0.9800000000000002,1.0,0.2631578947368421,0.3793103448275862,0.7777777777777777,0.4168514412416852,0.72,Low,0
0.8,0.2631578947368421,0.595,0.492,0.42857142857142855,0.0,0.3103448275862069,0.5555555555555556,0.5388026607538803,0.845,Low,0
0.4666666666666668,0.6842105263157894,0.557,0.019999999999999907,0.7142857142857142,0.42105263157894735,0.7586206896551724,0.1111111111111111,0.6097560975609757,0.04,Medium,1
0.1333333333333333,0.9473684210526315,0.8190000000000001,0.694,1.0,0.7894736842105263,0.3793103448275862,0.0,0.8093126385809313,0.885,High,2
0.19999999999999996,0.21052631578947367,0.936,0.504,0.42857142857142855,0.0,0.7586206896551724,0.3333333333333333,0.8085735402808574,0.415,Medium,1
0.6000000000000001,0.10526315789473684,0.807,0.3859999999999999,0.14285714285714285,0.05263157894736842,0.5172413793103449,0.0,0.5018477457501849,0.77,Low,0
0.6000000000000001,0.05263157894736842,0.6330000000000001,0.33000000000000007,0.5714285714285714,0.631578947368421,0.20689655172413793,1.0,0.6156688839615669,0.66,High,2
0.40000000000000013,1.0,0.03899999999999998,0.966,0.8571428571428571,0.5789473684210527,1.0,0.5555555555555556,0.026607538802660757,0.255,Medium,1
1.0000000000000002,0.42105263157894735,0.781,0.9039999999999999,0.7142857142857142,0.7894736842105263,0.3103448275862069,0.6666666666666666,0.6674057649667406,0.525,High,2
0.7333333333333332,0.47368421052631576,0.7080000000000001,0.6260000000000001,0.42857142857142855,0.05263157894736842,0.7931034482758621,0.2222222222222222,0.7634885439763488,0.97,Low,0
0.6000000000000001,0.47368421052631576,0.395,0.792,0.8571428571428571,0.47368421052631576,0.3793103448275862,0.1111111111111111,0.5402808573540281,0.215,Low,0
0.6000000000000001,0.7368421052631579,0.674,0.026000000000000023,0.14285714285714285,0.47368421052631576,0.5862068965517241,0.8888888888888888,0.6178861788617886,0.605,High,2
0.1333333333333333,1.0,0.9070000000000001,0.8879999999999999,0.7142857142857142,0.15789473684210525,0.3448275862068966,1.0,0.6762749445676275,0.505,High,2
0.8,0.6842105263157894,0.8330000000000001,0.1519999999999999,1.0,0.3157894736842105,0.034482758620689655,0.2222222222222222,0.713968957871397,0.39,Medium,1
0.5333333333333334,0.47368421052631576,0.4960000000000001,0.19000000000000006,0.7142857142857142,0.5789473684210527,0.41379310344827586,0.7777777777777777,0.5528455284552847,0.915,Medium,1
0.3333333333333335,0.42105263157894735,0.584,0.8280000000000001,0.0,0.42105263157894735,0.5517241379310345,0.8888888888888888,0.6186252771618626,0.04,Medium,1
0.6000000000000001,0.47368421052631576,0.7260000000000001,0.6060000000000001,1.0,0.9473684210526315,0.7241379310344828,0.1111111111111111,0.7036215816703624,0.705,High,2
0.26666666666666683,0.5789473684210527,0.243,0.5640000000000001,1.0,0.3684210526315789,0.7241379310344828,0.2222222222222222,0.41980783444198094,0.505,Low,0
0.40000000000000013,0.6842105263157894,0.527,0.9199999999999999,0.7142857142857142,0.21052631578947367,0.48275862068965514,0.8888888888888888,0.38507021433850713,0.505,Medium,1
0.40000000000000013,0.5263157894736842,0.355,0.6420000000000001,1.0,0.0,0.20689655172413793,0.8888888888888888,0.5314116777531412,0.355,Medium,1
0.7333333333333332,0.3684210526315789,0.5910000000000001,0.4560000000000002,0.0,0.05263157894736842,0.7931034482758621,0.0,0.5691056910569108,0.565,Low,0
0.40000000000000013,0.42105263157894735,0.46799999999999997,0.4179999999999999,0.0,0.0,0.41379310344827586,0.5555555555555556,0.45306725794530683,0.315,Low,0
0.6000000000000001,0.631578947368421,0.7500000000000001,0.8480000000000001,0.14285714285714285,0.7894736842105263,0.1724137931034483,0.7777777777777777,0.8011825572801183,0.845,Medium,1
0.1333333333333333,0.05263157894736842,0.795,0.33599999999999985,0.8571428571428571,0.10526315789473684,0.7931034482758621,0.5555555555555556,0.7620103473762012,0.03,Medium,1
0.3333333333333335,0.7894736842105263,0.8560000000000002,0.966,0.5714285714285714,0.7368421052631579,0.06896551724137931,0.8888888888888888,0.6297117516629713,0.73,High,2
0.4666666666666668,0.9473684210526315,0.122,0.33599999999999985,1.0,0.7894736842105263,0.27586206896551724,0.3333333333333333,0.08499630450849965,0.17,Medium,1
0.8666666666666669,0.15789473684210525,0.576,0.266,0.0,0.21052631578947367,0.24137931034482757,0.6666666666666666,0.4789356984478936,0.02,Low,0
0.6666666666666667,0.9473684210526315,0.527,0.44999999999999996,0.42857142857142855,0.47368421052631576,0.5172413793103449,0.0,0.6304508499630452,0.505,Medium,1
0.40000000000000013,0.3684210526315789,0.7060000000000001,0.486,0.7142857142857142,0.47368421052631576,0.7241379310344828,0.6666666666666666,0.7132298595713231,0.98,Medium,1
0.1333333333333333,0.05263157894736842,0.21399999999999997,0.484,0.7142857142857142,0.3684210526315789,0.7586206896551724,0.2222222222222222,0.2653362897265337,0.675,Medium,1
0.06666666666666665,0.8421052631578947,0.6250000000000001,0.014000000000000012,0.5714285714285714,0.47368421052631576,0.5517241379310345,0.2222222222222222,0.5395417590539542,0.805,Medium,1
0.6666666666666667,0.2631578947368421,0.42300000000000004,0.9140000000000001,0.2857142857142857,1.0,0.13793103448275862,0.2222222222222222,0.49297856614929797,0.765,Medium,1
0.6666666666666667,0.21052631578947367,0.37,0.28400000000000003,0.8571428571428571,0.3684210526315789,0.1724137931034483,0.6666666666666666,0.4131559497413157,0.39,Medium,1
1.0000000000000002,0.894736842105263,0.502,0.8920000000000001,0.2857142857142857,0.3157894736842105,0.27586206896551724,0.4444444444444444,0.4804138950480415,0.615,Medium,1
0.26666666666666683,0.631578947368421,0.674,0.0119999999999999,0.5714285714285714,0.0,0.9310344827586207,0.4444444444444444,0.5476718403547671,0.785,Low,0
0.8666666666666669,0.5263157894736842,0.9310000000000002,0.29600000000000004,0.7142857142857142,0.631578947368421,0.7931034482758621,0.6666666666666666,0.9490022172949004,0.77,High,2
0.3333333333333335,0.47368421052631576,0.6390000000000001,0.016000000000000014,0.5714285714285714,0.42105263157894735,0.0,0.1111111111111111,0.6829268292682926,0.96,Medium,1
0.40000000000000013,0.21052631578947367,0.4960000000000001,0.30600000000000005,0.8571428571428571,0.2631578947368421,0.7241379310344828,0.2222222222222222,0.394678492239468,0.44,Medium,1
0.06666666666666665,0.7368421052631579,0.10999999999999999,0.10999999999999999,0.0,0.21052631578947367,0.3793103448275862,0.4444444444444444,0.10790835181079084,0.885,Low,0
0.1333333333333333,0.2631578947368421,0.34299999999999997,0.4640000000000002,0.0,0.3684210526315789,0.5172413793103449,0.7777777777777777,0.42350332594235035,1.0,Medium,1
0.4666666666666668,0.42105263157894735,0.7050000000000002,0.4179999999999999,0.0,0.6842105263157894,0.8620689655172413,0.3333333333333333,0.5380635624538064,0.505,Medium,1
0.1333333333333333,0.9473684210526315,0.9740000000000001,0.8680000000000001,0.7142857142857142,0.894736842105263,0.4482758620689655,0.7777777777777777,0.8152254249815225,0.585,High,2
0.5333333333333334,0.6842105263157894,0.783,0.06400000000000006,0.0,0.5789473684210527,0.7241379310344828,0.1111111111111111,0.5018477457501849,0.305,Medium,1
0.8,0.631578947368421,0.5439999999999999,0.3939999999999999,0.2857142857142857,1.0,0.3103448275862069,0.8888888888888888,0.6119733924611974,0.15,High,2
0.1333333333333333,0.894736842105263,0.242,0.3699999999999999,0.2857142857142857,0.15789473684210525,0.41379310344827586,0.8888888888888888,0.30598669623059865,0.955,Low,0
0.26666666666666683,0.47368421052631576,0.387,0.5840000000000001,0.5714285714285714,0.3684210526315789,0.0,0.1111111111111111,0.3621581670362158,0.59,Medium,1
0.3333333333333335,0.42105263157894735,0.9349999999999999,0.12200000000000011,0.7142857142857142,0.3157894736842105,0.896551724137931,0.1111111111111111,0.9482631189948263,0.82,Medium,1
0.8,0.47368421052631576,0.8210000000000001,0.15399999999999991,0.0,0.8421052631578947,0.896551724137931,0.1111111111111111,0.8447893569844791,0.97,High,2
0.8,0.5789473684210527,0.5630000000000001,0.08200000000000007,1.0,0.2631578947368421,0.3103448275862069,0.0,0.631929046563193,0.185,Medium,1
0.1333333333333333,0.5789473684210527,0.5650000000000001,0.9140000000000001,0.7142857142857142,0.3157894736842105,0.8620689655172413,0.8888888888888888,0.6474501108647452,0.59,Medium,1
0.7333333333333332,0.5789473684210527,0.376,0.9219999999999999,0.7142857142857142,0.2631578947368421,0.5862068965517241,0.1111111111111111,0.4301552106430156,0.6,Low,0
0.0,0.05263157894736842,0.14,0.9120000000000001,1.0,0.894736842105263,0.48275862068965514,0.5555555555555556,0.2815964523281596,0.105,Medium,1
0.5333333333333334,0.7368421052631579,0.07900000000000001,0.784,0.2857142857142857,0.42105263157894735,0.48275862068965514,0.4444444444444444,0.11973392461197335,0.41,Low,0
0.0,0.5263157894736842,0.548,0.20199999999999996,0.5714285714285714,0.9473684210526315,0.896551724137931,0.8888888888888888,0.6711012564671102,0.685,High,2
0.40000000000000013,0.05263157894736842,0.884,0.8520000000000001,0.2857142857142857,0.9473684210526315,0.24137931034482757,0.2222222222222222,0.8750923872875094,0.8,Medium,1
0.0,0.47368421052631576,0.656,0.31199999999999983,0.0,0.631578947368421,0.3793103448275862,1.0,0.5269770879526978,0.595,Medium,1
1.0000000000000002,0.7368421052631579,0.9390000000000002,0.3619999999999999,1.0,0.7894736842105263,0.5862068965517241,0.4444444444444444,0.7878787878787878,0.28,High,2
0.8666666666666669,1.0,0.11499999999999999,0.8559999999999999,1.0,0.10526315789473684,0.13793103448275862,0.8888888888888888,0.1263858093126386,0.94,Medium,1
0.6000000000000001,0.6842105263157894,0.7050000000000002,0.8699999999999999,0.7142857142857142,0.7368421052631579,0.9655172413793103,0.3333333333333333,0.7317073170731707,0.215,High,2
0.19999999999999996,0.10526315789473684,0.6829999999999999,0.22199999999999998,0.0,0.7368421052631579,0.034482758620689655,0.2222222222222222,0.5661492978566149,0.325,High,2
0.7333333333333332,0.8421052631578947,0.14700000000000002,0.264,1.0,0.47368421052631576,0.10344827586206896,0.0,0.30450849963045096,0.495,Low,0
0.40000000000000013,1.0,0.15599999999999992,0.9320000000000002,0.0,0.894736842105263,0.4482758620689655,0.6666666666666666,0.2808573540280858,0.67,Low,0
0.3333333333333335,0.0,0.124,0.756,0.7142857142857142,0.47368421052631576,0.10344827586206896,0.8888888888888888,0.09756097560975613,0.775,Medium,1
0.7333333333333332,0.42105263157894735,0.486,0.94,0.5714285714285714,0.7894736842105263,0.3448275862068966,0.5555555555555556,0.6385809312638582,0.105,Medium,1
0.3333333333333335,0.631578947368421,0.866,0.788,0.5714285714285714,0.3684210526315789,0.896551724137931,0.3333333333333333,0.7405764966740578,0.69,Medium,1
0.5333333333333334,0.894736842105263,0.6230000000000001,0.10199999999999998,1.0,0.3157894736842105,0.8620689655172413,0.6666666666666666,0.6023651145602367,0.525,Medium,1
0.4666666666666668,0.5789473684210527,0.5880000000000001,0.18800000000000006,0.5714285714285714,0.42105263157894735,0.27586206896551724,0.6666666666666666,0.7028824833702885,0.835,Medium,1
0.1333333333333333,0.2631578947368421,0.4109999999999999,0.8899999999999999,0.7142857142857142,0.3684210526315789,0.8275862068965517,0.4444444444444444,0.39024390243902446,0.535,Low,0
0.8,0.2631578947368421,0.28600000000000003,0.0,0.14285714285714285,0.894736842105263,0.3793103448275862,0.1111111111111111,0.3133776792313378,0.25,Medium,1
0.0,0.631578947368421,0.4960000000000001,0.486,0.8571428571428571,1.0,0.9655172413793103,0.7777777777777777,0.5898004434589801,0.68,High,2
0.19999999999999996,0.05263157894736842,0.09400000000000003,0.19399999999999995,0.8571428571428571,0.42105263157894735,0.27586206896551724,0.0,0.08351810790835179,0.275,Low,0
0.40000000000000013,0.0,0.09699999999999998,0.548,0.14285714285714285,0.894736842105263,0.6206896551724138,1.0,0.28824833702882485,0.35,Medium,1
0.5333333333333334,0.9473684210526315,0.355,0.8719999999999999,0.42857142857142855,1.0,0.6551724137931034,0.6666666666666666,0.5402808573540281,0.89,High,2
0.6000000000000001,0.7368421052631579,0.8570000000000001,0.3380000000000001,1.0,0.894736842105263,0.3793103448275862,0.1111111111111111,0.7287509238728751,0.78,High,2
0.5333333333333334,0.8421052631578947,0.662,0.956,0.14285714285714285,0.47368421052631576,0.1724137931034483,0.1111111111111111,0.5240206947524022,0.85,Low,0
0.3333333333333335,1.0,0.253,0.558,0.14285714285714285,0.2631578947368421,0.0,0.6666666666666666,0.3976348854397635,0.925,Low,0
0.9333333333333333,0.15789473684210525,0.652,0.45999999999999996,0.0,0.9473684210526315,0.48275862068965514,0.3333333333333333,0.6747967479674797,0.695,Medium,1
0.8,0.10526315789473684,0.9540000000000001,0.244,0.5714285714285714,0.2631578947368421,0.10344827586206896,0.3333333333333333,0.7280118255728014,0.83,Medium,1
0.8,0.42105263157894735,0.03799999999999998,0.562,1.0,0.15789473684210525,0.06896551724137931,0.2222222222222222,0.14708056171470812,0.57,Low,0
0.9333333333333333,0.7894736842105263,0.358,0.6560000000000001,0.8571428571428571,1.0,0.24137931034482757,0.4444444444444444,0.35402808573540284,0.88,Medium,1
0.19999999999999996,0.3684210526315789,0.858,0.8420000000000003,0.0,0.7368421052631579,0.41379310344827586,0.6666666666666666,0.7568366592756837,0.44,Medium,1
0.26666666666666683,0.9473684210526315,0.703,0.29000000000000004,0.14285714285714285,0.0,0.6896551724137931,0.8888888888888888,0.5321507760532151,0.225,Medium,1
0.6000000000000001,0.10526315789473684,0.09299999999999997,0.6560000000000001,1.0,0.631578947368421,1.0,0.0,0.17368810051736877,0.825,Low,0
0.0,0.7368421052631579,0.9170000000000001,0.20799999999999996,0.5714285714285714,0.7894736842105263,0.1724137931034483,0.1111111111111111,0.7427937915742795,0.655,High,2
0.8,1.0,0.5380000000000001,0.9059999999999999,0.2857142857142857,0.05263157894736842,0.3448275862068966,0.8888888888888888,0.5521064301552108,0.67,Medium,1
0.0,0.42105263157894735,0.8150000000000001,0.19000000000000006,0.7142857142857142,0.2631578947368421,0.10344827586206896,0.7777777777777777,0.7952697708795271,0.365,High,2
0.06666666666666665,0.631578947368421,0.07500000000000001,0.732,0.8571428571428571,0.47368421052631576,0.48275862068965514,0.7777777777777777,0.039911308203991136,0.845,Medium,1
0.8666666666666669,0.42105263157894735,0.013000000000000012,0.268,1.0,0.631578947368421,0.8620689655172413,0.4444444444444444,0.09164818920916484,0.18,Medium,1
0.5333333333333334,0.47368421052631576,0.5720000000000001,0.796,0.7142857142857142,0.2631578947368421,0.9310344827586207,0.5555555555555556,0.6917960088691797,0.95,Medium,1
0.19999999999999996,0.42105263157894735,0.263,0.6240000000000001,1.0,0.7894736842105263,0.8620689655172413,0.5555555555555556,0.2764227642276423,0.68,Medium,1
1.0000000000000002,0.7894736842105263,0.235,0.8980000000000001,0.2857142857142857,0.15789473684210525,0.41379310344827586,0.3333333333333333,0.3481152993348116,0.61,Low,0
1.0000000000000002,0.5789473684210527,0.532,0.7140000000000002,1.0,0.894736842105263,0.41379310344827586,0.1111111111111111,0.5609756097560976,0.68,Medium,1
0.0,0.42105263157894735,0.6130000000000001,0.19000000000000006,0.42857142857142855,0.6842105263157894,0.5862068965517241,0.8888888888888888,0.4818920916481893,0.385,High,2
0.0,0.631578947368421,0.8970000000000001,0.016000000000000014,0.7142857142857142,0.7368421052631579,0.3103448275862069,1.0,0.8366592756836662,0.26,High,2
0.9333333333333333,0.42105263157894735,0.17999999999999994,0.998,0.5714285714285714,0.5263157894736842,0.27586206896551724,0.2222222222222222,0.13377679231337763,0.56,Low,0
0.8,0.47368421052631576,0.9780000000000001,0.04800000000000004,0.7142857142857142,0.15789473684210525,0.5862068965517241,0.2222222222222222,0.8403547671840355,0.145,High,2
0.8,0.894736842105263,0.4960000000000001,0.6519999999999999,0.2857142857142857,0.9473684210526315,0.3448275862068966,0.7777777777777777,0.8122690317812269,0.295,High,2
0.8,1.0,0.10499999999999998,0.13000000000000012,0.14285714285714285,0.6842105263157894,0.8620689655172413,0.5555555555555556,0.2424242424242425,0.895,Low,0
0.8666666666666669,0.05263157894736842,0.15900000000000003,0.556,0.14285714285714285,0.21052631578947367,0.0,0.6666666666666666,0.1293422025129342,0.505,Low,0
0.8,0.5789473684210527,0.658,0.3599999999999999,0.42857142857142855,0.6842105263157894,0.13793103448275862,0.7777777777777777,0.6747967479674797,0.1,High,2
0.40000000000000013,0.7894736842105263,0.6970000000000002,0.5720000000000001,0.14285714285714285,0.631578947368421,0.27586206896551724,0.6666666666666666,0.7553584626755359,0.885,Medium,1
0.6000000000000001,0.3684210526315789,0.31700000000000006,0.124,0.8571428571428571,0.6842105263157894,1.0,0.6666666666666666,0.2276422764227642,0.355,High,2
0.5333333333333334,0.7894736842105263,0.793,0.9359999999999999,0.5714285714285714,0.6842105263157894,0.8275862068965517,0.3333333333333333,0.5018477457501849,0.63,Medium,1
0.5333333333333334,0.3684210526315789,0.8970000000000001,0.5840000000000001,0.7142857142857142,0.3684210526315789,0.7241379310344828,0.6666666666666666,0.7228381374722839,0.67,High,2
1.0000000000000002,0.9473684210526315,0.943,0.5740000000000001,0.42857142857142855,0.8421052631578947,0.27586206896551724,0.1111111111111111,0.7257945306725795,0.43,High,2
0.06666666666666665,0.3684210526315789,0.5210000000000001,0.508,0.8571428571428571,0.7894736842105263,0.5517241379310345,0.1111111111111111,0.4833702882483371,0.135,Medium,1
0.26666666666666683,0.47368421052631576,0.251,0.4720000000000002,0.8571428571428571,0.5789473684210527,0.9655172413793103,0.8888888888888888,0.17147080561714717,0.52,Medium,1
0.3333333333333335,0.0,0.507,0.25,0.7142857142857142,0.894736842105263,0.06896551724137931,0.6666666666666666,0.4981522542498153,0.69,Medium,1
0.8,0.15789473684210525,0.245,0.008000000000000007,1.0,0.2631578947368421,0.20689655172413793,0.0,0.4257206208425722,0.3,Medium,1
0.6666666666666667,0.894736842105263,0.4960000000000001,0.972,0.2857142857142857,0.0,0.3103448275862069,0.7777777777777777,0.6422764227642277,0.7,Low,0
0.26666666666666683,0.10526315789473684,1.0,0.9239999999999999,0.5714285714285714,0.21052631578947367,0.6896551724137931,0.0,0.9859571322985958,0.505,Medium,1
0.0,0.7368421052631579,0.65,0.16199999999999992,0.7142857142857142,0.7368421052631579,0.8620689655172413,0.4444444444444444,0.6511456023651145,0.3,High,2
0.1333333333333333,0.2631578947368421,0.4900000000000001,0.09399999999999997,0.5714285714285714,0.9473684210526315,0.8275862068965517,0.0,0.45380635624538074,0.31,High,2
0.6000000000000001,0.5789473684210527,0.551,0.5700000000000001,0.2857142857142857,0.3684210526315789,0.3448275862068966,0.0,0.6104951958610496,0.63,Low,0
0.5333333333333334,0.894736842105263,0.9490000000000002,0.14800000000000002,0.14285714285714285,0.10526315789473684,0.1724137931034483,0.4444444444444444,0.838137472283814,0.195,Medium,1
0.6666666666666667,0.6842105263157894,0.6880000000000001,0.6980000000000002,0.7142857142857142,0.5789473684210527,0.13793103448275862,1.0,0.5543237250554325,0.135,High,2
0.4666666666666668,0.5789473684210527,0.31200000000000006,0.8660000000000001,0.14285714285714285,0.10526315789473684,0.27586206896551724,0.2222222222222222,0.2786400591278641,0.145,Low,0
0.3333333333333335,0.7894736842105263,0.8039999999999999,0.526,0.8571428571428571,0.42105263157894735,0.7931034482758621,0.8888888888888888,0.6104951958610496,0.59,High,2
0.1333333333333333,0.894736842105263,0.6210000000000001,0.11199999999999988,0.14285714285714285,0.15789473684210525,0.3793103448275862,0.1111111111111111,0.5277161862527717,0.7,Medium,1
1.0000000000000002,1.0,0.6390000000000001,0.19199999999999995,0.42857142857142855,0.7894736842105263,0.5862068965517241,0.6666666666666666,0.5801921655580193,0.31,High,2
0.4666666666666668,0.5263157894736842,0.08499999999999996,0.40800000000000014,0.42857142857142855,0.2631578947368421,1.0,0.1111111111111111,0.3104212860310422,0.36,Low,0
0.06666666666666665,0.6842105263157894,0.9050000000000001,0.52,0.14285714285714285,0.7894736842105263,0.48275862068965514,0.2222222222222222,0.7014042867701404,0.805,High,2
0.40000000000000013,0.21052631578947367,0.9740000000000001,0.8340000000000001,0.5714285714285714,0.42105263157894735,0.10344827586206896,0.8888888888888888,0.7376201034737622,0.105,High,2
0.8,0.3684210526315789,0.8290000000000001,0.32799999999999985,0.7142857142857142,0.05263157894736842,0.20689655172413793,0.8888888888888888,0.8351810790835184,0.76,High,2
0.19999999999999996,0.42105263157894735,0.42500000000000004,0.45999999999999996,1.0,0.0,0.13793103448275862,0.2222222222222222,0.4944567627494458,0.13,Low,0
0.8,0.2631578947368421,0.7759999999999999,0.55,0.0,0.6842105263157894,0.3103448275862069,0.2222222222222222,0.7694013303769403,0.735,Medium,1
0.8666666666666669,0.894736842105263,0.31799999999999995,0.258,0.5714285714285714,0.7894736842105263,0.13793103448275862,1.0,0.35107169253510734,0.485,Medium,1
0.5333333333333334,0.6842105263157894,0.4890000000000001,0.268,0.42857142857142855,0.10526315789473684,0.06896551724137931,0.3333333333333333,0.4175905395417591,0.42,Low,0
0.6666666666666667,0.7894736842105263,0.85,0.6020000000000001,0.7142857142857142,0.3684210526315789,0.48275862068965514,1.0,0.8750923872875094,0.16,High,2
0.40000000000000013,0.6842105263157894,0.42300000000000004,0.8620000000000001,0.42857142857142855,0.2631578947368421,0.10344827586206896,0.4444444444444444,0.30450849963045096,0.53,Low,0
0.7333333333333332,0.3157894736842105,0.11299999999999999,0.9179999999999999,0.14285714285714285,0.8421052631578947,0.3793103448275862,1.0,0.15521064301552107,0.625,Low,0
0.0,0.8421052631578947,0.584,0.95,0.2857142857142857,0.0,0.13793103448275862,0.1111111111111111,0.5594974131559498,0.945,Low,0
0.7333333333333332,0.8421052631578947,0.5140000000000001,0.796,0.0,0.15789473684210525,0.48275862068965514,0.0,0.49150036954915005,0.695,Low,0
0.19999999999999996,0.10526315789473684,0.17699999999999994,0.742,0.14285714285714285,0.3157894736842105,0.20689655172413793,0.8888888888888888,0.3651145602365115,0.38,Medium,1
0.19999999999999996,0.5789473684210527,0.10299999999999998,0.6900000000000002,1.0,0.894736842105263,0.6551724137931034,0.8888888888888888,0.28603104212860314,0.645,Medium,1
0.0,0.6842105263157894,0.4960000000000001,0.8300000000000001,1.0,0.9473684210526315,0.41379310344827586,0.7777777777777777,0.5232815964523283,0.61,Medium,1
0.19999999999999996,0.7368421052631579,0.09199999999999997,0.14200000000000002,0.5714285714285714,0.5789473684210527,0.48275862068965514,0.3333333333333333,0.30672579453067256,0.65,Low,0
0.5333333333333334,0.8421052631578947,0.975,0.39600000000000013,0.8571428571428571,0.05263157894736842,0.6896551724137931,0.7777777777777777,0.796008869179601,0.67,Medium,1
0.5333333333333334,0.10526315789473684,0.926,0.29800000000000004,0.7142857142857142,0.42105263157894735,0.41379310344827586,0.0,0.6807095343680711,0.495,High,2
0.6000000000000001,0.9473684210526315,0.527,0.6279999999999999,0.14285714285714285,0.47368421052631576,0.6896551724137931,0.3333333333333333,0.38507021433850713,0.205,Medium,1
0.19999999999999996,0.6842105263157894,0.8880000000000002,0.6839999999999999,0.2857142857142857,0.631578947368421,0.5172413793103449,0.8888888888888888,0.7753141167775315,0.6,High,2
0.0,0.2631578947368421,0.21299999999999997,0.3839999999999999,1.0,0.6842105263157894,0.9310344827586207,0.5555555555555556,0.3252032520325204,0.065,Medium,1
0.8666666666666669,0.9473684210526315,0.05700000000000005,0.019999999999999907,0.8571428571428571,1.0,0.41379310344827586,0.8888888888888888,0.0761271249076127,0.765,Medium,1
0.3333333333333335,0.3684210526315789,0.016000000000000014,0.43599999999999994,0.14285714285714285,0.0,0.8620689655172413,0.2222222222222222,0.5018477457501849,0.205,Low,0
0.3333333333333335,0.631578947368421,0.7859999999999999,0.6000000000000001,0.0,0.05263157894736842,0.9655172413793103,0.6666666666666666,0.8203991130820398,0.135,Medium,1
0.6666666666666667,0.631578947368421,0.08600000000000002,0.272,0.2857142857142857,0.3157894736842105,0.5517241379310345,0.1111111111111111,0.0761271249076127,0.325,Low,0
0.6000000000000001,0.10526315789473684,0.45199999999999996,0.40800000000000014,1.0,0.47368421052631576,0.0,0.8888888888888888,0.5838876570583889,0.625,Medium,1
0.7333333333333332,0.42105263157894735,0.6509999999999999,0.42599999999999993,0.0,0.3684210526315789,1.0,0.2222222222222222,0.632668144863267,0.49,Medium,1
0.1333333333333333,0.10526315789473684,0.7679999999999999,0.9640000000000002,0.14285714285714285,0.2631578947368421,0.8620689655172413,0.7777777777777777,0.8004434589800444,0.755,Medium,1
0.9333333333333333,0.9473684210526315,0.6730000000000002,0.998,0.8571428571428571,1.0,0.896551724137931,0.0,0.5048041389504805,0.455,High,2
0.4666666666666668,0.47368421052631576,0.902,0.6359999999999999,1.0,0.2631578947368421,0.7931034482758621,0.1111111111111111,0.8085735402808574,0.8,Medium,1
0.8,0.9473684210526315,0.392,0.9140000000000001,0.14285714285714285,0.894736842105263,0.7586206896551724,0.6666666666666666,0.32372505543237257,0.14,Medium,1
0.3333333333333335,0.10526315789473684,0.257,0.5,0.8571428571428571,0.6842105263157894,0.8275862068965517,0.7777777777777777,0.3170731707317073,0.29,High,2
0.6000000000000001,0.9473684210526315,0.555,0.32799999999999985,1.0,0.3157894736842105,0.3793103448275862,0.7777777777777777,0.5875831485587584,0.19,High,2
0.7333333333333332,0.21052631578947367,0.6349999999999999,0.508,0.7142857142857142,0.15789473684210525,0.06896551724137931,0.6666666666666666,0.515890613451589,0.81,Low,0
0.3333333333333335,0.5789473684210527,0.139,0.22999999999999998,1.0,0.7368421052631579,0.6551724137931034,0.5555555555555556,0.3288987435328899,0.305,High,2
0.26666666666666683,0.894736842105263,0.01799999999999996,0.8399999999999999,0.2857142857142857,0.21052631578947367,0.20689655172413793,1.0,0.04878048780487804,0.505,Low,0
0.7333333333333332,0.9473684210526315,0.06900000000000006,0.3679999999999999,0.2857142857142857,0.6842105263157894,0.7931034482758621,0.5555555555555556,0.27198817442719886,0.625,Medium,1
0.4666666666666668,0.5789473684210527,0.372,0.8180000000000001,0.8571428571428571,0.631578947368421,0.6551724137931034,0.7777777777777777,0.26755358462675544,0.03,Medium,1
0.1333333333333333,0.3684210526315789,0.3610000000000001,0.5640000000000001,0.7142857142857142,0.21052631578947367,0.3103448275862069,0.7777777777777777,0.27050997782705094,0.07,Medium,1
0.06666666666666665,0.3684210526315789,0.18399999999999994,0.716,0.42857142857142855,1.0,0.1724137931034483,0.0,0.18625277161862536,0.165,Medium,1
0.1333333333333333,0.3157894736842105,0.07800000000000001,0.982,0.7142857142857142,0.2631578947368421,0.8275862068965517,0.7777777777777777,0.2135994087213599,0.405,Low,0
0.6000000000000001,0.2631578947368421,0.793,0.5700000000000001,0.2857142857142857,0.8421052631578947,0.896551724137931,0.0,0.6674057649667406,0.505,High,2
0.19999999999999996,0.15789473684210525,0.241,0.78,0.5714285714285714,0.15789473684210525,0.10344827586206896,0.7777777777777777,0.3178122690317812,0.685,Low,0
0.8666666666666669,0.0,0.6230000000000001,0.974,0.0,0.2631578947368421,0.9655172413793103,0.3333333333333333,0.7346637102734666,0.065,Medium,1
0.3333333333333335,0.47368421052631576,0.3450000000000001,0.744,0.0,0.5789473684210527,0.7931034482758621,0.7777777777777777,0.279379157427938,0.715,Medium,1
0.3333333333333335,0.42105263157894735,0.4820000000000001,0.9460000000000002,0.2857142857142857,0.7894736842105263,0.20689655172413793,0.6666666666666666,0.393939393939394,0.67,Medium,1
0.19999999999999996,0.6842105263157894,0.245,0.95,1.0,0.6842105263157894,0.9310344827586207,0.4444444444444444,0.1751662971175167,0.145,Medium,1
0.0,0.0,0.668,0.988,0.2857142857142857,0.9473684210526315,0.41379310344827586,0.3333333333333333,0.6156688839615669,0.375,Medium,1
0.8,0.894736842105263,0.367,0.6740000000000002,0.0,0.05263157894736842,0.3103448275862069,0.5555555555555556,0.35181079083518124,0.0,Low,0
0.8666666666666669,0.05263157894736842,0.03899999999999998,0.794,0.14285714285714285,0.7368421052631579,0.7931034482758621,0.3333333333333333,0.2830746489283074,0.68,Low,0
0.3333333333333335,0.8421052631578947,0.945,0.984,1.0,0.15789473684210525,0.7586206896551724,1.0,0.8181818181818183,0.91,Medium,1
0.26666666666666683,0.5263157894736842,0.42899999999999994,0.8680000000000001,0.14285714285714285,0.15789473684210525,0.41379310344827586,0.4444444444444444,0.4264597191426461,0.325,Low,0
0.19999999999999996,0.3684210526315789,0.8380000000000002,0.71,1.0,0.05263157894736842,0.3103448275862069,0.5555555555555556,0.7073170731707317,0.545,Medium,1
0.1333333333333333,0.21052631578947367,0.44600000000000006,0.712,0.42857142857142855,0.15789473684210525,0.6206896551724138,0.6666666666666666,0.6067997043606801,0.29,Low,0
0.6000000000000001,0.7894736842105263,0.4039999999999999,0.9800000000000002,0.2857142857142857,0.3684210526315789,0.6551724137931034,0.4444444444444444,0.5144124168514412,0.005,Medium,1
0.8,0.631578947368421,0.42500000000000004,0.16400000000000003,0.14285714285714285,0.7368421052631579,0.0,0.1111111111111111,0.4161123429416113,0.54,Medium,1
0.8666666666666669,0.47368421052631576,0.02400000000000002,0.8500000000000001,1.0,0.3157894736842105,0.48275862068965514,0.0,0.295639320029564,0.265,Low,0
0.40000000000000013,0.9473684210526315,0.4960000000000001,0.6460000000000001,0.7142857142857142,0.3684210526315789,0.896551724137931,0.4444444444444444,0.4449371766444938,0.82,Medium,1
0.40000000000000013,0.6842105263157894,0.32100000000000006,0.8559999999999999,0.2857142857142857,0.7894736842105263,0.4482758620689655,0.1111111111111111,0.42424242424242425,0.785,Low,0
0.8666666666666669,1.0,0.04999999999999999,0.19600000000000006,1.0,0.47368421052631576,0.034482758620689655,0.4444444444444444,0.18329637841832974,0.225,Medium,1
0.40000000000000013,0.42105263157894735,0.358,0.19999999999999996,0.5714285714285714,0.9473684210526315,0.9655172413793103,0.5555555555555556,0.3643754619364376,0.415,Medium,1
0.8,0.47368421052631576,0.30599999999999994,0.07200000000000006,1.0,0.894736842105263,0.9310344827586207,0.6666666666666666,0.4966740576496675,0.995,Medium,1
0.06666666666666665,0.5789473684210527,0.678,0.8980000000000001,0.0,0.05263157894736842,0.3793103448275862,0.1111111111111111,0.5299334811529934,0.355,Low,0
0.4666666666666668,0.2631578947368421,0.4970000000000001,0.6500000000000001,0.2857142857142857,0.2631578947368421,0.9310344827586207,0.4444444444444444,0.5898004434589801,0.76,Medium,1
0.6666666666666667,0.5789473684210527,0.10699999999999998,0.278,0.42857142857142855,0.3684210526315789,0.8275862068965517,0.3333333333333333,0.3082039911308205,0.545,Low,0
0.3333333333333335,0.47368421052631576,0.46799999999999997,0.53,0.42857142857142855,0.0,0.4482758620689655,0.5555555555555556,0.44271988174427207,0.43,Low,0
0.26666666666666683,0.47368421052631576,0.062,0.6560000000000001,0.2857142857142857,0.21052631578947367,0.0,0.4444444444444444,0.15299334811529935,0.79,Low,0
0.7333333333333332,0.7368421052631579,0.276,0.3340000000000001,1.0,0.47368421052631576,0.896551724137931,0.4444444444444444,0.33407243163340733,0.42,Medium,1
0.9333333333333333,0.894736842105263,0.20300000000000007,0.9280000000000002,0.2857142857142857,0.631578947368421,0.896551724137931,0.6666666666666666,0.18847006651884707,0.685,Medium,1
0.06666666666666665,0.15789473684210525,0.9630000000000002,0.508,1.0,0.05263157894736842,0.5172413793103449,1.0,0.7080561714708056,0.755,Medium,1
0.1333333333333333,0.47368421052631576,0.04299999999999998,0.9179999999999999,0.42857142857142855,0.47368421052631576,0.48275862068965514,0.3333333333333333,0.21803399852180344,0.29,Low,0
0.26666666666666683,0.3157894736842105,0.9570000000000002,0.04200000000000004,0.42857142857142855,0.42105263157894735,0.5862068965517241,0.0,0.8965262379896528,0.42,Medium,1
0.8,0.5789473684210527,0.8650000000000001,0.792,0.8571428571428571,0.47368421052631576,0.7931034482758621,0.7777777777777777,0.6836659275683667,0.895,High,2
0.6000000000000001,0.21052631578947367,0.16700000000000004,0.9179999999999999,1.0,0.21052631578947367,0.10344827586206896,0.2222222222222222,0.12195121951219517,0.035,Low,0
0.7333333333333332,0.15789473684210525,0.356,0.41600000000000015,0.2857142857142857,0.6842105263157894,0.13793103448275862,0.2222222222222222,0.533628972653363,0.19,Medium,1
0.7333333333333332,0.6842105263157894,0.525,0.75,0.14285714285714285,0.5263157894736842,0.6551724137931034,0.5555555555555556,0.5838876570583889,0.585,Medium,1
0.9333333333333333,0.47368421052631576,0.19500000000000006,0.8820000000000001,0.2857142857142857,0.8421052631578947,0.7241379310344828,0.4444444444444444,0.37324464153732456,0.505,Medium,1
0.8666666666666669,0.8421052631578947,0.17599999999999993,0.06799999999999995,0.5714285714285714,0.631578947368421,0.6551724137931034,0.7777777777777777,0.20103473762010343,0.875,Medium,1
0.0,0.21052631578947367,0.7279999999999999,0.8780000000000001,0.42857142857142855,0.0,0.5862068965517241,0.7777777777777777,0.6999260901699926,0.695,Low,0
0.9333333333333333,0.631578947368421,0.3400000000000001,0.6699999999999999,0.5714285714285714,0.6842105263157894,0.48275862068965514,0.1111111111111111,0.3806356245380636,0.47,Low,0
0.3333333333333335,0.631578947368421,0.9170000000000001,0.75,0.2857142857142857,0.3684210526315789,0.7931034482758621,0.7777777777777777,0.8455284552845528,0.855,High,2
0.40000000000000013,0.631578947368421,0.067,0.31000000000000005,0.8571428571428571,0.8421052631578947,0.20689655172413793,0.6666666666666666,0.10864745011086474,0.795,Medium,1
1.0000000000000002,1.0,0.43699999999999994,0.4970000000000001,0.7142857142857142,0.0,0.24137931034482757,0.0,0.5454545454545456,0.025,Low,0
0.9333333333333333,0.47368421052631576,0.30300000000000005,0.5760000000000001,0.42857142857142855,0.3684210526315789,0.3103448275862069,0.6666666666666666,0.3658536585365854,0.605,Medium,1
0.9333333333333333,1.0,0.251,0.982,0.0,0.5263157894736842,0.8275862068965517,0.6666666666666666,0.32076866223207695,0.045,Low,0
0.9333333333333333,0.3684210526315789,0.15500000000000003,0.18800000000000006,0.7142857142857142,0.42105263157894735,0.48275862068965514,0.6666666666666666,0.3665927568366593,0.485,Medium,1
0.6000000000000001,0.6842105263157894,0.19900000000000007,0.18200000000000005,0.14285714285714285,0.21052631578947367,0.7931034482758621,0.5555555555555556,0.2993348115299335,0.21,Medium,1
0.5333333333333334,0.8421052631578947,0.061000000000000054,0.3740000000000001,1.0,0.8421052631578947,0.9655172413793103,0.6666666666666666,0.16481892091648193,0.275,Medium,1
0.6666666666666667,0.15789473684210525,0.01200000000000001,0.040000000000000036,0.0,0.5789473684210527,0.034482758620689655,0.1111111111111111,0.25646711012564677,0.04,Low,0
0.8,0.8421052631578947,0.4730000000000001,0.74,1.0,0.8421052631578947,0.20689655172413793,0.4444444444444444,0.5668883961566891,0.83,Medium,1
0.3333333333333335,0.7894736842105263,0.926,0.17200000000000004,0.0,0.7894736842105263,0.3448275862068966,0.5555555555555556,0.6784922394678494,0.25,High,2
1.0000000000000002,0.5789473684210527,0.15400000000000003,0.6000000000000001,1.0,1.0,0.0,0.6666666666666666,0.15594974131559497,0.51,Medium,1
0.4666666666666668,0.5789473684210527,0.753,0.712,0.42857142857142855,0.3157894736842105,0.41379310344827586,0.8888888888888888,0.7516629711751666,0.715,Medium,1
0.3333333333333335,0.894736842105263,0.42600000000000005,0.18800000000000006,0.42857142857142855,0.47368421052631576,0.0,0.5555555555555556,0.4471544715447155,0.77,Medium,1
0.1333333333333333,0.05263157894736842,0.356,0.4970000000000001,0.8571428571428571,0.5263157894736842,0.20689655172413793,0.6666666666666666,0.2638580931263858,0.62,High,2
0.26666666666666683,0.6842105263157894,0.9580000000000001,0.43399999999999994,0.2857142857142857,0.2631578947368421,0.896551724137931,1.0,0.7191426459719144,0.235,High,2
1.0000000000000002,0.6842105263157894,0.16399999999999992,0.3580000000000001,0.8571428571428571,0.7894736842105263,0.48275862068965514,0.3333333333333333,0.18551367331855134,0.17,Medium,1
1.0000000000000002,0.894736842105263,0.5609999999999999,0.6580000000000001,0.14285714285714285,0.631578947368421,0.034482758620689655,0.2222222222222222,0.45454545454545464,0.77,Medium,1
0.1333333333333333,0.42105263157894735,0.46199999999999997,0.77,0.42857142857142855,0.7368421052631579,0.7241379310344828,1.0,0.33407243163340733,0.695,Medium,1
0.3333333333333335,0.3157894736842105,0.41400000000000003,0.03400000000000003,0.0,0.05263157894736842,0.0,0.1111111111111111,0.44419807834442,0.455,Low,0
0.1333333333333333,0.9473684210526315,0.6529999999999999,0.40600000000000014,0.2857142857142857,1.0,0.8620689655172413,0.1111111111111111,0.47524020694752417,0.38,High,2
0.06666666666666665,0.6842105263157894,0.626,0.538,0.7142857142857142,0.21052631578947367,0.6896551724137931,0.7777777777777777,0.515890613451589,0.22,Medium,1
0.4666666666666668,0.21052631578947367,0.31700000000000006,0.8180000000000001,0.0,0.6842105263157894,0.3103448275862069,0.4444444444444444,0.2823355506282335,0.11,Medium,1
0.0,0.7894736842105263,0.8550000000000001,0.522,0.42857142857142855,0.47368421052631576,0.0,0.4444444444444444,0.6511456023651145,0.495,Medium,1
0.8666666666666669,0.21052631578947367,0.616,0.5960000000000001,0.42857142857142855,0.3684210526315789,1.0,1.0,0.696969696969697,0.915,Medium,1
0.9333333333333333,0.8421052631578947,0.7380000000000001,0.776,0.5714285714285714,0.10526315789473684,0.896551724137931,0.1111111111111111,0.7642276422764229,0.285,Medium,1
0.8666666666666669,0.47368421052631576,0.8370000000000001,0.46599999999999997,0.2857142857142857,0.0,0.3793103448275862,0.7777777777777777,0.657058388765706,0.05,High,2
0.19999999999999996,0.5789473684210527,0.8869999999999999,0.46599999999999997,0.8571428571428571,0.2631578947368421,0.6551724137931034,0.1111111111111111,0.5018477457501849,0.54,Medium,1
0.6666666666666667,0.42105263157894735,0.376,0.061999999999999944,0.2857142857142857,0.631578947368421,0.48275862068965514,0.3333333333333333,0.5513673318551369,0.84,Medium,1
0.6000000000000001,0.5789473684210527,0.8019999999999999,0.5840000000000001,1.0,0.3157894736842105,0.20689655172413793,0.2222222222222222,0.632668144863267,0.62,Medium,1
0.7333333333333332,0.8421052631578947,0.555,0.9760000000000002,0.14285714285714285,0.42105263157894735,0.5517241379310345,0.0,0.40724316334072447,0.195,Low,0
0.8,0.0,0.30900000000000005,0.15999999999999992,0.14285714285714285,0.894736842105263,0.6896551724137931,1.0,0.5077605321507761,0.36,Medium,1
0.06666666666666665,0.631578947368421,0.8640000000000002,0.20999999999999996,0.5714285714285714,0.6842105263157894,0.3103448275862069,0.5555555555555556,0.6999260901699926,0.4,High,2
0.40000000000000013,0.6842105263157894,0.642,0.9280000000000002,0.8571428571428571,0.42105263157894735,0.3448275862068966,0.0,0.713968957871397,0.455,Medium,1
0.1333333333333333,0.05263157894736842,0.4730000000000001,0.748,0.2857142857142857,0.47368421052631576,0.7241379310344828,0.5555555555555556,0.5129342202512936,0.85,Medium,1
0.1333333333333333,0.3157894736842105,0.9349999999999999,0.8660000000000001,0.0,0.6842105263157894,0.20689655172413793,1.0,0.9268292682926831,0.51,High,2
0.5333333333333334,0.8421052631578947,0.28600000000000003,0.8079999999999998,0.7142857142857142,0.0,0.6551724137931034,0.3333333333333333,0.4279379157427939,0.29,Low,0
0.26666666666666683,0.47368421052631576,0.11599999999999999,0.8539999999999999,0.5714285714285714,0.0,0.48275862068965514,0.7777777777777777,0.3628972653362897,0.1,Low,0
0.06666666666666665,0.15789473684210525,0.062,0.45199999999999996,0.2857142857142857,0.6842105263157894,0.6551724137931034,0.4444444444444444,0.20473022912047306,0.77,Low,0
0.4666666666666668,0.10526315789473684,0.31100000000000005,0.8180000000000001,0.8571428571428571,0.0,0.13793103448275862,0.0,0.5033259423503327,0.175,Low,0
0.06666666666666665,0.8421052631578947,0.5810000000000001,0.6599999999999999,0.42857142857142855,0.9473684210526315,0.8620689655172413,1.0,0.6659275683665928,0.415,High,2
1.0000000000000002,0.5789473684210527,0.29100000000000004,0.8200000000000001,0.14285714285714285,0.42105263157894735,0.06896551724137931,0.7777777777777777,0.394678492239468,0.48,Low,0
0.3333333333333335,0.3684210526315789,0.5960000000000001,0.3699999999999999,0.5714285714285714,0.5263157894736842,0.9655172413793103,0.5555555555555556,0.6696230598669624,0.605,Medium,1
0.9333333333333333,0.05263157894736842,0.648,0.08000000000000007,0.8571428571428571,0.9473684210526315,0.8620689655172413,0.1111111111111111,0.5565410199556542,0.675,High,2
0.7333333333333332,0.47368421052631576,0.7050000000000002,0.8960000000000001,0.5714285714285714,1.0,0.8275862068965517,1.0,0.6755358462675536,0.435,High,2
1.0000000000000002,0.3157894736842105,0.18799999999999994,0.47,0.7142857142857142,0.7368421052631579,0.06896551724137931,0.5555555555555556,0.3791574279379158,0.935,Low,0
1.0000000000000002,0.3157894736842105,0.30999999999999994,0.19000000000000006,1.0,0.7894736842105263,0.1724137931034483,1.0,0.38433111603843323,0.4,High,2
0.8,0.6842105263157894,0.7619999999999999,0.6160000000000001,1.0,0.47368421052631576,0.3448275862068966,0.5555555555555556,0.7923133776792315,0.46,Medium,1
0.4666666666666668,0.10526315789473684,0.7460000000000001,0.9359999999999999,0.2857142857142857,0.21052631578947367,0.3448275862068966,0.5555555555555556,0.7102734663710275,0.195,Medium,1
0.6000000000000001,0.47368421052631576,0.35,0.06400000000000006,0.2857142857142857,0.5789473684210527,0.8275862068965517,1.0,0.2919438285291945,0.24,Medium,1
0.8666666666666669,0.0,0.936,0.4019999999999999,0.2857142857142857,0.8421052631578947,0.06896551724137931,0.6666666666666666,0.8980044345898006,0.12,High,2
0.6666666666666667,0.6842105263157894,0.19000000000000006,0.49,0.14285714285714285,0.7894736842105263,0.3793103448275862,0.2222222222222222,0.35698447893569846,0.505,Low,0
0.0,0.894736842105263,0.14300000000000002,0.998,0.5714285714285714,0.9473684210526315,0.3793103448275862,1.0,0.1751662971175167,0.285,Medium,1
0.9333333333333333,0.631578947368421,0.9210000000000002,0.15399999999999991,0.5714285714285714,0.9473684210526315,0.5517241379310345,0.8888888888888888,0.6821877309682187,0.29,High,2
0.8666666666666669,0.0,0.9960000000000001,0.6460000000000001,1.0,0.10526315789473684,0.24137931034482757,0.1111111111111111,0.8832224685883223,0.655,High,2
0.3333333333333335,0.7894736842105263,0.527,0.6980000000000002,0.7142857142857142,0.21052631578947367,0.8275862068965517,0.7777777777777777,0.3813747228381375,0.73,Medium,1
0.8666666666666669,0.894736842105263,0.386,0.9140000000000001,0.2857142857142857,0.2631578947368421,0.24137931034482757,0.8888888888888888,0.33555062823355514,0.85,Low,0
0.8666666666666669,0.7368421052631579,0.715,0.43200000000000016,0.0,0.894736842105263,0.034482758620689655,0.6666666666666666,0.7021433850702146,0.955,High,2
0.6666666666666667,0.3157894736842105,0.132,0.264,0.2857142857142857,0.2631578947368421,0.3103448275862069,0.7777777777777777,0.3252032520325204,0.72,Low,0
0.19999999999999996,0.7368421052631579,0.612,0.13000000000000012,0.0,0.0,0.0,0.5555555555555556,0.614929785661493,0.11,Medium,1
1.0000000000000002,0.10526315789473684,0.5539999999999999,0.06600000000000006,0.5714285714285714,0.15789473684210525,0.6551724137931034,0.2222222222222222,0.5875831485587584,0.205,Low,0
0.40000000000000013,0.3157894736842105,0.477,0.30600000000000005,0.14285714285714285,0.5789473684210527,0.20689655172413793,0.8888888888888888,0.49150036954915005,0.31,High,2
0.9333333333333333,0.21052631578947367,0.9380000000000001,0.8780000000000001,0.2857142857142857,0.7894736842105263,0.8620689655172413,0.5555555555555556,0.9630450849963046,0.195,High,2
0.26666666666666683,0.0,0.834,0.4640000000000002,1.0,0.0,0.24137931034482757,0.7777777777777777,0.7753141167775315,0.2,Medium,1
0.06666666666666665,0.0,0.559,0.6539999999999999,0.14285714285714285,0.7368421052631579,0.48275862068965514,0.4444444444444444,0.6703621581670363,0.7,Medium,1
1.0000000000000002,0.47368421052631576,0.608,0.802,0.2857142857142857,1.0,0.5172413793103449,0.0,0.43754619364375474,0.65,Medium,1
0.19999999999999996,0.42105263157894735,0.737,0.19399999999999995,0.5714285714285714,0.42105263157894735,0.27586206896551724,0.2222222222222222,0.7516629711751666,0.505,Medium,1
0.19999999999999996,0.3684210526315789,0.41400000000000003,0.8840000000000001,0.42857142857142855,0.05263157894736842,0.8620689655172413,0.2222222222222222,0.5299334811529934,0.835,Low,0
0.0,0.0,0.28800000000000003,0.556,0.8571428571428571,0.42105263157894735,0.6206896551724138,0.1111111111111111,0.2631189948263119,0.595,Medium,1
0.8666666666666669,0.47368421052631576,0.2360000000000001,0.762,0.14285714285714285,0.8421052631578947,0.9310344827586207,0.0,0.20694752402069477,0.275,Medium,1
1.0000000000000002,0.5789473684210527,0.139,0.04600000000000004,1.0,0.6842105263157894,0.5517241379310345,0.8888888888888888,0.5018477457501849,0.08,High,2
0.8,0.05263157894736842,0.17300000000000004,0.6100000000000001,0.2857142857142857,0.3684210526315789,0.06896551724137931,0.8888888888888888,0.2143385070214338,0.08,Medium,1
0.6000000000000001,0.5789473684210527,0.636,0.8879999999999999,0.0,0.21052631578947367,0.9655172413793103,0.5555555555555556,0.467110125646711,0.325,Low,0
0.1333333333333333,0.8421052631578947,0.8720000000000002,0.124,0.8571428571428571,0.3684210526315789,0.3103448275862069,1.0,0.8122690317812269,0.81,High,2
0.7333333333333332,0.3684210526315789,0.805,0.061999999999999944,0.8571428571428571,0.3684210526315789,0.1724137931034483,0.5555555555555556,0.8078344419807837,0.35,Medium,1
0.0,0.5263157894736842,0.4660000000000001,0.6439999999999999,0.8571428571428571,0.42105263157894735,0.24137931034482757,0.8888888888888888,0.5484109386548413,0.77,Medium,1
0.19999999999999996,0.2631578947368421,0.355,0.124,0.5714285714285714,0.894736842105263,0.6206896551724138,0.3333333333333333,0.5025868440502588,0.58,Medium,1
0.19999999999999996,0.05263157894736842,0.64,0.32200000000000006,1.0,0.7894736842105263,0.4482758620689655,0.4444444444444444,0.49223946784922396,0.775,High,2
0.26666666666666683,0.3684210526315789,0.3570000000000001,0.77,0.7142857142857142,0.631578947368421,0.9310344827586207,0.0,0.40576496674057655,0.035,Medium,1
0.1333333333333333,0.21052631578947367,0.238,0.6800000000000002,0.5714285714285714,0.5789473684210527,0.5172413793103449,0.3333333333333333,0.37546193643754616,0.07,Low,0
0.19999999999999996,0.631578947368421,0.374,0.5800000000000001,1.0,0.05263157894736842,0.24137931034482757,0.1111111111111111,0.2756836659275684,0.745,Low,0
0.8,0.3157894736842105,0.20400000000000007,0.8340000000000001,0.2857142857142857,0.05263157894736842,0.8275862068965517,0.0,0.2446415373244642,0.495,Low,0
0.40000000000000013,0.15789473684210525,0.118,0.99,0.5714285714285714,0.15789473684210525,0.8275862068965517,0.2222222222222222,0.25794530672579447,0.065,Low,0
0.3333333333333335,1.0,0.7420000000000001,0.274,0.8571428571428571,0.3684210526315789,0.27586206896551724,0.7777777777777777,0.7583148558758317,0.5,High,2
0.5333333333333334,0.7894736842105263,0.9900000000000001,0.9179999999999999,0.42857142857142855,0.0,0.48275862068965514,0.8888888888888888,0.821138211382114,0.875,Medium,1
0.6666666666666667,0.15789473684210525,0.3730000000000001,0.16799999999999993,0.0,1.0,0.10344827586206896,0.5555555555555556,0.32076866223207695,0.055,High,2
0.6666666666666667,0.3157894736842105,0.5529999999999999,0.8420000000000003,0.0,0.6842105263157894,0.1724137931034483,0.6666666666666666,0.48854397634885455,0.0,Medium,1
0.19999999999999996,0.10526315789473684,0.51,0.812,0.14285714285714285,1.0,0.5862068965517241,0.8888888888888888,0.582409460458241,0.385,High,2
0.5333333333333334,0.3684210526315789,0.995,0.988,0.7142857142857142,0.8421052631578947,0.5517241379310345,0.1111111111111111,0.8388765705838876,0.095,High,2
0.6666666666666667,0.05263157894736842,0.28600000000000003,0.19399999999999995,0.14285714285714285,0.7894736842105263,0.896551724137931,0.7777777777777777,0.212860310421286,0.505,Medium,1
0.8666666666666669,0.3684210526315789,0.5900000000000001,0.20399999999999996,0.2857142857142857,0.10526315789473684,0.9655172413793103,0.1111111111111111,0.6104951958610496,0.245,Medium,1
0.8,0.9473684210526315,0.40500000000000014,0.968,0.14285714285714285,0.0,0.41379310344827586,0.6666666666666666,0.4279379157427939,0.735,Low,0
0.9333333333333333,0.10526315789473684,0.7020000000000001,0.6080000000000001,0.2857142857142857,1.0,0.3448275862068966,0.1111111111111111,0.5521064301552108,0.505,Medium,1
0.40000000000000013,0.631578947368421,0.08499999999999996,0.764,1.0,1.0,0.0,0.6666666666666666,0.14116777531411678,0.845,Medium,1
0.8,0.42105263157894735,0.354,0.19999999999999996,0.8571428571428571,0.47368421052631576,0.3793103448275862,0.7777777777777777,0.4175905395417591,0.025,Medium,1
0.3333333333333335,0.10526315789473684,0.019000000000000017,0.124,0.42857142857142855,0.9473684210526315,0.0,0.3333333333333333,0.005912786400591286,0.745,Medium,1
0.4666666666666668,0.631578947368421,0.8310000000000001,0.9079999999999999,0.42857142857142855,0.7368421052631579,0.9310344827586207,0.8888888888888888,0.7198817442719883,0.235,High,2
0.1333333333333333,1.0,0.281,0.6900000000000002,0.2857142857142857,0.5263157894736842,0.8620689655172413,1.0,0.3983739837398374,0.735,Medium,1
0.40000000000000013,0.21052631578947367,0.844,0.8,0.8571428571428571,1.0,1.0,0.2222222222222222,0.7368810051736883,0.97,Medium,1
0.06666666666666665,0.10526315789473684,0.41000000000000003,0.9920000000000002,0.7142857142857142,0.05263157894736842,0.06896551724137931,0.5555555555555556,0.5114560236511458,0.04,Medium,1
0.06666666666666665,0.47368421052631576,0.8650000000000001,0.256,1.0,0.3157894736842105,0.7241379310344828,0.0,0.5018477457501849,0.235,Medium,1
0.5333333333333334,0.7368421052631579,0.20099999999999996,0.23199999999999998,0.0,0.7894736842105263,0.13793103448275862,0.6666666666666666,0.19807834441980782,0.92,Medium,1
0.26666666666666683,0.0,0.14800000000000002,0.9300000000000002,0.7142857142857142,1.0,0.7931034482758621,0.5555555555555556,0.11529933481152993,0.505,Medium,1
0.5333333333333334,0.5263157894736842,0.487,0.16600000000000004,0.42857142857142855,0.3157894736842105,0.0,0.7777777777777777,0.533628972653363,0.415,High,2
0.8,0.05263157894736842,0.381,0.542,1.0,0.2631578947368421,0.48275862068965514,0.8888888888888888,0.5469327420546934,0.5,Medium,1
0.7333333333333332,0.0,0.6230000000000001,0.06999999999999995,0.8571428571428571,0.7368421052631579,0.5517241379310345,0.0,0.5210643015521066,0.74,Medium,1
0.5333333333333334,0.3684210526315789,0.4960000000000001,0.118,0.7142857142857142,0.3157894736842105,0.6551724137931034,0.2222222222222222,0.2106430155210644,0.41,Medium,1
0.6000000000000001,0.05263157894736842,0.739,0.774,0.8571428571428571,0.21052631578947367,0.27586206896551724,0.6666666666666666,0.8048780487804881,0.24,Medium,1
0.7333333333333332,0.3684210526315789,0.87,0.22799999999999998,1.0,0.9473684210526315,0.034482758620689655,0.3333333333333333,0.6585365853658536,0.905,High,2
0.0,0.47368421052631576,0.8170000000000001,0.274,0.14285714285714285,0.21052631578947367,0.896551724137931,0.2222222222222222,0.7620103473762012,0.07,Medium,1
0.3333333333333335,0.42105263157894735,0.43499999999999994,0.78,0.5714285714285714,0.05263157894736842,0.5517241379310345,0.0,0.44050258684405036,0.5,Low,0
0.06666666666666665,0.5789473684210527,0.257,0.4039999999999999,0.8571428571428571,0.8421052631578947,1.0,0.4444444444444444,0.2431633407243164,0.255,Medium,1
0.19999999999999996,0.7894736842105263,0.8960000000000002,0.692,0.8571428571428571,0.7368421052631579,0.20689655172413793,0.8888888888888888,0.7161862527716187,0.83,High,2
0.8,0.2631578947368421,0.9540000000000001,0.5960000000000001,0.42857142857142855,0.5263157894736842,0.3793103448275862,0.3333333333333333,0.7265336289726534,0.2,High,2
0.06666666666666665,0.7368421052631579,0.4960000000000001,0.6340000000000001,0.8571428571428571,0.10526315789473684,0.7931034482758621,0.3333333333333333,0.614929785661493,0.11,Medium,1
0.5333333333333334,0.5263157894736842,0.17800000000000005,0.954,0.42857142857142855,0.6842105263157894,0.41379310344827586,0.1111111111111111,0.17294900221729487,0.99,Low,0
0.26666666666666683,0.10526315789473684,0.01200000000000001,0.41600000000000015,0.42857142857142855,0.5263157894736842,0.034482758620689655,1.0,0.15373244641537326,0.96,Low,0
0.5333333333333334,0.631578947368421,0.375,0.45199999999999996,0.7142857142857142,0.7894736842105263,0.7586206896551724,0.6666666666666666,0.3333333333333334,0.435,High,2
0.06666666666666665,0.47368421052631576,0.801,0.20799999999999996,0.0,0.10526315789473684,1.0,0.7777777777777777,0.6829268292682926,0.42,Medium,1
0.3333333333333335,0.0,0.8470000000000001,0.8960000000000001,0.42857142857142855,0.2631578947368421,0.10344827586206896,0.5555555555555556,0.7346637102734666,0.25,Medium,1
0.4666666666666668,0.10526315789473684,0.727,0.9800000000000002,0.14285714285714285,0.631578947368421,0.27586206896551724,0.0,0.5594974131559498,0.43,Medium,1
0.9333333333333333,0.0,0.6960000000000001,0.4480000000000002,1.0,0.8421052631578947,0.8620689655172413,0.3333333333333333,0.7841832963784185,0.335,High,2
0.19999999999999996,0.47368421052631576,0.8190000000000001,0.786,1.0,0.2631578947368421,0.3103448275862069,0.2222222222222222,0.8677014042867701,0.185,High,2
0.26666666666666683,0.0,0.587,0.504,0.5714285714285714,0.8421052631578947,0.896551724137931,0.5555555555555556,0.42350332594235035,0.115,High,2
0.8,0.631578947368421,0.356,0.31999999999999984,1.0,1.0,0.7586206896551724,1.0,0.3259423503325943,0.895,High,2
0.8666666666666669,0.7368421052631579,0.4960000000000001,0.44999999999999996,0.0,0.9473684210526315,0.5172413793103449,0.7777777777777777,0.6208425720620843,0.08,High,2
0.0,0.10526315789473684,0.362,0.256,0.5714285714285714,0.9473684210526315,1.0,0.4444444444444444,0.45602365114560256,0.845,Medium,1
0.26666666666666683,0.9473684210526315,0.15100000000000002,0.522,0.8571428571428571,0.2631578947368421,0.8620689655172413,0.2222222222222222,0.22394678492239467,0.695,Low,0
0.5333333333333334,0.21052631578947367,0.47,0.46199999999999997,0.0,0.7894736842105263,0.1724137931034483,1.0,0.6193643754619365,0.525,High,2
0.6000000000000001,0.7894736842105263,0.42100000000000015,0.522,0.2857142857142857,0.10526315789473684,0.9310344827586207,0.5555555555555556,0.33628972653362904,0.795,Medium,1
0.19999999999999996,0.21052631578947367,0.2400000000000001,0.3500000000000001,0.14285714285714285,0.10526315789473684,0.6551724137931034,0.5555555555555556,0.4360679970436068,0.745,Low,0
0.19999999999999996,0.42105263157894735,0.775,0.16799999999999993,0.14285714285714285,0.21052631578947367,0.5172413793103449,1.0,0.7583148558758317,0.48,Medium,1
0.26666666666666683,0.7368421052631579,0.9900000000000001,0.8520000000000001,1.0,0.05263157894736842,0.7586206896551724,0.4444444444444444,0.8004434589800444,0.93,Medium,1
0.40000000000000013,0.47368421052631576,0.16100000000000003,0.9280000000000002,0.14285714285714285,0.47368421052631576,0.13793103448275862,0.3333333333333333,0.22690317812269029,0.73,Low,0
0.6000000000000001,0.631578947368421,0.969,0.6619999999999999,1.0,0.21052631578947367,0.7241379310344828,0.6666666666666666,0.7206208425720622,0.35,High,2
0.6000000000000001,0.42105263157894735,0.29200000000000004,0.20999999999999996,0.0,1.0,0.034482758620689655,0.8888888888888888,0.47154471544715454,0.25,High,2
0.40000000000000013,0.0,0.61,0.6000000000000001,0.2857142857142857,1.0,0.48275862068965514,0.0,0.5587583148558759,0.83,Medium,1
0.6000000000000001,0.0,0.44299999999999995,0.24,0.5714285714285714,0.5263157894736842,0.3103448275862069,0.0,0.5232815964523283,0.34,Medium,1
0.7333333333333332,0.3684210526315789,0.6710000000000002,0.748,0.42857142857142855,0.15789473684210525,0.034482758620689655,0.1111111111111111,0.6252771618625277,0.85,Low,0
0.9333333333333333,0.894736842105263,0.9540000000000001,0.9960000000000002,0.5714285714285714,1.0,0.7241379310344828,0.0,0.835920177383592,0.0,High,2
0.7333333333333332,0.5789473684210527,0.6589999999999999,0.19600000000000006,0.0,0.47368421052631576,0.3448275862068966,0.2222222222222222,0.7147080561714709,0.51,Medium,1
0.4666666666666668,0.21052631578947367,0.33799999999999997,0.030000000000000027,0.42857142857142855,0.9473684210526315,0.6896551724137931,1.0,0.35550628233555065,0.92,High,2
0.06666666666666665,1.0,0.246,0.51,0.5714285714285714,0.8421052631578947,0.0,0.5555555555555556,0.4153732446415374,0.835,Medium,1
0.6666666666666667,0.7368421052631579,0.5730000000000001,0.11999999999999988,0.42857142857142855,0.2631578947368421,0.896551724137931,0.4444444444444444,0.6600147819660016,0.84,Medium,1
0.7333333333333332,0.8421052631578947,0.275,0.8360000000000001,0.5714285714285714,0.3157894736842105,0.3448275862068966,0.5555555555555556,0.3784183296378419,0.955,Medium,1
0.4666666666666668,0.6842105263157894,0.18099999999999994,0.762,1.0,0.631578947368421,0.8275862068965517,0.7777777777777777,0.12490761271249079,0.255,Medium,1
0.6000000000000001,0.631578947368421,0.9070000000000001,0.3640000000000001,1.0,0.631578947368421,0.7586206896551724,0.1111111111111111,0.8100517368810054,0.93,High,2
0.9333333333333333,0.9473684210526315,0.4960000000000001,0.8420000000000003,0.2857142857142857,0.05263157894736842,0.6896551724137931,0.6666666666666666,0.40724316334072447,0.295,Low,0
0.5333333333333334,0.21052631578947367,0.278,0.752,0.8571428571428571,0.7368421052631579,0.48275862068965514,1.0,0.20916481892091648,0.57,High,2
0.26666666666666683,0.3157894736842105,0.8960000000000002,0.8379999999999999,0.7142857142857142,0.631578947368421,0.13793103448275862,0.8888888888888888,0.8100517368810054,0.605,High,2
0.8666666666666669,0.42105263157894735,0.274,0.5640000000000001,0.0,0.894736842105263,0.8275862068965517,0.5555555555555556,0.19955654101995574,0.125,Medium,1
0.40000000000000013,0.9473684210526315,0.3690000000000001,0.272,0.2857142857142857,0.3157894736842105,0.6551724137931034,0.7777777777777777,0.3089430894308944,0.005,Medium,1
0.8666666666666669,0.47368421052631576,0.775,0.23199999999999998,0.0,0.7894736842105263,0.4482758620689655,0.2222222222222222,0.8418329637841835,0.225,High,2
0.5333333333333334,0.47368421052631576,0.03300000000000003,0.4880000000000002,1.0,0.894736842105263,0.8275862068965517,0.6666666666666666,0.062084257206208415,0.715,Medium,1
0.8666666666666669,0.47368421052631576,0.45999999999999996,0.8859999999999999,0.7142857142857142,0.47368421052631576,0.10344827586206896,0.7777777777777777,0.5787139689578715,0.96,Medium,1
0.5333333333333334,0.894736842105263,0.717,0.6060000000000001,0.2857142857142857,0.10526315789473684,0.896551724137931,0.4444444444444444,0.5572801182557281,0.205,Medium,1
0.5333333333333334,0.0,0.29300000000000004,0.268,0.2857142857142857,0.3157894736842105,0.24137931034482757,0.1111111111111111,0.48854397634885455,0.805,Medium,1
0.26666666666666683,0.47368421052631576,0.759,0.126,0.42857142857142855,0.3684210526315789,0.896551724137931,0.0,0.7280118255728014,0.075,Medium,1
1.0000000000000002,0.8421052631578947,0.063,0.95,0.8571428571428571,0.9473684210526315,0.13793103448275862,0.0,0.10273466371027346,0.08,Medium,1
0.8,0.894736842105263,0.769,0.06600000000000006,0.14285714285714285,1.0,0.7931034482758621,1.0,0.8470066518847008,0.075,High,2
0.1333333333333333,0.42105263157894735,0.21600000000000008,0.8820000000000001,0.14285714285714285,0.2631578947368421,0.20689655172413793,0.6666666666666666,0.20842572062084258,0.08,Low,0
0.26666666666666683,0.10526315789473684,0.662,0.18599999999999994,0.14285714285714285,0.894736842105263,0.48275862068965514,0.8888888888888888,0.6474501108647452,0.285,High,2
0.19999999999999996,0.5263157894736842,0.11699999999999999,0.8760000000000001,0.14285714285714285,1.0,0.6896551724137931,0.0,0.361419068736142,0.245,Low,0
0.9333333333333333,0.05263157894736842,0.15400000000000003,0.252,0.14285714285714285,0.5263157894736842,0.9655172413793103,0.7777777777777777,0.3806356245380636,0.71,Medium,1
0.06666666666666665,0.47368421052631576,0.08099999999999996,0.6599999999999999,0.5714285714285714,0.5263157894736842,0.48275862068965514,1.0,0.08795269770879527,0.18,Medium,1
0.5333333333333334,1.0,0.7380000000000001,0.276,0.2857142857142857,0.7894736842105263,0.41379310344827586,0.6666666666666666,0.6481892091648189,0.03,High,2
0.3333333333333335,0.9473684210526315,0.5660000000000001,0.18200000000000005,0.42857142857142855,0.6842105263157894,0.06896551724137931,0.5555555555555556,0.4264597191426461,0.11,High,2
0.06666666666666665,0.7368421052631579,0.041000000000000036,0.06999999999999995,0.14285714285714285,0.5263157894736842,0.1724137931034483,0.5555555555555556,0.029563932002956428,0.2,Medium,1
1.0000000000000002,0.21052631578947367,0.266,0.15000000000000002,1.0,0.10526315789473684,0.6551724137931034,0.5555555555555556,0.21951219512195125,0.7,Low,0
1.0000000000000002,0.894736842105263,0.8610000000000001,0.13800000000000012,0.7142857142857142,0.10526315789473684,0.48275862068965514,0.3333333333333333,0.6444937176644494,0.08,High,2
0.7333333333333332,0.8421052631578947,0.352,0.16400000000000003,0.14285714285714285,0.7368421052631579,0.034482758620689655,0.2222222222222222,0.39024390243902446,0.77,Medium,1
0.6666666666666667,0.21052631578947367,0.8370000000000001,0.31600000000000006,0.5714285714285714,0.3157894736842105,0.4482758620689655,0.6666666666666666,0.7560975609756098,0.795,High,2
0.8666666666666669,0.47368421052631576,0.3480000000000001,0.6660000000000001,0.0,0.8421052631578947,0.48275862068965514,1.0,0.2926829268292684,0.495,Medium,1
0.26666666666666683,0.10526315789473684,0.62,0.15800000000000003,0.14285714285714285,0.42105263157894735,0.48275862068965514,0.2222222222222222,0.5343680709534369,0.285,High,2
0.3333333333333335,0.21052631578947367,0.9810000000000002,0.9059999999999999,0.8571428571428571,0.3684210526315789,0.7586206896551724,0.5555555555555556,0.8603104212860313,0.36,Medium,1
0.3333333333333335,0.42105263157894735,0.8770000000000001,0.6500000000000001,0.42857142857142855,0.9473684210526315,0.4482758620689655,1.0,0.6467110125646713,0.43,High,2
0.8,0.3684210526315789,0.6669999999999999,0.41400000000000015,1.0,0.47368421052631576,0.8275862068965517,0.1111111111111111,0.6193643754619365,0.86,Medium,1
0.6000000000000001,0.631578947368421,0.45500000000000007,0.8500000000000001,0.8571428571428571,0.47368421052631576,0.896551724137931,1.0,0.5461936437546195,0.395,Medium,1
0.0,0.8421052631578947,0.241,0.6300000000000001,1.0,0.7894736842105263,0.24137931034482757,1.0,0.45380635624538074,0.145,High,2
0.5333333333333334,0.3157894736842105,0.131,0.03599999999999992,0.14285714285714285,0.7368421052631579,0.8275862068965517,0.7777777777777777,0.2431633407243164,0.64,Medium,1
0.40000000000000013,0.15789473684210525,0.5519999999999999,0.0,0.2857142857142857,0.631578947368421,0.3448275862068966,0.8888888888888888,0.4301552106430156,0.15,High,2
0.26666666666666683,0.8421052631578947,0.485,0.14800000000000002,1.0,0.3157894736842105,0.9655172413793103,0.3333333333333333,0.6171470805617147,0.945,Medium,1
0.0,0.42105263157894735,0.934,0.30200000000000005,0.5714285714285714,1.0,0.6551724137931034,1.0,0.7634885439763488,0.9,High,2
0.1333333333333333,0.8421052631578947,0.29500000000000004,0.556,0.5714285714285714,0.21052631578947367,0.06896551724137931,1.0,0.35698447893569846,0.185,Medium,1
0.5333333333333334,0.0,0.5220000000000001,0.07799999999999996,0.42857142857142855,0.7368421052631579,0.7931034482758621,0.5555555555555556,0.4013303769401331,0.395,High,2
0.8,0.894736842105263,0.6570000000000001,0.506,0.42857142857142855,0.8421052631578947,0.5517241379310345,0.7777777777777777,0.5772357723577237,0.23,High,2
0.0,0.5789473684210527,0.22099999999999997,0.242,1.0,0.3684210526315789,0.13793103448275862,0.1111111111111111,0.2771618625277163,0.415,Medium,1
0.6666666666666667,0.894736842105263,0.16799999999999993,0.3400000000000001,0.14285714285714285,0.21052631578947367,0.3103448275862069,0.0,0.37472283813747226,0.535,Low,0
1.0000000000000002,0.5789473684210527,0.17999999999999994,0.31600000000000006,0.14285714285714285,0.21052631578947367,0.7241379310344828,0.1111111111111111,0.25351071692535115,0.84,Low,0
0.7333333333333332,0.631578947368421,0.5910000000000001,0.786,0.2857142857142857,0.7894736842105263,0.7586206896551724,0.8888888888888888,0.5587583148558759,0.285,High,2
0.8,0.47368421052631576,0.9900000000000001,0.524,0.14285714285714285,0.0,0.6896551724137931,0.3333333333333333,1.0,0.105,Medium,1
0.26666666666666683,0.10526315789473684,0.398,0.694,0.0,0.0,0.06896551724137931,0.3333333333333333,0.33924611973392477,0.19,Low,0
0.40000000000000013,0.21052631578947367,0.719,0.5820000000000001,0.0,0.7368421052631579,0.9655172413793103,0.1111111111111111,0.6112342941611235,0.395,Medium,1
0.6666666666666667,0.5789473684210527,0.676,0.22399999999999998,0.42857142857142855,1.0,0.20689655172413793,0.5555555555555556,0.7272727272727275,0.31,High,2
0.7333333333333332,0.5263157894736842,0.533,0.29400000000000004,0.5714285714285714,0.42105263157894735,0.48275862068965514,0.1111111111111111,0.5861049519586106,0.73,Low,0
0.6666666666666667,0.2631578947368421,0.606,0.6380000000000001,0.7142857142857142,0.7368421052631579,0.8620689655172413,0.5555555555555556,0.5853658536585367,0.675,High,2
0.40000000000000013,0.10526315789473684,0.17300000000000004,0.19999999999999996,0.5714285714285714,0.3157894736842105,0.5172413793103449,0.8888888888888888,0.3311160384331116,0.755,Medium,1
0.06666666666666665,0.5789473684210527,0.719,0.22599999999999998,0.14285714285714285,0.0,1.0,0.8888888888888888,0.7302291204730229,0.78,Medium,1
0.40000000000000013,0.42105263157894735,0.389,0.19800000000000006,0.5714285714285714,0.42105263157894735,0.6896551724137931,0.8888888888888888,0.3111603843311161,0.9,Medium,1
0.1333333333333333,0.7894736842105263,0.523,0.5700000000000001,0.7142857142857142,0.2631578947368421,0.06896551724137931,0.6666666666666666,0.5868440502586845,0.795,Medium,1
0.7333333333333332,0.05263157894736842,0.6289999999999999,0.486,0.2857142857142857,0.42105263157894735,0.13793103448275862,0.7777777777777777,0.4855875831485588,0.255,Medium,1
0.5333333333333334,0.42105263157894735,0.41600000000000004,0.9039999999999999,0.2857142857142857,0.631578947368421,0.6896551724137931,0.1111111111111111,0.3318551367331855,0.82,Low,0
0.0,0.8421052631578947,0.391,0.732,0.42857142857142855,0.9473684210526315,0.1724137931034483,0.2222222222222222,0.5277161862527717,0.78,Medium,1
0.26666666666666683,0.47368421052631576,0.08799999999999997,0.804,0.2857142857142857,0.2631578947368421,0.3448275862068966,0.7777777777777777,0.30598669623059865,0.065,Low,0
0.3333333333333335,0.0,0.44499999999999995,0.8379999999999999,0.2857142857142857,0.7368421052631579,0.896551724137931,1.0,0.36881005173688103,0.05,Medium,1
0.9333333333333333,0.05263157894736842,0.4960000000000001,0.512,0.2857142857142857,0.9473684210526315,0.6896551724137931,0.6666666666666666,0.5432372505543239,0.52,High,2
0.6666666666666667,0.2631578947368421,0.42300000000000004,0.508,0.14285714285714285,0.3157894736842105,0.5862068965517241,0.6666666666666666,0.5558019216555803,0.82,Medium,1
0.8,0.42105263157894735,0.2320000000000001,0.952,1.0,0.3684210526315789,0.6896551724137931,0.2222222222222222,0.1788617886178862,0.63,Low,0
0.9333333333333333,0.5789473684210527,0.06399999999999995,0.5800000000000001,1.0,1.0,0.9310344827586207,0.1111111111111111,0.08721359940872131,0.685,Medium,1
0.19999999999999996,0.0,0.9289999999999999,0.3679999999999999,0.42857142857142855,0.631578947368421,0.896551724137931,0.6666666666666666,0.8743532889874355,0.505,High,2
0.3333333333333335,0.05263157894736842,0.979,0.6180000000000001,0.8571428571428571,0.47368421052631576,0.7586206896551724,0.6666666666666666,0.9623059866962307,0.615,High,2
0.6000000000000001,0.7894736842105263,0.5119999999999999,0.6119999999999999,0.5714285714285714,0.42105263157894735,0.06896551724137931,0.7777777777777777,0.6230598669623062,0.18,Medium,1
0.9333333333333333,0.6842105263157894,0.4960000000000001,0.45799999999999996,0.14285714285714285,0.05263157894736842,0.24137931034482757,0.7777777777777777,0.5203252032520327,0.535,Medium,1
0.9333333333333333,0.894736842105263,0.14100000000000001,0.762,0.5714285714285714,0.894736842105263,0.6206896551724138,0.3333333333333333,0.09238728750923875,0.505,Medium,1
0.40000000000000013,0.21052631578947367,0.28700000000000003,0.9600000000000002,0.5714285714285714,0.7368421052631579,0.7931034482758621,1.0,0.32150776053215085,0.205,Medium,1
0.8666666666666669,0.10526315789473684,0.9780000000000001,0.8820000000000001,0.42857142857142855,0.2631578947368421,0.7241379310344828,0.3333333333333333,0.9408721359940875,0.27,Medium,1
0.8,1.0,0.384,0.6720000000000002,0.8571428571428571,0.21052631578947367,0.7931034482758621,1.0,0.5432372505543239,0.83,Medium,1
0.40000000000000013,0.9473684210526315,0.475,0.4119999999999999,0.14285714285714285,0.0,0.9310344827586207,0.6666666666666666,0.5432372505543239,0.385,Medium,1
0.19999999999999996,0.2631578947368421,0.09599999999999997,0.050000000000000044,1.0,1.0,0.41379310344827586,0.0,0.07982261640798227,0.45,Medium,1
0.8666666666666669,0.05263157894736842,0.725,0.3039999999999998,0.42857142857142855,0.7894736842105263,0.3793103448275862,0.6666666666666666,0.6777531411677755,0.02,High,2
0.40000000000000013,0.7894736842105263,0.3410000000000001,0.9199999999999999,1.0,0.10526315789473684,0.27586206896551724,0.2222222222222222,0.2616407982261641,0.975,Low,0
0.4666666666666668,0.631578947368421,0.725,0.3380000000000001,0.0,0.5789473684210527,0.7241379310344828,0.7777777777777777,0.6038433111603845,0.985,Medium,1
0.8,0.9473684210526315,0.30300000000000005,0.736,0.2857142857142857,0.7894736842105263,0.48275862068965514,0.4444444444444444,0.2143385070214338,0.055,Medium,1
0.26666666666666683,0.5789473684210527,0.45899999999999996,0.9140000000000001,0.14285714285714285,0.894736842105263,0.9655172413793103,0.5555555555555556,0.3252032520325204,0.86,Medium,1
0.26666666666666683,0.894736842105263,0.6310000000000001,0.3400000000000001,0.5714285714285714,0.7368421052631579,0.13793103448275862,0.0,0.5114560236511458,0.66,Medium,1
0.06666666666666665,0.7368421052631579,0.7300000000000001,0.8660000000000001,0.0,0.42105263157894735,0.3103448275862069,0.0,0.592017738359202,0.905,Low,0
0.8,0.6842105263157894,0.558,0.28600000000000003,0.14285714285714285,0.42105263157894735,0.5862068965517241,0.6666666666666666,0.582409460458241,0.845,Medium,1
0.4666666666666668,0.7368421052631579,0.03600000000000003,0.6000000000000001,0.5714285714285714,0.10526315789473684,0.8275862068965517,0.2222222222222222,0.14634146341463422,0.51,Low,0
0.06666666666666665,0.5789473684210527,0.067,0.4880000000000002,1.0,1.0,0.24137931034482757,0.3333333333333333,0.11382113821138212,0.82,Medium,1
0.3333333333333335,0.0,0.066,0.802,0.5714285714285714,0.3684210526315789,0.27586206896551724,0.7777777777777777,0.0665188470066519,0.08,Low,0
0.26666666666666683,0.7894736842105263,0.20099999999999996,0.74,1.0,0.42105263157894735,0.9310344827586207,1.0,0.13451589061345165,0.855,Low,0
0.5333333333333334,0.894736842105263,0.122,0.9600000000000002,1.0,0.47368421052631576,0.3448275862068966,1.0,0.2594235033259424,0.295,Medium,1
0.5333333333333334,0.10526315789473684,0.41700000000000004,0.39600000000000013,1.0,0.3157894736842105,0.24137931034482757,0.5555555555555556,0.5558019216555803,0.82,Medium,1
1.0000000000000002,0.10526315789473684,0.533,0.4880000000000002,0.2857142857142857,0.9473684210526315,0.3103448275862069,0.7777777777777777,0.6703621581670363,0.87,High,2
0.19999999999999996,0.2631578947368421,0.6230000000000001,0.758,0.0,0.631578947368421,1.0,0.5555555555555556,0.5247597930524761,0.355,Medium,1
0.06666666666666665,0.10526315789473684,0.20199999999999996,0.3939999999999999,0.42857142857142855,0.0,0.24137931034482757,0.3333333333333333,0.394678492239468,0.015,Low,0
0.1333333333333333,0.631578947368421,0.8610000000000001,0.788,0.7142857142857142,0.3157894736842105,0.5862068965517241,1.0,0.9083518107908353,0.355,High,2
0.26666666666666683,0.10526315789473684,0.2360000000000001,0.8539999999999999,0.7142857142857142,0.8421052631578947,0.6896551724137931,0.0,0.22394678492239467,0.625,Low,0
0.6666666666666667,0.7894736842105263,0.5720000000000001,0.31199999999999983,0.42857142857142855,0.47368421052631576,0.27586206896551724,0.7777777777777777,0.6031042128603106,0.955,High,2
1.0000000000000002,0.47368421052631576,0.384,0.45799999999999996,1.0,1.0,0.4482758620689655,0.8888888888888888,0.28750923872875095,0.77,High,2
0.40000000000000013,0.10526315789473684,0.0,0.20199999999999996,0.14285714285714285,0.7894736842105263,0.13793103448275862,0.1111111111111111,0.008130081300812997,0.655,Low,0
0.4666666666666668,0.2631578947368421,0.269,0.6880000000000002,0.14285714285714285,0.5263157894736842,0.7241379310344828,0.1111111111111111,0.45898004434589806,0.74,Low,0
0.9333333333333333,0.10526315789473684,0.17300000000000004,0.8879999999999999,0.42857142857142855,0.10526315789473684,0.0,0.3333333333333333,0.27124907612712496,0.15,Low,0
0.06666666666666665,0.5263157894736842,0.61,0.266,0.5714285714285714,0.05263157894736842,0.20689655172413793,0.6666666666666666,0.43976348854397646,0.095,Medium,1
0.3333333333333335,0.42105263157894735,0.16500000000000004,0.246,0.2857142857142857,0.3157894736842105,0.6896551724137931,0.7777777777777777,0.13968957871396898,0.275,Low,0
0.0,0.7894736842105263,0.252,0.8739999999999999,1.0,0.5789473684210527,0.9310344827586207,0.5555555555555556,0.1796008869179601,0.185,Medium,1
0.3333333333333335,0.631578947368421,0.557,0.09000000000000008,0.14285714285714285,0.47368421052631576,0.20689655172413793,0.0,0.550628233555063,0.95,Medium,1
0.8,0.3684210526315789,0.809,0.5800000000000001,0.2857142857142857,0.2631578947368421,0.48275862068965514,0.2222222222222222,0.7797487065779749,0.41,Medium,1
0.19999999999999996,0.7894736842105263,0.29500000000000004,0.804,0.0,0.21052631578947367,0.896551724137931,1.0,0.476718403547672,0.24,Medium,1
0.6666666666666667,0.9473684210526315,0.23299999999999998,0.95,0.0,0.47368421052631576,0.06896551724137931,0.2222222222222222,0.22616407982261638,0.53,Medium,1
0.40000000000000013,0.3684210526315789,0.8880000000000002,0.9100000000000001,0.2857142857142857,0.47368421052631576,1.0,0.6666666666666666,0.7228381374722839,0.675,Medium,1
0.3333333333333335,0.8421052631578947,0.8690000000000001,0.3839999999999999,0.14285714285714285,0.42105263157894735,0.6551724137931034,1.0,0.7339246119733926,0.105,High,2
0.7333333333333332,0.05263157894736842,0.8130000000000001,0.516,0.14285714285714285,0.2631578947368421,1.0,0.1111111111111111,0.6119733924611974,0.09,Medium,1
0.8,0.7368421052631579,0.3480000000000001,0.09399999999999997,0.7142857142857142,0.10526315789473684,0.7586206896551724,0.4444444444444444,0.3259423503325943,0.275,Medium,1
0.1333333333333333,0.47368421052631576,0.29100000000000004,0.21799999999999997,0.42857142857142855,0.42105263157894735,0.6206896551724138,0.5555555555555556,0.3835920177383593,0.87,Medium,1
0.5333333333333334,0.3157894736842105,0.995,0.4099999999999999,0.0,0.0,0.8620689655172413,1.0,0.8987435328898745,0.355,Medium,1
0.8666666666666669,0.7368421052631579,0.09100000000000003,0.050000000000000044,0.42857142857142855,0.15789473684210525,0.27586206896551724,0.5555555555555556,0.22542498152254248,0.79,Low,0
0.8,0.2631578947368421,0.507,0.998,0.0,0.10526315789473684,0.24137931034482757,0.6666666666666666,0.5048041389504805,0.13,Medium,1
0.19999999999999996,0.7368421052631579,0.549,0.788,0.0,0.3157894736842105,1.0,0.3333333333333333,0.6577974870657797,0.52,Medium,1
0.1333333333333333,0.894736842105263,0.8210000000000001,0.6300000000000001,0.5714285714285714,0.8421052631578947,0.7241379310344828,0.4444444444444444,0.8322246858832225,0.88,High,2
0.40000000000000013,0.3684210526315789,0.126,0.752,0.14285714285714285,0.15789473684210525,0.06896551724137931,0.5555555555555556,0.3126385809312639,0.9,Low,0
0.0,0.2631578947368421,0.394,0.4970000000000001,0.7142857142857142,0.10526315789473684,0.034482758620689655,0.4444444444444444,0.33702882483370294,0.325,Medium,1
0.6666666666666667,0.21052631578947367,0.3360000000000001,0.6460000000000001,0.2857142857142857,0.5263157894736842,0.6896551724137931,0.7777777777777777,0.4951958610495197,0.935,Medium,1
0.19999999999999996,0.9473684210526315,0.612,0.5860000000000001,0.14285714285714285,0.42105263157894735,0.034482758620689655,0.6666666666666666,0.48928307464892845,0.725,Medium,1
0.1333333333333333,0.47368421052631576,0.594,0.05999999999999994,0.2857142857142857,0.21052631578947367,0.10344827586206896,0.8888888888888888,0.5225424981522544,0.445,Medium,1
0.9333333333333333,0.2631578947368421,0.578,0.8660000000000001,0.0,0.8421052631578947,0.3448275862068966,0.4444444444444444,0.4789356984478936,0.45,Medium,1
0.6666666666666667,0.0,0.18799999999999994,0.17400000000000004,0.5714285714285714,0.5263157894736842,0.10344827586206896,0.2222222222222222,0.32372505543237257,0.22,Medium,1
0.9333333333333333,0.47368421052631576,0.523,0.12200000000000011,0.5714285714285714,0.10526315789473684,0.9655172413793103,0.0,0.5875831485587584,0.785,Low,0
0.1333333333333333,1.0,0.47,0.4970000000000001,0.0,0.894736842105263,0.6896551724137931,0.4444444444444444,0.43902439024390255,0.915,Medium,1
1.0000000000000002,1.0,0.41500000000000004,0.3759999999999999,0.2857142857142857,1.0,0.6551724137931034,0.4444444444444444,0.5373244641537325,0.465,High,2
0.5333333333333334,0.21052631578947367,0.025999999999999968,0.508,0.7142857142857142,0.3157894736842105,0.6896551724137931,0.7777777777777777,0.11308203991130822,0.355,Medium,1
0.6666666666666667,0.7894736842105263,0.8230000000000001,0.8239999999999998,0.8571428571428571,0.05263157894736842,0.4482758620689655,0.8888888888888888,0.6045824094604584,0.295,Medium,1
0.19999999999999996,0.21052631578947367,0.568,0.040000000000000036,0.7142857142857142,0.47368421052631576,0.3448275862068966,0.2222222222222222,0.50849963045085,0.375,High,2
0.1333333333333333,0.7894736842105263,0.7519999999999999,0.30600000000000005,0.14285714285714285,0.10526315789473684,0.6206896551724138,0.4444444444444444,0.5476718403547671,0.515,Medium,1
0.4666666666666668,0.42105263157894735,0.983,0.7220000000000002,0.14285714285714285,0.6842105263157894,0.6206896551724138,0.1111111111111111,0.8854397634885443,0.505,Medium,1
0.8,0.5263157894736842,0.579,0.3880000000000001,0.42857142857142855,0.8421052631578947,0.8620689655172413,0.4444444444444444,0.7065779748706578,0.455,High,2
0.3333333333333335,1.0,0.6470000000000001,0.774,0.14285714285714285,0.894736842105263,0.7241379310344828,0.4444444444444444,0.6156688839615669,0.79,Medium,1
0.8,0.0,0.65,0.3340000000000001,1.0,0.47368421052631576,0.3448275862068966,0.6666666666666666,0.6888396156688841,0.685,High,2
0.26666666666666683,0.7894736842105263,0.029000000000000026,0.6679999999999999,0.5714285714285714,0.7894736842105263,0.7931034482758621,0.1111111111111111,0.22246858832224697,0.39,Low,0
0.6666666666666667,0.0,0.278,0.6539999999999999,0.0,1.0,0.24137931034482757,0.2222222222222222,0.37324464153732456,0.795,Low,0
0.19999999999999996,0.2631578947368421,0.5710000000000001,0.6500000000000001,0.5714285714285714,0.2631578947368421,0.48275862068965514,0.6666666666666666,0.4626755358462677,0.11,Medium,1
0.0,0.0,0.9840000000000001,0.30600000000000005,0.14285714285714285,0.7368421052631579,0.41379310344827586,0.6666666666666666,0.852919438285292,0.16,High,2
0.8,0.5789473684210527,0.9680000000000001,0.8320000000000001,0.5714285714285714,0.2631578947368421,0.3448275862068966,0.3333333333333333,0.9704360679970438,0.005,Medium,1
0.7333333333333332,0.7894736842105263,0.493,0.8899999999999999,0.8571428571428571,0.2631578947368421,0.41379310344827586,0.2222222222222222,0.4478935698447894,0.665,Low,0
0.06666666666666665,0.8421052631578947,0.20199999999999996,0.3720000000000001,1.0,0.3684210526315789,0.896551724137931,0.0,0.37102734663710285,0.135,Low,0
0.7333333333333332,1.0,0.3730000000000001,0.32400000000000007,0.2857142857142857,0.3157894736842105,0.9310344827586207,0.2222222222222222,0.5402808573540281,0.175,Low,0
0.8666666666666669,0.47368421052631576,0.18300000000000005,0.15000000000000002,0.8571428571428571,0.894736842105263,0.5172413793103449,0.6666666666666666,0.3599408721359942,0.995,Medium,1
0.19999999999999996,0.15789473684210525,0.15800000000000003,0.998,0.2857142857142857,0.894736842105263,0.1724137931034483,0.0,0.10421286031042132,0.69,Medium,1
0.4666666666666668,0.21052631578947367,0.38,0.8579999999999999,0.8571428571428571,0.631578947368421,0.034482758620689655,0.4444444444444444,0.43976348854397646,0.495,Low,0
0.0,0.3684210526315789,0.7260000000000001,0.40000000000000013,1.0,0.7368421052631579,0.3448275862068966,0.1111111111111111,0.6016260162601628,0.86,High,2
0.4666666666666668,0.21052631578947367,0.8730000000000001,0.8460000000000001,1.0,0.7894736842105263,0.6896551724137931,0.5555555555555556,0.7080561714708056,0.415,High,2
0.8666666666666669,0.0,0.7640000000000001,0.15800000000000003,0.0,0.631578947368421,0.06896551724137931,0.3333333333333333,0.5971914264597191,0.5,High,2
0.9333333333333333,0.3684210526315789,0.10499999999999998,0.768,1.0,0.631578947368421,0.20689655172413793,0.3333333333333333,0.29490022172949,0.72,Low,0
0.19999999999999996,1.0,0.27,0.20399999999999996,0.14285714285714285,0.5263157894736842,0.7586206896551724,0.5555555555555556,0.27198817442719886,0.12,Medium,1
0.19999999999999996,0.6842105263157894,0.9730000000000002,0.07200000000000006,0.7142857142857142,0.47368421052631576,0.3448275862068966,0.6666666666666666,0.7871396895787139,0.035,High,2
0.40000000000000013,0.631578947368421,0.9490000000000002,0.8899999999999999,0.2857142857142857,0.894736842105263,0.6551724137931034,0.2222222222222222,0.7945306725794532,0.945,Medium,1
0.9333333333333333,0.5789473684210527,0.372,0.11599999999999999,0.0,0.2631578947368421,0.48275862068965514,0.2222222222222222,0.4789356984478936,0.985,Low,0
0.0,0.47368421052631576,0.27,0.9359999999999999,1.0,0.5263157894736842,0.896551724137931,0.6666666666666666,0.20399113082039916,0.37,Medium,1
0.9333333333333333,0.6842105263157894,0.09999999999999998,0.77,0.42857142857142855,0.3157894736842105,0.6896551724137931,0.6666666666666666,0.17073170731707316,0.745,Low,0
0.7333333333333332,0.894736842105263,0.18499999999999994,0.19000000000000006,0.42857142857142855,0.6842105263157894,0.27586206896551724,0.1111111111111111,0.33924611973392477,0.835,Low,0
0.9333333333333333,0.631578947368421,0.30999999999999994,0.4970000000000001,0.5714285714285714,0.10526315789473684,0.7241379310344828,0.8888888888888888,0.4855875831485588,0.25,Medium,1
0.06666666666666665,0.631578947368421,0.269,0.984,0.2857142857142857,0.7894736842105263,0.7586206896551724,0.8888888888888888,0.4308943089430895,0.345,Medium,1
0.9333333333333333,0.42105263157894735,0.11099999999999999,0.984,0.14285714285714285,0.15789473684210525,0.20689655172413793,0.6666666666666666,0.13451589061345165,0.715,Low,0
0.5333333333333334,0.15789473684210525,0.395,0.536,0.14285714285714285,0.6842105263157894,0.9310344827586207,0.0,0.5099778270509978,0.055,Medium,1
0.3333333333333335,0.631578947368421,0.8130000000000001,0.9920000000000002,0.42857142857142855,0.5263157894736842,0.3793103448275862,0.0,0.5912786400591281,0.29,High,2
0.26666666666666683,0.9473684210526315,0.719,0.794,1.0,0.894736842105263,1.0,0.6666666666666666,0.779009608277901,0.605,High,2
0.4666666666666668,0.10526315789473684,0.45399999999999996,0.8680000000000001,0.8571428571428571,0.631578947368421,0.9310344827586207,0.2222222222222222,0.42424242424242425,0.355,Low,0
0.1333333333333333,0.7368421052631579,0.3360000000000001,0.20599999999999996,1.0,0.6842105263157894,0.5172413793103449,0.1111111111111111,0.2808573540280858,0.79,Medium,1
0.26666666666666683,0.7368421052631579,0.9480000000000001,0.51,0.8571428571428571,0.631578947368421,0.3793103448275862,0.1111111111111111,0.7472283813747229,0.92,Medium,1
0.9333333333333333,0.8421052631578947,0.14300000000000002,0.41600000000000015,0.8571428571428571,0.10526315789473684,0.20689655172413793,0.5555555555555556,0.38507021433850713,0.115,Medium,1
1.0000000000000002,0.8421052631578947,0.9780000000000001,0.504,0.2857142857142857,0.2631578947368421,0.896551724137931,0.0,0.926090169992609,0.505,Medium,1
0.6666666666666667,0.21052631578947367,0.021999999999999964,0.958,0.7142857142857142,0.2631578947368421,0.6551724137931034,0.0,0.06060606060606061,0.02,Low,0
0.8,0.6842105263157894,0.059,0.44999999999999996,1.0,0.47368421052631576,0.8275862068965517,0.1111111111111111,0.2572062084257207,0.215,Low,0
0.06666666666666665,0.0,0.05599999999999994,0.45799999999999996,0.5714285714285714,0.6842105263157894,0.8620689655172413,0.5555555555555556,0.1426459719142646,0.875,Medium,1
0.8666666666666669,0.5789473684210527,0.585,0.9019999999999999,0.42857142857142855,0.2631578947368421,0.8620689655172413,0.4444444444444444,0.4811529933481154,0.35,Low,0
0.1333333333333333,0.5263157894736842,0.253,0.5880000000000001,0.14285714285714285,0.21052631578947367,0.41379310344827586,0.8888888888888888,0.43828529194382865,0.91,Medium,1
0.3333333333333335,0.7894736842105263,0.5640000000000001,0.9120000000000001,0.42857142857142855,0.7894736842105263,0.3448275862068966,0.3333333333333333,0.6341463414634148,0.905,Medium,1
0.6000000000000001,0.3684210526315789,0.5279999999999999,0.126,0.7142857142857142,0.5789473684210527,0.5172413793103449,0.0,0.6119733924611974,0.035,Medium,1
0.1333333333333333,0.8421052631578947,0.539,0.9760000000000002,0.8571428571428571,0.631578947368421,0.4482758620689655,0.6666666666666666,0.4493717664449372,0.66,Medium,1
0.6666666666666667,0.15789473684210525,0.11399999999999999,0.8239999999999998,0.42857142857142855,0.15789473684210525,0.06896551724137931,0.1111111111111111,0.11456023651145603,0.075,Low,0
0.6666666666666667,0.6842105263157894,0.132,0.8399999999999999,0.5714285714285714,0.15789473684210525,0.6896551724137931,0.0,0.08795269770879527,0.17,Low,0
0.5333333333333334,0.3157894736842105,0.666,0.732,1.0,0.6842105263157894,0.034482758620689655,0.1111111111111111,0.5469327420546934,0.505,Medium,1
0.6000000000000001,0.7894736842105263,0.20700000000000007,0.5800000000000001,1.0,1.0,0.034482758620689655,0.0,0.3296378418329638,0.51,Medium,1
0.0,0.894736842105263,0.03700000000000003,0.008000000000000007,1.0,0.7894736842105263,0.8620689655172413,0.5555555555555556,0.06060606060606061,0.89,Medium,1
0.0,0.47368421052631576,0.31200000000000006,0.43399999999999994,0.5714285714285714,0.0,0.6896551724137931,0.3333333333333333,0.42424242424242425,0.675,Low,0
0.8,0.10526315789473684,0.499,0.8140000000000001,0.7142857142857142,0.10526315789473684,0.8275862068965517,0.0,0.607538802660754,0.435,Low,0
0.8666666666666669,0.2631578947368421,0.19800000000000006,0.276,0.14285714285714285,0.631578947368421,0.41379310344827586,0.3333333333333333,0.15742793791574278,0.375,Medium,1
0.6666666666666667,0.8421052631578947,0.7340000000000001,0.7140000000000002,0.8571428571428571,0.7368421052631579,0.5862068965517241,0.2222222222222222,0.8122690317812269,0.82,Medium,1
0.4666666666666668,0.47368421052631576,0.7740000000000001,0.4970000000000001,0.0,0.6842105263157894,0.8275862068965517,0.1111111111111111,0.7095343680709536,0.825,Medium,1
0.4666666666666668,1.0,0.9460000000000001,0.17200000000000004,0.14285714285714285,0.8421052631578947,0.06896551724137931,0.4444444444444444,0.9541759053954177,0.785,High,2
0.7333333333333332,0.15789473684210525,0.682,0.33599999999999985,1.0,0.05263157894736842,0.6551724137931034,0.4444444444444444,0.5617147080561715,0.88,Medium,1
0.40000000000000013,0.3684210526315789,0.555,0.5980000000000001,0.2857142857142857,0.3157894736842105,0.24137931034482757,0.6666666666666666,0.516629711751663,0.06,Medium,1
0.9333333333333333,0.0,0.253,0.236,0.7142857142857142,0.42105263157894735,0.20689655172413793,1.0,0.1781226903178123,0.98,Medium,1
0.7333333333333332,0.2631578947368421,0.384,0.956,0.14285714285714285,0.47368421052631576,1.0,0.5555555555555556,0.45750184774575026,0.73,Medium,1
0.6666666666666667,0.21052631578947367,0.35,0.40800000000000014,0.14285714285714285,0.47368421052631576,0.24137931034482757,0.1111111111111111,0.49002217294900235,0.24,Medium,1
0.9333333333333333,0.8421052631578947,0.5060000000000001,0.9339999999999999,0.7142857142857142,0.05263157894736842,0.41379310344827586,0.0,0.590539541759054,0.46,Low,0
0.3333333333333335,0.3684210526315789,0.2230000000000001,0.9100000000000001,0.0,0.5789473684210527,0.06896551724137931,0.1111111111111111,0.19068736141906878,0.365,Low,0
0.7333333333333332,0.10526315789473684,0.31700000000000006,0.244,0.42857142857142855,0.894736842105263,0.6896551724137931,0.3333333333333333,0.4811529933481154,0.61,Medium,1
0.4666666666666668,0.7368421052631579,0.4960000000000001,0.28600000000000003,0.42857142857142855,0.47368421052631576,0.034482758620689655,0.0,0.8152254249815225,0.39,Medium,1
0.8,0.8421052631578947,0.395,0.76,0.42857142857142855,1.0,0.27586206896551724,0.5555555555555556,0.41980783444198094,0.685,High,2
0.8666666666666669,0.2631578947368421,0.703,0.6960000000000002,0.7142857142857142,0.631578947368421,0.0,0.7777777777777777,0.7834441980783446,0.415,High,2
0.1333333333333333,0.0,0.09699999999999998,0.4970000000000001,0.0,0.2631578947368421,0.48275862068965514,0.2222222222222222,0.32076866223207695,0.505,Low,0
0.6666666666666667,0.894736842105263,0.906,0.764,0.5714285714285714,0.7894736842105263,0.7241379310344828,0.1111111111111111,0.8507021433850703,0.59,High,2
0.40000000000000013,0.3684210526315789,0.05700000000000005,0.9640000000000002,0.5714285714285714,0.47368421052631576,0.5862068965517241,0.6666666666666666,0.04804138950480413,0.505,Low,0
0.0,0.3157894736842105,0.749,0.9140000000000001,0.2857142857142857,0.3157894736842105,0.6551724137931034,0.0,0.7649667405764968,0.8,Low,0
0.1333333333333333,0.47368421052631576,0.18399999999999994,0.952,0.8571428571428571,0.894736842105263,0.4482758620689655,0.5555555555555556,0.23651145602365115,0.16,Low,0
0.40000000000000013,0.7894736842105263,0.20700000000000007,0.264,0.42857142857142855,0.8421052631578947,0.7241379310344828,0.2222222222222222,0.1921655580192166,0.72,Medium,1
0.26666666666666683,0.47368421052631576,0.4800000000000001,0.736,0.8571428571428571,0.5263157894736842,0.3103448275862069,0.7777777777777777,0.4316334072431635,0.585,Medium,1
0.26666666666666683,0.6842105263157894,0.347,0.6599999999999999,0.8571428571428571,0.05263157894736842,0.7931034482758621,0.5555555555555556,0.35476718403547675,0.05,Low,0
1.0000000000000002,0.7368421052631579,0.07900000000000001,0.41400000000000015,0.5714285714285714,0.05263157894736842,0.5862068965517241,0.0,0.2645971914264597,0.105,Low,0
0.0,0.47368421052631576,0.007000000000000006,0.9920000000000002,0.42857142857142855,0.9473684210526315,0.5862068965517241,0.5555555555555556,0.17147080561714717,0.655,Medium,1
0.0,0.8421052631578947,0.527,0.019999999999999907,0.42857142857142855,0.5263157894736842,0.6896551724137931,0.0,0.6341463414634148,0.41,Medium,1
0.6000000000000001,0.15789473684210525,0.27,0.20399999999999996,1.0,0.7894736842105263,0.5862068965517241,0.2222222222222222,0.38433111603843323,0.05,Medium,1
1.0000000000000002,0.9473684210526315,0.8370000000000001,0.14600000000000013,0.42857142857142855,0.5789473684210527,0.4482758620689655,0.5555555555555556,0.5018477457501849,0.665,High,2
0.7333333333333332,0.3157894736842105,0.8550000000000001,0.43000000000000016,0.8571428571428571,0.2631578947368421,0.24137931034482757,0.5555555555555556,0.6977087952697709,0.01,High,2
0.4666666666666668,0.7368421052631579,0.249,0.9199999999999999,0.0,0.2631578947368421,0.8620689655172413,1.0,0.38433111603843323,0.22,Low,0
0.4666666666666668,0.894736842105263,0.5519999999999999,0.692,0.5714285714285714,0.05263157894736842,0.3448275862068966,0.6666666666666666,0.6304508499630452,0.05,Medium,1
0.8,0.47368421052631576,0.8570000000000001,0.6539999999999999,1.0,0.21052631578947367,0.9310344827586207,1.0,0.8396156688839618,0.385,High,2
0.06666666666666665,0.47368421052631576,0.5720000000000001,0.998,0.0,0.21052631578947367,0.41379310344827586,0.1111111111111111,0.45232815964523293,0.61,Low,0
0.26666666666666683,0.6842105263157894,0.256,0.734,0.5714285714285714,0.2631578947368421,0.10344827586206896,0.0,0.3673318551367332,0.61,Medium,1
0.0,0.631578947368421,0.17400000000000004,0.544,0.7142857142857142,0.3157894736842105,0.06896551724137931,0.6666666666666666,0.3104212860310422,0.455,Medium,1
0.6000000000000001,0.631578947368421,0.8160000000000002,0.52,0.14285714285714285,0.8421052631578947,0.27586206896551724,0.1111111111111111,0.7856614929785664,0.555,Medium,1
0.5333333333333334,0.894736842105263,0.57,0.8379999999999999,0.8571428571428571,0.631578947368421,0.24137931034482757,0.0,0.4116777531411678,0.95,Medium,1
0.7333333333333332,1.0,0.9400000000000001,0.5680000000000001,0.14285714285714285,0.8421052631578947,0.7586206896551724,0.8888888888888888,0.8189209164818922,0.84,High,2
0.8666666666666669,0.7368421052631579,0.374,0.276,1.0,0.15789473684210525,0.5862068965517241,0.4444444444444444,0.30524759793052475,0.885,Medium,1
0.9333333333333333,0.3157894736842105,0.32599999999999996,0.27,0.7142857142857142,0.15789473684210525,0.9655172413793103,0.4444444444444444,0.515890613451589,0.795,Low,0
0.26666666666666683,0.47368421052631576,0.44299999999999995,0.10399999999999987,0.42857142857142855,0.8421052631578947,0.3103448275862069,0.8888888888888888,0.3458980044345899,0.135,High,2
0.9333333333333333,0.7368421052631579,0.23299999999999998,0.702,0.42857142857142855,0.21052631578947367,0.7241379310344828,0.5555555555555556,0.361419068736142,0.11,Low,0
1.0000000000000002,1.0,0.486,0.778,0.2857142857142857,0.7894736842105263,0.10344827586206896,0.7777777777777777,0.5491500369549152,0.525,High,2
0.26666666666666683,0.47368421052631576,0.07100000000000001,0.9260000000000002,0.7142857142857142,0.3157894736842105,0.10344827586206896,1.0,0.04434589800443456,0.695,Medium,1
0.26666666666666683,1.0,0.602,0.486,0.7142857142857142,0.9473684210526315,0.48275862068965514,0.0,0.4294161123429417,0.645,High,2
0.9333333333333333,0.894736842105263,0.3480000000000001,0.46799999999999997,0.5714285714285714,0.15789473684210525,0.0,0.4444444444444444,0.52549889135255,0.695,Low,0
0.6666666666666667,0.15789473684210525,0.4960000000000001,0.6279999999999999,0.7142857142857142,0.10526315789473684,0.9655172413793103,0.0,0.23503325942350345,0.47,Low,0
0.06666666666666665,0.631578947368421,0.892,0.31999999999999984,0.8571428571428571,0.10526315789473684,0.06896551724137931,0.0,0.7087952697708797,0.41,Medium,1
0.0,0.0,0.517,0.6080000000000001,0.14285714285714285,0.894736842105263,0.6206896551724138,0.6666666666666666,0.43828529194382865,0.445,Medium,1
0.8,0.42105263157894735,0.040000000000000036,0.8239999999999998,0.0,0.3684210526315789,0.48275862068965514,0.5555555555555556,0.1958610495195861,0.07,Low,0
0.6000000000000001,0.6842105263157894,0.747,0.5880000000000001,0.5714285714285714,0.2631578947368421,0.06896551724137931,0.0,0.6415373244641538,0.725,Medium,1
0.6666666666666667,0.5263157894736842,0.723,0.6800000000000002,0.14285714285714285,0.8421052631578947,0.4482758620689655,0.0,0.5321507760532151,0.575,Medium,1
0.1333333333333333,0.0,0.256,0.40600000000000014,1.0,0.6842105263157894,0.0,0.8888888888888888,0.3858093126385809,0.46,High,2
0.3333333333333335,0.894736842105263,0.273,0.26,0.42857142857142855,0.894736842105263,0.27586206896551724,0.6666666666666666,0.45602365114560256,0.03,High,2
0.6666666666666667,0.42105263157894735,0.932,0.40800000000000014,0.14285714285714285,0.05263157894736842,0.3103448275862069,0.4444444444444444,0.7036215816703624,1.0,Medium,1
0.6666666666666667,0.7894736842105263,0.402,0.26,0.7142857142857142,0.3684210526315789,0.20689655172413793,1.0,0.5018477457501849,0.985,Medium,1
0.19999999999999996,0.2631578947368421,0.652,0.518,0.14285714285714285,0.631578947368421,0.20689655172413793,0.3333333333333333,0.5668883961566891,0.97,Medium,1
0.26666666666666683,0.0,0.6650000000000001,0.9000000000000001,0.7142857142857142,0.05263157894736842,0.4482758620689655,1.0,0.4818920916481893,0.505,Medium,1
0.7333333333333332,0.7368421052631579,0.8880000000000002,0.23399999999999999,0.2857142857142857,0.3684210526315789,0.48275862068965514,0.8888888888888888,0.6947524020694753,0.82,High,2
0.1333333333333333,0.3157894736842105,0.6669999999999999,0.3859999999999999,0.42857142857142855,0.05263157894736842,0.7586206896551724,0.0,0.7058388765705839,0.1,Medium,1
0.40000000000000013,1.0,0.18700000000000006,0.736,0.8571428571428571,1.0,0.24137931034482757,0.2222222222222222,0.35402808573540284,0.25,Medium,1
0.6000000000000001,0.05263157894736842,0.936,0.016000000000000014,0.7142857142857142,0.7894736842105263,0.034482758620689655,0.8888888888888888,0.8662232076866225,0.905,High,2
0.19999999999999996,0.3157894736842105,0.5439999999999999,0.6759999999999999,0.14285714285714285,0.10526315789473684,0.3448275862068966,0.0,0.5594974131559498,0.24,Low,0
0.06666666666666665,0.8421052631578947,0.049000000000000044,0.4720000000000002,0.7142857142857142,0.15789473684210525,0.7586206896551724,1.0,0.12121212121212116,0.63,Low,0
0.4666666666666668,0.47368421052631576,0.693,0.03599999999999992,1.0,0.15789473684210525,0.5172413793103449,0.4444444444444444,0.7553584626755359,0.535,High,2
1.0000000000000002,0.6842105263157894,0.45199999999999996,0.09199999999999997,0.0,0.10526315789473684,0.1724137931034483,0.6666666666666666,0.3791574279379158,0.285,Medium,1
0.8,0.21052631578947367,0.15800000000000003,0.6240000000000001,0.5714285714285714,1.0,1.0,0.5555555555555556,0.23503325942350345,0.05,Medium,1
0.7333333333333332,0.21052631578947367,0.57,0.79,0.7142857142857142,0.7894736842105263,0.7931034482758621,0.7777777777777777,0.5624538063562454,0.2,High,2
1.0000000000000002,0.3157894736842105,0.122,0.4970000000000001,0.8571428571428571,0.3684210526315789,0.20689655172413793,0.1111111111111111,0.1433850702143385,0.545,Low,0
0.5333333333333334,0.7368421052631579,0.87,0.6199999999999999,0.8571428571428571,0.0,0.034482758620689655,0.7777777777777777,0.8329637841832964,0.46,High,2
0.26666666666666683,0.6842105263157894,0.10999999999999999,0.5720000000000001,0.2857142857142857,0.42105263157894735,0.41379310344827586,0.4444444444444444,0.1951219512195122,0.61,Low,0
0.4666666666666668,0.894736842105263,0.9880000000000001,0.35399999999999987,0.0,0.15789473684210525,0.5862068965517241,0.5555555555555556,0.8507021433850703,0.86,Medium,1
0.3333333333333335,0.9473684210526315,0.025999999999999968,0.6260000000000001,0.5714285714285714,0.3684210526315789,0.7586206896551724,0.5555555555555556,0.2926829268292684,0.335,Low,0
1.0000000000000002,0.10526315789473684,0.40800000000000003,0.774,1.0,0.5263157894736842,0.8275862068965517,0.1111111111111111,0.515890613451589,0.86,Low,0
0.26666666666666683,0.5263157894736842,0.803,0.3039999999999998,0.5714285714285714,1.0,0.5862068965517241,0.6666666666666666,0.6267553584626755,0.37,High,2
0.3333333333333335,0.47368421052631576,0.652,0.9199999999999999,0.7142857142857142,0.42105263157894735,0.8620689655172413,0.8888888888888888,0.4959349593495936,0.86,Medium,1
0.8,0.894736842105263,0.20599999999999996,0.9160000000000001,0.2857142857142857,0.42105263157894735,0.5517241379310345,0.2222222222222222,0.36954915003695504,0.095,Low,0
0.06666666666666665,0.10526315789473684,0.17800000000000005,0.5760000000000001,1.0,0.8421052631578947,0.41379310344827586,1.0,0.13155949741315592,0.07,Medium,1
0.1333333333333333,0.10526315789473684,0.7640000000000001,0.8960000000000001,0.2857142857142857,0.7894736842105263,0.6896551724137931,0.5555555555555556,0.6430155210643016,0.315,High,2
0.9333333333333333,0.7894736842105263,0.43599999999999994,0.030000000000000027,0.8571428571428571,0.894736842105263,0.5862068965517241,1.0,0.45306725794530683,0.065,High,2
0.8,0.8421052631578947,0.32999999999999996,0.12200000000000011,0.5714285714285714,0.5263157894736842,0.9655172413793103,0.2222222222222222,0.3259423503325943,0.935,Low,0
0.3333333333333335,0.05263157894736842,0.051999999999999935,0.984,0.2857142857142857,0.6842105263157894,0.9655172413793103,0.8888888888888888,0.1263858093126386,0.335,Medium,1
0.40000000000000013,0.3684210526315789,0.131,0.97,0.42857142857142855,0.894736842105263,0.3793103448275862,0.4444444444444444,0.30598669623059865,0.155,Medium,1
0.1333333333333333,0.631578947368421,0.767,0.9120000000000001,0.5714285714285714,0.42105263157894735,0.9655172413793103,0.6666666666666666,0.8085735402808574,0.34,Medium,1
0.8666666666666669,0.631578947368421,0.593,0.476,1.0,0.3684210526315789,0.9310344827586207,1.0,0.640059127864006,0.805,High,2
0.0,0.21052631578947367,0.6509999999999999,0.3039999999999998,0.42857142857142855,0.6842105263157894,0.7586206896551724,0.7777777777777777,0.5971914264597191,0.18,High,2
0.0,0.5789473684210527,0.29700000000000004,0.41600000000000015,0.7142857142857142,0.21052631578947367,0.8275862068965517,0.2222222222222222,0.40206947524020703,0.565,Low,0
0.7333333333333332,0.5263157894736842,0.8119999999999999,0.6839999999999999,0.8571428571428571,0.5263157894736842,0.6206896551724138,0.2222222222222222,0.6016260162601628,0.02,Medium,1
0.4666666666666668,0.5789473684210527,0.534,0.08800000000000008,0.8571428571428571,0.3684210526315789,0.1724137931034483,0.7777777777777777,0.5210643015521066,0.405,High,2
0.6000000000000001,0.3157894736842105,0.033999999999999975,0.1060000000000001,0.42857142857142855,0.631578947368421,0.896551724137931,0.7777777777777777,0.5018477457501849,0.645,Medium,1
0.7333333333333332,0.7368421052631579,0.32500000000000007,0.9019999999999999,1.0,0.7368421052631579,0.24137931034482757,0.8888888888888888,0.3835920177383593,0.28,High,2
0.6000000000000001,0.47368421052631576,0.17500000000000004,0.724,0.2857142857142857,0.894736842105263,0.8620689655172413,0.8888888888888888,0.17294900221729487,0.235,High,2
0.8,0.47368421052631576,0.9310000000000002,0.6820000000000002,0.5714285714285714,0.6842105263157894,0.7931034482758621,1.0,0.8418329637841835,0.84,High,2
0.26666666666666683,0.42105263157894735,0.8460000000000002,0.3939999999999999,0.14285714285714285,0.9473684210526315,0.0,0.0,0.8181818181818183,0.785,Medium,1
0.6000000000000001,0.3684210526315789,0.4960000000000001,0.4970000000000001,0.14285714285714285,0.9473684210526315,0.20689655172413793,0.2222222222222222,0.8100517368810054,0.855,Medium,1
0.9333333333333333,1.0,0.539,0.08200000000000007,1.0,0.7368421052631579,0.5862068965517241,0.8888888888888888,0.6696230598669624,0.95,Medium,1
0.26666666666666683,0.3684210526315789,0.45899999999999996,0.4970000000000001,0.8571428571428571,0.9473684210526315,0.034482758620689655,0.8888888888888888,0.4781966001478198,0.515,High,2
0.4666666666666668,0.7894736842105263,0.8630000000000001,0.22199999999999998,1.0,0.9473684210526315,0.6206896551724138,0.8888888888888888,0.8314855875831488,0.08,High,2
0.3333333333333335,0.5789473684210527,0.11599999999999999,0.812,0.42857142857142855,0.0,0.20689655172413793,0.4444444444444444,0.262379896526238,0.73,Low,0
0.1333333333333333,0.7894736842105263,0.10699999999999998,0.31000000000000005,0.14285714285714285,1.0,0.48275862068965514,0.5555555555555556,0.31189948263119,0.365,Medium,1
0.7333333333333332,0.894736842105263,0.40800000000000003,0.30600000000000005,1.0,0.47368421052631576,0.3793103448275862,0.7777777777777777,0.45676274944567635,0.685,Medium,1
0.1333333333333333,1.0,0.22099999999999997,0.10999999999999999,0.42857142857142855,0.5789473684210527,0.034482758620689655,0.8888888888888888,0.2461197339246119,0.035,Medium,1
0.26666666666666683,0.0,0.765,0.08599999999999997,0.8571428571428571,0.5263157894736842,0.41379310344827586,0.0,0.5565410199556542,0.18,Medium,1
0.19999999999999996,0.7368421052631579,0.26,0.756,0.2857142857142857,0.5789473684210527,0.5172413793103449,0.8888888888888888,0.33407243163340733,0.82,Low,0
0.6666666666666667,0.42105263157894735,0.31100000000000005,0.18000000000000005,0.14285714285714285,0.2631578947368421,0.1724137931034483,0.2222222222222222,0.2749445676274945,0.755,Medium,1
1.0000000000000002,0.42105263157894735,0.42300000000000004,0.10999999999999999,0.42857142857142855,0.2631578947368421,0.3793103448275862,0.2222222222222222,0.3148558758314857,0.63,Medium,1
0.26666666666666683,0.631578947368421,0.89,0.24,1.0,0.15789473684210525,0.034482758620689655,0.3333333333333333,0.8226164079822618,0.03,High,2
0.3333333333333335,0.47368421052631576,0.6449999999999999,0.8180000000000001,0.0,0.9473684210526315,0.6206896551724138,0.0,0.6304508499630452,0.98,Medium,1
0.26666666666666683,0.0,0.4970000000000001,0.5840000000000001,0.8571428571428571,0.10526315789473684,1.0,0.5555555555555556,0.393939393939394,0.805,Medium,1
0.9333333333333333,0.3157894736842105,0.731,0.982,0.8571428571428571,0.3157894736842105,0.41379310344827586,0.6666666666666666,0.8152254249815225,0.205,Medium,1
0.1333333333333333,0.894736842105263,0.273,0.9480000000000002,0.14285714285714285,0.5789473684210527,0.3793103448275862,0.1111111111111111,0.212860310421286,0.82,Low,0
0.9333333333333333,0.47368421052631576,0.033999999999999975,0.1519999999999999,0.42857142857142855,0.3684210526315789,0.896551724137931,0.2222222222222222,0.20177383592017745,0.1,Low,0
0.4666666666666668,0.7368421052631579,0.7180000000000001,0.9239999999999999,0.0,0.5263157894736842,0.034482758620689655,0.2222222222222222,0.7413155949741317,0.31,Medium,1
1.0000000000000002,0.5789473684210527,0.4960000000000001,0.3039999999999998,0.7142857142857142,0.5263157894736842,0.8620689655172413,0.2222222222222222,0.4501108647450112,0.315,Medium,1
0.06666666666666665,0.5789473684210527,0.45399999999999996,0.952,0.2857142857142857,0.3684210526315789,0.6206896551724138,0.6666666666666666,0.5055432372505544,0.51,Medium,1
0.9333333333333333,0.47368421052631576,0.547,0.8140000000000001,0.2857142857142857,0.8421052631578947,0.7931034482758621,0.2222222222222222,0.6023651145602367,0.905,Medium,1
0.0,0.2631578947368421,0.6710000000000002,0.7220000000000002,0.42857142857142855,0.15789473684210525,0.5517241379310345,0.7777777777777777,0.6600147819660016,0.33,Medium,1
0.6666666666666667,0.5263157894736842,0.257,0.474,0.0,0.3157894736842105,0.48275862068965514,0.6666666666666666,0.3813747228381375,0.49,Low,0
0.8,0.0,0.9560000000000001,0.8920000000000001,0.2857142857142857,0.42105263157894735,0.3103448275862069,0.1111111111111111,0.8765705838876572,0.725,Medium,1
0.1333333333333333,0.10526315789473684,0.009999999999999953,0.6119999999999999,0.2857142857142857,0.5263157894736842,0.24137931034482757,0.5555555555555556,0.2749445676274945,0.615,Low,0
0.40000000000000013,0.0,0.5439999999999999,0.03599999999999992,0.42857142857142855,0.2631578947368421,0.41379310344827586,0.6666666666666666,0.5018477457501849,0.105,Medium,1
0.40000000000000013,0.894736842105263,0.719,0.798,0.42857142857142855,0.47368421052631576,0.4482758620689655,1.0,0.5365853658536588,0.725,High,2
0.40000000000000013,0.10526315789473684,0.783,0.708,1.0,0.42105263157894735,0.5517241379310345,0.4444444444444444,0.7930524759793054,0.56,High,2
0.9333333333333333,0.2631578947368421,0.8910000000000001,0.09399999999999997,0.7142857142857142,0.9473684210526315,0.896551724137931,0.8888888888888888,0.8920916481892094,0.475,High,2
0.8,0.47368421052631576,0.07,0.8920000000000001,0.7142857142857142,0.5263157894736842,0.3448275862068966,0.7777777777777777,0.16481892091648193,0.565,Low,0
0.19999999999999996,0.631578947368421,0.07100000000000001,0.6599999999999999,0.5714285714285714,0.7894736842105263,0.5172413793103449,0.8888888888888888,0.20473022912047306,0.035,Medium,1
0.5333333333333334,0.3684210526315789,0.8949999999999999,0.3039999999999998,0.5714285714285714,0.7368421052631579,0.3103448275862069,0.4444444444444444,0.9209164818920919,0.02,High,2
0.06666666666666665,0.2631578947368421,0.136,0.522,1.0,0.10526315789473684,0.5862068965517241,0.2222222222222222,0.3806356245380636,0.535,Low,0
1.0000000000000002,0.42105263157894735,0.616,0.3880000000000001,0.5714285714285714,0.6842105263157894,0.20689655172413793,0.7777777777777777,0.575018477457502,0.13,High,2
0.7333333333333332,0.8421052631578947,0.5060000000000001,0.10399999999999987,0.0,0.5789473684210527,0.0,0.8888888888888888,0.6274944567627494,0.025,High,2
0.7333333333333332,0.631578947368421,0.664,0.6500000000000001,0.0,0.7368421052631579,0.20689655172413793,0.0,0.7036215816703624,0.305,Medium,1
0.5333333333333334,0.7368421052631579,0.8890000000000001,0.10999999999999999,0.0,0.15789473684210525,0.5862068965517241,0.8888888888888888,0.7487065779748707,0.225,Medium,1
0.6000000000000001,0.05263157894736842,0.9269999999999999,0.476,0.0,0.21052631578947367,0.27586206896551724,0.5555555555555556,0.861049519586105,0.315,Medium,1
0.1333333333333333,0.15789473684210525,0.9380000000000001,0.4480000000000002,0.2857142857142857,0.894736842105263,0.3103448275862069,0.7777777777777777,0.8019216555801922,0.27,High,2
0.0,1.0,0.648,0.07400000000000007,0.0,0.2631578947368421,0.4482758620689655,0.0,0.5757575757575759,0.79,Medium,1
0.1333333333333333,0.47368421052631576,0.263,0.708,0.8571428571428571,0.7368421052631579,0.7931034482758621,0.1111111111111111,0.2276422764227642,0.445,Medium,1
0.6666666666666667,0.5789473684210527,0.18899999999999995,0.9960000000000002,0.5714285714285714,0.3684210526315789,0.4482758620689655,1.0,0.2823355506282335,0.595,Medium,1
0.1333333333333333,0.6842105263157894,0.21200000000000008,0.5920000000000001,0.0,0.3684210526315789,0.5862068965517241,0.0,0.22172949002217307,0.92,Low,0
0.8,0.3157894736842105,0.31100000000000005,0.6519999999999999,0.2857142857142857,0.3684210526315789,0.0,1.0,0.3104212860310422,0.53,Medium,1
0.26666666666666683,0.15789473684210525,0.618,0.8879999999999999,0.5714285714285714,0.7894736842105263,0.3448275862068966,0.1111111111111111,0.7339246119733926,0.52,Medium,1
0.9333333333333333,0.9473684210526315,0.017000000000000015,0.019999999999999907,0.0,0.894736842105263,0.3793103448275862,1.0,0.028085735402808565,0.33,Medium,1
0.8,0.10526315789473684,0.92,0.5740000000000001,0.8571428571428571,1.0,0.3448275862068966,0.5555555555555556,0.7730968218773098,0.19,High,2
0.3333333333333335,0.2631578947368421,0.41300000000000014,0.958,0.14285714285714285,0.3684210526315789,0.9655172413793103,0.4444444444444444,0.4951958610495197,0.485,Low,0
0.6000000000000001,0.05263157894736842,0.9010000000000001,0.5720000000000001,1.0,0.6842105263157894,0.034482758620689655,0.1111111111111111,0.746489283074649,0.16,High,2
0.5333333333333334,0.6842105263157894,0.6900000000000001,0.712,0.42857142857142855,0.42105263157894735,0.6206896551724138,1.0,0.6208425720620843,0.545,High,2
0.3333333333333335,0.15789473684210525,0.9010000000000001,0.5800000000000001,0.5714285714285714,0.47368421052631576,0.9310344827586207,0.7777777777777777,0.8455284552845528,0.905,High,2
0.8666666666666669,0.0,0.10399999999999998,0.4800000000000002,0.14285714285714285,0.3684210526315789,0.7241379310344828,0.8888888888888888,0.06504065040650403,0.335,Low,0
0.5333333333333334,0.8421052631578947,0.6669999999999999,0.3340000000000001,0.7142857142857142,0.42105263157894735,0.27586206896551724,0.3333333333333333,0.7583148558758317,0.67,Medium,1
0.4666666666666668,0.0,0.09599999999999997,0.14600000000000013,0.8571428571428571,0.7368421052631579,0.3103448275862069,0.7777777777777777,0.15668883961566887,0.1,High,2
0.4666666666666668,0.7368421052631579,0.02699999999999997,0.6180000000000001,0.0,0.2631578947368421,0.034482758620689655,1.0,0.022912047302291183,0.085,Medium,1
0.6666666666666667,0.42105263157894735,0.03799999999999998,0.8280000000000001,0.0,0.7368421052631579,0.034482758620689655,0.2222222222222222,0.13008130081300812,0.955,Low,0
0.8666666666666669,0.2631578947368421,0.62,0.6980000000000002,0.7142857142857142,0.42105263157894735,0.4482758620689655,0.5555555555555556,0.4759793052475981,0.485,Medium,1
0.40000000000000013,0.05263157894736842,0.22099999999999997,0.7380000000000002,0.5714285714285714,0.21052631578947367,0.6896551724137931,0.5555555555555556,0.4116777531411678,0.325,Low,0
0.8666666666666669,0.894736842105263,0.2230000000000001,0.42599999999999993,0.7142857142857142,0.3157894736842105,0.13793103448275862,0.4444444444444444,0.26829268292682934,0.485,Low,0
0.4666666666666668,0.0,0.7300000000000001,0.1140000000000001,0.0,0.15789473684210525,0.6551724137931034,1.0,0.5631929046563193,0.35,High,2
0.1333333333333333,0.5789473684210527,0.399,0.061999999999999944,0.7142857142857142,0.6842105263157894,0.9655172413793103,0.4444444444444444,0.42128603104212864,0.61,High,2
0.06666666666666665,0.05263157894736842,0.32400000000000007,0.18200000000000005,0.14285714285714285,0.7368421052631579,0.06896551724137931,0.1111111111111111,0.31855136733185513,0.075,Medium,1
0.8,0.15789473684210525,0.10499999999999998,0.54,0.2857142857142857,0.10526315789473684,0.0,1.0,0.07095343680709532,0.44,Low,0
0.7333333333333332,0.894736842105263,0.41500000000000004,0.8420000000000003,0.7142857142857142,0.6842105263157894,0.24137931034482757,0.3333333333333333,0.5469327420546934,0.775,Medium,1
0.3333333333333335,0.10526315789473684,0.03899999999999998,0.28,0.8571428571428571,0.3157894736842105,0.13793103448275862,0.5555555555555556,0.22394678492239467,0.41,Medium,1
0.6000000000000001,0.5789473684210527,0.21500000000000008,0.26,0.2857142857142857,0.6842105263157894,0.5172413793103449,0.4444444444444444,0.2439024390243903,0.58,Medium,1
0.5333333333333334,1.0,0.8460000000000002,0.8840000000000001,0.2857142857142857,0.9473684210526315,0.27586206896551724,0.4444444444444444,0.8477457501847747,0.7,High,2
0.4666666666666668,0.5263157894736842,0.32300000000000006,0.8399999999999999,0.14285714285714285,0.7368421052631579,0.06896551724137931,0.6666666666666666,0.34072431633407246,0.895,Medium,1
0.4666666666666668,0.9473684210526315,0.07599999999999996,0.10999999999999999,0.8571428571428571,0.5263157894736842,0.3793103448275862,0.7777777777777777,0.09090909090909094,0.235,High,2
0.0,0.10526315789473684,0.8610000000000001,0.010000000000000009,0.5714285714285714,0.05263157894736842,0.034482758620689655,0.2222222222222222,0.8011825572801183,0.755,Medium,1
0.6666666666666667,0.05263157894736842,0.8910000000000001,0.498,0.14285714285714285,0.631578947368421,0.48275862068965514,0.2222222222222222,0.6770140428677014,0.55,Medium,1
1.0000000000000002,1.0,0.41700000000000004,0.7380000000000002,0.2857142857142857,0.894736842105263,0.27586206896551724,0.5555555555555556,0.4109386548410939,0.71,Medium,1
0.06666666666666665,0.631578947368421,0.389,0.238,0.0,0.2631578947368421,0.896551724137931,0.2222222222222222,0.3628972653362897,0.875,Low,0
0.7333333333333332,0.0,0.31900000000000006,0.7220000000000002,0.14285714285714285,0.42105263157894735,0.9655172413793103,0.7777777777777777,0.4974131559497414,0.16,Low,0
0.40000000000000013,0.894736842105263,0.021999999999999964,0.44399999999999995,0.7142857142857142,1.0,0.3103448275862069,0.6666666666666666,0.229859571322986,0.405,Medium,1
0.1333333333333333,0.2631578947368421,0.8210000000000001,0.6880000000000002,0.8571428571428571,0.894736842105263,0.3793103448275862,1.0,0.8861788617886179,0.5,High,2
0.7333333333333332,1.0,0.967,0.8660000000000001,0.2857142857142857,0.10526315789473684,0.6896551724137931,0.4444444444444444,0.7605321507760534,0.01,Medium,1
0.6000000000000001,0.15789473684210525,0.22899999999999998,0.3759999999999999,0.8571428571428571,0.5263157894736842,1.0,0.3333333333333333,0.22542498152254248,0.305,Medium,1
0.06666666666666665,0.894736842105263,0.555,0.5840000000000001,0.5714285714285714,0.631578947368421,0.7586206896551724,0.5555555555555556,0.46045824094604587,0.47,High,2
0.0,0.10526315789473684,0.059,0.10999999999999999,0.5714285714285714,0.7894736842105263,0.9655172413793103,0.0,0.04434589800443456,0.685,Medium,1
0.40000000000000013,0.7368421052631579,0.551,0.774,0.7142857142857142,0.7894736842105263,0.7241379310344828,0.3333333333333333,0.6171470805617147,0.6,Medium,1
0.9333333333333333,0.6842105263157894,0.9920000000000001,0.42400000000000015,0.5714285714285714,0.5263157894736842,0.896551724137931,0.7777777777777777,0.7893569844789359,0.91,High,2
0.1333333333333333,0.2631578947368421,0.9970000000000002,0.43599999999999994,0.14285714285714285,0.10526315789473684,0.20689655172413793,0.0,0.9320029563932004,0.97,Low,0
0.6000000000000001,0.3684210526315789,0.356,0.6160000000000001,0.2857142857142857,0.8421052631578947,0.48275862068965514,0.5555555555555556,0.44419807834442,0.88,Medium,1
0.3333333333333335,0.5263157894736842,0.5630000000000001,0.528,0.5714285714285714,0.6842105263157894,0.7931034482758621,0.3333333333333333,0.5018477457501849,0.68,Medium,1
0.0,0.8421052631578947,0.8890000000000001,0.10999999999999999,0.5714285714285714,0.15789473684210525,0.3793103448275862,0.4444444444444444,0.7087952697708797,0.41,Medium,1
0.19999999999999996,0.47368421052631576,0.384,0.09000000000000008,0.8571428571428571,0.7368421052631579,0.6206896551724138,1.0,0.4124168514412417,0.655,High,2
0.7333333333333332,0.21052631578947367,0.5730000000000001,0.16199999999999992,0.14285714285714285,0.7368421052631579,0.7586206896551724,0.5555555555555556,0.4294161123429417,0.705,High,2
0.0,0.8421052631578947,0.29700000000000004,0.758,1.0,0.42105263157894735,0.3793103448275862,0.4444444444444444,0.37102734663710285,0.245,Medium,1
0.1333333333333333,0.15789473684210525,0.626,0.21999999999999997,0.14285714285714285,0.2631578947368421,0.7931034482758621,0.4444444444444444,0.7184035476718404,0.69,Medium,1
0.40000000000000013,0.0,0.21500000000000008,0.118,0.2857142857142857,0.47368421052631576,0.48275862068965514,0.5555555555555556,0.28455284552845533,0.505,Low,0
0.1333333333333333,0.47368421052631576,0.355,0.21399999999999997,0.7142857142857142,0.05263157894736842,0.6206896551724138,0.5555555555555556,0.3791574279379158,0.505,Low,0
0.8,0.05263157894736842,0.983,0.542,0.7142857142857142,0.5789473684210527,0.41379310344827586,0.5555555555555556,0.8329637841832964,0.08,High,2
0.8666666666666669,0.2631578947368421,0.6890000000000002,0.772,0.0,0.7368421052631579,0.9310344827586207,0.4444444444444444,0.5018477457501849,0.875,Medium,1
0.7333333333333332,0.5263157894736842,0.6310000000000001,0.21399999999999997,0.8571428571428571,1.0,0.06896551724137931,0.4444444444444444,0.6792313377679233,0.435,High,2
0.26666666666666683,1.0,0.01799999999999996,0.772,0.42857142857142855,1.0,0.48275862068965514,0.5555555555555556,0.08056171470805618,0.415,Low,0
0.5333333333333334,0.5789473684210527,0.7119999999999999,0.6300000000000001,0.0,1.0,0.3793103448275862,1.0,0.5402808573540281,0.87,High,2
0.3333333333333335,0.7368421052631579,0.14100000000000001,0.19999999999999996,0.0,0.10526315789473684,0.896551724137931,0.6666666666666666,0.18107908351810792,0.935,Low,0
0.6000000000000001,0.9473684210526315,0.04199999999999998,0.278,0.8571428571428571,0.10526315789473684,0.5172413793103449,0.8888888888888888,0.20029563932002964,0.995,Low,0
0.6666666666666667,0.6842105263157894,0.7519999999999999,0.3640000000000001,0.7142857142857142,0.5789473684210527,0.3793103448275862,1.0,0.5668883961566891,0.555,High,2
1.0000000000000002,0.0,0.122,0.08399999999999996,0.5714285714285714,0.2631578947368421,0.5172413793103449,0.1111111111111111,0.33924611973392477,0.305,Low,0
0.26666666666666683,0.5263157894736842,0.5650000000000001,0.8,0.2857142857142857,0.7894736842105263,0.41379310344827586,0.2222222222222222,0.6674057649667406,0.275,Medium,1
0.9333333333333333,0.05263157894736842,0.07999999999999996,0.31400000000000006,0.5714285714285714,0.3157894736842105,0.20689655172413793,0.4444444444444444,0.13155949741315592,0.615,Low,0
0.06666666666666665,0.7368421052631579,0.5880000000000001,0.9219999999999999,1.0,0.0,0.24137931034482757,0.2222222222222222,0.6178861788617886,0.155,Low,0
0.0,0.3157894736842105,0.03899999999999998,0.516,0.8571428571428571,0.7368421052631579,0.06896551724137931,1.0,0.03252032520325204,0.82,Medium,1
0.06666666666666665,0.0,0.08300000000000002,0.46199999999999997,0.7142857142857142,0.21052631578947367,0.06896551724137931,0.0,0.23577235772357724,0.765,Low,0
0.8,0.6842105263157894,0.628,0.5960000000000001,0.8571428571428571,0.9473684210526315,0.3448275862068966,0.5555555555555556,0.5624538063562454,0.56,High,2
0.06666666666666665,0.5263157894736842,0.91,0.4560000000000002,0.42857142857142855,0.10526315789473684,0.4482758620689655,0.3333333333333333,0.8470066518847008,0.245,Medium,1
0.26666666666666683,0.42105263157894735,0.8060000000000002,0.478,0.2857142857142857,1.0,0.5862068965517241,0.1111111111111111,0.6962305986696231,0.505,Medium,1
0.4666666666666668,0.47368421052631576,0.10699999999999998,0.008000000000000007,0.2857142857142857,0.7894736842105263,0.6551724137931034,0.8888888888888888,0.2113821138211383,0.5,Medium,1
0.6000000000000001,0.6842105263157894,0.969,0.5660000000000001,0.7142857142857142,0.9473684210526315,0.10344827586206896,0.7777777777777777,0.8536585365853662,0.27,High,2
0.1333333333333333,0.9473684210526315,0.4960000000000001,0.79,0.8571428571428571,0.3157894736842105,1.0,0.2222222222222222,0.6156688839615669,0.3,Medium,1
0.0,0.0,0.68,0.6660000000000001,0.42857142857142855,0.21052631578947367,0.5172413793103449,0.0,0.5055432372505544,0.91,Low,0
0.26666666666666683,0.631578947368421,0.10499999999999998,0.46799999999999997,0.7142857142857142,0.47368421052631576,0.1724137931034483,1.0,0.1456023651145602,0.695,Medium,1
0.3333333333333335,0.0,0.686,0.46599999999999997,0.0,0.42105263157894735,0.3448275862068966,0.0,0.6762749445676275,0.395,High,2
0.40000000000000013,0.47368421052631576,0.57,0.474,0.2857142857142857,0.6842105263157894,0.5517241379310345,0.7777777777777777,0.672579453067258,0.595,High,2
0.40000000000000013,0.2631578947368421,0.4960000000000001,0.724,0.5714285714285714,0.7368421052631579,0.06896551724137931,0.1111111111111111,0.8691796008869179,0.915,High,2
1.0000000000000002,0.21052631578947367,0.86,0.9460000000000002,0.42857142857142855,0.47368421052631576,0.9655172413793103,0.2222222222222222,0.7575757575757578,0.7,Low,0
1.0000000000000002,0.5263157894736842,0.479,0.19199999999999995,0.14285714285714285,0.2631578947368421,0.41379310344827586,0.5555555555555556,0.37028824833702895,0.76,Medium,1
0.1333333333333333,0.894736842105263,0.03700000000000003,0.07200000000000006,0.2857142857142857,0.2631578947368421,0.0,0.7777777777777777,0.10347376201034741,0.86,Low,0
0.06666666666666665,0.47368421052631576,0.8560000000000002,0.728,0.14285714285714285,0.8421052631578947,0.13793103448275862,0.0,0.6533628972653365,0.355,High,2
0.19999999999999996,0.631578947368421,0.09500000000000003,0.3619999999999999,0.8571428571428571,0.7368421052631579,0.10344827586206896,0.6666666666666666,0.1419068736141907,0.635,Medium,1
0.26666666666666683,0.631578947368421,0.020000000000000018,0.8699999999999999,1.0,0.6842105263157894,0.7241379310344828,0.2222222222222222,0.2099039172209905,0.47,Low,0
0.6666666666666667,0.9473684210526315,0.09500000000000003,0.46199999999999997,0.2857142857142857,0.47368421052631576,0.20689655172413793,0.7777777777777777,0.15816703621581668,0.51,Low,0
0.7333333333333332,0.47368421052631576,0.2400000000000001,0.19600000000000006,0.5714285714285714,0.10526315789473684,0.06896551724137931,0.2222222222222222,0.2291204730229121,0.595,Low,0
0.6000000000000001,0.9473684210526315,0.021999999999999964,0.26,0.0,0.3684210526315789,0.48275862068965514,0.5555555555555556,0.212860310421286,0.09,Medium,1
0.6666666666666667,0.3157894736842105,0.9940000000000001,0.508,0.5714285714285714,0.05263157894736842,0.06896551724137931,0.7777777777777777,0.7235772357723578,0.84,High,2
1.0000000000000002,0.631578947368421,0.485,0.982,1.0,0.894736842105263,0.13793103448275862,1.0,0.518107908351811,0.69,High,2
0.4666666666666668,0.47368421052631576,0.252,0.5660000000000001,0.2857142857142857,0.631578947368421,0.8620689655172413,1.0,0.24907612712490762,0.705,Medium,1
0.6666666666666667,0.3157894736842105,0.35,0.010000000000000009,0.5714285714285714,0.42105263157894735,0.7241379310344828,0.8888888888888888,0.4796747967479675,0.025,High,2
0.1333333333333333,0.8421052631578947,0.040000000000000036,0.972,0.5714285714285714,0.10526315789473684,0.41379310344827586,0.6666666666666666,0.28750923872875095,0.395,Low,0
0.9333333333333333,0.47368421052631576,0.747,0.958,0.8571428571428571,0.2631578947368421,0.13793103448275862,0.1111111111111111,0.6267553584626755,0.625,Medium,1
0.1333333333333333,0.05263157894736842,0.17900000000000005,0.45999999999999996,1.0,0.631578947368421,0.896551724137931,0.8888888888888888,0.3096821877309683,0.915,Medium,1
0.3333333333333335,0.3157894736842105,0.14400000000000002,0.3939999999999999,1.0,0.0,0.9655172413793103,0.5555555555555556,0.1936437546193644,0.285,Low,0
0.8666666666666669,0.3157894736842105,0.19500000000000006,0.482,0.5714285714285714,0.6842105263157894,0.10344827586206896,0.4444444444444444,0.3082039911308205,0.505,Medium,1
0.8666666666666669,0.3157894736842105,0.14100000000000001,0.3859999999999999,0.5714285714285714,1.0,0.1724137931034483,0.3333333333333333,0.11603843311160383,0.52,Medium,1
0.8,0.7368421052631579,0.14800000000000002,0.272,0.14285714285714285,0.7894736842105263,0.5862068965517241,1.0,0.33555062823355514,0.215,Medium,1
0.8,1.0,0.785,0.14600000000000013,0.42857142857142855,0.7894736842105263,0.1724137931034483,0.8888888888888888,0.8603104212860313,0.03,High,2
0.06666666666666665,0.6842105263157894,0.253,0.4970000000000001,0.5714285714285714,1.0,0.8620689655172413,0.5555555555555556,0.3303769401330377,0.015,Medium,1
0.26666666666666683,0.5789473684210527,0.45500000000000007,0.45999999999999996,0.0,0.7894736842105263,0.7241379310344828,0.6666666666666666,0.37102734663710285,0.29,Medium,1
1.0000000000000002,0.15789473684210525,0.16300000000000003,0.10999999999999999,0.42857142857142855,0.3157894736842105,0.3103448275862069,0.0,0.3628972653362897,0.01,Low,0
0.9333333333333333,0.6842105263157894,0.28200000000000003,0.08599999999999997,1.0,0.7894736842105263,0.3103448275862069,0.5555555555555556,0.42054693274205485,0.48,High,2
0.5333333333333334,0.7894736842105263,0.9550000000000002,0.766,0.5714285714285714,0.631578947368421,0.7931034482758621,0.8888888888888888,0.7073170731707317,0.135,High,2
0.6000000000000001,0.2631578947368421,0.634,0.06799999999999995,1.0,0.15789473684210525,0.5862068965517241,0.4444444444444444,0.5513673318551369,0.525,Medium,1
0.3333333333333335,0.42105263157894735,0.8430000000000001,0.532,0.0,0.3157894736842105,0.5172413793103449,0.0,0.7745750184774576,0.435,Medium,1
0.9333333333333333,0.5789473684210527,0.9150000000000001,0.11199999999999988,0.2857142857142857,1.0,0.034482758620689655,0.3333333333333333,0.8876570583887657,0.485,High,2
0.7333333333333332,0.7368421052631579,0.23099999999999998,0.1140000000000001,0.8571428571428571,0.7368421052631579,0.1724137931034483,0.1111111111111111,0.2786400591278641,0.175,Medium,1
0.5333333333333334,0.3684210526315789,0.402,0.71,0.42857142857142855,0.05263157894736842,0.20689655172413793,0.3333333333333333,0.37398373983739835,0.665,Low,0
0.40000000000000013,0.10526315789473684,0.9210000000000002,0.06400000000000006,0.42857142857142855,0.10526315789473684,0.7586206896551724,0.8888888888888888,0.771618625277162,0.215,Medium,1
0.06666666666666665,0.47368421052631576,0.352,0.8059999999999998,0.7142857142857142,0.05263157894736842,0.7241379310344828,0.6666666666666666,0.37102734663710285,0.6,Low,0
0.8,0.10526315789473684,0.8190000000000001,0.29400000000000004,0.5714285714285714,0.15789473684210525,0.13793103448275862,0.0,0.8654841093865486,0.135,Medium,1
0.7333333333333332,0.47368421052631576,0.393,0.254,0.14285714285714285,0.21052631578947367,0.7241379310344828,0.8888888888888888,0.532889874353289,0.145,Medium,1
0.40000000000000013,0.5789473684210527,0.09400000000000003,0.9120000000000001,0.8571428571428571,0.15789473684210525,0.5172413793103449,0.4444444444444444,0.24833702882483372,0.73,Low,0
0.3333333333333335,0.8421052631578947,0.8240000000000002,0.07599999999999996,0.5714285714285714,0.3157894736842105,0.6206896551724138,0.3333333333333333,0.7065779748706578,0.22,Medium,1
0.4666666666666668,0.2631578947368421,0.503,0.71,0.5714285714285714,0.42105263157894735,0.48275862068965514,0.6666666666666666,0.36881005173688103,0.06,Medium,1
0.9333333333333333,0.3684210526315789,0.07900000000000001,0.8699999999999999,0.7142857142857142,0.05263157894736842,0.48275862068965514,0.7777777777777777,0.5018477457501849,0.94,Medium,1
0.8666666666666669,1.0,0.09999999999999998,0.45999999999999996,0.5714285714285714,0.7368421052631579,0.5172413793103449,0.1111111111111111,0.2638580931263858,0.395,Low,0
0.6000000000000001,0.5789473684210527,0.29300000000000004,0.4119999999999999,0.5714285714285714,0.10526315789473684,0.8620689655172413,0.5555555555555556,0.31929046563192903,0.0,Medium,1
0.0,0.47368421052631576,0.672,0.019999999999999907,1.0,0.2631578947368421,0.0,0.8888888888888888,0.7073170731707317,0.77,Medium,1
0.7333333333333332,0.10526315789473684,0.9440000000000001,0.6000000000000001,0.5714285714285714,0.894736842105263,0.48275862068965514,0.2222222222222222,0.7161862527716187,0.31,High,2
1.0000000000000002,0.631578947368421,0.254,0.5900000000000001,0.0,0.7368421052631579,0.7241379310344828,0.2222222222222222,0.5018477457501849,0.48,Low,0
0.8666666666666669,0.0,0.21900000000000008,0.53,0.0,0.7368421052631579,0.1724137931034483,0.3333333333333333,0.3932002956393201,0.735,Low,0
1.0000000000000002,0.894736842105263,0.10199999999999998,0.6160000000000001,0.42857142857142855,0.47368421052631576,0.48275862068965514,0.8888888888888888,0.12269031781226908,0.9,Medium,1
0.9333333333333333,0.9473684210526315,0.10099999999999998,0.29600000000000004,0.5714285714285714,0.42105263157894735,0.06896551724137931,0.3333333333333333,0.5018477457501849,0.34,Low,0
0.4666666666666668,0.7894736842105263,0.729,0.8239999999999998,0.42857142857142855,0.7368421052631579,0.24137931034482757,0.2222222222222222,0.565410199556541,0.885,Medium,1
0.6000000000000001,0.7368421052631579,0.30000000000000004,0.33599999999999985,0.5714285714285714,0.47368421052631576,0.4482758620689655,0.2222222222222222,0.22172949002217307,0.045,Medium,1
0.9333333333333333,0.21052631578947367,0.44499999999999995,0.732,0.2857142857142857,0.42105263157894735,0.0,0.5555555555555556,0.5070214338507022,0.565,Low,0
0.9333333333333333,0.05263157894736842,0.6,0.0039999999999998925,0.7142857142857142,0.894736842105263,0.48275862068965514,0.5555555555555556,0.5779748706577976,0.905,High,2
0.19999999999999996,0.21052631578947367,0.6150000000000001,0.8200000000000001,0.5714285714285714,0.47368421052631576,0.41379310344827586,0.0,0.5432372505543239,0.24,Low,0
0.9333333333333333,0.9473684210526315,0.45600000000000007,0.4039999999999999,0.0,0.7368421052631579,0.5517241379310345,1.0,0.5550628233555064,0.655,Medium,1
0.7333333333333332,0.3157894736842105,0.8390000000000001,0.10199999999999998,1.0,1.0,0.034482758620689655,0.3333333333333333,0.8100517368810054,0.89,High,2
0.26666666666666683,0.631578947368421,0.09999999999999998,0.23399999999999999,0.0,0.6842105263157894,0.896551724137931,0.3333333333333333,0.2978566149297857,0.78,Low,0
0.3333333333333335,0.47368421052631576,0.8210000000000001,0.34399999999999986,0.7142857142857142,1.0,0.10344827586206896,1.0,0.8603104212860313,0.925,High,2
0.19999999999999996,0.3684210526315789,0.646,0.0,0.14285714285714285,0.894736842105263,0.9655172413793103,0.1111111111111111,0.7073170731707317,0.89,Medium,1
0.40000000000000013,0.05263157894736842,0.31799999999999995,0.9940000000000002,0.14285714285714285,0.5263157894736842,0.3103448275862069,0.0,0.47080561714708064,0.405,Low,0
0.5333333333333334,0.7368421052631579,0.9960000000000001,0.4970000000000001,1.0,0.5263157894736842,0.034482758620689655,0.1111111111111111,0.7450110864745012,0.91,Medium,1
0.6666666666666667,0.6842105263157894,0.261,0.1519999999999999,0.14285714285714285,0.7894736842105263,0.4482758620689655,0.2222222222222222,0.3436807095343681,0.76,Medium,1
0.0,0.7368421052631579,0.016000000000000014,0.45199999999999996,0.5714285714285714,0.15789473684210525,0.5172413793103449,0.3333333333333333,0.14855875831485582,0.025,Low,0
1.0000000000000002,0.7894736842105263,0.4960000000000001,0.956,0.7142857142857142,0.15789473684210525,0.7241379310344828,0.7777777777777777,0.4501108647450112,0.075,Medium,1
0.19999999999999996,0.3157894736842105,0.2360000000000001,0.772,0.7142857142857142,0.15789473684210525,0.5862068965517241,0.4444444444444444,0.43976348854397646,0.21,Low,0
0.19999999999999996,0.631578947368421,0.28600000000000003,0.53,0.2857142857142857,0.10526315789473684,0.8620689655172413,0.5555555555555556,0.30524759793052475,0.24,Low,0
0.3333333333333335,0.3684210526315789,0.32100000000000006,0.4970000000000001,0.0,0.2631578947368421,0.6206896551724138,0.5555555555555556,0.29490022172949,0.005,Low,0
0.26666666666666683,0.7894736842105263,0.892,0.8460000000000001,0.7142857142857142,0.05263157894736842,0.1724137931034483,0.2222222222222222,0.9320029563932004,0.945,Low,0
0.19999999999999996,0.7894736842105263,0.979,0.5860000000000001,1.0,0.3684210526315789,0.6206896551724138,0.7777777777777777,0.960088691796009,0.405,High,2
0.06666666666666665,0.3684210526315789,0.265,0.772,0.0,0.47368421052631576,0.24137931034482757,0.5555555555555556,0.27050997782705094,0.14,Medium,1
0.26666666666666683,0.2631578947368421,0.01100000000000001,0.21799999999999997,0.8571428571428571,0.9473684210526315,0.6551724137931034,0.3333333333333333,0.1426459719142646,0.445,Medium,1
0.8666666666666669,0.631578947368421,0.6170000000000001,0.32799999999999985,0.42857142857142855,1.0,0.48275862068965514,0.2222222222222222,0.4974131559497414,0.355,High,2
0.6000000000000001,0.5789473684210527,0.959,0.14200000000000002,0.42857142857142855,0.2631578947368421,0.5517241379310345,0.8888888888888888,0.7524020694752402,0.45,High,2
0.4666666666666668,0.7368421052631579,0.43100000000000005,0.28600000000000003,0.0,1.0,0.8620689655172413,0.4444444444444444,0.3651145602365115,0.11,High,2
0.8,0.9473684210526315,0.33499999999999996,0.45799999999999996,0.5714285714285714,0.7894736842105263,1.0,0.0,0.38507021433850713,0.255,Medium,1
0.0,0.3684210526315789,0.6550000000000001,0.494,0.14285714285714285,0.5789473684210527,0.6896551724137931,0.2222222222222222,0.607538802660754,0.42,Medium,1
0.5333333333333334,0.15789473684210525,0.503,0.538,0.7142857142857142,0.2631578947368421,0.8620689655172413,0.8888888888888888,0.37102734663710285,0.785,Medium,1
0.0,0.9473684210526315,0.555,0.8219999999999998,0.0,0.2631578947368421,0.48275862068965514,0.3333333333333333,0.5971914264597191,0.18,Low,0
0.40000000000000013,0.894736842105263,0.7039999999999998,0.3619999999999999,0.14285714285714285,0.631578947368421,0.5517241379310345,0.2222222222222222,0.7472283813747229,0.045,Medium,1
0.1333333333333333,0.5263157894736842,0.132,0.6340000000000001,0.14285714285714285,0.47368421052631576,0.48275862068965514,0.3333333333333333,0.12416851441241689,0.505,Low,0
0.26666666666666683,0.10526315789473684,0.8310000000000001,0.31199999999999983,0.5714285714285714,0.7368421052631579,0.9655172413793103,0.0,0.6467110125646713,0.81,Medium,1
0.19999999999999996,0.15789473684210525,0.668,0.016000000000000014,0.2857142857142857,0.15789473684210525,0.48275862068965514,0.1111111111111111,0.5964523281596452,0.885,Low,0
0.3333333333333335,0.21052631578947367,0.894,0.05399999999999994,0.2857142857142857,0.3157894736842105,0.034482758620689655,0.5555555555555556,0.8980044345898006,0.405,High,2
0.1333333333333333,0.9473684210526315,0.18899999999999995,0.126,0.14285714285714285,0.8421052631578947,0.5517241379310345,0.1111111111111111,0.34146341463414637,0.695,Medium,1
0.40000000000000013,0.3157894736842105,0.1519999999999999,0.5740000000000001,0.8571428571428571,0.21052631578947367,0.1724137931034483,0.1111111111111111,0.37250554323725066,0.5,Low,0
0.8666666666666669,0.0,0.39,0.45799999999999996,0.0,0.3684210526315789,0.3103448275862069,0.5555555555555556,0.43828529194382865,0.485,Medium,1
1.0000000000000002,0.47368421052631576,0.11699999999999999,0.8719999999999999,0.7142857142857142,1.0,0.7931034482758621,0.7777777777777777,0.1788617886178862,0.62,Medium,1
0.7333333333333332,0.8421052631578947,0.4960000000000001,0.6839999999999999,0.2857142857142857,0.05263157894736842,0.48275862068965514,0.2222222222222222,0.3680709534368071,0.185,Low,0
0.4666666666666668,1.0,0.21100000000000008,0.18399999999999994,0.8571428571428571,0.6842105263157894,0.1724137931034483,0.5555555555555556,0.23577235772357724,0.825,Medium,1
0.8666666666666669,0.3684210526315789,0.3610000000000001,0.4880000000000002,0.2857142857142857,0.8421052631578947,0.6206896551724138,0.7777777777777777,0.5195861049519588,0.595,High,2
0.1333333333333333,0.7368421052631579,0.9090000000000001,0.9239999999999999,0.8571428571428571,0.42105263157894735,0.3103448275862069,0.8888888888888888,0.6991869918699187,0.715,Medium,1
0.6666666666666667,0.2631578947368421,0.04400000000000004,0.6960000000000002,0.7142857142857142,0.47368421052631576,0.27586206896551724,0.5555555555555556,0.030303030303030276,0.065,Medium,1
0.8,0.8421052631578947,0.523,0.20399999999999996,0.2857142857142857,0.7894736842105263,0.8275862068965517,0.5555555555555556,0.3806356245380636,0.415,Medium,1
0.1333333333333333,0.3157894736842105,0.017000000000000015,0.558,0.7142857142857142,0.894736842105263,0.8275862068965517,0.5555555555555556,0.13377679231337763,0.355,High,2
0.1333333333333333,0.3684210526315789,0.41800000000000004,0.9460000000000002,0.5714285714285714,0.7368421052631579,0.8620689655172413,0.7777777777777777,0.45750184774575026,0.295,Medium,1
0.0,0.21052631578947367,0.594,0.16799999999999993,0.14285714285714285,0.6842105263157894,0.8620689655172413,0.0,0.6925351071692536,0.14,Medium,1
0.9333333333333333,0.3157894736842105,0.618,0.6560000000000001,0.14285714285714285,0.2631578947368421,0.3448275862068966,0.2222222222222222,0.7184035476718404,0.22,Medium,1
0.6666666666666667,0.7368421052631579,0.606,0.44199999999999995,0.2857142857142857,0.10526315789473684,0.3103448275862069,0.5555555555555556,0.48854397634885455,0.09,Medium,1
0.5333333333333334,0.894736842105263,0.04800000000000004,0.04399999999999993,0.5714285714285714,0.894736842105263,0.13793103448275862,0.3333333333333333,0.0687361419068736,0.41,Medium,1
0.7333333333333332,0.5263157894736842,0.608,0.22599999999999998,1.0,0.3157894736842105,0.5517241379310345,0.5555555555555556,0.6873614190687363,0.53,Medium,1
0.4666666666666668,0.0,0.644,0.9940000000000002,0.2857142857142857,0.894736842105263,0.5862068965517241,0.0,0.6755358462675536,0.28,Medium,1
0.26666666666666683,0.05263157894736842,0.7519999999999999,0.41400000000000015,0.0,0.2631578947368421,0.24137931034482757,0.5555555555555556,0.6511456023651145,0.35,Medium,1
0.8,0.6842105263157894,0.3360000000000001,0.9059999999999999,0.7142857142857142,0.5263157894736842,0.27586206896551724,0.5555555555555556,0.45824094604582416,0.575,Medium,1
0.26666666666666683,0.894736842105263,0.614,0.0020000000000000018,0.0,0.894736842105263,0.48275862068965514,0.3333333333333333,0.5432372505543239,0.46,High,2
1.0000000000000002,0.21052631578947367,0.9860000000000001,0.28400000000000003,0.5714285714285714,0.631578947368421,0.10344827586206896,0.5555555555555556,0.8152254249815225,0.655,High,2
0.9333333333333333,0.0,0.8210000000000001,0.8280000000000001,1.0,0.5789473684210527,0.0,0.7777777777777777,0.8647450110864747,0.765,Medium,1
0.8,0.2631578947368421,0.4960000000000001,0.134,0.8571428571428571,0.3157894736842105,0.20689655172413793,1.0,0.13377679231337763,0.515,Medium,1
0.8666666666666669,0.05263157894736842,0.4960000000000001,0.704,1.0,0.42105263157894735,1.0,0.4444444444444444,0.8617886178861791,0.92,Medium,1
1.0000000000000002,0.15789473684210525,0.18700000000000006,0.42200000000000015,0.42857142857142855,0.894736842105263,0.7931034482758621,0.8888888888888888,0.2978566149297857,0.545,High,2
0.6666666666666667,0.7894736842105263,0.31100000000000005,0.4970000000000001,0.42857142857142855,0.21052631578947367,0.3793103448275862,0.2222222222222222,0.3333333333333334,0.57,Medium,1
0.3333333333333335,0.9473684210526315,0.30999999999999994,0.788,0.0,0.631578947368421,0.27586206896551724,0.8888888888888888,0.4619364375461938,0.24,Medium,1
0.3333333333333335,0.47368421052631576,0.852,0.17599999999999993,1.0,0.894736842105263,0.9310344827586207,0.2222222222222222,0.8314855875831488,0.245,High,2
0.6000000000000001,0.21052631578947367,0.64,0.508,0.42857142857142855,0.7894736842105263,0.41379310344827586,0.1111111111111111,0.6267553584626755,0.72,Medium,1
0.8,0.5789473684210527,0.8460000000000002,0.40800000000000014,1.0,0.10526315789473684,0.27586206896551724,0.0,0.6489283074648928,0.23,Medium,1
0.06666666666666665,0.7894736842105263,0.20400000000000007,0.18599999999999994,0.7142857142857142,0.05263157894736842,0.06896551724137931,0.3333333333333333,0.4146341463414635,0.35,Low,0
0.40000000000000013,1.0,0.539,0.3660000000000001,0.7142857142857142,0.3157894736842105,0.6551724137931034,0.7777777777777777,0.5003695491500371,0.445,Medium,1
0.0,0.3684210526315789,0.40800000000000003,0.11599999999999999,0.7142857142857142,0.9473684210526315,0.10344827586206896,0.1111111111111111,0.42424242424242425,0.725,High,2
0.4666666666666668,0.3157894736842105,0.07999999999999996,0.31199999999999983,0.2857142857142857,0.3684210526315789,0.10344827586206896,0.0,0.31929046563192903,0.07,Low,0
0.19999999999999996,0.47368421052631576,0.8210000000000001,0.09000000000000008,0.2857142857142857,0.7894736842105263,0.1724137931034483,1.0,0.6289726533628974,0.895,High,2
0.26666666666666683,1.0,0.4810000000000001,0.7380000000000002,0.5714285714285714,0.894736842105263,0.7586206896551724,0.2222222222222222,0.5358462675535849,0.815,Medium,1
0.3333333333333335,0.15789473684210525,0.803,0.11599999999999999,0.5714285714285714,0.42105263157894735,0.896551724137931,0.7777777777777777,0.6489283074648928,0.81,Medium,1
0.3333333333333335,0.3157894736842105,0.10299999999999998,0.4460000000000002,1.0,0.5263157894736842,0.13793103448275862,0.3333333333333333,0.2572062084257207,0.255,Medium,1
0.7333333333333332,0.631578947368421,0.245,0.09600000000000009,1.0,0.5263157894736842,0.5862068965517241,0.0,0.21951219512195125,0.095,Medium,1
0.06666666666666665,0.3157894736842105,0.255,0.21599999999999997,0.5714285714285714,0.05263157894736842,0.0,1.0,0.22616407982261638,0.9,Medium,1
0.7333333333333332,0.10526315789473684,0.904,0.726,0.14285714285714285,0.05263157894736842,0.4482758620689655,0.2222222222222222,0.9164818920916482,0.9,Medium,1
0.1333333333333333,0.8421052631578947,0.916,0.75,0.14285714285714285,0.2631578947368421,0.7586206896551724,0.8888888888888888,0.7524020694752402,0.335,Medium,1
0.5333333333333334,0.894736842105263,0.5820000000000001,0.16999999999999993,0.7142857142857142,0.05263157894736842,0.41379310344827586,0.8888888888888888,0.4759793052475981,0.605,Medium,1
0.06666666666666665,0.5789473684210527,0.41000000000000003,0.46199999999999997,1.0,0.5263157894736842,0.9310344827586207,0.0,0.35772357723577247,0.84,Medium,1
0.4666666666666668,0.21052631578947367,0.17400000000000004,0.3619999999999999,0.8571428571428571,0.9473684210526315,0.48275862068965514,0.8888888888888888,0.25498891352549896,0.685,High,2
0.06666666666666665,0.894736842105263,0.28900000000000003,0.758,0.42857142857142855,0.894736842105263,0.896551724137931,0.6666666666666666,0.3791574279379158,0.065,High,2
0.7333333333333332,0.15789473684210525,0.392,0.8059999999999998,0.2857142857142857,0.5263157894736842,0.896551724137931,0.6666666666666666,0.3998521803399852,0.835,Medium,1
1.0000000000000002,0.47368421052631576,0.4,0.43800000000000017,1.0,0.5263157894736842,0.6896551724137931,1.0,0.4308943089430895,0.42,High,2
0.19999999999999996,0.894736842105263,0.6010000000000001,0.22799999999999998,0.7142857142857142,0.8421052631578947,0.7241379310344828,0.3333333333333333,0.575018477457502,0.055,High,2
0.6000000000000001,0.894736842105263,0.259,0.492,0.8571428571428571,0.894736842105263,0.3448275862068966,0.8888888888888888,0.4611973392461198,0.49,High,2
0.40000000000000013,0.3684210526315789,0.7439999999999999,0.506,0.2857142857142857,0.9473684210526315,0.0,0.1111111111111111,0.6696230598669624,0.005,High,2
0.06666666666666665,1.0,0.912,0.4970000000000001,0.2857142857142857,0.6842105263157894,0.3103448275862069,0.7777777777777777,0.7243163340724317,0.075,High,2
0.8666666666666669,0.7368421052631579,0.6070000000000001,0.14,1.0,0.47368421052631576,0.7931034482758621,0.3333333333333333,0.6045824094604584,0.955,Medium,1
0.1333333333333333,0.10526315789473684,0.8510000000000001,0.3740000000000001,0.0,0.3684210526315789,0.5517241379310345,0.5555555555555556,0.7191426459719144,0.05,Medium,1
1.0000000000000002,0.9473684210526315,0.17000000000000004,0.9059999999999999,0.14285714285714285,0.5263157894736842,0.4482758620689655,1.0,0.2904656319290467,0.325,Medium,1
0.7333333333333332,0.9473684210526315,0.3650000000000001,0.526,0.7142857142857142,0.47368421052631576,0.5862068965517241,0.4444444444444444,0.45898004434589806,0.38,Medium,1
0.06666666666666665,0.894736842105263,0.793,0.796,0.8571428571428571,0.0,0.5172413793103449,0.1111111111111111,0.6681448632668145,0.545,Medium,1
1.0000000000000002,0.5263157894736842,0.67,0.8620000000000001,0.7142857142857142,0.8421052631578947,0.7586206896551724,0.6666666666666666,0.6045824094604584,0.04,High,2
0.0,0.7368421052631579,0.249,0.5760000000000001,0.42857142857142855,0.9473684210526315,0.3448275862068966,1.0,0.3651145602365115,0.035,Medium,1
0.19999999999999996,0.7894736842105263,0.5460000000000002,0.544,0.42857142857142855,0.7368421052631579,0.7586206896551724,0.0,0.5890613451589062,0.605,Medium,1
0.8,0.3684210526315789,0.256,0.4480000000000002,0.8571428571428571,0.47368421052631576,0.1724137931034483,0.6666666666666666,0.3436807095343681,0.76,Medium,1
0.40000000000000013,1.0,0.41899999999999993,0.43800000000000017,0.0,0.21052631578947367,0.3103448275862069,0.6666666666666666,0.5195861049519588,0.61,Low,0
0.8666666666666669,0.631578947368421,0.793,0.33599999999999985,0.2857142857142857,0.5263157894736842,0.9655172413793103,0.4444444444444444,0.6526237989652623,0.965,Medium,1
0.06666666666666665,0.21052631578947367,0.6849999999999999,0.08599999999999997,0.42857142857142855,1.0,0.3103448275862069,0.4444444444444444,0.7516629711751666,0.66,High,2
0.6000000000000001,0.05263157894736842,0.46199999999999997,0.5800000000000001,0.8571428571428571,0.5263157894736842,0.9310344827586207,0.7777777777777777,0.5646711012564671,0.96,Medium,1
0.8666666666666669,0.15789473684210525,0.9680000000000001,0.20199999999999996,0.14285714285714285,0.6842105263157894,0.3793103448275862,0.0,0.9416112342941612,0.87,Medium,1
0.40000000000000013,0.8421052631578947,0.395,0.9100000000000001,0.8571428571428571,0.47368421052631576,0.48275862068965514,0.0,0.5447154471544717,0.07,Low,0
0.0,0.894736842105263,0.366,0.4970000000000001,0.8571428571428571,1.0,0.24137931034482757,0.4444444444444444,0.5365853658536588,0.56,High,2
0.19999999999999996,0.0,0.507,0.43000000000000016,0.42857142857142855,0.3157894736842105,0.6206896551724138,0.7777777777777777,0.4981522542498153,0.435,Medium,1
0.9333333333333333,0.7894736842105263,0.118,0.4800000000000002,0.8571428571428571,0.15789473684210525,0.9655172413793103,0.5555555555555556,0.20029563932002964,0.775,Low,0
0.26666666666666683,0.9473684210526315,0.09500000000000003,0.792,0.2857142857142857,0.2631578947368421,0.24137931034482757,0.4444444444444444,0.2653362897265337,0.985,Low,0
1.0000000000000002,0.2631578947368421,0.9310000000000002,0.6740000000000002,0.7142857142857142,0.0,0.7931034482758621,0.1111111111111111,0.7708795269770881,0.075,Medium,1
0.7333333333333332,0.5263157894736842,0.652,0.04800000000000004,1.0,0.0,0.27586206896551724,0.2222222222222222,0.6836659275683667,0.25,Medium,1
0.6000000000000001,0.47368421052631576,0.11599999999999999,0.8500000000000001,0.2857142857142857,0.8421052631578947,0.3103448275862069,0.7777777777777777,0.32150776053215085,0.93,Medium,1
0.1333333333333333,0.9473684210526315,0.372,0.6839999999999999,0.0,0.5789473684210527,0.8620689655172413,0.1111111111111111,0.2971175166297118,0.97,Low,0
0.7333333333333332,0.631578947368421,0.128,0.8980000000000001,0.42857142857142855,0.15789473684210525,0.0,0.3333333333333333,0.22542498152254248,0.15,Low,0
0.3333333333333335,0.47368421052631576,0.07100000000000001,0.03200000000000003,0.8571428571428571,0.7894736842105263,0.7586206896551724,0.7777777777777777,0.20694752402069477,1.0,Medium,1
0.8666666666666669,0.21052631578947367,0.5619999999999999,0.29600000000000004,0.0,0.6842105263157894,0.8620689655172413,0.8888888888888888,0.5232815964523283,0.4,Medium,1
0.9333333333333333,0.631578947368421,0.6289999999999999,0.3720000000000001,0.5714285714285714,0.7368421052631579,0.034482758620689655,0.7777777777777777,0.5728011825572803,0.53,Medium,1
0.6666666666666667,0.15789473684210525,0.9289999999999999,0.732,0.0,0.3684210526315789,0.48275862068965514,1.0,0.7198817442719883,0.99,Medium,1
0.4666666666666668,0.5789473684210527,0.549,0.6199999999999999,0.2857142857142857,0.631578947368421,0.48275862068965514,0.2222222222222222,0.6474501108647452,0.775,Medium,1
0.8,1.0,0.07500000000000001,0.4970000000000001,0.42857142857142855,0.5263157894736842,0.6206896551724138,0.4444444444444444,0.04065040650406504,0.755,Medium,1
0.6000000000000001,0.3157894736842105,0.532,0.43800000000000017,0.42857142857142855,0.631578947368421,0.0,0.5555555555555556,0.6178861788617886,0.875,Medium,1
0.19999999999999996,0.7894736842105263,0.904,0.278,0.0,0.631578947368421,0.6551724137931034,0.4444444444444444,0.8640059127864006,0.995,High,2
0.9333333333333333,1.0,0.03899999999999998,0.22799999999999998,0.8571428571428571,0.05263157894736842,0.13793103448275862,0.2222222222222222,0.1618625277161863,0.325,Low,0
0.06666666666666665,0.42105263157894735,0.6609999999999999,0.9420000000000002,0.7142857142857142,0.3684210526315789,0.41379310344827586,1.0,0.7560975609756098,0.155,Medium,1
0.5333333333333334,0.894736842105263,0.132,0.050000000000000044,0.5714285714285714,0.7894736842105263,1.0,0.4444444444444444,0.3000739098300074,0.675,Medium,1
0.8,0.3684210526315789,0.6920000000000001,0.3839999999999999,0.42857142857142855,0.3157894736842105,0.5517241379310345,0.1111111111111111,0.5528455284552847,0.885,Medium,1
0.5333333333333334,0.10526315789473684,0.139,0.07200000000000006,1.0,0.8421052631578947,0.6896551724137931,0.0,0.1788617886178862,0.29,Medium,1
0.6666666666666667,0.8421052631578947,0.21299999999999997,0.04800000000000004,0.5714285714285714,1.0,0.06896551724137931,0.5555555555555556,0.2978566149297857,0.8,Medium,1
0.19999999999999996,0.6842105263157894,0.797,0.9920000000000002,0.8571428571428571,0.9473684210526315,0.48275862068965514,0.8888888888888888,0.7427937915742795,0.56,High,2
0.8666666666666669,0.7368421052631579,0.5130000000000001,0.23199999999999998,0.0,0.0,0.48275862068965514,0.5555555555555556,0.6245380635624538,0.865,Low,0
0.06666666666666665,0.42105263157894735,0.4720000000000001,0.542,0.8571428571428571,0.2631578947368421,0.24137931034482757,0.7777777777777777,0.5787139689578715,0.66,Medium,1
0.5333333333333334,0.5789473684210527,0.03200000000000003,0.6900000000000002,0.5714285714285714,0.15789473684210525,0.6206896551724138,0.8888888888888888,0.03252032520325204,0.795,Low,0
0.5333333333333334,0.631578947368421,0.924,0.744,0.8571428571428571,0.5263157894736842,0.6896551724137931,0.1111111111111111,0.8499630450849964,0.315,High,2
0.0,0.0,0.7619999999999999,0.712,0.0,0.9473684210526315,0.8275862068965517,1.0,0.7524020694752402,0.46,High,2
0.3333333333333335,1.0,0.898,0.19399999999999995,0.7142857142857142,0.7894736842105263,0.41379310344827586,0.3333333333333333,0.7723577235772359,0.61,High,2
0.40000000000000013,0.7368421052631579,0.11199999999999999,0.982,0.7142857142857142,0.894736842105263,0.27586206896551724,0.7777777777777777,0.2113821138211383,0.155,Medium,1
0.26666666666666683,0.10526315789473684,0.16300000000000003,0.45999999999999996,0.14285714285714285,1.0,0.3103448275862069,0.8888888888888888,0.37176644493717675,0.68,High,2
0.3333333333333335,0.7894736842105263,0.07400000000000001,0.516,0.14285714285714285,0.7368421052631579,0.3793103448275862,0.0,0.1603843311160384,0.86,Low,0
0.1333333333333333,1.0,0.4960000000000001,0.8859999999999999,0.8571428571428571,0.9473684210526315,0.3103448275862069,0.4444444444444444,0.6674057649667406,0.035,High,2
0.6666666666666667,0.3684210526315789,0.4960000000000001,0.982,0.0,0.5789473684210527,0.5517241379310345,1.0,0.19142645971914268,0.48,Medium,1
0.4666666666666668,0.9473684210526315,0.9630000000000002,0.546,0.2857142857142857,0.3684210526315789,0.3103448275862069,0.0,0.8115299334811532,0.515,Medium,1
0.1333333333333333,0.631578947368421,0.6900000000000001,0.1439999999999999,0.5714285714285714,0.0,0.034482758620689655,0.8888888888888888,0.7738359201773837,0.385,Medium,1
0.40000000000000013,0.47368421052631576,0.33499999999999996,0.3320000000000001,0.7142857142857142,0.3157894736842105,0.6896551724137931,0.3333333333333333,0.50849963045085,0.285,Medium,1
0.5333333333333334,0.3684210526315789,0.509,0.4880000000000002,0.14285714285714285,0.9473684210526315,0.06896551724137931,0.0,0.3821138211382115,0.23,Medium,1
0.9333333333333333,1.0,0.717,0.8859999999999999,1.0,0.3684210526315789,0.3793103448275862,0.4444444444444444,0.7612712490761273,0.035,High,2
0.7333333333333332,0.05263157894736842,0.43400000000000005,0.1359999999999999,0.5714285714285714,0.631578947368421,0.9310344827586207,0.1111111111111111,0.5986696230598672,0.445,Medium,1
0.6000000000000001,0.3684210526315789,0.916,0.05399999999999994,0.2857142857142857,0.0,0.7241379310344828,0.1111111111111111,0.7560975609756098,0.625,High,2
0.8666666666666669,0.0,0.09000000000000002,0.3340000000000001,0.14285714285714285,0.05263157894736842,0.4482758620689655,0.8888888888888888,0.14855875831485582,0.435,Low,0
0.19999999999999996,0.42105263157894735,0.642,0.766,0.14285714285714285,0.10526315789473684,0.896551724137931,0.1111111111111111,0.5070214338507022,0.45,Low,0
0.6000000000000001,0.10526315789473684,0.9230000000000002,0.6980000000000002,0.42857142857142855,0.42105263157894735,0.27586206896551724,0.8888888888888888,0.9379157427937916,0.95,High,2
0.7333333333333332,0.47368421052631576,0.936,0.13000000000000012,0.0,0.6842105263157894,0.7931034482758621,0.8888888888888888,0.8654841093865486,0.055,High,2
0.4666666666666668,0.631578947368421,0.46099999999999997,0.118,0.2857142857142857,0.47368421052631576,0.13793103448275862,0.7777777777777777,0.5055432372505544,0.37,Medium,1
0.0,0.5789473684210527,0.355,0.04200000000000004,1.0,0.631578947368421,0.5172413793103449,0.6666666666666666,0.5151515151515151,0.03,High,2
0.7333333333333332,0.894736842105263,0.765,0.7,0.0,0.631578947368421,0.4482758620689655,0.8888888888888888,0.6156688839615669,0.345,High,2
0.40000000000000013,0.05263157894736842,0.2280000000000001,0.8160000000000001,0.14285714285714285,0.9473684210526315,0.034482758620689655,0.7777777777777777,0.20325203252032525,0.435,Medium,1
0.6666666666666667,0.894736842105263,0.9380000000000001,0.22999999999999998,0.7142857142857142,1.0,0.7241379310344828,0.8888888888888888,0.6799704360679972,1.0,High,2
0.1333333333333333,0.21052631578947367,0.549,0.4099999999999999,0.42857142857142855,0.7368421052631579,0.13793103448275862,0.4444444444444444,0.5321507760532151,0.91,Medium,1
0.19999999999999996,0.15789473684210525,0.6150000000000001,0.26,1.0,0.3157894736842105,0.3103448275862069,0.8888888888888888,0.4818920916481893,0.36,High,2
0.0,0.894736842105263,0.246,0.09199999999999997,0.14285714285714285,0.15789473684210525,1.0,0.0,0.33407243163340733,0.74,Low,0
0.9333333333333333,0.0,0.8530000000000001,1.0,0.8571428571428571,0.3157894736842105,1.0,0.0,0.8883961566888399,0.945,Medium,1
0.40000000000000013,0.05263157894736842,0.383,0.14,0.7142857142857142,0.3684210526315789,0.3103448275862069,0.8888888888888888,0.4641537324464155,0.55,High,2
0.7333333333333332,0.3157894736842105,0.478,0.07799999999999996,0.7142857142857142,0.05263157894736842,0.48275862068965514,0.5555555555555556,0.6164079822616408,0.47,Medium,1
0.8,0.47368421052631576,0.6250000000000001,0.15000000000000002,0.5714285714285714,0.7894736842105263,0.6206896551724138,0.5555555555555556,0.5550628233555064,0.87,High,2
0.5333333333333334,0.5789473684210527,0.8119999999999999,0.014000000000000012,0.8571428571428571,0.7894736842105263,0.4482758620689655,0.8888888888888888,0.8447893569844791,0.285,High,2
0.9333333333333333,0.2631578947368421,0.476,0.5900000000000001,0.8571428571428571,0.21052631578947367,0.6206896551724138,0.3333333333333333,0.5942350332594237,0.205,Medium,1
0.6666666666666667,0.6842105263157894,0.7759999999999999,0.6260000000000001,0.14285714285714285,0.47368421052631576,0.27586206896551724,0.2222222222222222,0.8499630450849964,0.015,High,2
0.8666666666666669,0.2631578947368421,0.793,0.5860000000000001,0.14285714285714285,0.05263157894736842,0.13793103448275862,1.0,0.6430155210643016,0.43,Medium,1
0.19999999999999996,0.894736842105263,0.6769999999999999,0.6100000000000001,1.0,0.0,0.3103448275862069,1.0,0.4951958610495197,0.185,Medium,1
0.9333333333333333,0.9473684210526315,0.749,0.5720000000000001,0.5714285714285714,0.3684210526315789,0.034482758620689655,1.0,0.5971914264597191,0.79,High,2
0.6666666666666667,0.2631578947368421,0.013999999999999957,0.8859999999999999,0.0,0.47368421052631576,0.6206896551724138,0.1111111111111111,0.22246858832224697,0.6,Low,0
0.5333333333333334,0.3157894736842105,0.8510000000000001,0.118,0.14285714285714285,0.894736842105263,0.3448275862068966,0.8888888888888888,0.8292682926829269,0.715,High,2
0.19999999999999996,0.15789473684210525,0.516,0.43200000000000016,1.0,0.47368421052631576,0.6551724137931034,0.5555555555555556,0.6600147819660016,0.495,Medium,1
0.7333333333333332,1.0,0.131,0.758,0.5714285714285714,0.5263157894736842,0.8620689655172413,0.8888888888888888,0.20325203252032525,0.325,Medium,1
0.6666666666666667,0.42105263157894735,0.884,0.14,0.8571428571428571,0.7894736842105263,0.3103448275862069,1.0,0.6518847006651884,0.63,High,2
0.0,0.8421052631578947,0.7240000000000001,0.6260000000000001,0.8571428571428571,0.15789473684210525,0.5517241379310345,0.0,0.5779748706577976,0.93,Low,0
0.5333333333333334,0.8421052631578947,0.19900000000000007,0.9199999999999999,0.7142857142857142,0.7894736842105263,0.9310344827586207,0.4444444444444444,0.24094604582409468,0.68,Low,0
0.26666666666666683,0.7368421052631579,0.42300000000000004,0.14600000000000013,0.0,0.8421052631578947,0.0,0.4444444444444444,0.4855875831485588,0.505,Medium,1
0.19999999999999996,0.8421052631578947,0.9310000000000002,0.31600000000000006,0.7142857142857142,0.15789473684210525,0.4482758620689655,0.1111111111111111,0.8107908351810791,0.05,Medium,1
0.26666666666666683,0.05263157894736842,0.387,0.4039999999999999,0.5714285714285714,0.0,0.20689655172413793,0.0,0.5624538063562454,0.395,Low,0
0.3333333333333335,0.7368421052631579,0.276,0.29400000000000004,0.2857142857142857,0.8421052631578947,0.27586206896551724,0.3333333333333333,0.5018477457501849,0.05,Medium,1
0.26666666666666683,0.10526315789473684,0.8490000000000001,0.4970000000000001,0.8571428571428571,0.15789473684210525,0.5517241379310345,0.4444444444444444,0.631929046563193,0.505,Medium,1
1.0000000000000002,0.9473684210526315,0.9780000000000001,0.19999999999999996,0.5714285714285714,0.47368421052631576,0.5517241379310345,0.5555555555555556,0.9268292682926831,0.21,High,2
0.6000000000000001,0.894736842105263,0.16200000000000003,0.6660000000000001,0.0,0.631578947368421,0.7931034482758621,0.3333333333333333,0.1958610495195861,0.565,Low,0
0.26666666666666683,0.15789473684210525,0.9840000000000001,0.274,1.0,0.7894736842105263,0.1724137931034483,1.0,0.5018477457501849,0.875,High,2
0.26666666666666683,0.9473684210526315,0.2440000000000001,0.274,1.0,0.7894736842105263,0.24137931034482757,0.8888888888888888,0.229859571322986,0.48,High,2
1.0000000000000002,0.894736842105263,0.347,0.18800000000000006,0.14285714285714285,0.3157894736842105,0.48275862068965514,0.5555555555555556,0.48928307464892845,0.685,Medium,1
0.8,0.631578947368421,0.21100000000000008,0.11999999999999988,0.0,0.15789473684210525,0.1724137931034483,0.5555555555555556,0.2971175166297118,0.155,Low,0
0.1333333333333333,0.47368421052631576,0.45500000000000007,0.42799999999999994,1.0,0.10526315789473684,0.9655172413793103,0.6666666666666666,0.5772357723577237,0.02,Medium,1
0.6666666666666667,0.05263157894736842,0.4109999999999999,0.8960000000000001,0.7142857142857142,0.3157894736842105,0.6896551724137931,0.7777777777777777,0.5092387287509239,0.15,Medium,1
0.8,0.47368421052631576,0.271,0.786,0.7142857142857142,0.5789473684210527,0.7586206896551724,0.8888888888888888,0.25572801182557287,0.38,Medium,1
0.8,0.631578947368421,0.7039999999999998,0.0119999999999999,0.14285714285714285,0.0,0.06896551724137931,0.6666666666666666,0.6489283074648928,0.805,Medium,1
0.5333333333333334,1.0,0.133,0.4640000000000002,1.0,0.5263157894736842,0.3103448275862069,0.0,0.15151515151515155,0.475,Low,0
0.26666666666666683,0.3684210526315789,0.4039999999999999,0.6439999999999999,0.2857142857142857,0.894736842105263,0.06896551724137931,1.0,0.38507021433850713,0.55,Medium,1
0.6000000000000001,0.8421052631578947,0.682,0.8780000000000001,0.14285714285714285,0.894736842105263,0.1724137931034483,0.0,0.7235772357723578,0.17,Medium,1
0.9333333333333333,0.10526315789473684,0.09800000000000003,0.8579999999999999,0.5714285714285714,0.10526315789473684,0.5517241379310345,0.6666666666666666,0.1943828529194383,0.445,Low,0
0.0,0.42105263157894735,0.32999999999999996,0.11599999999999999,0.2857142857142857,0.10526315789473684,0.13793103448275862,0.6666666666666666,0.3318551367331855,0.92,Low,0
0.4666666666666668,0.631578947368421,0.15800000000000003,0.8780000000000001,0.0,0.21052631578947367,0.3103448275862069,0.3333333333333333,0.3141167775314118,0.295,Low,0
0.6000000000000001,0.9473684210526315,0.02100000000000002,0.4099999999999999,0.0,0.3684210526315789,0.48275862068965514,0.7777777777777777,0.2143385070214338,0.915,Low,0
0.4666666666666668,0.3684210526315789,0.36,0.21599999999999997,1.0,0.9473684210526315,0.8275862068965517,0.7777777777777777,0.3429416112342942,0.005,High,2
0.26666666666666683,0.3157894736842105,0.17400000000000004,0.3839999999999999,0.0,0.7894736842105263,0.13793103448275862,0.0,0.13895048041389507,0.23,Low,0
0.9333333333333333,0.10526315789473684,0.21600000000000008,0.20399999999999996,0.7142857142857142,0.894736842105263,0.13793103448275862,0.2222222222222222,0.41980783444198094,0.865,Medium,1
0.8,0.05263157894736842,0.646,0.492,0.0,0.8421052631578947,0.6206896551724138,1.0,0.5521064301552108,0.66,Medium,1
0.4666666666666668,0.3157894736842105,0.4960000000000001,0.8200000000000001,0.7142857142857142,0.9473684210526315,0.27586206896551724,0.5555555555555556,0.8580931263858094,0.37,High,2
0.19999999999999996,0.05263157894736842,0.5650000000000001,0.788,0.42857142857142855,0.47368421052631576,0.3448275862068966,0.2222222222222222,0.6422764227642277,0.59,Low,0
0.19999999999999996,0.5263157894736842,0.41600000000000004,0.29200000000000004,1.0,0.05263157894736842,0.6206896551724138,0.3333333333333333,0.5314116777531412,0.595,Low,0
0.1333333333333333,0.894736842105263,0.719,0.6420000000000001,0.5714285714285714,0.47368421052631576,0.0,0.6666666666666666,0.7642276422764229,0.91,Medium,1
0.6666666666666667,0.15789473684210525,0.914,0.952,0.5714285714285714,0.3157894736842105,0.5862068965517241,1.0,0.7309682187730968,0.755,Medium,1
0.8,0.47368421052631576,0.44399999999999995,0.9000000000000001,0.42857142857142855,0.42105263157894735,0.9655172413793103,0.8888888888888888,0.5705838876570586,0.89,Medium,1
0.4666666666666668,0.631578947368421,0.275,0.0119999999999999,0.8571428571428571,0.9473684210526315,0.5862068965517241,0.4444444444444444,0.22246858832224697,0.61,Medium,1
0.6666666666666667,0.21052631578947367,0.85,0.772,0.2857142857142857,0.6842105263157894,0.13793103448275862,0.6666666666666666,0.6984478935698448,0.08,High,2
0.1333333333333333,1.0,0.43200000000000005,0.6699999999999999,0.7142857142857142,0.10526315789473684,0.3448275862068966,0.0,0.5454545454545456,0.235,Low,0
0.26666666666666683,0.0,0.2240000000000001,0.19600000000000006,0.8571428571428571,0.9473684210526315,0.7586206896551724,0.1111111111111111,0.15594974131559497,0.695,High,2
1.0000000000000002,0.894736842105263,0.381,0.027999999999999914,0.7142857142857142,0.3157894736842105,0.48275862068965514,0.2222222222222222,0.26607538802660763,0.48,Medium,1
1.0000000000000002,0.3684210526315789,0.6940000000000001,0.558,0.5714285714285714,0.8421052631578947,0.8620689655172413,0.7777777777777777,0.7723577235772359,0.7,High,2
0.8,0.05263157894736842,0.8330000000000001,0.6460000000000001,1.0,0.6842105263157894,0.7931034482758621,0.6666666666666666,0.7627494456762749,0.505,Medium,1
0.4666666666666668,0.7368421052631579,0.399,0.8260000000000003,0.8571428571428571,0.5263157894736842,0.6551724137931034,0.8888888888888888,0.4663710273466372,0.41,Medium,1
0.7333333333333332,0.5789473684210527,0.03200000000000003,0.8200000000000001,0.42857142857142855,0.0,0.6896551724137931,0.5555555555555556,0.16334072431633412,0.225,Low,0
0.8,0.21052631578947367,0.7060000000000001,0.8680000000000001,0.8571428571428571,0.631578947368421,0.41379310344827586,0.5555555555555556,0.5528455284552847,0.51,High,2
0.9333333333333333,0.3684210526315789,0.7779999999999999,0.014000000000000012,0.2857142857142857,0.2631578947368421,0.896551724137931,0.3333333333333333,0.5735402808573542,0.585,Medium,1
0.19999999999999996,0.2631578947368421,0.32199999999999995,0.40600000000000014,0.8571428571428571,0.6842105263157894,0.48275862068965514,0.5555555555555556,0.2645971914264597,0.68,Medium,1
0.06666666666666665,0.6842105263157894,0.4630000000000001,0.6340000000000001,1.0,1.0,0.10344827586206896,0.0,0.5358462675535849,0.99,High,2
0.1333333333333333,0.9473684210526315,0.383,0.4460000000000002,0.8571428571428571,0.3157894736842105,1.0,0.0,0.41906873614190704,0.475,Medium,1
0.8,0.5263157894736842,0.32699999999999996,0.42400000000000015,0.5714285714285714,0.42105263157894735,0.8620689655172413,0.5555555555555556,0.5077605321507761,0.845,Low,0
0.8,0.5263157894736842,0.862,0.29200000000000004,1.0,0.6842105263157894,0.20689655172413793,0.5555555555555556,0.5018477457501849,0.505,High,2
0.8666666666666669,0.3684210526315789,0.259,0.8280000000000001,0.2857142857142857,0.894736842105263,0.5862068965517241,0.7777777777777777,0.3983739837398374,0.795,Medium,1
0.40000000000000013,0.5263157894736842,0.684,0.09399999999999997,0.5714285714285714,0.8421052631578947,0.5172413793103449,0.8888888888888888,0.5018477457501849,0.715,High,2
0.4666666666666668,0.10526315789473684,0.987,0.938,0.0,0.7894736842105263,0.3793103448275862,0.6666666666666666,0.9645232815964526,0.04,Medium,1
0.6000000000000001,0.47368421052631576,0.547,0.238,0.7142857142857142,0.631578947368421,0.6206896551724138,0.6666666666666666,0.6267553584626755,0.33,High,2
0.40000000000000013,0.42105263157894735,0.715,0.5640000000000001,0.2857142857142857,0.6842105263157894,0.7931034482758621,0.3333333333333333,0.6178861788617886,0.9,Medium,1
0.8666666666666669,0.8421052631578947,0.15999999999999992,0.06999999999999995,0.0,0.10526315789473684,0.3103448275862069,0.0,0.28529194382852924,0.445,Low,0
0.40000000000000013,0.8421052631578947,0.8230000000000001,0.3900000000000001,0.42857142857142855,0.47368421052631576,0.7586206896551724,0.4444444444444444,0.7014042867701404,0.005,Medium,1
0.8,0.5263157894736842,0.534,0.32600000000000007,0.0,0.0,0.6551724137931034,0.3333333333333333,0.4434589800443461,0.235,Medium,1
0.9333333333333333,0.7894736842105263,0.262,0.44999999999999996,0.8571428571428571,0.47368421052631576,0.896551724137931,0.8888888888888888,0.44124168514412426,0.88,Medium,1
0.1333333333333333,0.47368421052631576,0.3490000000000001,0.17799999999999994,0.8571428571428571,0.7368421052631579,0.6551724137931034,0.2222222222222222,0.3481152993348116,0.22,High,2
1.0000000000000002,0.3684210526315789,0.936,0.21999999999999997,0.7142857142857142,0.5263157894736842,0.7586206896551724,0.3333333333333333,0.6903178122690319,0.9,High,2
0.3333333333333335,0.0,0.372,0.6800000000000002,0.8571428571428571,0.10526315789473684,0.8620689655172413,1.0,0.4759793052475981,0.56,Medium,1
0.7333333333333332,0.7368421052631579,0.886,0.16600000000000004,0.5714285714285714,1.0,0.10344827586206896,0.8888888888888888,0.8728750923872877,0.86,High,2
0.19999999999999996,0.6842105263157894,0.44900000000000007,0.712,1.0,0.631578947368421,0.6551724137931034,0.2222222222222222,0.32446415373244647,0.44,High,2
0.0,0.3157894736842105,0.684,0.716,0.8571428571428571,0.631578947368421,0.8620689655172413,0.4444444444444444,0.7775314116777532,0.955,Medium,1
0.3333333333333335,0.42105263157894735,0.3450000000000001,0.19199999999999995,0.5714285714285714,0.42105263157894735,0.27586206896551724,0.4444444444444444,0.5018477457501849,0.475,Medium,1
0.26666666666666683,0.3684210526315789,0.943,0.9120000000000001,0.7142857142857142,0.7894736842105263,0.24137931034482757,0.6666666666666666,0.5018477457501849,0.495,High,2
0.4666666666666668,0.8421052631578947,0.22099999999999997,0.8920000000000001,0.5714285714285714,0.15789473684210525,0.9310344827586207,0.8888888888888888,0.3155949741315596,0.08,Low,0
0.8,0.47368421052631576,0.46099999999999997,0.9160000000000001,0.42857142857142855,0.8421052631578947,0.3448275862068966,1.0,0.3976348854397635,0.315,High,2
0.9333333333333333,1.0,0.626,0.0119999999999999,1.0,1.0,0.24137931034482757,0.4444444444444444,0.6348854397634887,0.265,High,2
0.3333333333333335,0.21052631578947367,0.8350000000000001,0.1279999999999999,0.14285714285714285,0.47368421052631576,0.1724137931034483,0.4444444444444444,0.7191426459719144,0.585,Medium,1
0.1333333333333333,0.05263157894736842,0.256,0.5800000000000001,0.2857142857142857,0.3157894736842105,0.7241379310344828,0.1111111111111111,0.2446415373244642,0.68,Low,0
0.1333333333333333,0.5789473684210527,0.4820000000000001,0.6480000000000001,0.42857142857142855,0.42105263157894735,0.10344827586206896,0.4444444444444444,0.5602365114560237,0.55,Medium,1
0.5333333333333334,0.5789473684210527,0.6689999999999999,0.8600000000000001,0.5714285714285714,0.5789473684210527,0.034482758620689655,0.4444444444444444,0.592017738359202,0.665,Medium,1
0.26666666666666683,0.6842105263157894,0.8350000000000001,0.22799999999999998,0.42857142857142855,1.0,1.0,0.6666666666666666,0.7065779748706578,0.805,High,2
0.40000000000000013,0.05263157894736842,0.33899999999999997,0.802,0.42857142857142855,0.42105263157894735,0.10344827586206896,0.6666666666666666,0.24833702882483372,0.16,Medium,1
1.0000000000000002,1.0,0.41800000000000004,0.702,1.0,0.7368421052631579,0.6206896551724138,0.4444444444444444,0.5705838876570586,0.49,Medium,1
0.6666666666666667,0.6842105263157894,0.745,0.278,0.0,0.47368421052631576,0.9310344827586207,0.4444444444444444,0.754619364375462,0.765,Medium,1
0.4666666666666668,0.6842105263157894,0.32300000000000006,0.9480000000000002,0.0,0.05263157894736842,0.6896551724137931,0.3333333333333333,0.24981522542498152,0.21,Low,0
0.4666666666666668,0.0,0.576,0.41999999999999993,1.0,0.2631578947368421,0.0,0.6666666666666666,0.47524020694752417,0.775,Medium,1
0.40000000000000013,0.631578947368421,0.4960000000000001,0.6699999999999999,0.42857142857142855,0.21052631578947367,0.7241379310344828,0.2222222222222222,0.2801182557280119,0.34,Low,0
0.3333333333333335,0.3684210526315789,0.587,0.4099999999999999,0.8571428571428571,0.894736842105263,0.6551724137931034,0.2222222222222222,0.43976348854397646,0.695,Medium,1
0.0,0.631578947368421,0.32300000000000006,0.126,0.0,0.8421052631578947,0.3103448275862069,1.0,0.38507021433850713,0.525,High,2
0.1333333333333333,0.47368421052631576,0.263,0.18200000000000005,0.8571428571428571,0.7368421052631579,0.8275862068965517,0.2222222222222222,0.2586844050258686,0.02,Medium,1
0.40000000000000013,1.0,0.7039999999999998,0.482,0.5714285714285714,0.10526315789473684,0.3103448275862069,0.1111111111111111,0.7235772357723578,0.26,Medium,1
0.8,0.15789473684210525,0.44900000000000007,0.05800000000000005,0.8571428571428571,0.5789473684210527,0.896551724137931,0.7777777777777777,0.5107169253510717,0.15,High,2
0.3333333333333335,0.5789473684210527,0.501,0.9260000000000002,0.5714285714285714,0.21052631578947367,0.06896551724137931,0.0,0.5587583148558759,0.815,Low,0
0.26666666666666683,1.0,0.2440000000000001,0.4970000000000001,0.7142857142857142,0.10526315789473684,0.6551724137931034,1.0,0.3621581670362158,0.045,Medium,1
0.6666666666666667,0.9473684210526315,0.4109999999999999,0.04399999999999993,0.5714285714285714,0.05263157894736842,0.8620689655172413,1.0,0.45528455284552843,0.2,Low,0
0.8,0.0,0.16399999999999992,0.78,0.5714285714285714,0.0,0.41379310344827586,0.3333333333333333,0.11603843311160383,0.325,Low,0
0.06666666666666665,0.5263157894736842,0.57,0.02400000000000002,0.7142857142857142,0.0,0.8275862068965517,0.5555555555555556,0.6341463414634148,0.725,Medium,1
0.06666666666666665,0.3684210526315789,0.4970000000000001,0.22999999999999998,1.0,0.8421052631578947,0.9310344827586207,0.8888888888888888,0.5720620842572062,0.135,High,2
0.5333333333333334,0.8421052631578947,0.252,0.6080000000000001,0.14285714285714285,0.47368421052631576,0.5517241379310345,0.3333333333333333,0.3481152993348116,0.93,Low,0
0.7333333333333332,0.0,0.18700000000000006,0.0119999999999999,0.7142857142857142,0.631578947368421,0.27586206896551724,0.7777777777777777,0.19807834441980782,0.535,Medium,1
0.40000000000000013,0.894736842105263,0.42699999999999994,0.544,0.5714285714285714,0.8421052631578947,0.1724137931034483,0.5555555555555556,0.37176644493717675,0.9,High,2
0.3333333333333335,0.2631578947368421,0.9700000000000001,0.9000000000000001,0.2857142857142857,0.15789473684210525,1.0,0.8888888888888888,0.779009608277901,0.25,Medium,1
0.5333333333333334,0.3157894736842105,0.18399999999999994,0.8480000000000001,0.42857142857142855,0.05263157894736842,0.7931034482758621,0.8888888888888888,0.40428677014042874,0.5,Low,0
0.3333333333333335,0.2631578947368421,0.00599999999999995,0.16400000000000003,0.7142857142857142,0.3684210526315789,0.034482758620689655,0.1111111111111111,0.12047302291204726,0.175,Low,0
0.4666666666666668,0.47368421052631576,0.6150000000000001,0.7300000000000002,1.0,0.6842105263157894,0.8275862068965517,0.6666666666666666,0.6607538802660755,0.785,Medium,1
0.40000000000000013,0.47368421052631576,0.8789999999999999,0.31999999999999984,0.42857142857142855,0.15789473684210525,0.5862068965517241,0.2222222222222222,0.7590539541759056,0.85,Medium,1
0.3333333333333335,0.3684210526315789,0.008000000000000007,0.3859999999999999,0.14285714285714285,0.5789473684210527,0.4482758620689655,0.3333333333333333,0.046563192904656325,0.665,Low,0
0.4666666666666668,0.5263157894736842,0.0010000000000000009,0.8960000000000001,0.0,0.15789473684210525,0.5862068965517241,0.2222222222222222,0.03621581670362156,0.205,Low,0
0.9333333333333333,0.05263157894736842,0.6900000000000001,0.1519999999999999,0.8571428571428571,0.631578947368421,0.41379310344827586,0.0,0.753880266075388,0.42,Medium,1
0.6000000000000001,0.3157894736842105,0.87,0.3560000000000001,1.0,0.7894736842105263,0.5517241379310345,0.0,0.73909830007391,0.105,High,2
0.4666666666666668,0.7368421052631579,0.733,0.8059999999999998,0.8571428571428571,0.05263157894736842,0.5862068965517241,0.8888888888888888,0.7368810051736883,0.92,Medium,1
0.1333333333333333,0.10526315789473684,0.31799999999999995,0.6039999999999999,0.2857142857142857,0.631578947368421,0.0,0.3333333333333333,0.34072431633407246,0.34,Medium,1
0.5333333333333334,0.7894736842105263,0.64,0.8680000000000001,0.0,0.6842105263157894,0.4482758620689655,0.8888888888888888,0.5269770879526978,0.19,Medium,1
0.06666666666666665,0.894736842105263,0.4890000000000001,0.08000000000000007,0.14285714285714285,0.8421052631578947,0.6551724137931034,0.3333333333333333,0.5565410199556542,0.11,High,2
0.06666666666666665,0.8421052631578947,0.5449999999999999,0.7300000000000002,1.0,1.0,0.41379310344827586,0.7777777777777777,0.6807095343680711,0.575,High,2
0.06666666666666665,0.15789473684210525,0.509,0.8100000000000003,0.5714285714285714,0.2631578947368421,0.10344827586206896,0.4444444444444444,0.5402808573540281,0.655,Low,0
0.8,0.7368421052631579,0.785,0.752,0.5714285714285714,0.2631578947368421,0.034482758620689655,0.1111111111111111,0.7649667405764968,0.185,Medium,1
0.1333333333333333,0.5263157894736842,0.4960000000000001,0.8579999999999999,1.0,0.5263157894736842,0.7931034482758621,0.5555555555555556,0.7398373983739839,0.2,Medium,1
0.40000000000000013,0.47368421052631576,0.8080000000000002,0.732,0.8571428571428571,0.05263157894736842,0.6206896551724138,0.1111111111111111,0.7509238728750924,0.6,Medium,1
0.1333333333333333,0.5789473684210527,0.10399999999999998,0.5760000000000001,1.0,0.9473684210526315,0.5517241379310345,0.3333333333333333,0.20399113082039916,0.705,Medium,1
0.0,0.05263157894736842,0.602,0.5760000000000001,0.5714285714285714,0.10526315789473684,0.06896551724137931,0.3333333333333333,0.5757575757575759,0.07,Medium,1
0.8,0.631578947368421,0.723,0.29200000000000004,0.8571428571428571,0.5789473684210527,0.5862068965517241,0.2222222222222222,0.7664449371766446,0.345,Medium,1
0.6000000000000001,0.05263157894736842,0.6829999999999999,0.6220000000000001,0.14285714285714285,0.5789473684210527,0.5862068965517241,0.3333333333333333,0.518107908351811,0.62,Medium,1
0.8666666666666669,0.15789473684210525,0.18799999999999994,0.40000000000000013,0.8571428571428571,0.631578947368421,0.06896551724137931,0.3333333333333333,0.23725055432372505,0.925,Medium,1
0.06666666666666665,0.5789473684210527,0.8880000000000002,0.09800000000000009,0.7142857142857142,0.42105263157894735,1.0,0.2222222222222222,0.8706577974870657,0.195,High,2
0.7333333333333332,0.3157894736842105,0.8350000000000001,0.752,0.42857142857142855,0.15789473684210525,0.5517241379310345,0.4444444444444444,0.6452328159645233,0.425,Medium,1
0.8,0.21052631578947367,0.8160000000000002,0.42400000000000015,0.42857142857142855,0.15789473684210525,0.9655172413793103,0.3333333333333333,0.8255728011825574,0.335,Medium,1
0.40000000000000013,0.3157894736842105,0.07699999999999996,0.776,0.0,0.7368421052631579,0.06896551724137931,0.5555555555555556,0.1929046563192905,0.46,Low,0
0.40000000000000013,0.5263157894736842,0.494,0.53,0.5714285714285714,0.10526315789473684,0.5172413793103449,0.4444444444444444,0.44124168514412426,0.84,Medium,1
0.6000000000000001,0.6842105263157894,0.18700000000000006,0.544,0.2857142857142857,0.15789473684210525,0.7241379310344828,0.1111111111111111,0.35772357723577247,0.25,Low,0
0.8,0.8421052631578947,0.8789999999999999,0.5680000000000001,0.8571428571428571,0.5789473684210527,0.5517241379310345,0.8888888888888888,0.7287509238728751,0.17,High,2
1.0000000000000002,0.47368421052631576,0.10599999999999998,0.3660000000000001,0.5714285714285714,0.2631578947368421,0.3103448275862069,0.3333333333333333,0.20546932742054697,0.9,Low,0
0.0,0.7894736842105263,0.22999999999999998,0.49,1.0,0.42105263157894735,0.896551724137931,0.1111111111111111,0.16999260901699925,0.89,Low,0
0.4666666666666668,0.7894736842105263,0.7839999999999999,0.954,0.42857142857142855,0.47368421052631576,0.6206896551724138,0.7777777777777777,0.6201034737620104,0.195,Medium,1
0.26666666666666683,0.05263157894736842,0.8949999999999999,0.026000000000000023,0.2857142857142857,0.5789473684210527,0.7931034482758621,0.3333333333333333,0.9172209903917223,0.295,High,2
0.1333333333333333,0.0,0.932,0.09000000000000008,0.0,0.5789473684210527,0.6551724137931034,0.6666666666666666,0.7575757575757578,0.995,Medium,1
0.06666666666666665,0.8421052631578947,0.05999999999999994,0.31400000000000006,0.5714285714285714,0.0,0.5517241379310345,0.7777777777777777,0.20842572062084258,0.83,Low,0
0.19999999999999996,1.0,0.266,0.9219999999999999,0.8571428571428571,0.21052631578947367,0.8620689655172413,0.4444444444444444,0.30672579453067256,0.965,Low,0
0.6666666666666667,0.6842105263157894,0.906,0.0039999999999998925,1.0,0.21052631578947367,0.7586206896551724,1.0,0.7021433850702146,0.375,High,2
0.40000000000000013,0.2631578947368421,0.05399999999999999,0.53,0.0,0.47368421052631576,0.6896551724137931,0.2222222222222222,0.15003695491500374,0.91,Low,0
0.26666666666666683,0.5789473684210527,0.398,0.76,0.42857142857142855,0.10526315789473684,0.10344827586206896,1.0,0.49150036954915005,0.125,Medium,1
0.8,0.42105263157894735,0.34199999999999997,0.18599999999999994,1.0,0.21052631578947367,1.0,0.6666666666666666,0.4626755358462677,0.935,Medium,1
0.8666666666666669,0.2631578947368421,0.246,0.988,0.7142857142857142,0.6842105263157894,0.896551724137931,0.0,0.44419807834442,0.325,Low,0
0.3333333333333335,0.15789473684210525,0.257,0.6160000000000001,0.0,0.7894736842105263,0.9655172413793103,0.5555555555555556,0.23133776792313382,0.2,Medium,1
0.19999999999999996,0.05263157894736842,0.00599999999999995,0.8980000000000001,0.5714285714285714,0.3157894736842105,0.20689655172413793,0.4444444444444444,0.2771618625277163,0.28,Medium,1
0.7333333333333332,0.3684210526315789,0.2480000000000001,0.20399999999999996,0.2857142857142857,1.0,0.13793103448275862,0.6666666666666666,0.3133776792313378,0.76,Medium,1
0.06666666666666665,0.7894736842105263,0.30199999999999994,0.97,0.7142857142857142,0.15789473684210525,0.48275862068965514,0.5555555555555556,0.30672579453067256,0.375,Low,0
0.6666666666666667,0.5789473684210527,0.377,0.278,0.42857142857142855,0.47368421052631576,0.20689655172413793,0.6666666666666666,0.476718403547672,0.93,Medium,1
0.8,0.9473684210526315,0.30000000000000004,0.15600000000000003,0.0,0.9473684210526315,0.7241379310344828,0.1111111111111111,0.451589061345159,0.45,Medium,1
0.8666666666666669,0.10526315789473684,0.0010000000000000009,0.8399999999999999,0.42857142857142855,0.631578947368421,0.896551724137931,0.6666666666666666,0.0665188470066519,0.05,Medium,1
0.06666666666666665,0.894736842105263,0.28,0.794,1.0,0.0,0.3793103448275862,0.1111111111111111,0.3274205469327422,0.545,Low,0
0.19999999999999996,0.3157894736842105,0.524,0.6420000000000001,0.2857142857142857,0.631578947368421,0.9310344827586207,0.2222222222222222,0.6297117516629713,0.425,Medium,1
0.19999999999999996,1.0,0.2360000000000001,0.31800000000000006,0.14285714285714285,0.15789473684210525,0.48275862068965514,0.8888888888888888,0.2453806356245381,0.62,Medium,1
1.0000000000000002,1.0,0.44700000000000006,0.256,1.0,0.6842105263157894,0.9310344827586207,1.0,0.4353288987435329,0.095,High,2
1.0000000000000002,0.7894736842105263,0.3610000000000001,0.502,0.5714285714285714,0.5789473684210527,0.7241379310344828,0.2222222222222222,0.28750923872875095,0.305,Medium,1
0.26666666666666683,0.47368421052631576,0.378,0.1439999999999999,0.2857142857142857,0.47368421052631576,0.6896551724137931,0.5555555555555556,0.451589061345159,0.01,Medium,1
0.0,0.5263157894736842,0.2360000000000001,0.5980000000000001,0.5714285714285714,0.05263157894736842,0.896551724137931,0.1111111111111111,0.4286770140428678,0.185,Low,0
0.1333333333333333,0.0,0.5300000000000001,0.8379999999999999,0.7142857142857142,0.21052631578947367,0.24137931034482757,0.0,0.48928307464892845,0.495,Low,0
0.7333333333333332,0.5263157894736842,0.136,0.6000000000000001,0.5714285714285714,1.0,0.5862068965517241,0.0,0.11751662971175164,0.015,Medium,1
0.9333333333333333,0.42105263157894735,0.05599999999999994,0.6759999999999999,0.0,0.47368421052631576,0.5862068965517241,0.5555555555555556,0.08277900960827789,0.13,Medium,1
0.8,0.9473684210526315,0.6769999999999999,0.5780000000000001,0.8571428571428571,0.5789473684210527,0.3448275862068966,0.3333333333333333,0.5609756097560976,0.57,Medium,1
0.8,0.21052631578947367,0.32599999999999996,0.8760000000000001,0.14285714285714285,0.0,0.034482758620689655,0.0,0.5048041389504805,0.92,Low,0
0.9333333333333333,0.21052631578947367,0.8789999999999999,0.20199999999999996,0.8571428571428571,0.7894736842105263,0.8620689655172413,0.6666666666666666,0.6511456023651145,0.905,High,2
0.4666666666666668,1.0,0.9890000000000002,0.272,0.8571428571428571,0.05263157894736842,0.6896551724137931,0.2222222222222222,0.9660014781966004,0.16,Medium,1
0.06666666666666665,0.05263157894736842,0.386,0.8879999999999999,0.0,0.9473684210526315,0.20689655172413793,0.6666666666666666,0.42498152254249827,0.495,Medium,1
0.06666666666666665,0.2631578947368421,0.20700000000000007,0.8739999999999999,0.0,1.0,0.7241379310344828,0.8888888888888888,0.3769401330376941,0.9,Medium,1
0.5333333333333334,0.47368421052631576,0.278,0.05399999999999994,0.7142857142857142,0.5789473684210527,0.10344827586206896,0.3333333333333333,0.4781966001478198,0.77,Medium,1
0.0,0.9473684210526315,0.945,0.32600000000000007,0.8571428571428571,0.631578947368421,0.10344827586206896,0.3333333333333333,0.78640059127864,0.555,High,2
0.26666666666666683,0.7368421052631579,0.32699999999999996,0.708,0.7142857142857142,0.15789473684210525,0.8620689655172413,0.6666666666666666,0.40650406504065056,0.155,Medium,1
0.19999999999999996,0.8421052631578947,0.19000000000000006,0.09000000000000008,0.0,0.3157894736842105,0.0,0.6666666666666666,0.21729490022172954,0.465,Low,0
1.0000000000000002,0.47368421052631576,0.7859999999999999,0.22599999999999998,0.0,0.42105263157894735,0.6551724137931034,0.3333333333333333,0.8056171470805618,0.4,Medium,1
0.5333333333333334,0.5789473684210527,0.23299999999999998,0.3640000000000001,0.5714285714285714,0.42105263157894735,0.1724137931034483,0.4444444444444444,0.43828529194382865,0.55,Medium,1
0.3333333333333335,1.0,0.951,0.476,1.0,0.6842105263157894,0.6896551724137931,0.6666666666666666,0.7331855136733187,0.915,High,2
0.40000000000000013,0.3684210526315789,0.44700000000000006,0.8059999999999998,0.2857142857142857,1.0,0.9655172413793103,0.1111111111111111,0.5018477457501849,0.76,Medium,1
0.1333333333333333,0.05263157894736842,0.618,0.34399999999999986,0.5714285714285714,0.21052631578947367,0.48275862068965514,0.6666666666666666,0.5927568366592759,0.515,Medium,1
0.1333333333333333,0.6842105263157894,0.273,0.09999999999999998,0.8571428571428571,0.2631578947368421,0.7241379310344828,0.3333333333333333,0.37102734663710285,0.025,Medium,1
0.8666666666666669,0.47368421052631576,0.868,0.522,0.0,0.6842105263157894,0.6206896551724138,0.2222222222222222,0.796008869179601,0.065,High,2
0.0,0.894736842105263,0.20800000000000007,0.562,0.42857142857142855,1.0,0.896551724137931,0.7777777777777777,0.38950480413895056,0.835,High,2
0.0,0.9473684210526315,0.21500000000000008,0.8800000000000001,0.14285714285714285,0.8421052631578947,0.3448275862068966,0.1111111111111111,0.4286770140428678,0.85,Low,0
0.5333333333333334,0.05263157894736842,0.14500000000000002,0.6080000000000001,0.7142857142857142,0.3684210526315789,0.6551724137931034,0.0,0.25794530672579447,0.155,Low,0
0.8666666666666669,0.05263157894736842,0.3480000000000001,0.974,0.7142857142857142,0.894736842105263,0.9310344827586207,0.5555555555555556,0.49002217294900235,0.915,Medium,1
0.19999999999999996,0.3157894736842105,0.067,0.40800000000000014,0.14285714285714285,0.6842105263157894,0.034482758620689655,0.5555555555555556,0.15816703621581668,0.505,Low,0
0.06666666666666665,0.9473684210526315,0.773,0.13800000000000012,0.8571428571428571,0.05263157894736842,0.3448275862068966,1.0,0.7413155949741317,0.675,High,2
0.19999999999999996,0.9473684210526315,0.31100000000000005,0.29000000000000004,0.2857142857142857,0.3684210526315789,0.48275862068965514,0.6666666666666666,0.35550628233555065,0.575,Medium,1
0.6666666666666667,0.05263157894736842,0.691,0.242,0.14285714285714285,0.05263157894736842,0.5517241379310345,1.0,0.6518847006651884,0.475,Medium,1
0.9333333333333333,0.9473684210526315,0.666,0.248,0.8571428571428571,0.9473684210526315,0.7241379310344828,1.0,0.5964523281596452,0.445,High,2
0.26666666666666683,0.9473684210526315,0.8240000000000002,0.31000000000000005,0.7142857142857142,0.42105263157894735,0.6551724137931034,0.3333333333333333,0.599408721359941,0.83,Medium,1
0.5333333333333334,0.894736842105263,0.666,0.268,0.0,0.894736842105263,0.10344827586206896,1.0,0.7701404286770142,0.27,High,2
0.9333333333333333,0.7368421052631579,0.123,0.512,0.42857142857142855,0.42105263157894735,0.5862068965517241,0.0,0.20620842572062087,0.495,Low,0
0.8,0.47368421052631576,0.908,0.39600000000000013,0.42857142857142855,0.05263157894736842,0.13793103448275862,0.5555555555555556,0.8869179600886921,0.21,Medium,1
0.7333333333333332,0.0,0.769,0.6180000000000001,0.5714285714285714,0.8421052631578947,0.48275862068965514,0.7777777777777777,0.5838876570583889,0.255,High,2
0.3333333333333335,0.3684210526315789,0.4960000000000001,0.18200000000000005,0.7142857142857142,0.47368421052631576,0.27586206896551724,0.5555555555555556,0.7058388765705839,0.505,High,2
0.19999999999999996,0.7368421052631579,0.43000000000000005,0.8980000000000001,1.0,0.5263157894736842,0.10344827586206896,0.2222222222222222,0.5484109386548413,0.595,Medium,1
0.4666666666666668,0.05263157894736842,0.127,0.6859999999999999,1.0,0.5789473684210527,0.20689655172413793,0.2222222222222222,0.19142645971914268,0.44,Medium,1
1.0000000000000002,0.6842105263157894,0.6330000000000001,0.484,0.14285714285714285,0.47368421052631576,0.896551724137931,0.4444444444444444,0.5365853658536588,0.675,Medium,1
0.40000000000000013,0.631578947368421,0.6330000000000001,0.09000000000000008,0.2857142857142857,0.5789473684210527,0.13793103448275862,0.1111111111111111,0.7287509238728751,0.07,Medium,1
0.26666666666666683,0.6842105263157894,0.7380000000000001,0.5680000000000001,0.5714285714285714,0.05263157894736842,0.5517241379310345,0.3333333333333333,0.6622320768662233,0.085,Medium,1
0.26666666666666683,0.42105263157894735,0.8670000000000001,0.16199999999999992,0.0,0.3157894736842105,0.27586206896551724,0.6666666666666666,0.8987435328898745,0.985,High,2
0.5333333333333334,1.0,0.46799999999999997,0.35399999999999987,0.2857142857142857,0.47368421052631576,0.27586206896551724,0.6666666666666666,0.5048041389504805,0.61,Medium,1
0.5333333333333334,0.05263157894736842,0.8800000000000002,0.952,1.0,0.7894736842105263,0.3448275862068966,0.7777777777777777,0.7516629711751666,0.995,High,2
0.5333333333333334,0.6842105263157894,0.02699999999999997,0.272,0.7142857142857142,0.0,0.6551724137931034,0.5555555555555556,0.05691056910569109,0.885,Low,0
0.19999999999999996,0.2631578947368421,0.45199999999999996,0.9019999999999999,0.0,0.10526315789473684,0.0,0.5555555555555556,0.33850702143385075,0.43,Low,0
0.8,0.9473684210526315,0.8960000000000002,0.3619999999999999,0.8571428571428571,0.6842105263157894,0.4482758620689655,0.5555555555555556,0.8728750923872877,0.95,Medium,1
0.19999999999999996,0.47368421052631576,0.755,0.508,0.8571428571428571,0.15789473684210525,0.24137931034482757,0.0,0.7095343680709536,0.52,Medium,1
0.1333333333333333,0.3157894736842105,0.7560000000000001,0.5740000000000001,0.2857142857142857,0.3684210526315789,0.10344827586206896,0.5555555555555556,0.8152254249815225,0.7,Medium,1
0.9333333333333333,0.7368421052631579,0.07300000000000006,0.3699999999999999,0.7142857142857142,0.05263157894736842,0.20689655172413793,0.5555555555555556,0.12121212121212116,0.57,Low,0
0.26666666666666683,0.21052631578947367,0.4960000000000001,0.5720000000000001,0.8571428571428571,0.9473684210526315,0.27586206896551724,0.8888888888888888,0.5846267553584628,0.49,High,2
0.7333333333333332,0.05263157894736842,0.43300000000000005,0.39600000000000013,1.0,0.5789473684210527,0.8620689655172413,0.1111111111111111,0.5284552845528456,0.115,Medium,1
1.0000000000000002,1.0,0.28500000000000003,0.54,0.8571428571428571,0.5263157894736842,0.896551724137931,0.8888888888888888,0.2276422764227642,0.54,Medium,1
0.9333333333333333,0.5789473684210527,0.43000000000000005,0.28600000000000003,0.14285714285714285,0.0,0.9310344827586207,0.8888888888888888,0.54249815225425,0.25,Low,0
0.8666666666666669,0.5789473684210527,0.21100000000000008,0.16199999999999992,0.14285714285714285,0.2631578947368421,0.13793103448275862,0.1111111111111111,0.28677014042867705,0.16,Medium,1
0.3333333333333335,0.631578947368421,0.4960000000000001,0.9920000000000002,0.42857142857142855,0.7894736842105263,1.0,0.7777777777777777,0.8972653362897267,0.92,High,2
0.06666666666666665,0.6842105263157894,0.31600000000000006,0.3640000000000001,0.14285714285714285,0.9473684210526315,0.9655172413793103,0.6666666666666666,0.22690317812269029,0.165,High,2
1.0000000000000002,0.894736842105263,0.40700000000000003,0.6220000000000001,0.42857142857142855,0.894736842105263,0.27586206896551724,0.5555555555555556,0.4471544715447155,0.03,Medium,1
0.7333333333333332,0.7894736842105263,0.6869999999999999,0.3480000000000001,0.7142857142857142,0.15789473684210525,0.3793103448275862,0.2222222222222222,0.5299334811529934,0.56,Medium,1
0.9333333333333333,0.47368421052631576,0.29800000000000004,0.3580000000000001,0.8571428571428571,0.05263157894736842,0.7586206896551724,0.5555555555555556,0.2645971914264597,0.645,Medium,1
1.0000000000000002,0.8421052631578947,0.771,0.8340000000000001,0.0,0.47368421052631576,0.9310344827586207,0.0,0.6112342941611235,0.945,Low,0
0.8,0.2631578947368421,0.761,0.556,1.0,0.47368421052631576,0.8275862068965517,0.3333333333333333,0.6452328159645233,0.41,Medium,1
0.5333333333333334,0.10526315789473684,0.251,0.71,0.5714285714285714,0.5263157894736842,0.10344827586206896,0.8888888888888888,0.45232815964523293,0.385,Medium,1
0.5333333333333334,0.6842105263157894,0.5990000000000001,0.5940000000000001,0.8571428571428571,0.10526315789473684,0.06896551724137931,0.0,0.7058388765705839,0.67,Medium,1
0.4666666666666668,0.21052631578947367,0.5449999999999999,0.118,0.14285714285714285,0.2631578947368421,0.4482758620689655,0.4444444444444444,0.6164079822616408,0.84,Low,0
0.5333333333333334,0.9473684210526315,0.41800000000000004,0.3800000000000001,0.2857142857142857,0.3157894736842105,0.034482758620689655,0.6666666666666666,0.49223946784922396,0.57,Medium,1
0.4666666666666668,0.15789473684210525,0.4960000000000001,0.6599999999999999,0.8571428571428571,0.8421052631578947,0.9310344827586207,0.2222222222222222,0.43754619364375474,0.345,Medium,1
0.9333333333333333,0.47368421052631576,0.02400000000000002,0.8739999999999999,0.42857142857142855,0.6842105263157894,0.4482758620689655,0.3333333333333333,0.24168514412416858,0.695,Medium,1
0.4666666666666668,0.10526315789473684,0.9570000000000002,0.5820000000000001,0.2857142857142857,0.47368421052631576,0.06896551724137931,1.0,0.9837398373983741,0.42,High,2
0.3333333333333335,0.47368421052631576,0.7519999999999999,0.4970000000000001,0.8571428571428571,0.2631578947368421,0.10344827586206896,0.2222222222222222,0.8085735402808574,0.015,Medium,1
0.5333333333333334,0.05263157894736842,0.7560000000000001,0.15399999999999991,0.5714285714285714,0.42105263157894735,0.48275862068965514,0.0,0.7442719881744273,0.19,Medium,1
0.6666666666666667,0.3684210526315789,0.43000000000000005,0.08399999999999996,0.5714285714285714,0.7368421052631579,0.8620689655172413,0.6666666666666666,0.4257206208425722,0.8,High,2
1.0000000000000002,0.5263157894736842,0.28700000000000003,0.4970000000000001,0.7142857142857142,0.5263157894736842,0.41379310344827586,0.6666666666666666,0.4648928307464894,0.645,Medium,1
0.06666666666666665,0.631578947368421,0.558,0.754,0.2857142857142857,0.9473684210526315,0.13793103448275862,0.4444444444444444,0.5306725794530673,0.275,Medium,1
0.7333333333333332,0.05263157894736842,0.4980000000000001,0.132,1.0,0.05263157894736842,0.0,0.1111111111111111,0.45380635624538074,0.36,Medium,1
1.0000000000000002,0.3684210526315789,0.29300000000000004,0.31800000000000006,0.14285714285714285,0.15789473684210525,0.3793103448275862,0.4444444444444444,0.2609016999260902,0.575,Low,0
0.6666666666666667,0.894736842105263,0.916,0.278,0.42857142857142855,0.0,0.10344827586206896,0.3333333333333333,0.6821877309682187,0.29,Medium,1
0.19999999999999996,0.3157894736842105,0.07400000000000001,0.75,1.0,0.5263157894736842,0.3448275862068966,0.4444444444444444,0.2801182557280119,0.085,Medium,1
1.0000000000000002,0.3684210526315789,0.252,0.5820000000000001,0.2857142857142857,0.631578947368421,0.1724137931034483,0.1111111111111111,0.3858093126385809,0.765,Low,0
0.06666666666666665,0.8421052631578947,0.8869999999999999,0.33000000000000007,0.2857142857142857,0.05263157894736842,0.034482758620689655,0.4444444444444444,0.6444937176644494,0.46,Medium,1
1.0000000000000002,0.9473684210526315,0.5460000000000002,0.132,1.0,0.5263157894736842,0.5517241379310345,0.0,0.5979305247597932,0.64,Medium,1
0.06666666666666665,0.894736842105263,0.6710000000000002,0.35399999999999987,0.8571428571428571,0.0,0.48275862068965514,0.0,0.7723577235772359,0.245,Medium,1
0.8666666666666669,0.42105263157894735,0.9460000000000001,0.3619999999999999,0.14285714285714285,0.8421052631578947,0.5172413793103449,0.6666666666666666,0.9541759053954177,0.095,High,2
0.06666666666666665,0.0,0.125,0.1359999999999999,0.0,0.3684210526315789,0.034482758620689655,0.6666666666666666,0.09977827050997778,0.685,Low,0
0.4666666666666668,0.10526315789473684,0.7240000000000001,0.43599999999999994,0.8571428571428571,0.631578947368421,0.7586206896551724,0.2222222222222222,0.689578713968958,0.525,High,2
0.0,0.631578947368421,0.991,0.03200000000000003,0.2857142857142857,0.10526315789473684,0.7586206896551724,0.5555555555555556,0.754619364375462,0.45,Medium,1
0.4666666666666668,0.10526315789473684,0.3480000000000001,0.552,0.0,0.10526315789473684,0.6551724137931034,0.4444444444444444,0.5018477457501849,0.955,Low,0
0.5333333333333334,0.2631578947368421,0.346,0.504,0.8571428571428571,0.47368421052631576,0.48275862068965514,0.2222222222222222,0.5343680709534369,0.705,Medium,1
0.9333333333333333,0.0,0.0030000000000000027,0.3340000000000001,0.8571428571428571,0.2631578947368421,0.10344827586206896,0.1111111111111111,0.21803399852180344,0.63,Low,0
0.06666666666666665,0.7368421052631579,0.656,0.6839999999999999,0.5714285714285714,0.6842105263157894,0.896551724137931,0.5555555555555556,0.5890613451589062,0.11,High,2
0.8,0.5263157894736842,0.5599999999999999,0.6820000000000002,1.0,0.8421052631578947,0.9310344827586207,0.3333333333333333,0.664449371766445,0.385,Medium,1
0.19999999999999996,0.2631578947368421,0.862,0.24,0.2857142857142857,0.21052631578947367,0.8620689655172413,0.3333333333333333,0.6733185513673319,0.625,Medium,1
0.4666666666666668,1.0,0.06799999999999995,0.772,0.14285714285714285,0.7368421052631579,0.3448275862068966,0.0,0.08573540280857356,0.98,Low,0
0.4666666666666668,0.21052631578947367,0.402,0.3919999999999999,0.5714285714285714,0.10526315789473684,0.6206896551724138,0.1111111111111111,0.467110125646711,0.93,Low,0
0.4666666666666668,0.05263157894736842,0.43300000000000005,0.712,0.0,0.05263157894736842,0.7586206896551724,0.5555555555555556,0.42202512934220254,0.59,Medium,1
0.8666666666666669,0.8421052631578947,0.5910000000000001,0.23199999999999998,0.14285714285714285,0.894736842105263,0.0,0.6666666666666666,0.6023651145602367,0.26,High,2
1.0000000000000002,0.7368421052631579,0.025000000000000022,0.4119999999999999,0.8571428571428571,0.05263157894736842,0.3448275862068966,0.4444444444444444,0.2978566149297857,0.21,Low,0
0.19999999999999996,0.3157894736842105,0.9440000000000001,0.06999999999999995,0.7142857142857142,0.3157894736842105,0.0,0.6666666666666666,0.8706577974870657,0.23,High,2
0.9333333333333333,0.5789473684210527,0.32400000000000007,0.18399999999999994,0.42857142857142855,0.15789473684210525,0.8620689655172413,0.0,0.43754619364375474,0.63,Medium,1
0.8666666666666669,0.05263157894736842,0.6250000000000001,0.32600000000000007,0.0,0.631578947368421,0.9310344827586207,0.4444444444444444,0.6038433111603845,0.22,Medium,1
0.5333333333333334,0.631578947368421,0.676,0.542,0.14285714285714285,0.8421052631578947,0.20689655172413793,0.6666666666666666,0.49223946784922396,0.575,High,2
0.4666666666666668,0.9473684210526315,0.6829999999999999,0.3820000000000001,0.2857142857142857,0.3684210526315789,0.5517241379310345,0.2222222222222222,0.7405764966740578,0.35,Medium,1
0.6000000000000001,1.0,0.33799999999999997,0.478,0.8571428571428571,0.47368421052631576,0.41379310344827586,0.5555555555555556,0.28381374722838143,0.615,Medium,1
0.19999999999999996,0.47368421052631576,0.256,0.974,0.7142857142857142,0.21052631578947367,0.7586206896551724,0.7777777777777777,0.4264597191426461,0.66,Low,0
0.6666666666666667,0.894736842105263,0.4960000000000001,0.1060000000000001,0.7142857142857142,0.9473684210526315,0.6551724137931034,0.0,0.6067997043606801,0.115,High,2
0.5333333333333334,0.6842105263157894,0.686,0.06400000000000006,0.0,0.2631578947368421,0.48275862068965514,0.5555555555555556,0.5646711012564671,0.12,Medium,1
0.0,1.0,0.761,0.24,0.7142857142857142,0.5263157894736842,0.5517241379310345,0.2222222222222222,0.6023651145602367,0.415,Medium,1
0.6666666666666667,0.21052631578947367,0.31799999999999995,0.5840000000000001,1.0,0.05263157894736842,0.7241379310344828,0.4444444444444444,0.2919438285291945,0.505,Medium,1
0.19999999999999996,0.10526315789473684,0.767,0.34399999999999986,0.0,0.10526315789473684,0.3448275862068966,0.7777777777777777,0.7819660014781966,0.51,Medium,1
0.0,0.5789473684210527,0.3320000000000001,0.8440000000000001,0.7142857142857142,0.7894736842105263,0.034482758620689655,0.8888888888888888,0.5225424981522544,0.485,Medium,1
0.9333333333333333,0.6842105263157894,0.4960000000000001,0.006000000000000005,0.7142857142857142,0.10526315789473684,0.6206896551724138,1.0,0.44124168514412426,0.77,Medium,1
0.40000000000000013,0.47368421052631576,0.2240000000000001,0.768,0.14285714285714285,0.5263157894736842,0.9310344827586207,0.8888888888888888,0.19955654101995574,0.575,Low,0
0.8,0.631578947368421,0.902,0.742,0.8571428571428571,0.15789473684210525,0.8275862068965517,0.7777777777777777,0.6836659275683667,0.365,Medium,1
0.0,0.05263157894736842,0.9710000000000002,0.6539999999999999,0.0,0.0,0.9655172413793103,0.5555555555555556,0.8677014042867701,0.415,Medium,1
0.06666666666666665,0.894736842105263,0.8690000000000001,0.956,1.0,0.7368421052631579,0.034482758620689655,0.5555555555555556,0.7767923133776793,0.255,High,2
0.1333333333333333,0.3684210526315789,0.8380000000000002,0.02200000000000002,0.14285714285714285,0.7368421052631579,0.9655172413793103,0.4444444444444444,0.607538802660754,0.895,High,2
0.06666666666666665,0.5263157894736842,0.5650000000000001,0.17200000000000004,1.0,0.0,0.034482758620689655,0.3333333333333333,0.5609756097560976,0.415,Medium,1
0.7333333333333332,0.631578947368421,0.136,0.8379999999999999,1.0,0.7894736842105263,0.9310344827586207,0.5555555555555556,0.3798965262379897,0.225,Medium,1
0.26666666666666683,0.631578947368421,0.769,0.754,1.0,0.0,0.3793103448275862,1.0,0.5728011825572803,0.08,High,2
0.1333333333333333,0.9473684210526315,0.256,0.6859999999999999,0.14285714285714285,0.0,0.48275862068965514,0.4444444444444444,0.22394678492239467,0.465,Low,0
0.0,0.3684210526315789,0.6250000000000001,0.22799999999999998,0.14285714285714285,0.7894736842105263,0.896551724137931,1.0,0.5949741315594974,0.965,High,2
0.19999999999999996,0.5789473684210527,0.32699999999999996,0.4640000000000002,1.0,0.9473684210526315,0.3793103448275862,0.5555555555555556,0.4656319290465633,0.04,High,2
0.06666666666666665,0.3684210526315789,0.701,0.8180000000000001,0.5714285714285714,0.894736842105263,0.3103448275862069,0.3333333333333333,0.5838876570583889,0.295,High,2
0.06666666666666665,0.21052631578947367,0.8170000000000001,0.694,1.0,0.47368421052631576,0.13793103448275862,0.3333333333333333,0.6134515890613452,0.74,Medium,1
0.6000000000000001,0.7894736842105263,0.21600000000000008,0.954,0.2857142857142857,0.894736842105263,0.034482758620689655,0.1111111111111111,0.2912047302291206,0.685,Low,0
0.1333333333333333,0.6842105263157894,0.904,0.532,0.8571428571428571,0.21052631578947367,0.5172413793103449,0.2222222222222222,0.9113082039911309,0.54,Medium,1
0.7333333333333332,0.5789473684210527,0.9269999999999999,0.792,0.0,0.47368421052631576,0.06896551724137931,0.8888888888888888,0.8913525498891353,0.82,Medium,1
0.0,0.7894736842105263,0.7240000000000001,0.3919999999999999,0.5714285714285714,0.5789473684210527,0.034482758620689655,0.5555555555555556,0.7184035476718404,0.72,Medium,1
0.19999999999999996,0.9473684210526315,0.37,0.6020000000000001,0.8571428571428571,0.7368421052631579,0.5172413793103449,0.8888888888888888,0.4434589800443461,0.065,High,2
0.40000000000000013,0.7894736842105263,0.016000000000000014,0.998,0.14285714285714285,0.7368421052631579,0.3103448275862069,1.0,0.23355506282335553,0.34,Medium,1
1.0000000000000002,0.2631578947368421,0.9349999999999999,0.272,1.0,0.7894736842105263,0.6206896551724138,0.8888888888888888,0.9534368070953438,0.885,High,2
0.5333333333333334,0.47368421052631576,0.64,0.3880000000000001,0.14285714285714285,0.3684210526315789,0.7931034482758621,0.7777777777777777,0.5617147080561715,0.0,Medium,1
0.6666666666666667,0.05263157894736842,0.9580000000000001,0.744,0.0,0.47368421052631576,0.24137931034482757,0.7777777777777777,0.8595713229859572,0.395,High,2
0.40000000000000013,0.7368421052631579,0.15500000000000003,0.8440000000000001,0.42857142857142855,0.05263157894736842,0.7586206896551724,0.0,0.3621581670362158,0.505,Low,0
0.6666666666666667,0.0,0.7420000000000001,0.1439999999999999,0.5714285714285714,0.47368421052631576,0.8275862068965517,0.8888888888888888,0.575018477457502,0.99,High,2
0.4666666666666668,0.9473684210526315,0.30599999999999994,0.5640000000000001,0.5714285714285714,0.2631578947368421,0.3448275862068966,0.3333333333333333,0.4353288987435329,0.205,Low,0
0.26666666666666683,0.5789473684210527,0.8720000000000002,0.18800000000000006,0.14285714285714285,0.42105263157894735,0.06896551724137931,0.3333333333333333,0.7132298595713231,0.685,Medium,1
0.5333333333333334,0.5263157894736842,0.09400000000000003,0.038000000000000034,0.8571428571428571,0.05263157894736842,0.1724137931034483,0.8888888888888888,0.24020694752402078,0.05,Medium,1
0.8,0.6842105263157894,0.478,0.8879999999999999,0.42857142857142855,0.0,0.8620689655172413,0.7777777777777777,0.5964523281596452,0.895,Low,0
0.06666666666666665,0.5789473684210527,0.7439999999999999,0.19600000000000006,0.42857142857142855,0.7894736842105263,0.4482758620689655,0.4444444444444444,0.5713229859571323,0.68,High,2
0.0,0.894736842105263,0.14300000000000002,0.798,0.14285714285714285,0.8421052631578947,0.7241379310344828,0.7777777777777777,0.32446415373244647,0.92,Medium,1
0.6666666666666667,0.47368421052631576,0.9680000000000001,0.06400000000000006,0.0,0.8421052631578947,0.1724137931034483,0.8888888888888888,0.9696969696969697,0.565,High,2
0.9333333333333333,0.3684210526315789,0.868,0.44000000000000017,0.5714285714285714,1.0,0.3448275862068966,0.4444444444444444,0.6592756836659277,0.845,High,2
1.0000000000000002,0.3157894736842105,0.17900000000000005,0.764,0.7142857142857142,1.0,1.0,0.0,0.35107169253510734,0.185,Medium,1
0.5333333333333334,0.631578947368421,0.34299999999999997,0.16600000000000004,1.0,0.6842105263157894,0.0,0.7777777777777777,0.3178122690317812,0.395,Medium,1
0.9333333333333333,0.5263157894736842,0.791,0.09999999999999998,0.42857142857142855,0.894736842105263,0.7241379310344828,0.6666666666666666,0.6237989652623801,0.825,High,2
0.4666666666666668,0.894736842105263,0.6189999999999999,0.35399999999999987,0.14285714285714285,0.8421052631578947,0.6896551724137931,0.1111111111111111,0.5624538063562454,0.88,Medium,1
0.5333333333333334,0.47368421052631576,0.4900000000000001,0.7140000000000002,0.7142857142857142,0.47368421052631576,0.3793103448275862,0.0,0.5018477457501849,0.3,Medium,1
0.5333333333333334,0.9473684210526315,0.8850000000000001,0.42200000000000015,0.8571428571428571,0.6842105263157894,0.48275862068965514,0.6666666666666666,0.878048780487805,0.745,High,2
1.0000000000000002,0.7894736842105263,0.664,0.28,1.0,0.5789473684210527,0.0,0.3333333333333333,0.6977087952697709,0.335,Medium,1
0.8666666666666669,0.6842105263157894,0.20499999999999996,0.9920000000000002,0.0,0.5263157894736842,0.9655172413793103,0.2222222222222222,0.27346637102734667,0.95,Low,0
0.8,0.47368421052631576,0.383,0.79,0.8571428571428571,0.21052631578947367,0.9655172413793103,0.0,0.5402808573540281,0.8,Low,0
1.0000000000000002,0.9473684210526315,0.387,0.8100000000000003,0.42857142857142855,0.6842105263157894,0.3793103448275862,0.5555555555555556,0.5018477457501849,0.245,Medium,1
0.8666666666666669,0.10526315789473684,0.40800000000000003,0.19600000000000006,1.0,0.15789473684210525,0.5517241379310345,0.8888888888888888,0.28972653362897277,0.07,Medium,1
0.5333333333333334,0.21052631578947367,0.4,0.5920000000000001,0.2857142857142857,0.3157894736842105,0.41379310344827586,0.3333333333333333,0.47228381374722844,0.175,Low,0
0.7333333333333332,0.3684210526315789,0.6289999999999999,0.9600000000000002,0.5714285714285714,0.05263157894736842,0.7241379310344828,0.7777777777777777,0.5003695491500371,0.59,Medium,1
0.26666666666666683,0.7894736842105263,0.8930000000000001,0.8480000000000001,0.14285714285714285,0.21052631578947367,0.24137931034482757,0.7777777777777777,0.9076127124907614,0.835,Medium,1
0.0,0.3157894736842105,0.11699999999999999,0.764,0.2857142857142857,0.6842105263157894,0.5862068965517241,0.8888888888888888,0.2616407982261641,0.805,Medium,1
0.0,0.10526315789473684,0.12,0.8920000000000001,0.14285714285714285,0.631578947368421,0.24137931034482757,0.8888888888888888,0.25498891352549896,0.81,Low,0
0.06666666666666665,0.15789473684210525,0.07400000000000001,0.94,0.0,0.7894736842105263,0.48275862068965514,0.5555555555555556,0.212860310421286,0.19,Low,0
0.3333333333333335,0.10526315789473684,0.6130000000000001,0.6800000000000002,0.5714285714285714,0.7368421052631579,0.8275862068965517,0.7777777777777777,0.6237989652623801,0.07,High,2
0.9333333333333333,0.7894736842105263,0.493,0.07200000000000006,0.0,0.47368421052631576,0.8275862068965517,0.3333333333333333,0.39172209903917227,0.465,Low,0
0.19999999999999996,1.0,0.19100000000000006,0.6800000000000002,0.5714285714285714,0.15789473684210525,0.7931034482758621,0.2222222222222222,0.38728750923872873,0.165,Low,0
0.26666666666666683,0.3684210526315789,0.3610000000000001,0.010000000000000009,0.0,0.47368421052631576,0.41379310344827586,0.7777777777777777,0.45824094604582416,0.5,Medium,1
0.8,0.9473684210526315,0.593,0.43000000000000016,0.5714285714285714,0.3684210526315789,0.3448275862068966,0.1111111111111111,0.5247597930524761,0.92,Medium,1
0.6000000000000001,0.0,0.6,0.4099999999999999,0.14285714285714285,0.21052631578947367,0.6896551724137931,0.4444444444444444,0.6407982261640799,0.2,Medium,1
0.5333333333333334,0.9473684210526315,0.45000000000000007,0.7060000000000002,0.42857142857142855,0.894736842105263,0.41379310344827586,0.4444444444444444,0.32224685883222476,0.78,Medium,1
1.0000000000000002,0.7894736842105263,0.4570000000000001,0.6500000000000001,0.5714285714285714,0.10526315789473684,0.3448275862068966,0.4444444444444444,0.4464153732446416,0.37,Low,0
0.06666666666666665,0.6842105263157894,0.45600000000000007,0.504,0.5714285714285714,0.631578947368421,0.24137931034482757,0.4444444444444444,0.4471544715447155,0.135,Medium,1
0.8,0.3684210526315789,0.42699999999999994,0.6300000000000001,0.2857142857142857,0.3157894736842105,1.0,0.2222222222222222,0.4648928307464894,0.695,Low,0
0.3333333333333335,0.5789473684210527,0.45399999999999996,0.22799999999999998,0.5714285714285714,0.15789473684210525,0.8275862068965517,0.7777777777777777,0.40354767184035484,0.265,Medium,1
0.6666666666666667,0.47368421052631576,0.9640000000000001,0.0039999999999998925,0.8571428571428571,0.894736842105263,0.27586206896551724,0.6666666666666666,0.830007390983001,0.735,High,2
0.8,0.631578947368421,0.9440000000000001,0.32400000000000007,0.7142857142857142,0.631578947368421,0.13793103448275862,0.5555555555555556,0.8181818181818183,0.62,High,2
1.0000000000000002,0.3684210526315789,0.8039999999999999,0.56,0.2857142857142857,0.6842105263157894,0.5862068965517241,0.4444444444444444,0.8203991130820398,0.025,High,2
0.0,0.894736842105263,0.15900000000000003,0.5680000000000001,0.2857142857142857,0.42105263157894735,0.13793103448275862,0.7777777777777777,0.2446415373244642,0.77,Low,0
0.40000000000000013,0.5263157894736842,0.912,0.8500000000000001,0.14285714285714285,0.2631578947368421,0.9655172413793103,1.0,0.7723577235772359,0.585,Medium,1
0.26666666666666683,0.631578947368421,0.668,0.6140000000000001,0.14285714285714285,1.0,0.7586206896551724,0.2222222222222222,0.6504065040650406,0.555,Medium,1
0.1333333333333333,0.5263157894736842,0.238,0.19399999999999995,0.7142857142857142,0.42105263157894735,0.20689655172413793,0.3333333333333333,0.2461197339246119,0.765,Low,0
0.1333333333333333,0.0,0.40500000000000014,0.9940000000000002,0.8571428571428571,0.7894736842105263,0.3103448275862069,0.1111111111111111,0.345158906134516,0.52,Medium,1
0.3333333333333335,0.8421052631578947,0.483,0.8620000000000001,0.7142857142857142,0.47368421052631576,0.8620689655172413,0.3333333333333333,0.4286770140428678,0.08,Medium,1
0.5333333333333334,0.894736842105263,0.8380000000000002,0.5700000000000001,0.14285714285714285,0.8421052631578947,0.5172413793103449,0.7777777777777777,0.6407982261640799,0.925,High,2
0.4666666666666668,0.42105263157894735,0.479,0.966,0.5714285714285714,0.21052631578947367,0.48275862068965514,0.8888888888888888,0.5025868440502588,0.45,Medium,1
0.9333333333333333,0.42105263157894735,0.375,0.256,0.2857142857142857,0.3684210526315789,0.7586206896551724,0.3333333333333333,0.43754619364375474,0.925,Low,0
0.19999999999999996,0.7368421052631579,0.5359999999999999,0.21399999999999997,0.7142857142857142,0.3157894736842105,0.6896551724137931,0.5555555555555556,0.40724316334072447,0.79,Medium,1
0.19999999999999996,0.8421052631578947,0.11499999999999999,0.10999999999999999,0.7142857142857142,0.7368421052631579,0.7586206896551724,1.0,0.16407982261640802,0.96,High,2
0.19999999999999996,0.7368421052631579,0.8470000000000001,0.13800000000000012,0.2857142857142857,0.0,0.3793103448275862,0.2222222222222222,0.8965262379896528,0.0,Medium,1
0.8666666666666669,0.8421052631578947,0.8949999999999999,0.14600000000000013,0.7142857142857142,0.7368421052631579,0.3793103448275862,0.6666666666666666,0.6666666666666667,0.65,High,2
1.0000000000000002,0.21052631578947367,0.979,0.7140000000000002,0.14285714285714285,1.0,0.8620689655172413,0.8888888888888888,0.9083518107908353,0.81,High,2
0.6666666666666667,0.7894736842105263,0.7919999999999999,0.8,0.14285714285714285,0.894736842105263,0.48275862068965514,0.8888888888888888,0.7228381374722839,0.89,High,2
0.06666666666666665,1.0,0.584,0.3619999999999999,1.0,0.10526315789473684,0.8620689655172413,0.4444444444444444,0.5964523281596452,0.415,Medium,1
0.6000000000000001,0.6842105263157894,0.45899999999999996,0.0119999999999999,0.42857142857142855,0.894736842105263,0.24137931034482757,1.0,0.5099778270509978,0.89,High,2
0.26666666666666683,0.5263157894736842,0.507,0.15399999999999991,0.0,0.2631578947368421,0.7241379310344828,0.2222222222222222,0.5934959349593498,0.72,Low,0
0.19999999999999996,0.0,0.8730000000000001,0.35199999999999987,0.2857142857142857,0.3157894736842105,0.896551724137931,0.3333333333333333,0.8677014042867701,0.265,High,2
0.8666666666666669,0.5789473684210527,0.526,0.32600000000000007,0.5714285714285714,0.47368421052631576,0.1724137931034483,0.3333333333333333,0.5018477457501849,0.625,Medium,1
0.4666666666666668,0.7894736842105263,0.40700000000000003,0.03400000000000003,1.0,0.47368421052631576,0.9310344827586207,0.6666666666666666,0.5151515151515151,0.95,High,2
0.06666666666666665,0.5263157894736842,0.8690000000000001,0.08200000000000007,0.5714285714285714,0.9473684210526315,0.10344827586206896,0.1111111111111111,0.7775314116777532,0.39,High,2
0.8,0.5789473684210527,0.0019999999999999463,0.6140000000000001,0.7142857142857142,0.7894736842105263,0.20689655172413793,0.7777777777777777,0.2771618625277163,0.19,Medium,1
0.26666666666666683,0.15789473684210525,0.652,0.6679999999999999,0.5714285714285714,0.6842105263157894,0.5172413793103449,0.8888888888888888,0.5617147080561715,0.59,High,2
0.6000000000000001,0.3157894736842105,0.9520000000000001,0.132,0.7142857142857142,0.5789473684210527,0.20689655172413793,0.1111111111111111,0.8373983739837398,0.63,Medium,1
0.9333333333333333,0.05263157894736842,0.401,0.94,0.5714285714285714,1.0,0.20689655172413793,0.7777777777777777,0.3968957871396897,0.395,High,2
0.3333333333333335,0.42105263157894735,0.00599999999999995,0.9059999999999999,0.8571428571428571,0.47368421052631576,0.0,0.5555555555555556,0.15668883961566887,0.685,Low,0
0.3333333333333335,0.10526315789473684,0.22099999999999997,0.40800000000000014,0.8571428571428571,1.0,0.8275862068965517,0.5555555555555556,0.23798965262379895,0.05,Medium,1
0.8666666666666669,0.3157894736842105,0.23099999999999998,0.019999999999999907,0.14285714285714285,0.9473684210526315,0.06896551724137931,0.5555555555555556,0.39246119733924617,0.98,Medium,1
0.40000000000000013,0.2631578947368421,0.402,0.9620000000000002,1.0,0.9473684210526315,0.4482758620689655,0.6666666666666666,0.32076866223207695,0.86,Medium,1
1.0000000000000002,0.5789473684210527,0.3360000000000001,0.266,0.42857142857142855,0.5263157894736842,0.7931034482758621,0.3333333333333333,0.30376940133037705,0.885,Low,0
0.7333333333333332,1.0,0.4880000000000001,0.15800000000000003,0.0,0.3684210526315789,0.6896551724137931,0.3333333333333333,0.6201034737620104,0.97,Low,0
0.1333333333333333,0.10526315789473684,0.9840000000000001,0.724,0.5714285714285714,0.5789473684210527,0.06896551724137931,0.2222222222222222,0.771618625277162,0.235,High,2
0.8666666666666669,0.894736842105263,0.882,0.702,0.0,0.7368421052631579,0.13793103448275862,0.4444444444444444,0.8603104212860313,0.88,Medium,1
0.1333333333333333,0.0,0.45099999999999996,0.79,0.8571428571428571,0.47368421052631576,0.13793103448275862,0.6666666666666666,0.5277161862527717,0.94,Medium,1
0.6000000000000001,0.10526315789473684,0.30100000000000005,0.972,0.42857142857142855,0.2631578947368421,0.6896551724137931,0.3333333333333333,0.2446415373244642,0.595,Low,0
0.6000000000000001,0.7894736842105263,0.17000000000000004,0.748,0.14285714285714285,0.5789473684210527,0.0,1.0,0.15816703621581668,0.565,Medium,1
0.4666666666666668,0.15789473684210525,0.38,0.39800000000000013,0.0,0.05263157894736842,0.24137931034482757,0.3333333333333333,0.34072431633407246,0.47,Low,0
0.9333333333333333,1.0,0.033999999999999975,0.4800000000000002,0.42857142857142855,0.3684210526315789,0.6551724137931034,0.2222222222222222,0.05469327420546932,0.175,Low,0
0.6666666666666667,0.631578947368421,0.5670000000000001,0.29600000000000004,1.0,0.631578947368421,0.41379310344827586,0.3333333333333333,0.50849963045085,0.19,High,2
0.40000000000000013,1.0,0.4710000000000001,0.35399999999999987,0.42857142857142855,0.5789473684210527,0.5517241379310345,0.5555555555555556,0.6104951958610496,0.17,High,2
0.1333333333333333,0.3157894736842105,0.836,0.254,0.7142857142857142,0.9473684210526315,0.5862068965517241,0.2222222222222222,0.6393200295639321,0.375,High,2
0.40000000000000013,0.15789473684210525,0.01200000000000001,0.11999999999999988,0.2857142857142857,0.6842105263157894,0.48275862068965514,0.6666666666666666,0.25351071692535115,0.095,Medium,1
0.19999999999999996,0.21052631578947367,0.8650000000000001,0.6140000000000001,1.0,0.2631578947368421,0.4482758620689655,0.7777777777777777,0.7102734663710275,0.045,High,2
0.19999999999999996,0.21052631578947367,0.46699999999999997,0.6420000000000001,0.8571428571428571,0.7368421052631579,0.41379310344827586,0.4444444444444444,0.4153732446415374,0.62,Medium,1
0.9333333333333333,0.47368421052631576,0.47,0.8719999999999999,1.0,0.5263157894736842,0.27586206896551724,0.7777777777777777,0.35772357723577247,0.65,Medium,1
0.8666666666666669,0.42105263157894735,0.030999999999999972,0.28400000000000003,0.7142857142857142,0.47368421052631576,0.9310344827586207,0.3333333333333333,0.06504065040650403,0.31,Medium,1
0.3333333333333335,0.5789473684210527,0.92,0.1359999999999999,0.42857142857142855,0.8421052631578947,0.8620689655172413,0.8888888888888888,0.8662232076866225,0.69,High,2
1.0000000000000002,0.2631578947368421,0.686,0.258,0.5714285714285714,0.15789473684210525,0.6206896551724138,0.7777777777777777,0.5971914264597191,0.755,Medium,1
0.40000000000000013,1.0,0.5890000000000001,0.766,0.8571428571428571,0.15789473684210525,0.27586206896551724,0.2222222222222222,0.6164079822616408,0.885,Medium,1
0.0,0.3157894736842105,0.31900000000000006,0.4970000000000001,0.42857142857142855,0.3684210526315789,0.7241379310344828,0.0,0.30524759793052475,0.66,Low,0
0.4666666666666668,0.3157894736842105,0.531,0.692,0.7142857142857142,0.42105263157894735,0.9310344827586207,0.3333333333333333,0.4789356984478936,0.035,Medium,1
0.5333333333333334,0.7894736842105263,0.17699999999999994,0.07200000000000006,0.8571428571428571,0.5789473684210527,0.7586206896551724,0.7777777777777777,0.3141167775314118,0.815,Medium,1
0.8666666666666669,0.3157894736842105,0.44600000000000006,0.712,0.5714285714285714,0.05263157894736842,0.1724137931034483,1.0,0.4279379157427939,0.95,Medium,1
0.9333333333333333,0.8421052631578947,0.6189999999999999,0.134,1.0,0.7894736842105263,0.20689655172413793,0.6666666666666666,0.5861049519586106,0.995,High,2
0.3333333333333335,0.10526315789473684,0.2400000000000001,0.984,0.42857142857142855,0.10526315789473684,0.24137931034482757,0.8888888888888888,0.26607538802660763,0.96,Low,0
0.06666666666666665,1.0,0.769,0.3500000000000001,0.0,1.0,0.8275862068965517,0.7777777777777777,0.5868440502586845,0.89,High,2
0.9333333333333333,0.15789473684210525,0.051999999999999935,0.6039999999999999,0.5714285714285714,1.0,0.5862068965517241,0.4444444444444444,0.16407982261640802,0.55,Medium,1
0.19999999999999996,0.3684210526315789,0.579,0.752,0.2857142857142857,0.47368421052631576,0.8275862068965517,0.0,0.43680709534368073,0.02,Medium,1
0.7333333333333332,0.631578947368421,0.16500000000000004,0.3599999999999999,1.0,0.42105263157894735,0.8620689655172413,1.0,0.18773096821877316,0.735,Medium,1
0.9333333333333333,0.47368421052631576,0.654,0.30800000000000005,0.8571428571428571,0.2631578947368421,0.5517241379310345,1.0,0.5247597930524761,0.955,High,2
0.1333333333333333,0.3684210526315789,0.541,0.07400000000000007,0.14285714285714285,0.7894736842105263,0.3103448275862069,0.0,0.6555801921655582,0.985,Medium,1
0.5333333333333334,0.894736842105263,0.7260000000000001,0.8180000000000001,0.14285714285714285,0.47368421052631576,0.24137931034482757,0.1111111111111111,0.6947524020694753,0.235,Medium,1
0.9333333333333333,0.894736842105263,0.8410000000000001,0.46199999999999997,0.2857142857142857,0.631578947368421,0.9655172413793103,0.5555555555555556,0.8536585365853662,0.435,High,2
0.4666666666666668,0.2631578947368421,0.555,0.10399999999999987,0.0,0.47368421052631576,0.06896551724137931,1.0,0.4153732446415374,0.45,Medium,1
0.9333333333333333,0.9473684210526315,0.368,0.6020000000000001,0.5714285714285714,0.15789473684210525,0.7586206896551724,0.6666666666666666,0.2749445676274945,0.545,Low,0
0.1333333333333333,0.5789473684210527,0.932,0.256,0.7142857142857142,0.8421052631578947,0.3793103448275862,0.2222222222222222,0.926090169992609,0.985,High,2
0.40000000000000013,0.894736842105263,0.6390000000000001,0.5720000000000001,0.5714285714285714,0.15789473684210525,0.3103448275862069,0.4444444444444444,0.5609756097560976,0.845,Medium,1
0.26666666666666683,0.894736842105263,0.4960000000000001,0.968,0.5714285714285714,0.5789473684210527,0.6896551724137931,0.2222222222222222,0.4501108647450112,0.955,Low,0
1.0000000000000002,0.3157894736842105,0.4720000000000001,0.44000000000000017,0.14285714285714285,0.8421052631578947,0.9310344827586207,0.4444444444444444,0.5986696230598672,0.9,Medium,1
0.1333333333333333,0.6842105263157894,0.42400000000000004,0.9440000000000002,0.14285714285714285,0.2631578947368421,0.8275862068965517,0.7777777777777777,0.45750184774575026,0.985,Low,0
0.7333333333333332,0.05263157894736842,0.8910000000000001,0.752,0.5714285714285714,0.631578947368421,0.896551724137931,0.6666666666666666,0.8248337028824835,0.805,High,2
0.9333333333333333,0.05263157894736842,0.9900000000000001,0.32200000000000006,0.14285714285714285,0.7368421052631579,0.3793103448275862,0.1111111111111111,0.8373983739837398,0.085,High,2
0.1333333333333333,0.21052631578947367,0.14700000000000002,0.22799999999999998,1.0,0.8421052631578947,0.6551724137931034,0.6666666666666666,0.2121212121212121,0.65,Medium,1
0.8,0.47368421052631576,0.703,0.4970000000000001,0.0,0.2631578947368421,0.7931034482758621,0.6666666666666666,0.5314116777531412,0.635,Medium,1
0.4666666666666668,0.42105263157894735,0.04199999999999998,0.986,0.5714285714285714,0.9473684210526315,0.5517241379310345,0.8888888888888888,0.11382113821138212,0.585,Medium,1
0.19999999999999996,0.2631578947368421,0.6330000000000001,0.9440000000000002,0.2857142857142857,0.47368421052631576,0.5172413793103449,0.8888888888888888,0.4826311899482632,0.365,Medium,1
0.5333333333333334,0.9473684210526315,0.3330000000000001,0.6880000000000002,0.14285714285714285,0.21052631578947367,0.9655172413793103,1.0,0.2645971914264597,0.885,Low,0
0.26666666666666683,0.10526315789473684,0.9840000000000001,0.3699999999999999,0.14285714285714285,0.894736842105263,0.9655172413793103,0.1111111111111111,0.7989652623798966,0.795,Medium,1
0.4666666666666668,0.15789473684210525,0.92,0.6519999999999999,0.0,0.15789473684210525,0.3448275862068966,0.4444444444444444,0.779009608277901,0.82,Medium,1
0.19999999999999996,0.9473684210526315,0.5449999999999999,0.762,0.42857142857142855,0.631578947368421,0.6206896551724138,0.6666666666666666,0.4818920916481893,0.18,High,2
0.1333333333333333,0.15789473684210525,0.007000000000000006,0.9219999999999999,0.5714285714285714,0.5263157894736842,0.3793103448275862,0.6666666666666666,0.016260162601625994,0.165,Low,0
0.8,0.631578947368421,0.5529999999999999,0.6420000000000001,0.2857142857142857,0.3157894736842105,0.5862068965517241,0.4444444444444444,0.5898004434589801,0.87,Medium,1
0.06666666666666665,0.7894736842105263,0.894,0.0020000000000000018,1.0,0.3684210526315789,0.5172413793103449,0.2222222222222222,0.8078344419807837,0.45,High,2
0.6000000000000001,0.6842105263157894,0.14,0.804,0.8571428571428571,0.8421052631578947,0.8275862068965517,0.6666666666666666,0.2926829268292684,0.225,Medium,1
0.9333333333333333,0.10526315789473684,0.874,0.774,1.0,0.894736842105263,0.5517241379310345,0.7777777777777777,0.8787878787878791,0.965,High,2
0.4666666666666668,0.42105263157894735,0.527,0.3580000000000001,0.8571428571428571,0.894736842105263,1.0,0.2222222222222222,0.607538802660754,0.365,High,2
0.26666666666666683,0.5789473684210527,0.242,0.6839999999999999,0.42857142857142855,0.21052631578947367,1.0,0.2222222222222222,0.22690317812269029,0.565,Low,0
0.19999999999999996,0.631578947368421,0.7619999999999999,0.524,0.5714285714285714,0.5789473684210527,0.5517241379310345,0.3333333333333333,0.5698447893569847,0.98,Medium,1
0.0,0.7368421052631579,0.4119999999999999,0.966,1.0,0.3684210526315789,0.3448275862068966,0.0,0.3481152993348116,0.24,Low,0
0.1333333333333333,0.7368421052631579,0.9210000000000002,0.4970000000000001,1.0,1.0,0.034482758620689655,0.5555555555555556,0.7272727272727275,0.78,High,2
0.1333333333333333,0.15789473684210525,0.128,0.534,0.7142857142857142,0.42105263157894735,0.8620689655172413,0.1111111111111111,0.2786400591278641,0.255,Low,0
0.6666666666666667,0.5789473684210527,0.246,0.972,0.7142857142857142,0.3157894736842105,0.27586206896551724,0.5555555555555556,0.3178122690317812,0.31,Low,0
0.06666666666666665,0.631578947368421,0.4650000000000001,0.1140000000000001,0.42857142857142855,0.6842105263157894,0.6206896551724138,1.0,0.4493717664449372,0.405,High,2
0.7333333333333332,0.5789473684210527,0.515,0.27,0.0,0.21052631578947367,0.6896551724137931,0.5555555555555556,0.42276422764227645,0.91,Medium,1
1.0000000000000002,0.2631578947368421,0.16600000000000004,0.8920000000000001,1.0,0.3684210526315789,0.1724137931034483,0.1111111111111111,0.18551367331855134,0.75,Low,0
1.0000000000000002,0.42105263157894735,0.254,0.09000000000000008,0.7142857142857142,0.7368421052631579,0.27586206896551724,1.0,0.4279379157427939,0.72,High,2
0.6666666666666667,0.9473684210526315,0.32100000000000006,0.9079999999999999,0.7142857142857142,1.0,0.9655172413793103,0.6666666666666666,0.5062823355506283,0.58,Medium,1
0.7333333333333332,0.5789473684210527,0.378,0.9600000000000002,0.14285714285714285,1.0,0.5517241379310345,0.6666666666666666,0.31189948263119,0.895,Medium,1
0.26666666666666683,0.0,0.8410000000000001,0.31199999999999983,0.7142857142857142,0.10526315789473684,0.0,0.0,0.6533628972653365,0.96,Low,0
0.6000000000000001,0.10526315789473684,0.533,0.15600000000000003,1.0,0.5789473684210527,0.48275862068965514,0.6666666666666666,0.45602365114560256,0.02,High,2
0.19999999999999996,0.42105263157894735,0.595,0.546,0.42857142857142855,0.7894736842105263,0.8620689655172413,0.4444444444444444,0.4611973392461198,0.9,High,2
0.6000000000000001,0.2631578947368421,0.45199999999999996,0.9280000000000002,0.2857142857142857,0.631578947368421,0.5172413793103449,0.3333333333333333,0.40280857354028093,0.76,Medium,1
0.3333333333333335,0.7368421052631579,0.17500000000000004,0.952,0.42857142857142855,0.894736842105263,0.20689655172413793,0.7777777777777777,0.13377679231337763,0.355,High,2
0.9333333333333333,0.05263157894736842,0.14500000000000002,0.19600000000000006,0.42857142857142855,0.21052631578947367,0.41379310344827586,0.2222222222222222,0.20177383592017745,0.925,Medium,1
0.8666666666666669,0.10526315789473684,0.133,0.9920000000000002,0.7142857142857142,0.42105263157894735,0.24137931034482757,0.7777777777777777,0.1766444937176645,0.04,Medium,1
0.40000000000000013,0.3684210526315789,0.368,0.8140000000000001,0.2857142857142857,0.42105263157894735,0.5517241379310345,1.0,0.36954915003695504,0.59,Medium,1
0.4666666666666668,0.5789473684210527,0.269,0.10399999999999987,0.2857142857142857,0.7894736842105263,0.6206896551724138,0.8888888888888888,0.28972653362897277,0.185,High,2
1.0000000000000002,0.8421052631578947,0.5050000000000001,0.06600000000000006,0.7142857142857142,0.0,0.3448275862068966,0.5555555555555556,0.5484109386548413,0.635,Medium,1
0.26666666666666683,0.631578947368421,0.44800000000000006,0.95,0.7142857142857142,0.894736842105263,0.6551724137931034,0.0,0.3858093126385809,0.365,Medium,1
0.19999999999999996,0.2631578947368421,0.15100000000000002,0.4019999999999999,0.7142857142857142,0.3157894736842105,0.20689655172413793,0.1111111111111111,0.25424981522542506,0.29,Medium,1
0.06666666666666665,0.5789473684210527,0.020000000000000018,0.1140000000000001,0.14285714285714285,0.3684210526315789,0.48275862068965514,0.3333333333333333,0.19955654101995574,0.225,Low,0
0.1333333333333333,1.0,0.579,0.3380000000000001,0.7142857142857142,0.3157894736842105,0.0,0.5555555555555556,0.6252771618625277,0.675,Medium,1
0.8,0.894736842105263,0.5599999999999999,0.788,1.0,0.47368421052631576,0.8275862068965517,0.0,0.5062823355506283,0.315,Medium,1
0.8666666666666669,0.42105263157894735,0.18600000000000005,0.31800000000000006,0.5714285714285714,0.21052631578947367,0.7931034482758621,0.7777777777777777,0.19660014781966,0.48,Low,0
0.1333333333333333,0.47368421052631576,0.951,0.5940000000000001,0.7142857142857142,0.05263157894736842,0.5172413793103449,0.6666666666666666,0.8122690317812269,0.845,Medium,1
0.5333333333333334,0.6842105263157894,0.733,0.9920000000000002,0.2857142857142857,0.5263157894736842,0.4482758620689655,0.8888888888888888,0.6925351071692536,0.43,High,2
0.5333333333333334,0.2631578947368421,0.015000000000000013,0.798,0.7142857142857142,0.894736842105263,0.9655172413793103,0.7777777777777777,0.19807834441980782,0.27,Medium,1
0.40000000000000013,0.2631578947368421,0.30400000000000005,0.8360000000000001,0.5714285714285714,0.10526315789473684,0.8275862068965517,1.0,0.36954915003695504,0.235,Medium,1
0.8666666666666669,0.05263157894736842,0.9520000000000001,0.742,0.5714285714285714,0.3157894736842105,0.896551724137931,0.2222222222222222,0.7923133776792315,0.3,Medium,1
0.26666666666666683,0.05263157894736842,0.799,0.05399999999999994,0.5714285714285714,0.9473684210526315,0.8275862068965517,0.5555555555555556,0.6223207686622323,0.265,High,2
0.06666666666666665,0.15789473684210525,0.387,0.8460000000000001,0.8571428571428571,0.47368421052631576,0.41379310344827586,0.1111111111111111,0.3828529194382854,0.0,Medium,1
0.9333333333333333,0.42105263157894735,0.749,0.15600000000000003,0.5714285714285714,0.9473684210526315,0.7241379310344828,0.5555555555555556,0.6999260901699926,0.11,High,2
0.0,0.631578947368421,0.9650000000000002,0.6460000000000001,1.0,0.5789473684210527,0.20689655172413793,0.7777777777777777,0.9364375461936438,0.69,High,2
0.0,0.42105263157894735,0.359,0.40800000000000014,0.14285714285714285,0.21052631578947367,0.8275862068965517,0.4444444444444444,0.4486326681448633,0.345,Low,0
0.19999999999999996,0.7894736842105263,0.912,0.8480000000000001,0.5714285714285714,0.0,0.3448275862068966,0.5555555555555556,0.6799704360679972,0.14,Medium,1
0.3333333333333335,0.8421052631578947,0.29100000000000004,0.558,0.2857142857142857,0.0,0.48275862068965514,1.0,0.2631189948263119,0.03,Medium,1
0.6666666666666667,0.05263157894736842,0.256,0.3640000000000001,0.2857142857142857,0.15789473684210525,0.9310344827586207,0.2222222222222222,0.3104212860310422,0.68,Medium,1
0.9333333333333333,0.5789473684210527,0.5119999999999999,0.13800000000000012,0.14285714285714285,0.9473684210526315,0.7931034482758621,0.0,0.5535846267553586,0.825,Medium,1
0.6000000000000001,0.3157894736842105,0.5220000000000001,0.8859999999999999,0.7142857142857142,0.8421052631578947,0.034482758620689655,0.5555555555555556,0.6437546193643755,0.285,Medium,1
0.0,0.8421052631578947,0.366,0.998,0.5714285714285714,1.0,1.0,0.4444444444444444,0.28898743532889876,0.685,Medium,1
0.26666666666666683,0.3684210526315789,0.06799999999999995,0.08000000000000007,1.0,0.21052631578947367,0.41379310344827586,0.0,0.04951958610495194,0.045,Low,0
0.3333333333333335,0.8421052631578947,0.8460000000000002,0.030000000000000027,0.7142857142857142,0.3157894736842105,0.24137931034482757,0.5555555555555556,0.8255728011825574,0.12,High,2
0.19999999999999996,1.0,0.5830000000000001,0.9460000000000002,0.7142857142857142,0.10526315789473684,0.8620689655172413,1.0,0.4774575018477459,0.585,Medium,1
0.06666666666666665,1.0,0.524,0.518,0.8571428571428571,0.8421052631578947,0.5172413793103449,0.1111111111111111,0.5018477457501849,0.5,Medium,1
0.6666666666666667,0.7894736842105263,0.05999999999999994,0.556,0.8571428571428571,0.631578947368421,0.06896551724137931,0.4444444444444444,0.2963784183296379,0.38,Medium,1
0.26666666666666683,0.42105263157894735,0.384,0.552,0.2857142857142857,0.5789473684210527,0.9655172413793103,0.4444444444444444,0.27346637102734667,0.65,Medium,1
0.5333333333333334,1.0,0.28600000000000003,0.3720000000000001,0.2857142857142857,0.2631578947368421,0.8620689655172413,0.2222222222222222,0.2276422764227642,0.02,Low,0
0.8666666666666669,0.7368421052631579,0.5529999999999999,0.04399999999999993,0.7142857142857142,0.15789473684210525,0.48275862068965514,0.8888888888888888,0.42498152254249827,0.025,High,2
0.6666666666666667,0.21052631578947367,0.6390000000000001,0.41999999999999993,1.0,0.5263157894736842,0.13793103448275862,0.2222222222222222,0.5934959349593498,0.81,Medium,1
0.7333333333333332,0.10526315789473684,0.6940000000000001,0.18599999999999994,0.2857142857142857,0.6842105263157894,0.7586206896551724,0.7777777777777777,0.7324464153732446,0.97,High,2
1.0000000000000002,0.631578947368421,0.09299999999999997,0.5780000000000001,0.8571428571428571,0.10526315789473684,0.06896551724137931,0.5555555555555556,0.07834441980783441,0.695,Low,0
0.6666666666666667,0.05263157894736842,0.28500000000000003,0.494,0.2857142857142857,0.7894736842105263,0.896551724137931,0.1111111111111111,0.43828529194382865,0.48,Medium,1
0.06666666666666665,0.894736842105263,0.07599999999999996,0.3560000000000001,0.42857142857142855,0.894736842105263,0.3793103448275862,0.0,0.28455284552845533,0.755,Medium,1
0.06666666666666665,0.21052631578947367,0.9480000000000001,0.778,0.7142857142857142,0.6842105263157894,0.48275862068965514,0.1111111111111111,0.7376201034737622,0.895,Medium,1
0.40000000000000013,0.47368421052631576,0.07300000000000006,0.3500000000000001,0.42857142857142855,0.21052631578947367,0.5517241379310345,0.3333333333333333,0.28750923872875095,0.64,Low,0
0.6666666666666667,0.7368421052631579,0.45500000000000007,0.9280000000000002,0.42857142857142855,0.15789473684210525,0.8275862068965517,0.6666666666666666,0.4789356984478936,0.49,Low,0
0.1333333333333333,0.5263157894736842,0.494,0.040000000000000036,0.5714285714285714,0.631578947368421,0.48275862068965514,0.8888888888888888,0.5942350332594237,0.505,Medium,1
0.0,0.7368421052631579,0.272,0.07799999999999996,0.5714285714285714,0.6842105263157894,0.896551724137931,0.5555555555555556,0.3104212860310422,0.8,Medium,1
0.1333333333333333,0.47368421052631576,0.584,0.9140000000000001,0.42857142857142855,0.3157894736842105,0.48275862068965514,0.0,0.5513673318551369,0.15,Medium,1
0.4666666666666668,0.5789473684210527,0.11299999999999999,0.23399999999999999,0.7142857142857142,0.0,0.6896551724137931,0.3333333333333333,0.33702882483370294,0.915,Low,0
0.1333333333333333,0.5789473684210527,0.707,0.972,0.14285714285714285,0.7368421052631579,0.3103448275862069,0.2222222222222222,0.6999260901699926,0.855,Medium,1
0.8666666666666669,0.894736842105263,0.534,0.75,0.14285714285714285,0.3157894736842105,0.06896551724137931,0.2222222222222222,0.533628972653363,0.505,Low,0
0.9333333333333333,0.3157894736842105,0.21299999999999997,0.716,0.8571428571428571,0.631578947368421,0.13793103448275862,0.5555555555555556,0.3170731707317073,0.47,Medium,1
0.6000000000000001,0.42105263157894735,0.15000000000000002,0.134,0.42857142857142855,0.3684210526315789,0.1724137931034483,0.2222222222222222,0.1589061345158907,0.13,Medium,1
0.1333333333333333,0.3157894736842105,0.04500000000000004,0.34399999999999986,0.8571428571428571,0.21052631578947367,0.0,0.5555555555555556,0.05395417590539542,0.27,Low,0
0.6000000000000001,0.47368421052631576,0.243,0.09199999999999997,1.0,0.9473684210526315,0.5517241379310345,0.7777777777777777,0.39024390243902446,0.25,High,2
0.0,0.3157894736842105,0.8970000000000001,0.46199999999999997,0.42857142857142855,0.894736842105263,0.5172413793103449,0.4444444444444444,0.7967479674796749,0.28,High,2
1.0000000000000002,0.7894736842105263,0.061000000000000054,0.522,0.8571428571428571,0.5789473684210527,0.7586206896551724,1.0,0.19807834441980782,0.685,Medium,1
0.19999999999999996,0.3157894736842105,0.6429999999999999,0.45799999999999996,1.0,0.2631578947368421,0.7586206896551724,0.2222222222222222,0.49076127124907615,0.645,Medium,1
0.9333333333333333,0.8421052631578947,0.8930000000000001,0.05600000000000005,0.0,0.21052631578947367,0.5862068965517241,0.7777777777777777,0.9297856614929787,0.745,Medium,1
0.4666666666666668,0.21052631578947367,0.4890000000000001,0.534,0.7142857142857142,0.3684210526315789,0.034482758620689655,0.7777777777777777,0.5927568366592759,0.3,Medium,1
0.1333333333333333,0.42105263157894735,0.9500000000000001,0.31999999999999984,0.2857142857142857,0.3157894736842105,1.0,0.4444444444444444,0.8965262379896528,0.535,Medium,1
0.5333333333333334,1.0,0.15100000000000002,0.04600000000000004,1.0,0.8421052631578947,0.1724137931034483,0.6666666666666666,0.2912047302291206,0.505,Medium,1
0.6666666666666667,0.47368421052631576,0.902,0.6100000000000001,0.8571428571428571,0.3684210526315789,0.7586206896551724,0.2222222222222222,0.9246119733924612,0.0,Medium,1
0.9333333333333333,0.5789473684210527,0.8080000000000002,0.6699999999999999,0.14285714285714285,0.10526315789473684,0.034482758620689655,0.1111111111111111,0.7309682187730968,0.67,Medium,1
0.19999999999999996,1.0,0.701,0.732,0.2857142857142857,0.15789473684210525,0.10344827586206896,0.5555555555555556,0.5099778270509978,0.435,Medium,1
0.40000000000000013,0.3157894736842105,0.19900000000000007,0.764,0.0,0.15789473684210525,1.0,0.7777777777777777,0.4146341463414635,0.71,Low,0
0.3333333333333335,1.0,0.6449999999999999,0.554,0.5714285714285714,0.894736842105263,0.9310344827586207,0.0,0.7361419068736144,0.595,Medium,1
0.06666666666666665,0.0,0.31799999999999995,0.18200000000000005,1.0,0.894736842105263,0.034482758620689655,0.8888888888888888,0.4944567627494458,0.285,High,2
0.26666666666666683,0.21052631578947367,0.9900000000000001,0.6839999999999999,0.8571428571428571,0.7894736842105263,0.06896551724137931,0.1111111111111111,0.917960088691796,0.905,High,2
1.0000000000000002,0.10526315789473684,0.124,0.75,0.0,0.3157894736842105,0.1724137931034483,0.1111111111111111,0.17368810051736877,0.06,Low,0
0.6000000000000001,0.0,0.842,0.7300000000000002,0.5714285714285714,0.0,0.3103448275862069,0.3333333333333333,0.8787878787878791,0.845,Medium,1
0.19999999999999996,0.631578947368421,0.08099999999999996,0.19399999999999995,0.14285714285714285,0.3157894736842105,0.3448275862068966,0.2222222222222222,0.10569105691056907,0.8,Low,0
1.0000000000000002,0.631578947368421,0.4029999999999999,0.7380000000000002,0.5714285714285714,0.6842105263157894,0.24137931034482757,0.1111111111111111,0.40502586844050265,0.69,Low,0
0.06666666666666665,0.7368421052631579,0.16600000000000004,0.71,1.0,0.2631578947368421,0.48275862068965514,0.8888888888888888,0.3155949741315596,0.32,Low,0
0.40000000000000013,0.47368421052631576,0.29400000000000004,0.952,0.42857142857142855,0.2631578947368421,0.10344827586206896,0.8888888888888888,0.4434589800443461,0.95,Low,0
0.6666666666666667,0.5789473684210527,0.030999999999999972,0.44000000000000017,0.5714285714285714,0.7368421052631579,0.10344827586206896,0.5555555555555556,0.1426459719142646,0.355,Medium,1
0.40000000000000013,0.3684210526315789,0.23099999999999998,0.952,0.8571428571428571,0.3684210526315789,0.3793103448275862,0.0,0.3584626755358464,0.27,Medium,1
0.40000000000000013,0.0,0.9890000000000002,0.758,0.0,0.0,0.0,0.8888888888888888,0.9623059866962307,0.135,Medium,1
0.8,0.6842105263157894,0.672,0.1279999999999999,0.42857142857142855,0.3684210526315789,0.1724137931034483,0.3333333333333333,0.7420546932742056,0.17,Medium,1
0.7333333333333332,0.894736842105263,0.6509999999999999,0.718,0.42857142857142855,0.7894736842105263,0.41379310344827586,0.4444444444444444,0.6962305986696231,0.505,High,2
0.6000000000000001,0.3684210526315789,0.9970000000000002,0.8379999999999999,0.2857142857142857,0.3157894736842105,0.6206896551724138,1.0,0.7982261640798229,0.68,Medium,1
0.3333333333333335,0.9473684210526315,0.17100000000000004,0.5860000000000001,1.0,0.8421052631578947,0.3103448275862069,0.2222222222222222,0.1426459719142646,0.225,Medium,1
0.6000000000000001,1.0,0.8119999999999999,0.15399999999999991,0.7142857142857142,0.15789473684210525,0.3793103448275862,0.4444444444444444,0.6821877309682187,0.8,Medium,1
0.0,0.3157894736842105,0.842,0.14200000000000002,0.0,0.2631578947368421,0.27586206896551724,0.2222222222222222,0.5018477457501849,0.385,High,2
0.1333333333333333,0.5789473684210527,0.47,0.23199999999999998,0.14285714285714285,0.42105263157894735,0.5517241379310345,0.4444444444444444,0.45676274944567635,0.275,Medium,1
0.6666666666666667,0.8421052631578947,0.608,0.5940000000000001,1.0,0.7894736842105263,0.13793103448275862,0.7777777777777777,0.6156688839615669,0.415,High,2
0.1333333333333333,0.2631578947368421,0.18099999999999994,0.52,0.14285714285714285,0.42105263157894735,0.48275862068965514,0.7777777777777777,0.4087213599408723,0.21,Low,0
0.40000000000000013,0.6842105263157894,0.8869999999999999,0.5800000000000001,0.2857142857142857,0.42105263157894735,0.4482758620689655,0.3333333333333333,0.9098300073909831,0.015,Medium,1
0.06666666666666665,0.21052631578947367,0.041000000000000036,0.558,0.7142857142857142,0.5263157894736842,0.9655172413793103,0.2222222222222222,0.11234294161123431,0.205,Low,0
1.0000000000000002,0.21052631578947367,0.41000000000000003,0.21599999999999997,0.42857142857142855,0.9473684210526315,0.3448275862068966,0.5555555555555556,0.49002217294900235,0.53,Medium,1
0.1333333333333333,1.0,0.46199999999999997,0.546,0.8571428571428571,0.10526315789473684,0.06896551724137931,0.7777777777777777,0.5742793791574281,0.92,Medium,1
0.40000000000000013,0.5789473684210527,0.9460000000000001,0.5780000000000001,0.8571428571428571,0.10526315789473684,0.6206896551724138,0.3333333333333333,0.6881005173688102,0.135,Medium,1
0.06666666666666665,0.47368421052631576,0.5619999999999999,0.5680000000000001,0.5714285714285714,0.05263157894736842,0.7241379310344828,0.7777777777777777,0.5631929046563193,0.215,Low,0
0.40000000000000013,0.7368421052631579,0.6010000000000001,0.524,0.42857142857142855,0.5263157894736842,0.8620689655172413,0.2222222222222222,0.6962305986696231,0.305,Medium,1
0.1333333333333333,0.9473684210526315,0.7080000000000001,0.476,0.2857142857142857,0.9473684210526315,0.5172413793103449,0.8888888888888888,0.5188470066518849,0.99,High,2
0.3333333333333335,0.9473684210526315,0.44399999999999995,0.8539999999999999,0.7142857142857142,0.2631578947368421,0.7931034482758621,0.2222222222222222,0.3274205469327422,0.635,Low,0
0.6000000000000001,0.3684210526315789,0.6890000000000002,0.998,0.2857142857142857,0.7368421052631579,0.6551724137931034,0.8888888888888888,0.5358462675535849,0.11,Medium,1
0.19999999999999996,0.2631578947368421,0.18700000000000006,0.28800000000000003,0.42857142857142855,0.47368421052631576,0.3448275862068966,0.8888888888888888,0.3983739837398374,0.12,Medium,1
0.3333333333333335,0.15789473684210525,0.05300000000000005,0.246,0.2857142857142857,0.5789473684210527,0.41379310344827586,0.0,0.05764966740576499,0.585,Low,0
0.5333333333333334,0.0,0.4029999999999999,0.3640000000000001,0.42857142857142855,0.0,0.48275862068965514,0.5555555555555556,0.33702882483370294,0.88,Low,0
0.19999999999999996,0.05263157894736842,0.395,0.8420000000000003,0.0,0.15789473684210525,0.06896551724137931,0.5555555555555556,0.2985957132298596,0.305,Low,0
0.6000000000000001,0.3684210526315789,0.5119999999999999,0.244,0.2857142857142857,0.631578947368421,0.24137931034482757,0.8888888888888888,0.44271988174427207,0.245,High,2
0.6666666666666667,0.894736842105263,0.16700000000000004,0.22199999999999998,1.0,1.0,0.5517241379310345,0.6666666666666666,0.15447154471544716,0.61,High,2
0.5333333333333334,0.3157894736842105,0.34299999999999997,0.6699999999999999,1.0,0.2631578947368421,0.6896551724137931,0.5555555555555556,0.31929046563192903,0.29,Low,0
1.0000000000000002,0.6842105263157894,0.11699999999999999,0.536,0.8571428571428571,0.3684210526315789,0.48275862068965514,0.4444444444444444,0.3141167775314118,0.495,Low,0
0.19999999999999996,0.15789473684210525,0.8290000000000001,0.506,0.14285714285714285,0.10526315789473684,0.20689655172413793,0.8888888888888888,0.614929785661493,0.79,Medium,1
0.6000000000000001,0.15789473684210525,0.133,0.6300000000000001,0.8571428571428571,0.3157894736842105,0.7586206896551724,0.4444444444444444,0.3584626755358464,0.225,Low,0
0.1333333333333333,0.631578947368421,0.594,0.6619999999999999,0.7142857142857142,0.0,0.8620689655172413,1.0,0.70509977827051,0.56,Medium,1
0.4666666666666668,0.0,0.658,0.6560000000000001,0.42857142857142855,0.8421052631578947,0.20689655172413793,0.8888888888888888,0.6548410938654843,0.695,High,2
0.8,0.7894736842105263,0.779,0.8420000000000003,0.0,0.05263157894736842,0.7586206896551724,0.4444444444444444,0.6430155210643016,0.71,Medium,1
0.9333333333333333,0.42105263157894735,0.8990000000000001,0.3740000000000001,0.42857142857142855,0.05263157894736842,0.3448275862068966,0.0,0.8011825572801183,0.85,Medium,1
0.06666666666666665,0.47368421052631576,0.33499999999999996,0.3800000000000001,0.42857142857142855,0.631578947368421,0.0,0.2222222222222222,0.5240206947524022,0.64,Medium,1
0.4666666666666668,0.42105263157894735,0.2280000000000001,0.8160000000000001,0.14285714285714285,0.05263157894736842,0.3103448275862069,0.3333333333333333,0.3458980044345899,0.195,Low,0
0.1333333333333333,0.7894736842105263,0.249,0.4800000000000002,0.8571428571428571,0.05263157894736842,0.20689655172413793,0.2222222222222222,0.3288987435328899,0.775,Low,0
0.19999999999999996,0.5789473684210527,0.15400000000000003,0.708,0.14285714285714285,0.9473684210526315,0.3448275862068966,0.8888888888888888,0.12269031781226908,0.655,Medium,1
0.06666666666666665,0.47368421052631576,0.392,0.6880000000000002,0.7142857142857142,0.7368421052631579,0.3103448275862069,0.5555555555555556,0.4789356984478936,0.435,High,2
0.26666666666666683,0.42105263157894735,0.737,0.764,0.8571428571428571,0.47368421052631576,0.7931034482758621,0.1111111111111111,0.590539541759054,0.09,Medium,1
1.0000000000000002,0.47368421052631576,0.626,0.762,0.5714285714285714,0.0,0.9310344827586207,0.5555555555555556,0.6999260901699926,0.635,Low,0
0.4666666666666668,0.894736842105263,0.801,0.4970000000000001,0.2857142857142857,0.3157894736842105,0.4482758620689655,0.5555555555555556,0.592017738359202,0.535,Medium,1
0.9333333333333333,0.7368421052631579,0.904,0.31199999999999983,0.7142857142857142,0.6842105263157894,0.5172413793103449,0.8888888888888888,0.7553584626755359,0.74,High,2
0.26666666666666683,0.6842105263157894,0.7380000000000001,0.708,0.8571428571428571,0.05263157894736842,0.7931034482758621,0.8888888888888888,0.6829268292682926,0.315,Medium,1
0.5333333333333334,0.8421052631578947,0.8390000000000001,0.3320000000000001,0.0,0.6842105263157894,0.3793103448275862,0.2222222222222222,0.7169253510716926,0.7,Medium,1
0.3333333333333335,0.6842105263157894,0.3330000000000001,0.3839999999999999,0.8571428571428571,0.3157894736842105,0.7241379310344828,0.0,0.40798226164079837,0.79,Low,0
0.19999999999999996,0.894736842105263,0.20599999999999996,0.3599999999999999,0.8571428571428571,0.7894736842105263,0.034482758620689655,0.5555555555555556,0.1603843311160384,0.06,Medium,1
0.6666666666666667,0.5789473684210527,0.057999999999999996,0.09600000000000009,0.42857142857142855,0.42105263157894735,0.3793103448275862,0.0,0.1419068736141907,0.245,Low,0
0.0,0.21052631578947367,0.9520000000000001,0.16400000000000003,0.5714285714285714,0.6842105263157894,0.6551724137931034,0.4444444444444444,0.9379157427937916,0.01,High,2
0.9333333333333333,0.631578947368421,0.4039999999999999,0.3380000000000001,0.8571428571428571,0.47368421052631576,0.3793103448275862,0.6666666666666666,0.3858093126385809,0.175,Medium,1
0.40000000000000013,0.5789473684210527,0.23399999999999999,0.4970000000000001,0.5714285714285714,0.7894736842105263,0.48275862068965514,0.5555555555555556,0.18847006651884707,0.21,Medium,1
1.0000000000000002,0.3684210526315789,0.264,0.39800000000000013,0.8571428571428571,0.631578947368421,0.48275862068965514,0.4444444444444444,0.2934220251293422,0.36,Medium,1
0.7333333333333332,1.0,0.4960000000000001,0.8239999999999998,1.0,0.6842105263157894,0.10344827586206896,0.8888888888888888,0.4826311899482632,0.08,High,2
1.0000000000000002,0.0,0.969,0.05800000000000005,0.7142857142857142,0.9473684210526315,0.10344827586206896,0.7777777777777777,0.73909830007391,0.835,High,2
0.6666666666666667,0.7368421052631579,0.4960000000000001,0.6560000000000001,0.0,0.8421052631578947,0.10344827586206896,0.3333333333333333,0.5018477457501849,0.925,Medium,1
0.6666666666666667,0.42105263157894735,0.3530000000000001,0.278,0.2857142857142857,0.3157894736842105,0.24137931034482757,0.8888888888888888,0.3628972653362897,0.78,Medium,1
0.8666666666666669,0.47368421052631576,0.5199999999999999,0.051999999999999935,0.8571428571428571,0.42105263157894735,0.06896551724137931,0.4444444444444444,0.4648928307464894,0.405,Medium,1
0.8666666666666669,0.21052631578947367,0.695,0.45199999999999996,0.42857142857142855,0.9473684210526315,0.24137931034482757,0.4444444444444444,0.5018477457501849,0.645,Medium,1
0.6000000000000001,0.47368421052631576,0.41800000000000004,0.132,0.7142857142857142,0.0,0.27586206896551724,1.0,0.3311160384331116,0.52,Medium,1
0.9333333333333333,0.894736842105263,0.549,0.6480000000000001,0.8571428571428571,0.3684210526315789,0.3448275862068966,0.0,0.5306725794530673,0.71,Medium,1
0.3333333333333335,0.21052631578947367,0.7599999999999999,0.6720000000000002,0.42857142857142855,0.05263157894736842,0.3448275862068966,0.6666666666666666,0.7280118255728014,0.59,Medium,1
0.8666666666666669,0.05263157894736842,0.274,0.39800000000000013,0.42857142857142855,0.6842105263157894,0.41379310344827586,0.8888888888888888,0.3133776792313378,0.4,High,2
0.3333333333333335,0.47368421052631576,0.8460000000000002,0.702,0.8571428571428571,0.894736842105263,0.5862068965517241,0.3333333333333333,0.878048780487805,0.285,High,2
0.0,0.7894736842105263,0.7660000000000001,0.4880000000000002,0.7142857142857142,0.5789473684210527,0.24137931034482757,0.3333333333333333,0.5787139689578715,0.505,High,2
0.6666666666666667,0.5263157894736842,0.40900000000000003,0.32799999999999985,0.2857142857142857,0.6842105263157894,0.1724137931034483,1.0,0.4138950480413896,0.445,Medium,1
0.4666666666666668,0.5789473684210527,0.29400000000000004,0.744,0.2857142857142857,0.0,0.27586206896551724,0.0,0.2283813747228382,0.16,Low,0
0.0,0.21052631578947367,0.04400000000000004,0.6060000000000001,0.2857142857142857,0.7894736842105263,0.41379310344827586,0.6666666666666666,0.3000739098300074,0.465,Medium,1
1.0000000000000002,0.9473684210526315,0.4980000000000001,0.0119999999999999,0.42857142857142855,0.5789473684210527,0.896551724137931,0.0,0.6282335550628235,0.305,Medium,1
0.7333333333333332,0.47368421052631576,0.5119999999999999,0.13000000000000012,0.14285714285714285,0.631578947368421,0.10344827586206896,0.4444444444444444,0.37398373983739835,0.65,Medium,1
0.06666666666666665,0.9473684210526315,0.23099999999999998,0.22199999999999998,0.0,0.15789473684210525,0.6206896551724138,0.2222222222222222,0.3148558758314857,0.295,Low,0
0.3333333333333335,0.21052631578947367,0.9700000000000001,0.8379999999999999,0.5714285714285714,0.7368421052631579,0.6551724137931034,0.8888888888888888,0.8558758314855877,0.98,High,2
0.19999999999999996,0.5263157894736842,0.09999999999999998,0.53,0.8571428571428571,0.7894736842105263,0.7931034482758621,1.0,0.09386548410938655,0.0,Medium,1
0.26666666666666683,0.05263157894736842,0.28600000000000003,0.8160000000000001,0.5714285714285714,0.21052631578947367,0.7241379310344828,0.2222222222222222,0.33924611973392477,0.405,Low,0
0.06666666666666665,0.3157894736842105,0.049000000000000044,0.42799999999999994,0.8571428571428571,0.2631578947368421,0.034482758620689655,0.8888888888888888,0.05986696230598665,0.27,Low,0
0.8666666666666669,0.894736842105263,0.9980000000000001,0.21399999999999997,0.7142857142857142,0.21052631578947367,0.5172413793103449,0.3333333333333333,0.7487065779748707,0.51,Medium,1
0.0,0.2631578947368421,0.247,0.3720000000000001,0.5714285714285714,0.8421052631578947,0.7931034482758621,0.3333333333333333,0.4611973392461198,0.77,Medium,1
0.1333333333333333,0.15789473684210525,0.547,0.242,1.0,0.21052631578947367,0.8620689655172413,0.4444444444444444,0.6504065040650406,0.45,Medium,1
0.5333333333333334,0.47368421052631576,0.478,0.9480000000000002,0.5714285714285714,0.15789473684210525,0.6896551724137931,0.5555555555555556,0.5957132298595713,0.085,Low,0
0.06666666666666665,0.894736842105263,0.4800000000000001,0.06600000000000006,0.5714285714285714,0.6842105263157894,0.48275862068965514,0.2222222222222222,0.5602365114560237,0.45,Medium,1
0.3333333333333335,1.0,0.693,0.29800000000000004,0.0,0.631578947368421,0.20689655172413793,0.0,0.6496674057649667,0.09,Medium,1
0.0,0.47368421052631576,0.118,0.952,0.5714285714285714,1.0,0.13793103448275862,0.8888888888888888,0.33702882483370294,0.6,Medium,1
1.0000000000000002,0.2631578947368421,0.9269999999999999,0.33599999999999985,1.0,0.5263157894736842,0.27586206896551724,0.1111111111111111,0.7782705099778271,0.38,High,2
0.8,0.7368421052631579,0.501,0.14200000000000002,0.0,0.15789473684210525,0.6551724137931034,0.5555555555555556,0.49223946784922396,0.22,Low,0
0.19999999999999996,0.0,0.45399999999999996,0.6220000000000001,0.42857142857142855,0.05263157894736842,0.8275862068965517,0.2222222222222222,0.5291943828529195,0.855,Low,0
1.0000000000000002,0.5789473684210527,0.9920000000000001,0.04800000000000004,0.42857142857142855,0.5789473684210527,0.7586206896551724,0.5555555555555556,0.8314855875831488,0.6,High,2
0.7333333333333332,0.0,0.13,0.0020000000000000018,0.8571428571428571,0.5789473684210527,0.034482758620689655,0.0,0.30376940133037705,0.54,Low,0
0.4666666666666668,0.15789473684210525,0.8630000000000001,0.6359999999999999,0.0,0.10526315789473684,0.7931034482758621,1.0,0.6223207686622323,0.52,Medium,1
0.40000000000000013,0.21052631578947367,0.7080000000000001,0.734,0.8571428571428571,0.47368421052631576,0.7586206896551724,0.7777777777777777,0.6718403547671841,0.63,High,2
0.0,0.5263157894736842,0.31100000000000005,0.08800000000000008,0.14285714285714285,0.3684210526315789,0.034482758620689655,0.7777777777777777,0.47154471544715454,0.58,Medium,1
0.26666666666666683,0.0,0.743,0.19000000000000006,0.5714285714285714,0.47368421052631576,0.7586206896551724,0.1111111111111111,0.7878787878787878,0.73,High,2
0.19999999999999996,0.21052631578947367,0.32400000000000007,0.126,1.0,0.10526315789473684,0.3103448275862069,0.6666666666666666,0.5144124168514412,0.65,Medium,1
0.9333333333333333,0.631578947368421,0.785,0.6480000000000001,1.0,0.2631578947368421,0.8275862068965517,0.2222222222222222,0.7575757575757578,0.705,Medium,1
0.8666666666666669,1.0,0.951,0.1439999999999999,0.14285714285714285,0.5263157894736842,0.896551724137931,0.0,0.830007390983001,0.86,High,2
0.19999999999999996,0.8421052631578947,0.013999999999999957,0.31999999999999984,0.5714285714285714,0.47368421052631576,0.3448275862068966,0.5555555555555556,0.0,0.18,Low,0
0.7333333333333332,0.2631578947368421,0.568,0.9140000000000001,0.5714285714285714,0.7368421052631579,0.6551724137931034,0.5555555555555556,0.5018477457501849,0.75,Medium,1
0.7333333333333332,0.47368421052631576,0.8270000000000001,0.050000000000000044,0.2857142857142857,0.15789473684210525,0.896551724137931,0.3333333333333333,0.7982261640798229,0.475,Medium,1
0.8,0.42105263157894735,0.6130000000000001,0.22199999999999998,0.14285714285714285,0.47368421052631576,0.896551724137931,0.8888888888888888,0.6740576496674058,0.85,Medium,1
0.6666666666666667,0.9473684210526315,0.9650000000000002,0.3939999999999999,0.14285714285714285,0.47368421052631576,0.3793103448275862,0.3333333333333333,0.8654841093865486,0.27,High,2
0.06666666666666665,0.0,0.133,0.6539999999999999,0.2857142857142857,0.47368421052631576,0.6206896551724138,0.2222222222222222,0.22246858832224697,0.125,Low,0
0.9333333333333333,0.6842105263157894,0.723,0.3779999999999999,0.14285714285714285,0.42105263157894735,0.7586206896551724,0.8888888888888888,0.696969696969697,0.18,Medium,1
0.26666666666666683,0.0,0.5670000000000001,0.06799999999999995,0.42857142857142855,0.5789473684210527,0.4482758620689655,0.6666666666666666,0.6770140428677014,0.815,Medium,1
0.26666666666666683,0.9473684210526315,0.41700000000000004,0.14200000000000002,1.0,0.631578947368421,0.48275862068965514,0.3333333333333333,0.518107908351811,0.605,Medium,1
0.19999999999999996,0.0,0.6829999999999999,0.556,0.5714285714285714,0.8421052631578947,0.6206896551724138,0.6666666666666666,0.6762749445676275,0.49,High,2
0.1333333333333333,0.7368421052631579,0.22499999999999998,0.6460000000000001,1.0,0.8421052631578947,0.3103448275862069,0.2222222222222222,0.5018477457501849,0.405,Low,0
0.7333333333333332,0.894736842105263,0.356,0.754,0.5714285714285714,0.5789473684210527,0.034482758620689655,0.0,0.3303769401330377,0.48,Low,0
0.9333333333333333,0.42105263157894735,0.5539999999999999,0.006000000000000005,0.42857142857142855,0.42105263157894735,0.48275862068965514,0.8888888888888888,0.6592756836659277,0.105,High,2
0.4666666666666668,0.47368421052631576,0.45500000000000007,0.118,0.14285714285714285,0.15789473684210525,0.0,0.5555555555555556,0.45971914264597197,0.76,Low,0
0.5333333333333334,1.0,0.6310000000000001,0.9140000000000001,0.14285714285714285,0.631578947368421,0.7241379310344828,0.8888888888888888,0.6156688839615669,0.375,Medium,1
0.40000000000000013,0.21052631578947367,0.28600000000000003,0.026000000000000023,0.14285714285714285,0.894736842105263,0.7241379310344828,1.0,0.3976348854397635,0.355,High,2
0.26666666666666683,1.0,0.397,0.8300000000000001,0.7142857142857142,0.7368421052631579,0.5862068965517241,0.3333333333333333,0.3599408721359942,0.43,Medium,1
0.26666666666666683,0.8421052631578947,0.51,0.43000000000000016,0.14285714285714285,0.47368421052631576,0.06896551724137931,1.0,0.3998521803399852,0.285,High,2
0.26666666666666683,0.05263157894736842,0.42699999999999994,0.248,0.42857142857142855,0.5789473684210527,0.20689655172413793,0.7777777777777777,0.30155210643015523,0.92,Medium,1
0.8666666666666669,1.0,0.7919999999999999,0.3919999999999999,0.8571428571428571,0.7894736842105263,0.20689655172413793,0.7777777777777777,0.7753141167775315,0.865,High,2
0.3333333333333335,1.0,0.65,0.548,0.5714285714285714,0.7368421052631579,0.5172413793103449,0.5555555555555556,0.6215816703621582,0.325,Medium,1
0.3333333333333335,0.42105263157894735,0.4960000000000001,0.29600000000000004,0.0,0.2631578947368421,1.0,0.1111111111111111,0.5861049519586106,0.105,Low,0
0.40000000000000013,1.0,0.7100000000000001,0.45399999999999996,1.0,0.8421052631578947,0.9310344827586207,0.0,0.7590539541759056,0.86,High,2
0.06666666666666665,0.6842105263157894,0.21900000000000008,0.05800000000000005,0.42857142857142855,0.7368421052631579,0.7931034482758621,0.3333333333333333,0.2475979305247598,0.45,Low,0
0.06666666666666665,0.6842105263157894,0.35,0.4970000000000001,0.5714285714285714,0.15789473684210525,0.10344827586206896,0.6666666666666666,0.4996304508499632,0.035,Medium,1
0.4666666666666668,0.0,0.9980000000000001,0.76,0.7142857142857142,0.21052631578947367,0.24137931034482757,1.0,0.9453067257945309,0.61,High,2
0.9333333333333333,0.3684210526315789,0.648,0.23399999999999999,0.0,0.3684210526315789,0.5172413793103449,0.1111111111111111,0.5395417590539542,1.0,Medium,1
0.40000000000000013,0.42105263157894735,0.02699999999999997,0.3859999999999999,1.0,0.15789473684210525,0.9310344827586207,0.2222222222222222,0.25424981522542506,0.3,Low,0
1.0000000000000002,0.47368421052631576,0.17199999999999993,0.11999999999999988,0.42857142857142855,0.47368421052631576,0.8275862068965517,0.5555555555555556,0.3303769401330377,0.675,Low,0
0.6000000000000001,0.5263157894736842,0.14900000000000002,0.7060000000000002,0.14285714285714285,0.7368421052631579,0.9310344827586207,1.0,0.11899482631189956,0.5,Low,0
0.7333333333333332,0.10526315789473684,0.9740000000000001,0.526,0.7142857142857142,0.0,0.5862068965517241,0.5555555555555556,0.796008869179601,0.455,Medium,1
0.4666666666666668,0.42105263157894735,0.6890000000000002,0.55,0.42857142857142855,1.0,0.6896551724137931,0.2222222222222222,0.5898004434589801,0.53,High,2
0.5333333333333334,0.21052631578947367,0.3370000000000001,0.6580000000000001,0.5714285714285714,0.42105263157894735,0.5172413793103449,1.0,0.4301552106430156,0.745,Medium,1
0.19999999999999996,0.894736842105263,0.395,0.14200000000000002,0.7142857142857142,0.5789473684210527,0.6206896551724138,0.5555555555555556,0.3288987435328899,0.02,High,2
0.0,0.42105263157894735,0.8910000000000001,0.4970000000000001,0.5714285714285714,0.9473684210526315,0.7931034482758621,0.2222222222222222,0.6474501108647452,0.83,High,2
0.06666666666666665,0.2631578947368421,0.975,0.798,0.42857142857142855,0.3684210526315789,0.24137931034482757,0.7777777777777777,0.9105691056910572,0.9,High,2
0.4666666666666668,0.3157894736842105,0.009000000000000008,0.32600000000000007,0.42857142857142855,0.21052631578947367,0.6896551724137931,0.1111111111111111,0.5018477457501849,0.29,Low,0
0.8,0.8421052631578947,0.8039999999999999,0.5940000000000001,0.42857142857142855,0.7894736842105263,0.9310344827586207,1.0,0.830007390983001,0.465,High,2
0.0,0.8421052631578947,0.4960000000000001,0.742,0.2857142857142857,1.0,0.5517241379310345,0.7777777777777777,0.5099778270509978,0.135,High,2
0.7333333333333332,0.9473684210526315,0.3490000000000001,0.804,0.42857142857142855,1.0,1.0,0.4444444444444444,0.40798226164079837,0.805,Low,0
0.8,0.7894736842105263,0.9720000000000001,0.3699999999999999,0.5714285714285714,0.42105263157894735,0.20689655172413793,0.4444444444444444,0.5018477457501849,0.705,High,2
0.5333333333333334,0.15789473684210525,0.4710000000000001,0.4960000000000002,0.2857142857142857,1.0,0.3103448275862069,0.7777777777777777,0.5388026607538803,0.495,High,2
0.8,0.7368421052631579,0.6550000000000001,0.776,0.8571428571428571,0.631578947368421,0.6551724137931034,0.3333333333333333,0.6467110125646713,0.035,Medium,1
0.06666666666666665,0.6842105263157894,0.5300000000000001,0.5900000000000001,0.5714285714285714,0.3684210526315789,0.3103448275862069,0.6666666666666666,0.582409460458241,0.335,Medium,1
0.4666666666666668,0.3157894736842105,0.47,0.8780000000000001,0.5714285714285714,0.3157894736842105,0.5517241379310345,0.2222222222222222,0.3680709534368071,0.865,Low,0
0.6666666666666667,1.0,0.495,0.4970000000000001,0.0,0.47368421052631576,0.5862068965517241,0.7777777777777777,0.3821138211382115,0.87,Medium,1
0.4666666666666668,0.6842105263157894,0.951,0.732,0.0,0.3684210526315789,0.8620689655172413,0.8888888888888888,0.9623059866962307,0.46,High,2
0.1333333333333333,0.3157894736842105,0.20499999999999996,0.7300000000000002,0.7142857142857142,0.21052631578947367,0.5862068965517241,0.8888888888888888,0.3769401330376941,0.545,Medium,1
0.8,0.9473684210526315,0.93,0.6500000000000001,0.5714285714285714,0.9473684210526315,0.8620689655172413,0.1111111111111111,0.8107908351810791,0.145,High,2
0.0,0.47368421052631576,0.584,0.3679999999999999,0.42857142857142855,0.5789473684210527,0.48275862068965514,0.8888888888888888,0.41906873614190704,0.225,High,2
0.06666666666666665,0.0,0.4960000000000001,0.4800000000000002,0.14285714285714285,0.47368421052631576,0.034482758620689655,0.6666666666666666,0.33628972653362904,0.095,Medium,1
0.0,0.0,0.30000000000000004,0.43200000000000016,0.7142857142857142,0.21052631578947367,0.0,0.4444444444444444,0.37028824833702895,0.41,Medium,1
0.0,0.5789473684210527,0.517,0.4970000000000001,0.2857142857142857,0.05263157894736842,0.5862068965517241,0.7777777777777777,0.5883222468588323,0.175,Medium,1
0.8666666666666669,0.631578947368421,0.926,0.8140000000000001,0.2857142857142857,0.7368421052631579,0.41379310344827586,0.2222222222222222,0.8824833702882484,0.615,Medium,1
0.5333333333333334,0.631578947368421,0.376,0.4039999999999999,0.42857142857142855,0.7368421052631579,0.6551724137931034,0.1111111111111111,0.4331116038433112,0.305,Medium,1
0.7333333333333332,0.3684210526315789,0.533,0.526,1.0,0.3684210526315789,0.3448275862068966,0.3333333333333333,0.6696230598669624,0.86,Medium,1
0.0,0.9473684210526315,0.632,0.742,0.42857142857142855,0.3157894736842105,0.10344827586206896,0.8888888888888888,0.47376201034737625,0.575,Medium,1
0.1333333333333333,0.42105263157894735,0.2230000000000001,0.11599999999999999,0.5714285714285714,0.8421052631578947,0.3793103448275862,0.2222222222222222,0.21951219512195125,0.985,Medium,1
0.0,0.0,0.15800000000000003,0.9780000000000002,0.5714285714285714,0.15789473684210525,0.06896551724137931,1.0,0.18403547671840353,0.215,Medium,1
0.7333333333333332,0.3157894736842105,0.8990000000000001,0.8640000000000001,0.42857142857142855,0.7894736842105263,0.24137931034482757,0.1111111111111111,0.8876570583887657,0.745,Medium,1
0.3333333333333335,0.6842105263157894,0.6970000000000002,0.42599999999999993,0.8571428571428571,0.6842105263157894,0.10344827586206896,0.3333333333333333,0.590539541759054,0.225,High,2
0.8,0.0,0.977,0.4099999999999999,0.8571428571428571,0.15789473684210525,0.6551724137931034,0.5555555555555556,0.7206208425720622,0.5,High,2
0.7333333333333332,0.894736842105263,0.33899999999999997,0.6900000000000002,0.0,0.7894736842105263,0.48275862068965514,0.3333333333333333,0.2609016999260902,0.505,Low,0
0.8666666666666669,1.0,0.259,0.3580000000000001,1.0,1.0,0.8620689655172413,0.7777777777777777,0.4286770140428678,0.975,High,2
0.06666666666666665,0.21052631578947367,0.6289999999999999,0.798,0.5714285714285714,0.631578947368421,0.6551724137931034,0.6666666666666666,0.7257945306725795,0.65,Medium,1
0.8,0.7368421052631579,0.259,0.15000000000000002,0.14285714285714285,0.47368421052631576,0.034482758620689655,0.0,0.37324464153732456,0.815,Low,0
0.7333333333333332,0.7368421052631579,0.55,0.11599999999999999,1.0,1.0,0.9655172413793103,0.2222222222222222,0.6245380635624538,0.22,High,2
1.0000000000000002,0.7894736842105263,0.884,0.15000000000000002,0.0,0.2631578947368421,0.06896551724137931,0.8888888888888888,0.9098300073909831,0.025,High,2
0.19999999999999996,0.05263157894736842,0.7300000000000001,0.4970000000000001,0.42857142857142855,0.3684210526315789,0.4482758620689655,1.0,0.6511456023651145,0.485,Medium,1
0.8,0.8421052631578947,0.89,0.966,0.8571428571428571,0.3157894736842105,0.6206896551724138,1.0,0.6703621581670363,0.015,High,2
0.40000000000000013,0.894736842105263,0.21100000000000008,0.6900000000000002,0.7142857142857142,0.10526315789473684,0.8620689655172413,0.2222222222222222,0.5018477457501849,0.3,Low,0
0.6666666666666667,0.3684210526315789,0.6980000000000001,0.9620000000000002,0.14285714285714285,0.2631578947368421,0.6551724137931034,0.6666666666666666,0.7649667405764968,0.795,Medium,1
0.06666666666666665,0.7368421052631579,0.4900000000000001,0.958,0.5714285714285714,0.8421052631578947,0.896551724137931,0.7777777777777777,0.5188470066518849,0.01,Medium,1
0.40000000000000013,0.15789473684210525,0.5960000000000001,0.4460000000000002,0.14285714285714285,0.47368421052631576,0.3793103448275862,0.7777777777777777,0.47376201034737625,0.385,Medium,1
0.26666666666666683,0.47368421052631576,0.03899999999999998,0.05999999999999994,0.5714285714285714,0.47368421052631576,0.6896551724137931,0.4444444444444444,0.06430155210643013,0.585,Medium,1
0.9333333333333333,0.47368421052631576,0.6210000000000001,0.734,0.8571428571428571,0.8421052631578947,0.9655172413793103,0.1111111111111111,0.607538802660754,0.6,High,2
0.8,0.21052631578947367,0.809,0.984,0.14285714285714285,1.0,0.0,0.0,0.7110125646711014,0.54,High,2
0.8,0.42105263157894735,0.751,0.1140000000000001,0.8571428571428571,0.9473684210526315,0.6896551724137931,0.5555555555555556,0.6481892091648189,0.875,High,2
0.6000000000000001,0.21052631578947367,0.5660000000000001,0.4460000000000002,0.42857142857142855,0.05263157894736842,0.10344827586206896,0.2222222222222222,0.6430155210643016,0.11,Medium,1
0.8666666666666669,0.42105263157894735,0.124,0.8579999999999999,0.0,0.05263157894736842,0.034482758620689655,0.1111111111111111,0.12490761271249079,0.8,Low,0
0.1333333333333333,0.3157894736842105,0.8570000000000001,0.8579999999999999,1.0,0.631578947368421,0.0,0.3333333333333333,0.8322246858832225,0.815,High,2
1.0000000000000002,0.21052631578947367,0.11699999999999999,0.28600000000000003,0.0,0.3157894736842105,0.896551724137931,0.5555555555555556,0.25498891352549896,0.49,Low,0
0.6666666666666667,0.2631578947368421,0.9250000000000002,0.6400000000000001,0.2857142857142857,1.0,0.10344827586206896,0.2222222222222222,0.804138950480414,0.13,Medium,1
0.3333333333333335,0.7894736842105263,0.5130000000000001,0.6400000000000001,0.42857142857142855,0.7368421052631579,0.896551724137931,0.3333333333333333,0.6541019955654104,0.39,Medium,1
0.8,0.7368421052631579,0.703,0.3880000000000001,0.5714285714285714,0.0,0.034482758620689655,0.4444444444444444,0.6282335550628235,0.31,Medium,1
0.4666666666666668,0.21052631578947367,0.31600000000000006,0.278,1.0,0.10526315789473684,0.6896551724137931,0.5555555555555556,0.47006651884700673,0.245,Medium,1
0.40000000000000013,0.5789473684210527,0.763,0.9059999999999999,0.42857142857142855,0.47368421052631576,0.034482758620689655,0.0,0.7597930524759795,0.505,Medium,1
0.3333333333333335,0.6842105263157894,0.492,0.76,0.5714285714285714,0.8421052631578947,0.7241379310344828,1.0,0.35107169253510734,0.75,Medium,1
0.4666666666666668,0.10526315789473684,0.376,0.508,0.5714285714285714,0.7368421052631579,0.41379310344827586,0.5555555555555556,0.5018477457501849,0.56,Medium,1
0.6000000000000001,0.7894736842105263,0.382,0.742,0.42857142857142855,0.3684210526315789,0.6206896551724138,0.1111111111111111,0.3961566888396158,0.63,Low,0
0.8,0.7368421052631579,0.263,0.32400000000000007,0.14285714285714285,0.5789473684210527,0.896551724137931,1.0,0.4478935698447894,0.86,Medium,1
0.5333333333333334,0.3684210526315789,0.57,0.16199999999999992,0.0,0.5789473684210527,0.06896551724137931,0.4444444444444444,0.5018477457501849,1.0,Medium,1
0.8666666666666669,0.05263157894736842,0.8610000000000001,0.254,0.8571428571428571,0.42105263157894735,0.6206896551724138,0.5555555555555556,0.7620103473762012,0.14,Medium,1
1.0000000000000002,0.0,0.44200000000000006,0.6279999999999999,0.5714285714285714,0.5789473684210527,0.6206896551724138,0.4444444444444444,0.44419807834442,0.69,Low,0
0.40000000000000013,0.3157894736842105,0.602,0.6500000000000001,0.14285714285714285,0.47368421052631576,0.9310344827586207,0.3333333333333333,0.6577974870657797,0.25,Low,0
0.1333333333333333,0.42105263157894735,0.42799999999999994,0.28800000000000003,1.0,0.3684210526315789,0.8275862068965517,0.6666666666666666,0.4996304508499632,0.48,Medium,1
0.6666666666666667,0.5263157894736842,0.29200000000000004,0.8820000000000001,0.5714285714285714,0.3157894736842105,0.10344827586206896,0.8888888888888888,0.39098300073909836,0.71,Medium,1
0.6000000000000001,0.5263157894736842,0.09100000000000003,0.736,0.7142857142857142,0.8421052631578947,0.7586206896551724,0.3333333333333333,0.17368810051736877,0.78,Low,0
0.8,0.42105263157894735,0.009999999999999953,0.8539999999999999,0.8571428571428571,0.8421052631578947,0.4482758620689655,0.5555555555555556,0.04804138950480413,0.785,Low,0
0.26666666666666683,1.0,0.4660000000000001,0.41400000000000015,0.0,0.15789473684210525,0.48275862068965514,1.0,0.5875831485587584,0.425,Medium,1
0.7333333333333332,0.0,0.127,0.506,1.0,0.3684210526315789,0.41379310344827586,0.3333333333333333,0.2645971914264597,0.235,Low,0
0.8,0.3157894736842105,0.3650000000000001,0.732,0.42857142857142855,0.9473684210526315,0.896551724137931,0.5555555555555556,0.45528455284552843,0.33,High,2
0.1333333333333333,0.10526315789473684,0.42500000000000004,0.5,0.5714285714285714,1.0,0.6896551724137931,0.7777777777777777,0.583148558758315,0.09,High,2
0.06666666666666665,0.5263157894736842,0.8890000000000001,0.027999999999999914,0.8571428571428571,0.5789473684210527,0.48275862068965514,0.2222222222222222,0.7989652623798966,0.7,High,2
0.9333333333333333,0.42105263157894735,0.961,0.9019999999999999,0.7142857142857142,0.5263157894736842,0.5172413793103449,0.3333333333333333,0.8447893569844791,0.12,Medium,1
0.7333333333333332,0.05263157894736842,0.8990000000000001,0.0020000000000000018,1.0,0.2631578947368421,0.9655172413793103,0.6666666666666666,0.7524020694752402,0.73,High,2
0.6000000000000001,0.0,0.519,0.35199999999999987,0.5714285714285714,0.05263157894736842,0.034482758620689655,0.8888888888888888,0.5861049519586106,0.68,Medium,1
0.3333333333333335,0.9473684210526315,0.523,0.272,0.8571428571428571,0.9473684210526315,0.6206896551724138,0.8888888888888888,0.38950480413895056,0.125,High,2
1.0000000000000002,0.05263157894736842,0.7160000000000001,0.552,0.14285714285714285,0.6842105263157894,0.4482758620689655,0.0,0.6577974870657797,0.005,High,2
0.0,0.10526315789473684,0.765,0.44999999999999996,0.5714285714285714,0.9473684210526315,0.3103448275862069,1.0,0.844050258684405,0.41,High,2
1.0000000000000002,0.7368421052631579,0.6890000000000002,0.3679999999999999,0.42857142857142855,0.2631578947368421,0.5862068965517241,0.0,0.7657058388765707,0.055,Medium,1
0.6666666666666667,0.894736842105263,0.568,0.1439999999999999,0.2857142857142857,0.42105263157894735,0.8620689655172413,0.5555555555555556,0.48706577974870674,0.56,Medium,1
0.40000000000000013,0.9473684210526315,0.6470000000000001,0.974,0.7142857142857142,1.0,0.0,0.2222222222222222,0.52549889135255,0.88,High,2
0.6000000000000001,0.15789473684210525,0.387,0.5680000000000001,0.7142857142857142,0.3684210526315789,0.6896551724137931,1.0,0.5543237250554325,0.435,Medium,1
0.19999999999999996,1.0,0.508,0.8100000000000003,0.14285714285714285,0.3157894736842105,0.896551724137931,0.8888888888888888,0.50849963045085,0.365,Medium,1
0.1333333333333333,0.894736842105263,0.595,0.708,0.5714285714285714,0.7894736842105263,0.7586206896551724,0.0,0.5070214338507022,0.57,Medium,1
0.06666666666666665,0.05263157894736842,0.9900000000000001,0.3660000000000001,0.14285714285714285,0.42105263157894735,0.034482758620689655,0.8888888888888888,0.8226164079822618,0.735,High,2
0.3333333333333335,0.15789473684210525,0.265,0.4970000000000001,0.42857142857142855,0.05263157894736842,0.5862068965517241,1.0,0.22320768662232088,0.505,Medium,1
0.6666666666666667,0.10526315789473684,0.8290000000000001,0.798,0.7142857142857142,0.21052631578947367,0.1724137931034483,0.6666666666666666,0.6016260162601628,0.595,Medium,1
1.0000000000000002,0.894736842105263,0.6230000000000001,0.8820000000000001,0.7142857142857142,0.05263157894736842,0.1724137931034483,0.8888888888888888,0.5883222468588323,0.595,Low,0
0.4666666666666668,0.8421052631578947,0.43200000000000005,0.8760000000000001,0.14285714285714285,0.0,0.7241379310344828,0.8888888888888888,0.47376201034737625,0.41,Low,0
0.9333333333333333,0.894736842105263,0.267,0.482,1.0,0.21052631578947367,0.034482758620689655,0.8888888888888888,0.2963784183296379,0.035,Medium,1
0.06666666666666665,1.0,0.516,0.6180000000000001,0.2857142857142857,0.3157894736842105,0.10344827586206896,0.5555555555555556,0.5912786400591281,0.745,Medium,1
0.0,0.9473684210526315,0.123,0.20799999999999996,0.7142857142857142,0.10526315789473684,0.6551724137931034,0.1111111111111111,0.28972653362897277,0.09,Low,0
0.0,0.10526315789473684,0.648,0.702,0.42857142857142855,0.7368421052631579,0.5172413793103449,0.1111111111111111,0.6422764227642277,0.11,Medium,1
0.26666666666666683,0.0,0.41500000000000004,0.06999999999999995,0.14285714285714285,0.7368421052631579,0.6551724137931034,0.8888888888888888,0.5491500369549152,0.545,Medium,1
0.40000000000000013,0.7894736842105263,0.926,0.8660000000000001,0.8571428571428571,0.6842105263157894,0.13793103448275862,1.0,0.8795269770879528,0.735,High,2
0.8666666666666669,0.7894736842105263,0.5609999999999999,0.762,0.42857142857142855,0.15789473684210525,0.5862068965517241,0.1111111111111111,0.4641537324464155,0.895,Low,0
0.6666666666666667,0.5789473684210527,0.44600000000000006,0.040000000000000036,0.8571428571428571,0.8421052631578947,0.27586206896551724,0.0,0.5794530672579454,0.72,Medium,1
0.4666666666666668,0.8421052631578947,0.622,0.266,1.0,0.631578947368421,0.06896551724137931,0.5555555555555556,0.5284552845528456,0.225,Medium,1
0.8666666666666669,0.10526315789473684,0.5359999999999999,0.6439999999999999,0.5714285714285714,0.21052631578947367,0.9310344827586207,0.7777777777777777,0.599408721359941,0.145,Medium,1
0.0,0.47368421052631576,0.6449999999999999,0.54,0.5714285714285714,0.894736842105263,0.5172413793103449,0.3333333333333333,0.6903178122690319,0.095,High,2
0.40000000000000013,0.9473684210526315,0.874,0.6900000000000002,0.5714285714285714,0.7894736842105263,0.896551724137931,0.4444444444444444,0.6393200295639321,0.565,High,2
0.1333333333333333,0.3157894736842105,0.9970000000000002,0.9960000000000002,0.5714285714285714,0.9473684210526315,0.5862068965517241,0.6666666666666666,0.8847006651884701,0.09,High,2
0.3333333333333335,0.5263157894736842,0.483,0.9199999999999999,0.2857142857142857,0.894736842105263,0.06896551724137931,0.0,0.4508499630450851,0.835,Low,0
0.3333333333333335,0.05263157894736842,0.3490000000000001,0.9420000000000002,0.5714285714285714,0.0,0.7931034482758621,1.0,0.4678492239467849,0.82,Low,0
0.4666666666666668,0.0,0.5800000000000001,0.3820000000000001,0.8571428571428571,0.6842105263157894,0.5862068965517241,0.4444444444444444,0.4486326681448633,0.54,Medium,1
0.06666666666666665,0.10526315789473684,0.882,0.8600000000000001,0.5714285714285714,0.5789473684210527,0.6896551724137931,0.2222222222222222,0.8566149297856616,0.33,Medium,1
0.0,0.47368421052631576,0.377,0.19800000000000006,0.14285714285714285,0.9473684210526315,0.4482758620689655,0.2222222222222222,0.40724316334072447,0.32,High,2
0.26666666666666683,0.2631578947368421,0.844,0.016000000000000014,1.0,0.5263157894736842,1.0,0.6666666666666666,0.713968957871397,0.89,High,2
0.8,0.631578947368421,0.6189999999999999,0.778,0.8571428571428571,0.8421052631578947,0.13793103448275862,0.2222222222222222,0.5565410199556542,0.17,High,2
0.8666666666666669,0.3684210526315789,0.9210000000000002,0.782,0.2857142857142857,0.2631578947368421,0.7241379310344828,0.0,0.6784922394678494,0.635,Medium,1
0.9333333333333333,0.21052631578947367,0.533,0.274,0.0,0.0,0.8620689655172413,1.0,0.3835920177383593,0.785,Medium,1
0.26666666666666683,0.2631578947368421,0.16200000000000003,0.15600000000000003,0.42857142857142855,0.8421052631578947,0.27586206896551724,0.5555555555555556,0.14855875831485582,0.31,Medium,1
0.4666666666666668,0.631578947368421,0.6960000000000001,0.9339999999999999,0.14285714285714285,0.8421052631578947,0.06896551724137931,0.0,0.7708795269770881,0.01,Medium,1
0.06666666666666665,0.5789473684210527,0.7560000000000001,0.3340000000000001,0.2857142857142857,0.05263157894736842,0.4482758620689655,0.6666666666666666,0.8063562453806359,0.04,High,2
0.5333333333333334,1.0,0.41700000000000004,0.11599999999999999,1.0,0.894736842105263,0.13793103448275862,0.3333333333333333,0.4456762749445677,0.14,Medium,1
0.9333333333333333,0.7894736842105263,0.19000000000000006,0.030000000000000027,0.0,0.47368421052631576,0.3793103448275862,1.0,0.20029563932002964,0.54,Medium,1
0.6666666666666667,0.894736842105263,0.040000000000000036,0.5640000000000001,0.42857142857142855,0.7894736842105263,0.41379310344827586,0.6666666666666666,0.016260162601625994,0.39,Medium,1
0.3333333333333335,1.0,0.7699999999999999,0.08599999999999997,0.14285714285714285,0.7894736842105263,0.7931034482758621,0.5555555555555556,0.7472283813747229,0.555,Medium,1
0.6000000000000001,0.3684210526315789,0.5,0.9359999999999999,0.14285714285714285,0.6842105263157894,0.1724137931034483,0.3333333333333333,0.5018477457501849,0.085,Low,0
0.06666666666666665,0.8421052631578947,0.07300000000000006,0.6720000000000002,0.7142857142857142,0.3157894736842105,0.41379310344827586,0.4444444444444444,0.1093865484109387,0.965,Low,0
0.7333333333333332,0.05263157894736842,0.43499999999999994,0.8520000000000001,0.14285714285714285,0.5263157894736842,0.24137931034482757,0.0,0.5033259423503327,0.805,Low,0
0.4666666666666668,0.631578947368421,0.709,0.8480000000000001,0.0,0.9473684210526315,0.48275862068965514,0.7777777777777777,0.6444937176644494,0.005,High,2
1.0000000000000002,0.0,0.02699999999999997,0.09399999999999997,0.2857142857142857,0.05263157894736842,0.8275862068965517,0.3333333333333333,0.2113821138211383,0.78,Low,0
0.3333333333333335,0.2631578947368421,0.9380000000000001,0.5920000000000001,0.7142857142857142,1.0,0.6551724137931034,1.0,0.9186991869918701,0.505,High,2
0.8666666666666669,0.2631578947368421,0.20800000000000007,0.4970000000000001,0.42857142857142855,0.0,0.3448275862068966,0.0,0.2941611234294161,0.465,Low,0
0.3333333333333335,0.15789473684210525,0.09199999999999997,0.494,0.42857142857142855,0.5789473684210527,0.8275862068965517,0.8888888888888888,0.11603843311160383,0.34,Medium,1
0.06666666666666665,0.3684210526315789,0.33399999999999996,0.718,1.0,0.42105263157894735,0.27586206896551724,0.2222222222222222,0.38876570583887665,0.5,Medium,1
0.8666666666666669,0.47368421052631576,0.019000000000000017,0.9940000000000002,0.14285714285714285,0.7368421052631579,0.48275862068965514,0.3333333333333333,0.09756097560975613,0.7,Low,0
0.19999999999999996,0.631578947368421,0.8590000000000001,0.46599999999999997,1.0,0.0,0.41379310344827586,0.8888888888888888,0.6467110125646713,0.385,High,2
0.0,0.5263157894736842,0.17500000000000004,0.07799999999999996,1.0,0.8421052631578947,0.5172413793103449,0.0,0.18699186991869926,0.61,Medium,1
0.8666666666666669,0.3157894736842105,0.977,0.692,1.0,0.3157894736842105,0.48275862068965514,0.0,0.7893569844789359,0.375,Medium,1
0.1333333333333333,0.47368421052631576,0.7060000000000001,0.30000000000000004,1.0,0.6842105263157894,0.10344827586206896,0.1111111111111111,0.5683665927568369,0.74,Medium,1
0.5333333333333334,0.7368421052631579,0.4,0.45999999999999996,0.8571428571428571,0.9473684210526315,0.10344827586206896,0.7777777777777777,0.377679231337768,0.465,High,2
0.8,0.21052631578947367,0.8640000000000002,0.8559999999999999,0.0,0.894736842105263,0.10344827586206896,0.5555555555555556,0.6740576496674058,0.01,High,2
0.6666666666666667,0.2631578947368421,0.547,0.40600000000000014,0.8571428571428571,1.0,0.5517241379310345,0.7777777777777777,0.3991130820399113,0.81,High,2
0.3333333333333335,0.3157894736842105,0.122,0.04800000000000004,0.5714285714285714,0.10526315789473684,0.20689655172413793,0.3333333333333333,0.2099039172209905,0.79,Low,0
1.0000000000000002,0.5263157894736842,0.42300000000000004,0.33000000000000007,0.14285714285714285,0.42105263157894735,0.7241379310344828,0.8888888888888888,0.2971175166297118,0.245,Medium,1
0.0,0.3157894736842105,0.5830000000000001,0.7,0.5714285714285714,0.5263157894736842,0.6206896551724138,0.6666666666666666,0.46045824094604587,0.465,High,2
1.0000000000000002,0.5789473684210527,0.558,0.498,0.42857142857142855,0.05263157894736842,0.0,1.0,0.6910569105691058,0.735,Medium,1
0.8,0.8421052631578947,0.11199999999999999,0.32799999999999985,0.8571428571428571,0.2631578947368421,0.10344827586206896,0.1111111111111111,0.3104212860310422,0.225,Low,0
0.6666666666666667,0.42105263157894735,0.759,0.08000000000000007,0.2857142857142857,1.0,0.5862068965517241,0.7777777777777777,0.6659275683665928,0.88,High,2
0.4666666666666668,0.5263157894736842,0.29700000000000004,0.6800000000000002,0.7142857142857142,0.8421052631578947,0.10344827586206896,1.0,0.42054693274205485,0.49,High,2
0.8,0.2631578947368421,0.8630000000000001,0.06999999999999995,0.42857142857142855,0.2631578947368421,0.034482758620689655,0.8888888888888888,0.6607538802660755,0.47,High,2
0.9333333333333333,0.47368421052631576,0.2360000000000001,0.19800000000000006,0.8571428571428571,0.6842105263157894,0.3448275862068966,0.2222222222222222,0.2099039172209905,0.7,High,2
0.1333333333333333,0.6842105263157894,0.7340000000000001,0.9219999999999999,0.7142857142857142,0.631578947368421,0.48275862068965514,1.0,0.6104951958610496,0.435,High,2
0.06666666666666665,0.21052631578947367,0.9650000000000002,0.8719999999999999,0.5714285714285714,0.9473684210526315,0.7241379310344828,0.5555555555555556,0.855136733185514,0.41,High,2
0.9333333333333333,0.3157894736842105,0.04400000000000004,0.692,0.5714285714285714,0.3157894736842105,0.896551724137931,0.1111111111111111,0.04582409460458242,0.58,Low,0
0.06666666666666665,0.6842105263157894,0.8290000000000001,0.3880000000000001,0.5714285714285714,0.6842105263157894,0.7241379310344828,0.3333333333333333,0.788617886178862,0.93,Medium,1
0.6000000000000001,0.9473684210526315,0.19599999999999995,0.8859999999999999,0.14285714285714285,0.7368421052631579,0.3793103448275862,0.2222222222222222,0.28824833702882485,0.31,Low,0
0.5333333333333334,0.5263157894736842,0.398,0.008000000000000007,0.5714285714285714,0.0,0.9310344827586207,0.6666666666666666,0.3488543976348855,0.605,Medium,1
0.6000000000000001,0.2631578947368421,0.33899999999999997,0.31600000000000006,0.14285714285714285,0.10526315789473684,0.13793103448275862,0.4444444444444444,0.3584626755358464,0.385,Low,0
0.26666666666666683,0.5789473684210527,0.9349999999999999,0.4970000000000001,0.2857142857142857,0.42105263157894735,0.8275862068965517,0.2222222222222222,0.9704360679970438,0.22,Medium,1
0.5333333333333334,0.8421052631578947,0.28300000000000003,0.3720000000000001,1.0,0.10526315789473684,0.20689655172413793,0.4444444444444444,0.4486326681448633,0.26,Medium,1
0.4666666666666668,0.5263157894736842,0.11599999999999999,0.762,1.0,0.42105263157894735,0.9655172413793103,0.8888888888888888,0.17442719881744279,0.79,Medium,1
0.8,0.10526315789473684,0.33799999999999997,0.3900000000000001,1.0,0.5789473684210527,0.6551724137931034,0.1111111111111111,0.5262379896526239,0.64,Medium,1
0.26666666666666683,0.9473684210526315,0.987,0.43599999999999994,0.7142857142857142,1.0,0.06896551724137931,0.6666666666666666,0.7775314116777532,0.675,High,2
0.4666666666666668,0.5789473684210527,0.32699999999999996,0.95,0.42857142857142855,0.05263157894736842,0.41379310344827586,0.6666666666666666,0.48780487804878064,0.355,Low,0
0.6000000000000001,0.0,0.367,0.038000000000000034,1.0,0.8421052631578947,0.13793103448275862,0.5555555555555556,0.5299334811529934,0.27,High,2
0.0,0.5263157894736842,0.6349999999999999,0.09999999999999998,0.14285714285714285,0.3684210526315789,0.7586206896551724,0.6666666666666666,0.4804138950480415,0.01,High,2
0.1333333333333333,0.10526315789473684,0.51,0.4800000000000002,0.7142857142857142,0.15789473684210525,0.5172413793103449,0.4444444444444444,0.4471544715447155,0.37,Low,0
0.0,1.0,0.9369999999999999,0.42799999999999994,1.0,0.7368421052631579,0.1724137931034483,0.0,0.9334811529933482,0.435,High,2
0.9333333333333333,0.5263157894736842,0.6529999999999999,0.09800000000000009,0.7142857142857142,0.47368421052631576,0.9310344827586207,0.0,0.47006651884700673,0.315,Medium,1
0.4666666666666668,0.5789473684210527,0.016000000000000014,0.264,0.5714285714285714,0.42105263157894735,0.48275862068965514,0.2222222222222222,0.0931263858093126,0.8,Low,0
0.1333333333333333,0.8421052631578947,0.378,0.77,0.7142857142857142,0.0,0.896551724137931,0.6666666666666666,0.35698447893569846,0.52,Low,0
0.6666666666666667,0.0,0.5140000000000001,0.31999999999999984,0.5714285714285714,0.2631578947368421,0.7931034482758621,0.7777777777777777,0.599408721359941,0.935,Medium,1
0.3333333333333335,0.47368421052631576,0.8750000000000001,0.53,0.5714285714285714,0.5789473684210527,0.6206896551724138,0.5555555555555556,0.7354028085735405,0.84,High,2
0.5333333333333334,0.05263157894736842,0.127,0.6460000000000001,0.14285714285714285,0.6842105263157894,1.0,0.6666666666666666,0.17368810051736877,0.195,Low,0
0.3333333333333335,0.21052631578947367,0.03600000000000003,0.7460000000000002,0.14285714285714285,0.5789473684210527,0.1724137931034483,0.6666666666666666,0.09682187730968217,0.925,Low,0
0.0,0.21052631578947367,0.3530000000000001,0.31400000000000006,0.14285714285714285,0.7894736842105263,0.7241379310344828,0.3333333333333333,0.2823355506282335,0.4,Medium,1
0.06666666666666665,0.7894736842105263,0.32400000000000007,0.8180000000000001,0.2857142857142857,0.5263157894736842,0.896551724137931,0.5555555555555556,0.24094604582409468,0.28,Medium,1
0.8666666666666669,0.7368421052631579,0.7279999999999999,0.954,0.2857142857142857,0.894736842105263,0.8620689655172413,0.6666666666666666,0.7346637102734666,0.885,Medium,1
0.4666666666666668,0.05263157894736842,0.541,0.3619999999999999,0.7142857142857142,0.3684210526315789,0.5862068965517241,0.7777777777777777,0.45380635624538074,0.875,Medium,1
0.1333333333333333,0.631578947368421,0.0030000000000000027,0.20199999999999996,0.7142857142857142,0.3684210526315789,0.41379310344827586,0.0,0.2431633407243164,0.47,Low,0
0.6000000000000001,0.05263157894736842,0.30700000000000005,0.8300000000000001,0.2857142857142857,0.8421052631578947,0.20689655172413793,1.0,0.4974131559497414,0.02,Medium,1
0.1333333333333333,0.2631578947368421,0.499,0.6759999999999999,0.5714285714285714,0.47368421052631576,0.5172413793103449,0.3333333333333333,0.47302291204730235,0.505,Low,0
0.3333333333333335,0.5263157894736842,0.8930000000000001,0.04200000000000004,0.7142857142857142,0.05263157894736842,0.3103448275862069,0.6666666666666666,0.9327420546932743,0.15,Medium,1
0.9333333333333333,0.6842105263157894,0.263,0.4880000000000002,0.14285714285714285,0.7894736842105263,0.8275862068965517,0.6666666666666666,0.4301552106430156,0.465,Medium,1
0.3333333333333335,0.10526315789473684,0.034999999999999976,0.16600000000000004,0.14285714285714285,0.8421052631578947,0.7931034482758621,0.4444444444444444,0.2446415373244642,0.99,Medium,1
0.3333333333333335,0.42105263157894735,0.5990000000000001,0.982,0.5714285714285714,0.8421052631578947,0.13793103448275862,0.2222222222222222,0.72209903917221,0.605,Medium,1
0.7333333333333332,0.0,0.569,0.7220000000000002,0.0,0.631578947368421,0.3103448275862069,0.2222222222222222,0.5277161862527717,0.505,Medium,1
0.9333333333333333,0.21052631578947367,0.945,0.9280000000000002,0.42857142857142855,0.5789473684210527,0.0,0.4444444444444444,0.8011825572801183,0.46,High,2
0.26666666666666683,0.8421052631578947,0.22499999999999998,0.9320000000000002,0.7142857142857142,0.47368421052631576,0.27586206896551724,0.8888888888888888,0.2653362897265337,0.65,Low,0
0.3333333333333335,0.3157894736842105,0.41600000000000004,0.54,0.14285714285714285,0.42105263157894735,0.8620689655172413,0.3333333333333333,0.43976348854397646,0.925,Low,0
0.6666666666666667,0.0,0.7359999999999999,0.476,0.8571428571428571,0.3684210526315789,0.034482758620689655,0.2222222222222222,0.7427937915742795,0.375,High,2
0.5333333333333334,0.10526315789473684,0.525,0.7380000000000002,0.5714285714285714,0.05263157894736842,0.8620689655172413,0.2222222222222222,0.6407982261640799,0.045,Low,0
0.7333333333333332,0.2631578947368421,0.33799999999999997,0.03200000000000003,1.0,0.6842105263157894,1.0,0.1111111111111111,0.515890613451589,0.465,Medium,1
0.3333333333333335,0.15789473684210525,0.15900000000000003,0.21599999999999997,0.0,0.21052631578947367,0.0,0.7777777777777777,0.30229120473022925,0.525,Medium,1
0.8,0.9473684210526315,0.397,0.264,0.7142857142857142,0.8421052631578947,0.5862068965517241,0.6666666666666666,0.31633407243163353,0.99,Medium,1
0.0,0.15789473684210525,0.08499999999999996,0.4970000000000001,0.5714285714285714,0.631578947368421,0.7931034482758621,0.7777777777777777,0.20029563932002964,0.51,Medium,1
0.40000000000000013,0.3157894736842105,0.765,0.516,0.2857142857142857,0.5789473684210527,0.13793103448275862,0.5555555555555556,0.5602365114560237,0.49,Medium,1
0.4666666666666668,0.7894736842105263,0.5220000000000001,0.246,0.8571428571428571,0.42105263157894735,0.0,0.2222222222222222,0.37472283813747226,0.605,Medium,1
0.4666666666666668,0.5263157894736842,0.638,0.9019999999999999,0.14285714285714285,0.2631578947368421,0.41379310344827586,0.2222222222222222,0.6230598669623062,0.595,Low,0
0.0,0.47368421052631576,0.46099999999999997,0.06600000000000006,0.0,0.6842105263157894,0.6896551724137931,0.6666666666666666,0.4013303769401331,0.55,Medium,1
0.6000000000000001,0.0,0.19000000000000006,0.09000000000000008,0.14285714285714285,0.3157894736842105,0.24137931034482757,1.0,0.2291204730229121,0.24,Medium,1
0.19999999999999996,0.10526315789473684,0.8530000000000001,0.51,0.2857142857142857,1.0,0.06896551724137931,0.7777777777777777,0.6385809312638582,0.935,High,2
0.26666666666666683,0.5263157894736842,0.43300000000000005,0.3500000000000001,0.2857142857142857,0.8421052631578947,0.41379310344827586,0.1111111111111111,0.5979305247597932,0.505,Medium,1
0.8666666666666669,0.0,0.15400000000000003,0.45399999999999996,0.7142857142857142,0.0,0.9655172413793103,0.4444444444444444,0.2616407982261641,0.945,Low,0
0.6666666666666667,0.894736842105263,0.09400000000000003,0.22599999999999998,0.0,1.0,0.8275862068965517,0.1111111111111111,0.1751662971175167,0.835,Medium,1
1.0000000000000002,0.8421052631578947,0.4800000000000001,0.958,0.8571428571428571,0.0,0.9310344827586207,0.3333333333333333,0.4781966001478198,0.125,Low,0
0.9333333333333333,0.2631578947368421,0.8430000000000001,0.974,0.7142857142857142,0.42105263157894735,0.9310344827586207,0.5555555555555556,0.8270509977827052,0.36,Medium,1
0.06666666666666665,0.7368421052631579,0.7340000000000001,0.792,0.7142857142857142,1.0,0.5172413793103449,0.7777777777777777,0.6637102734663711,0.925,High,2
0.06666666666666665,0.5789473684210527,0.06900000000000006,0.506,0.5714285714285714,0.9473684210526315,0.896551724137931,0.6666666666666666,0.09164818920916484,0.045,Medium,1
0.1333333333333333,0.05263157894736842,0.852,0.5640000000000001,0.5714285714285714,0.8421052631578947,0.20689655172413793,0.0,0.7767923133776793,0.65,High,2
1.0000000000000002,0.631578947368421,0.261,0.78,0.8571428571428571,1.0,0.24137931034482757,0.3333333333333333,0.3281596452328161,0.255,Medium,1
0.6000000000000001,0.3684210526315789,0.45299999999999996,0.716,0.42857142857142855,0.47368421052631576,0.10344827586206896,0.7777777777777777,0.5898004434589801,0.12,Medium,1
0.9333333333333333,0.7368421052631579,0.16200000000000003,0.79,0.5714285714285714,0.0,0.9655172413793103,1.0,0.19660014781966,0.81,Medium,1
0.6000000000000001,0.9473684210526315,0.398,0.9480000000000002,0.2857142857142857,0.6842105263157894,0.48275862068965514,0.1111111111111111,0.4434589800443461,0.985,Low,0
0.9333333333333333,0.3684210526315789,0.68,0.05600000000000005,0.14285714285714285,0.8421052631578947,0.6551724137931034,0.6666666666666666,0.7021433850702146,0.625,High,2
0.0,0.3157894736842105,0.753,0.476,1.0,0.42105263157894735,0.27586206896551724,0.0,0.8078344419807837,0.345,Medium,1
0.7333333333333332,1.0,0.9710000000000002,0.132,1.0,0.3684210526315789,0.9310344827586207,0.5555555555555556,0.9682187730968219,0.595,High,2
0.7333333333333332,0.3684210526315789,0.26,0.51,0.14285714285714285,0.9473684210526315,0.896551724137931,0.4444444444444444,0.45898004434589806,0.455,Medium,1
0.8666666666666669,0.42105263157894735,0.09800000000000003,0.274,0.14285714285714285,0.9473684210526315,0.13793103448275862,0.2222222222222222,0.25055432372505543,0.885,Low,0
0.1333333333333333,0.5789473684210527,0.18700000000000006,0.17799999999999994,1.0,0.631578947368421,0.27586206896551724,0.0,0.3791574279379158,0.305,Medium,1
0.26666666666666683,0.42105263157894735,0.44200000000000006,0.784,1.0,0.47368421052631576,0.7241379310344828,0.8888888888888888,0.4478935698447894,0.38,Medium,1
0.1333333333333333,0.3684210526315789,0.5289999999999999,0.3619999999999999,0.42857142857142855,0.47368421052631576,0.27586206896551724,0.4444444444444444,0.6518847006651884,0.86,Medium,1
0.3333333333333335,0.631578947368421,0.016000000000000014,0.13800000000000012,0.14285714285714285,0.9473684210526315,0.5862068965517241,0.1111111111111111,0.24168514412416858,0.98,Low,0
1.0000000000000002,0.3684210526315789,0.051999999999999935,0.3400000000000001,0.42857142857142855,0.15789473684210525,0.06896551724137931,0.2222222222222222,0.04212860310421285,0.85,Low,0
0.8,0.9473684210526315,0.6449999999999999,0.6180000000000001,0.14285714285714285,0.894736842105263,0.7586206896551724,0.2222222222222222,0.6489283074648928,0.52,Medium,1
0.8666666666666669,0.8421052631578947,0.125,0.506,0.7142857142857142,0.5263157894736842,0.9310344827586207,0.3333333333333333,0.2993348115299335,0.095,Low,0
0.40000000000000013,0.8421052631578947,0.9560000000000001,0.19800000000000006,0.8571428571428571,0.21052631578947367,0.7241379310344828,0.0,0.7649667405764968,0.9,Medium,1
0.4666666666666668,0.42105263157894735,0.38,0.13800000000000012,0.7142857142857142,0.47368421052631576,0.5172413793103449,0.1111111111111111,0.40650406504065056,0.57,Low,0
0.9333333333333333,0.7368421052631579,0.662,0.8300000000000001,0.42857142857142855,0.7368421052631579,0.3103448275862069,0.4444444444444444,0.5484109386548413,0.015,Medium,1
0.5333333333333334,0.6842105263157894,0.04999999999999999,0.33000000000000007,0.42857142857142855,0.2631578947368421,0.24137931034482757,0.8888888888888888,0.0931263858093126,0.325,Medium,1
0.6000000000000001,0.05263157894736842,0.7519999999999999,0.266,0.7142857142857142,0.7894736842105263,1.0,0.4444444444444444,0.7435328898743534,0.205,High,2
0.19999999999999996,0.5789473684210527,0.378,0.266,0.8571428571428571,0.7894736842105263,0.1724137931034483,0.8888888888888888,0.5439763488543978,0.77,High,2
0.06666666666666665,1.0,0.43200000000000005,0.3500000000000001,0.2857142857142857,0.10526315789473684,0.20689655172413793,0.1111111111111111,0.3858093126385809,0.91,Low,0
0.1333333333333333,0.631578947368421,0.771,0.41400000000000015,1.0,0.3157894736842105,0.20689655172413793,0.0,0.5971914264597191,0.77,Medium,1
0.06666666666666665,0.7894736842105263,0.55,0.0119999999999999,1.0,0.9473684210526315,0.7931034482758621,1.0,0.52549889135255,0.495,High,2
0.6000000000000001,0.0,0.9600000000000001,0.952,0.14285714285714285,0.0,0.27586206896551724,0.6666666666666666,0.8640059127864006,0.215,Medium,1
0.6666666666666667,0.2631578947368421,0.9380000000000001,0.3839999999999999,1.0,0.8421052631578947,0.3103448275862069,0.2222222222222222,0.8891352549889135,0.03,High,2
0.1333333333333333,0.5789473684210527,0.21399999999999997,0.236,1.0,0.9473684210526315,0.7931034482758621,0.5555555555555556,0.1589061345158907,0.34,Medium,1
1.0000000000000002,0.6842105263157894,0.793,0.6359999999999999,0.5714285714285714,0.894736842105263,0.20689655172413793,0.6666666666666666,0.7952697708795271,0.72,High,2
0.8666666666666669,0.42105263157894735,0.07400000000000001,0.276,0.8571428571428571,0.8421052631578947,0.7586206896551724,0.2222222222222222,0.21951219512195125,0.16,Medium,1
0.19999999999999996,0.0,0.765,0.8140000000000001,1.0,0.6842105263157894,0.6551724137931034,0.8888888888888888,0.6363636363636365,0.685,High,2
0.8666666666666669,0.15789473684210525,0.21200000000000008,0.712,0.2857142857142857,0.47368421052631576,0.5172413793103449,0.0,0.22616407982261638,0.61,Medium,1
0.6000000000000001,0.7894736842105263,0.119,0.702,0.8571428571428571,0.894736842105263,0.6896551724137931,0.6666666666666666,0.07390983000739099,0.345,Medium,1
0.26666666666666683,0.0,0.246,0.3340000000000001,0.0,0.0,0.9310344827586207,0.4444444444444444,0.35772357723577247,0.75,Low,0
0.6666666666666667,0.2631578947368421,0.274,0.9620000000000002,0.2857142857142857,1.0,0.034482758620689655,0.5555555555555556,0.1958610495195861,0.04,Medium,1
0.0,0.10526315789473684,0.8830000000000001,0.31199999999999983,0.14285714285714285,0.7368421052631579,0.1724137931034483,0.8888888888888888,0.7346637102734666,0.865,High,2
0.26666666666666683,0.8421052631578947,0.797,0.49,0.5714285714285714,0.7368421052631579,0.0,0.7777777777777777,0.5986696230598672,0.37,High,2
0.26666666666666683,0.7894736842105263,0.476,0.30200000000000005,0.8571428571428571,0.21052631578947367,0.6206896551724138,0.6666666666666666,0.35107169253510734,0.08,Medium,1
0.8666666666666669,0.15789473684210525,0.7900000000000001,0.7220000000000002,0.14285714285714285,0.05263157894736842,0.48275862068965514,0.8888888888888888,0.7841832963784185,0.175,Medium,1
0.06666666666666665,0.42105263157894735,0.9150000000000001,0.019999999999999907,0.8571428571428571,0.42105263157894735,0.896551724137931,0.3333333333333333,0.8810051736881006,0.625,High,2
0.26666666666666683,0.15789473684210525,0.4580000000000001,0.21999999999999997,0.0,0.0,0.5517241379310345,0.2222222222222222,0.5698447893569847,0.915,Low,0
0.19999999999999996,0.05263157894736842,0.5529999999999999,0.11999999999999988,0.5714285714285714,0.21052631578947367,0.7241379310344828,0.6666666666666666,0.44124168514412426,0.085,Medium,1
0.1333333333333333,0.7894736842105263,0.5060000000000001,0.478,0.0,0.5263157894736842,0.7931034482758621,0.7777777777777777,0.40280857354028093,0.17,Medium,1
0.26666666666666683,0.7368421052631579,0.551,0.35199999999999987,0.14285714285714285,0.10526315789473684,0.8620689655172413,0.8888888888888888,0.5742793791574281,0.025,Low,0
0.19999999999999996,0.894736842105263,0.18200000000000005,0.6519999999999999,0.42857142857142855,0.47368421052631576,0.6206896551724138,1.0,0.24094604582409468,0.63,Medium,1
0.0,0.7894736842105263,0.4820000000000001,0.244,0.42857142857142855,0.10526315789473684,0.7931034482758621,0.5555555555555556,0.6141906873614191,0.94,Medium,1
0.9333333333333333,0.6842105263157894,0.4650000000000001,0.0020000000000000018,0.42857142857142855,0.3684210526315789,0.6206896551724138,0.5555555555555556,0.37546193643754616,0.98,Medium,1
0.0,0.0,0.22899999999999998,0.18000000000000005,0.5714285714285714,0.9473684210526315,0.5172413793103449,0.6666666666666666,0.5018477457501849,0.18,High,2
0.4666666666666668,1.0,0.523,0.9960000000000002,0.7142857142857142,0.47368421052631576,0.6551724137931034,0.3333333333333333,0.4974131559497414,0.995,Low,0
0.7333333333333332,0.894736842105263,0.20800000000000007,0.732,0.14285714285714285,0.9473684210526315,0.9310344827586207,0.5555555555555556,0.3651145602365115,0.25,Medium,1
0.40000000000000013,0.42105263157894735,0.7619999999999999,0.4970000000000001,0.14285714285714285,0.6842105263157894,0.7241379310344828,0.2222222222222222,0.7694013303769403,0.52,Medium,1
0.19999999999999996,0.2631578947368421,0.836,0.8840000000000001,0.2857142857142857,0.10526315789473684,0.7241379310344828,0.2222222222222222,0.6674057649667406,0.735,Medium,1
0.1333333333333333,0.0,0.6829999999999999,0.6839999999999999,0.0,0.21052631578947367,0.48275862068965514,0.4444444444444444,0.6393200295639321,0.31,Low,0
0.8,1.0,0.5369999999999999,0.05600000000000005,0.8571428571428571,0.3157894736842105,0.27586206896551724,0.6666666666666666,0.4974131559497414,0.9,Medium,1
0.3333333333333335,0.5263157894736842,0.494,0.4970000000000001,0.7142857142857142,0.631578947368421,0.13793103448275862,0.5555555555555556,0.5321507760532151,0.895,High,2
0.40000000000000013,0.7368421052631579,0.7699999999999999,0.504,0.5714285714285714,0.9473684210526315,0.034482758620689655,0.1111111111111111,0.813008130081301,0.52,High,2
0.40000000000000013,0.10526315789473684,0.4960000000000001,0.9140000000000001,0.42857142857142855,0.05263157894736842,0.48275862068965514,0.1111111111111111,0.6851441241685146,0.2,Medium,1
0.3333333333333335,1.0,0.383,0.0119999999999999,0.8571428571428571,0.0,0.896551724137931,0.3333333333333333,0.4286770140428678,0.505,Medium,1
0.4666666666666668,0.05263157894736842,0.9130000000000001,0.3740000000000001,0.7142857142857142,0.10526315789473684,0.10344827586206896,0.3333333333333333,0.9238728750923875,0.555,Medium,1
0.8666666666666669,0.10526315789473684,0.8510000000000001,0.702,0.8571428571428571,0.7894736842105263,0.0,0.2222222222222222,0.7368810051736883,0.51,High,2
0.8,0.3157894736842105,0.487,0.8300000000000001,0.7142857142857142,0.05263157894736842,0.034482758620689655,0.5555555555555556,0.35181079083518124,0.2,Low,0
0.4666666666666668,0.05263157894736842,0.8850000000000001,0.6000000000000001,1.0,0.8421052631578947,0.48275862068965514,0.8888888888888888,0.7110125646711014,0.875,High,2
0.19999999999999996,1.0,0.5730000000000001,0.41600000000000015,0.42857142857142855,0.10526315789473684,0.8620689655172413,1.0,0.5343680709534369,0.745,Medium,1
0.0,0.894736842105263,0.17800000000000005,0.4970000000000001,0.14285714285714285,0.15789473684210525,0.5172413793103449,0.6666666666666666,0.16925351071692535,0.695,Medium,1
0.6000000000000001,0.3157894736842105,0.6960000000000001,0.7140000000000002,0.5714285714285714,0.894736842105263,0.1724137931034483,0.3333333333333333,0.5365853658536588,0.915,High,2
1.0000000000000002,0.10526315789473684,0.28300000000000003,0.43000000000000016,0.8571428571428571,0.15789473684210525,0.13793103448275862,0.2222222222222222,0.41019955654101997,0.28,Low,0
0.1333333333333333,0.3157894736842105,0.8019999999999999,0.9199999999999999,0.14285714285714285,0.7894736842105263,0.48275862068965514,0.1111111111111111,0.6740576496674058,0.61,Medium,1
0.5333333333333334,0.3157894736842105,0.584,0.051999999999999935,0.7142857142857142,0.2631578947368421,0.7241379310344828,1.0,0.6141906873614191,0.02,High,2
0.6000000000000001,0.15789473684210525,0.18399999999999994,0.6320000000000001,0.0,0.8421052631578947,0.5862068965517241,1.0,0.26829268292682934,0.69,Medium,1
0.19999999999999996,0.3157894736842105,0.266,0.09000000000000008,0.42857142857142855,0.5789473684210527,0.3448275862068966,0.5555555555555556,0.4286770140428678,0.9,Medium,1
0.9333333333333333,0.7368421052631579,0.6529999999999999,0.242,0.14285714285714285,0.0,0.48275862068965514,0.0,0.5646711012564671,0.405,Low,0
0.6666666666666667,0.0,0.3730000000000001,0.6599999999999999,0.0,0.6842105263157894,0.4482758620689655,0.8888888888888888,0.2912047302291206,0.84,Medium,1
0.1333333333333333,0.47368421052631576,0.046999999999999986,0.6679999999999999,1.0,0.3157894736842105,0.20689655172413793,0.5555555555555556,0.07390983000739099,0.505,Low,0
0.6000000000000001,0.5789473684210527,0.31200000000000006,0.6660000000000001,0.14285714285714285,0.3684210526315789,0.3103448275862069,0.2222222222222222,0.3148558758314857,0.425,Medium,1
0.19999999999999996,0.15789473684210525,0.41800000000000004,0.712,0.7142857142857142,0.8421052631578947,0.3103448275862069,0.6666666666666666,0.3429416112342942,0.24,Medium,1
0.5333333333333334,0.05263157894736842,0.19699999999999995,0.014000000000000012,0.0,1.0,0.6206896551724138,0.8888888888888888,0.2934220251293422,0.33,High,2
0.06666666666666665,0.7894736842105263,0.20599999999999996,0.3820000000000001,1.0,1.0,0.06896551724137931,0.6666666666666666,0.1766444937176645,0.365,High,2
0.06666666666666665,0.21052631578947367,0.32599999999999996,0.5680000000000001,0.5714285714285714,0.0,0.6206896551724138,0.2222222222222222,0.4301552106430156,0.685,Low,0
0.40000000000000013,0.47368421052631576,0.485,0.99,1.0,0.9473684210526315,0.13793103448275862,0.5555555555555556,0.48706577974870674,0.66,Medium,1
0.06666666666666665,0.6842105263157894,0.781,0.792,0.0,0.5263157894736842,0.3793103448275862,0.0,0.7590539541759056,0.165,Low,0
0.6000000000000001,0.5789473684210527,0.648,0.52,0.8571428571428571,0.5263157894736842,0.3103448275862069,0.3333333333333333,0.7324464153732446,0.675,Medium,1
0.7333333333333332,0.7368421052631579,0.383,0.8100000000000003,1.0,0.631578947368421,0.6551724137931034,0.5555555555555556,0.467110125646711,0.61,Medium,1
0.06666666666666665,0.21052631578947367,0.606,0.1279999999999999,0.42857142857142855,0.3157894736842105,0.7931034482758621,0.2222222222222222,0.6097560975609757,0.42,Medium,1
0.26666666666666683,0.15789473684210525,0.034999999999999976,0.6220000000000001,0.14285714285714285,0.8421052631578947,1.0,0.5555555555555556,0.21655580192165563,0.945,Low,0
0.06666666666666665,0.8421052631578947,0.892,0.474,1.0,0.631578947368421,0.48275862068965514,0.8888888888888888,0.8721359940872138,0.77,High,2
0.26666666666666683,0.8421052631578947,0.495,0.44399999999999995,0.14285714285714285,0.47368421052631576,0.1724137931034483,0.0,0.3621581670362158,0.87,Medium,1
0.5333333333333334,0.0,0.7180000000000001,0.05600000000000005,0.42857142857142855,0.5789473684210527,0.48275862068965514,0.1111111111111111,0.5388026607538803,0.415,Medium,1
0.19999999999999996,0.21052631578947367,0.254,0.6779999999999999,0.5714285714285714,0.6842105263157894,0.6896551724137931,0.2222222222222222,0.20620842572062087,0.725,Medium,1
0.40000000000000013,0.2631578947368421,0.347,0.4640000000000002,0.5714285714285714,0.5789473684210527,0.20689655172413793,0.0,0.361419068736142,0.255,Low,0
1.0000000000000002,0.3157894736842105,0.5750000000000001,0.02200000000000002,0.5714285714285714,0.15789473684210525,0.7586206896551724,0.5555555555555556,0.4981522542498153,0.795,Medium,1
0.8666666666666669,0.894736842105263,0.5060000000000001,0.6340000000000001,1.0,0.21052631578947367,0.10344827586206896,0.5555555555555556,0.5306725794530673,0.96,Medium,1
0.19999999999999996,0.2631578947368421,0.30199999999999994,0.4480000000000002,0.14285714285714285,0.47368421052631576,0.896551724137931,0.7777777777777777,0.2424242424242425,0.655,Low,0
0.19999999999999996,0.7368421052631579,0.953,0.8899999999999999,0.42857142857142855,0.3157894736842105,0.3448275862068966,0.2222222222222222,0.9364375461936438,0.61,Medium,1
0.4666666666666668,0.15789473684210525,0.20700000000000007,0.20999999999999996,1.0,0.47368421052631576,0.5862068965517241,0.5555555555555556,0.3858093126385809,0.965,Medium,1
0.26666666666666683,1.0,0.987,0.16999999999999993,0.8571428571428571,0.0,0.6206896551724138,0.6666666666666666,0.9800443458980046,0.99,High,2
0.26666666666666683,0.631578947368421,0.945,0.524,0.8571428571428571,0.7368421052631579,0.8275862068965517,0.3333333333333333,0.753880266075388,0.43,High,2
0.06666666666666665,0.21052631578947367,0.124,0.0039999999999998925,0.2857142857142857,0.9473684210526315,0.48275862068965514,0.0,0.2143385070214338,0.615,Medium,1
0.1333333333333333,0.0,0.799,0.262,0.14285714285714285,0.42105263157894735,0.9310344827586207,0.3333333333333333,0.7110125646711014,0.7,Medium,1
0.4666666666666668,0.47368421052631576,0.5539999999999999,0.9440000000000002,0.5714285714285714,0.10526315789473684,0.3448275862068966,0.6666666666666666,0.6459719142645972,0.88,Low,0
1.0000000000000002,0.9473684210526315,0.979,0.20399999999999996,0.2857142857142857,0.8421052631578947,0.8620689655172413,1.0,0.9490022172949004,0.88,High,2
0.26666666666666683,0.5263157894736842,0.5359999999999999,0.39600000000000013,0.14285714285714285,0.3684210526315789,0.3793103448275862,1.0,0.4286770140428678,0.125,High,2
0.5333333333333334,0.6842105263157894,0.05399999999999999,0.528,0.8571428571428571,0.5263157894736842,0.0,0.6666666666666666,0.3148558758314857,0.075,Medium,1
1.0000000000000002,0.42105263157894735,0.741,0.42599999999999993,1.0,0.42105263157894735,0.9310344827586207,0.0,0.6947524020694753,0.75,Medium,1
0.06666666666666665,0.05263157894736842,0.783,0.4039999999999999,0.8571428571428571,0.6842105263157894,0.06896551724137931,0.2222222222222222,0.5742793791574281,0.79,High,2
0.6000000000000001,0.0,0.028000000000000025,0.010000000000000009,0.5714285714285714,0.8421052631578947,0.896551724137931,0.2222222222222222,0.229859571322986,0.535,Medium,1
0.4666666666666668,0.8421052631578947,0.10699999999999998,0.5880000000000001,0.42857142857142855,0.7368421052631579,0.13793103448275862,0.5555555555555556,0.12269031781226908,0.265,Medium,1
0.7333333333333332,0.42105263157894735,0.128,0.018000000000000016,0.42857142857142855,0.47368421052631576,0.896551724137931,0.5555555555555556,0.2801182557280119,0.05,Medium,1
0.8666666666666669,0.0,0.985,0.3839999999999999,0.42857142857142855,0.15789473684210525,0.034482758620689655,0.8888888888888888,0.9667405764966741,0.895,High,2
0.3333333333333335,0.631578947368421,0.469,0.6980000000000002,0.2857142857142857,0.10526315789473684,0.3103448275862069,0.7777777777777777,0.5986696230598672,0.605,Low,0
0.7333333333333332,0.3684210526315789,0.44900000000000007,0.20799999999999996,1.0,0.6842105263157894,0.48275862068965514,0.8888888888888888,0.3178122690317812,0.26,High,2
0.1333333333333333,0.631578947368421,0.6429999999999999,0.712,0.14285714285714285,0.05263157894736842,0.3103448275862069,0.8888888888888888,0.49076127124907615,0.255,Medium,1
0.6666666666666667,0.2631578947368421,0.707,0.708,0.7142857142857142,0.15789473684210525,0.5862068965517241,0.8888888888888888,0.5018477457501849,0.585,Medium,1
0.8666666666666669,1.0,0.664,0.09600000000000009,1.0,0.47368421052631576,0.6551724137931034,0.7777777777777777,0.565410199556541,0.08,High,2
0.40000000000000013,0.0,0.399,0.6300000000000001,0.8571428571428571,1.0,0.1724137931034483,0.6666666666666666,0.40650406504065056,0.6,High,2
0.9333333333333333,0.7368421052631579,0.658,0.984,1.0,0.3157894736842105,1.0,1.0,0.6127124907612713,0.175,High,2
0.4666666666666668,0.47368421052631576,0.654,0.52,0.5714285714285714,0.8421052631578947,1.0,0.3333333333333333,0.6821877309682187,0.09,High,2
0.8666666666666669,0.21052631578947367,0.19299999999999995,0.19600000000000006,1.0,0.2631578947368421,0.9655172413793103,0.0,0.37102734663710285,0.45,Low,0
0.7333333333333332,0.5263157894736842,0.009999999999999953,0.6300000000000001,0.42857142857142855,0.10526315789473684,0.8620689655172413,0.5555555555555556,0.04951958610495194,0.2,Low,0
0.4666666666666668,0.5263157894736842,0.16900000000000004,0.8300000000000001,0.2857142857142857,0.3157894736842105,0.8620689655172413,0.8888888888888888,0.22542498152254248,0.86,Low,0
0.7333333333333332,0.894736842105263,0.29700000000000004,0.19399999999999995,0.5714285714285714,0.894736842105263,0.5172413793103449,0.1111111111111111,0.4656319290465633,0.56,Medium,1
0.19999999999999996,0.05263157894736842,0.781,0.246,0.8571428571428571,0.05263157894736842,0.9655172413793103,0.0,0.821138211382114,0.415,Low,0
0.8666666666666669,0.8421052631578947,0.045999999999999985,0.8699999999999999,0.7142857142857142,0.42105263157894735,0.034482758620689655,0.0,0.2475979305247598,0.33,Low,0
0.9333333333333333,0.15789473684210525,0.5820000000000001,0.19199999999999995,0.42857142857142855,0.6842105263157894,0.3103448275862069,0.2222222222222222,0.50849963045085,0.73,Medium,1
0.6000000000000001,0.05263157894736842,0.05499999999999999,0.9239999999999999,0.0,0.3157894736842105,0.13793103448275862,0.7777777777777777,0.03621581670362156,0.34,Low,0
0.4666666666666668,0.0,0.5710000000000001,0.52,1.0,0.8421052631578947,0.7241379310344828,0.2222222222222222,0.5957132298595713,0.335,High,2
0.8666666666666669,0.47368421052631576,0.30000000000000004,0.4039999999999999,0.7142857142857142,0.21052631578947367,0.48275862068965514,0.0,0.49002217294900235,0.855,Low,0
0.7333333333333332,0.2631578947368421,0.757,0.998,0.7142857142857142,1.0,0.7241379310344828,0.7777777777777777,0.6038433111603845,0.975,High,2
0.8,0.0,0.034999999999999976,0.9059999999999999,0.14285714285714285,0.7368421052631579,0.41379310344827586,0.4444444444444444,0.18994826311899488,0.585,Low,0
0.1333333333333333,0.05263157894736842,0.5369999999999999,0.06999999999999995,0.14285714285714285,0.7368421052631579,0.7931034482758621,0.7777777777777777,0.45306725794530683,0.05,High,2
0.4666666666666668,0.47368421052631576,0.7519999999999999,0.484,0.0,0.7368421052631579,0.41379310344827586,1.0,0.6703621581670363,0.335,High,2
0.26666666666666683,0.3684210526315789,0.9230000000000002,0.3660000000000001,0.5714285714285714,0.3684210526315789,0.896551724137931,0.7777777777777777,0.835920177383592,0.425,High,2
1.0000000000000002,0.894736842105263,0.392,0.8239999999999998,0.7142857142857142,0.5789473684210527,0.7586206896551724,0.6666666666666666,0.35254988913525503,0.075,Medium,1
0.3333333333333335,0.42105263157894735,0.526,0.6320000000000001,0.0,0.47368421052631576,0.8620689655172413,0.3333333333333333,0.377679231337768,0.84,Low,0
0.5333333333333334,0.3157894736842105,0.654,0.45999999999999996,0.14285714285714285,0.7368421052631579,0.6206896551724138,0.3333333333333333,0.5107169253510717,0.255,High,2
0.19999999999999996,0.0,0.4960000000000001,0.1359999999999999,0.0,0.7894736842105263,0.8275862068965517,0.6666666666666666,0.6770140428677014,0.63,High,2
0.6666666666666667,0.7894736842105263,0.632,0.10399999999999987,0.5714285714285714,0.21052631578947367,1.0,0.7777777777777777,0.7450110864745012,0.39,Medium,1
0.19999999999999996,0.7894736842105263,0.20899999999999996,0.798,0.7142857142857142,0.05263157894736842,0.7241379310344828,0.7777777777777777,0.16407982261640802,0.58,Low,0
0.26666666666666683,1.0,0.21399999999999997,0.34399999999999986,1.0,0.3684210526315789,0.6551724137931034,0.5555555555555556,0.2276422764227642,0.355,Medium,1
0.7333333333333332,0.5263157894736842,0.16799999999999993,0.23199999999999998,0.14285714285714285,0.3157894736842105,0.5862068965517241,0.3333333333333333,0.27420546932742057,0.905,Low,0
0.8666666666666669,0.0,0.61,0.6080000000000001,0.5714285714285714,0.3157894736842105,0.13793103448275862,0.4444444444444444,0.689578713968958,0.945,Medium,1
0.6666666666666667,0.3684210526315789,0.7519999999999999,0.19399999999999995,0.0,0.8421052631578947,0.41379310344827586,0.4444444444444444,0.5683665927568369,0.7,High,2
0.1333333333333333,0.15789473684210525,0.785,0.9780000000000002,0.0,0.5263157894736842,0.3103448275862069,0.5555555555555556,0.6622320768662233,0.055,Medium,1
0.8666666666666669,0.47368421052631576,0.7050000000000002,0.7380000000000002,0.5714285714285714,0.894736842105263,0.4482758620689655,0.8888888888888888,0.6378418329637843,0.89,High,2
0.1333333333333333,0.47368421052631576,0.8910000000000001,0.6100000000000001,1.0,0.15789473684210525,0.6896551724137931,0.0,0.6541019955654104,0.755,Medium,1
1.0000000000000002,0.47368421052631576,0.892,0.8399999999999999,0.2857142857142857,0.894736842105263,0.5172413793103449,0.6666666666666666,0.7583148558758317,0.42,High,2
0.6000000000000001,1.0,0.6890000000000002,0.132,0.2857142857142857,1.0,0.034482758620689655,0.1111111111111111,0.5535846267553586,0.185,Medium,1
0.0,0.5789473684210527,0.4960000000000001,0.42400000000000015,0.5714285714285714,0.47368421052631576,0.4482758620689655,0.0,0.5979305247597932,0.145,Medium,1
0.0,0.3157894736842105,0.699,0.256,0.42857142857142855,0.3157894736842105,0.3793103448275862,0.8888888888888888,0.7272727272727275,0.91,High,2
0.40000000000000013,0.3157894736842105,0.9560000000000001,0.4960000000000002,0.7142857142857142,1.0,0.8620689655172413,0.3333333333333333,0.7161862527716187,0.065,High,2
0.4666666666666668,0.10526315789473684,0.04199999999999998,0.4099999999999999,0.8571428571428571,0.7894736842105263,0.6551724137931034,0.8888888888888888,0.24907612712490762,0.335,Medium,1
0.06666666666666665,0.2631578947368421,0.8130000000000001,0.061999999999999944,0.5714285714285714,0.42105263157894735,0.034482758620689655,0.7777777777777777,0.861049519586105,0.65,Medium,1
0.7333333333333332,0.15789473684210525,0.6689999999999999,0.06999999999999995,0.5714285714285714,0.21052631578947367,0.8620689655172413,0.5555555555555556,0.6067997043606801,0.69,Medium,1
0.7333333333333332,0.47368421052631576,0.266,0.41400000000000015,0.8571428571428571,0.47368421052631576,0.6551724137931034,0.4444444444444444,0.393939393939394,0.69,Medium,1
0.7333333333333332,0.9473684210526315,0.45199999999999996,0.6420000000000001,0.42857142857142855,0.631578947368421,0.24137931034482757,0.5555555555555556,0.4005912786400592,0.935,High,2
0.26666666666666683,0.9473684210526315,0.6529999999999999,0.6279999999999999,1.0,0.0,0.8275862068965517,0.2222222222222222,0.6629711751662972,0.125,Low,0
0.1333333333333333,0.42105263157894735,0.21299999999999997,0.118,1.0,0.0,0.20689655172413793,0.1111111111111111,0.15816703621581668,0.145,Low,0
0.1333333333333333,0.7894736842105263,0.017000000000000015,0.4960000000000002,0.7142857142857142,0.3157894736842105,0.6206896551724138,0.5555555555555556,0.059127864005912745,0.705,Low,0
0.6666666666666667,0.6842105263157894,0.9660000000000001,0.09800000000000009,0.0,0.42105263157894735,0.06896551724137931,0.0,0.8462675535846269,0.025,Medium,1
0.6000000000000001,1.0,0.9550000000000002,0.3320000000000001,0.7142857142857142,0.8421052631578947,0.41379310344827586,0.8888888888888888,0.9053954175905397,0.8,High,2
0.1333333333333333,0.47368421052631576,0.4960000000000001,0.42400000000000015,0.7142857142857142,0.42105263157894735,0.3793103448275862,0.5555555555555556,0.44050258684405036,0.48,Medium,1
0.0,0.0,0.9640000000000001,0.3900000000000001,0.42857142857142855,0.21052631578947367,0.24137931034482757,0.2222222222222222,0.9283074648928309,0.27,Medium,1
0.8,0.5263157894736842,0.07199999999999995,0.522,0.42857142857142855,0.10526315789473684,0.06896551724137931,0.3333333333333333,0.06577974870657793,0.275,Low,0
1.0000000000000002,0.6842105263157894,0.7679999999999999,0.9300000000000002,0.14285714285714285,0.47368421052631576,0.27586206896551724,0.4444444444444444,0.7597930524759795,0.66,Medium,1
0.9333333333333333,0.8421052631578947,0.033999999999999975,0.6740000000000002,0.5714285714285714,0.631578947368421,0.3793103448275862,0.6666666666666666,0.02439024390243899,0.5,Medium,1
0.6666666666666667,0.2631578947368421,0.9800000000000001,0.39800000000000013,0.14285714285714285,0.5789473684210527,0.5172413793103449,0.0,0.9150036954915004,0.38,Medium,1
0.40000000000000013,0.9473684210526315,0.4730000000000001,0.07799999999999996,0.0,0.05263157894736842,0.6206896551724138,0.6666666666666666,0.41019955654101997,0.075,Medium,1
0.40000000000000013,0.894736842105263,0.928,0.17400000000000004,1.0,1.0,0.48275862068965514,0.0,0.7974870657797488,0.225,High,2
0.0,1.0,0.16100000000000003,0.6759999999999999,0.42857142857142855,0.5263157894736842,0.3103448275862069,0.6666666666666666,0.3141167775314118,0.32,Medium,1
0.4666666666666668,0.2631578947368421,0.121,0.4970000000000001,0.7142857142857142,0.3684210526315789,0.6551724137931034,0.8888888888888888,0.1936437546193644,0.725,Low,0
0.40000000000000013,0.15789473684210525,0.269,0.30200000000000005,0.8571428571428571,0.42105263157894735,0.8620689655172413,0.2222222222222222,0.45380635624538074,0.785,Low,0
0.8,0.894736842105263,0.7880000000000001,0.244,0.0,1.0,0.6206896551724138,0.8888888888888888,0.8144863266814488,0.73,High,2
0.0,0.47368421052631576,0.894,0.8500000000000001,0.42857142857142855,0.3684210526315789,0.13793103448275862,0.5555555555555556,0.8891352549889135,0.88,Medium,1
0.8666666666666669,0.10526315789473684,0.033999999999999975,0.10999999999999999,0.2857142857142857,1.0,0.5862068965517241,1.0,0.30450849963045096,0.28,High,2
0.0,0.21052631578947367,0.509,0.548,1.0,0.8421052631578947,0.6896551724137931,0.0,0.4996304508499632,0.36,Medium,1
0.06666666666666665,0.21052631578947367,0.62,0.5960000000000001,0.5714285714285714,0.3157894736842105,0.6896551724137931,0.2222222222222222,0.5639320029563932,0.575,Medium,1
0.7333333333333332,0.631578947368421,0.22499999999999998,0.6439999999999999,0.0,0.3684210526315789,0.10344827586206896,0.5555555555555556,0.4138950480413896,0.375,Low,0
0.4666666666666668,0.2631578947368421,0.8350000000000001,0.43599999999999994,0.2857142857142857,0.5263157894736842,0.8620689655172413,0.7777777777777777,0.7376201034737622,0.055,High,2
0.9333333333333333,0.47368421052631576,0.17699999999999994,0.0020000000000000018,0.7142857142857142,0.47368421052631576,0.7241379310344828,0.7777777777777777,0.2978566149297857,0.43,High,2
0.1333333333333333,0.3157894736842105,0.757,0.3580000000000001,0.42857142857142855,0.47368421052631576,0.6551724137931034,1.0,0.821138211382114,0.815,Medium,1
0.5333333333333334,0.0,0.367,0.9000000000000001,0.0,0.0,0.3448275862068966,0.4444444444444444,0.45306725794530683,0.615,Low,0
0.19999999999999996,0.3684210526315789,0.8039999999999999,0.45999999999999996,0.42857142857142855,0.5263157894736842,0.7241379310344828,0.3333333333333333,0.7908351810790837,0.865,Medium,1
0.6000000000000001,0.3157894736842105,0.09500000000000003,0.6480000000000001,0.2857142857142857,0.47368421052631576,0.8620689655172413,0.5555555555555556,0.19660014781966,0.92,Low,0
0.4666666666666668,0.3684210526315789,0.557,0.8480000000000001,1.0,0.631578947368421,0.5862068965517241,0.0,0.6784922394678494,0.17,Medium,1
0.9333333333333333,0.42105263157894735,0.82,0.246,0.14285714285714285,0.3684210526315789,0.41379310344827586,0.5555555555555556,0.6371027346637104,0.6,High,2
0.4666666666666668,0.47368421052631576,0.8430000000000001,0.19199999999999995,0.7142857142857142,0.21052631578947367,0.3103448275862069,0.7777777777777777,0.8322246858832225,0.59,High,2
0.7333333333333332,0.3157894736842105,0.118,0.3740000000000001,0.5714285714285714,0.47368421052631576,0.4482758620689655,0.1111111111111111,0.16925351071692535,0.89,Low,0
0.5333333333333334,0.42105263157894735,0.733,0.4970000000000001,0.7142857142857142,0.42105263157894735,0.9655172413793103,0.0,0.6053215077605323,0.75,Medium,1
0.8,0.894736842105263,0.4730000000000001,0.8200000000000001,0.8571428571428571,1.0,0.8620689655172413,0.8888888888888888,0.3762010347376202,0.96,High,2
0.3333333333333335,0.5263157894736842,0.507,0.10799999999999998,0.7142857142857142,0.3684210526315789,0.5172413793103449,0.6666666666666666,0.5314116777531412,0.64,High,2
1.0000000000000002,0.7368421052631579,0.33799999999999997,0.528,0.42857142857142855,0.15789473684210525,0.0,0.2222222222222222,0.5018477457501849,0.24,Medium,1
0.1333333333333333,0.6842105263157894,0.135,0.14800000000000002,0.5714285714285714,0.7894736842105263,0.7241379310344828,0.3333333333333333,0.1781226903178123,0.505,Medium,1
0.1333333333333333,0.894736842105263,0.28300000000000003,0.24,0.2857142857142857,0.0,0.9310344827586207,0.1111111111111111,0.212860310421286,0.16,Low,0
0.4666666666666668,0.5789473684210527,0.355,0.08200000000000007,0.7142857142857142,0.3157894736842105,0.7931034482758621,0.2222222222222222,0.43976348854397646,0.99,Low,0
0.8666666666666669,0.7894736842105263,0.8960000000000002,0.6820000000000002,0.42857142857142855,0.631578947368421,0.0,0.1111111111111111,0.7841832963784185,0.42,Medium,1
0.5333333333333334,0.3157894736842105,0.9620000000000001,0.958,0.14285714285714285,0.894736842105263,0.48275862068965514,0.4444444444444444,0.9719142645971914,0.94,Medium,1
0.19999999999999996,0.47368421052631576,0.548,0.9199999999999999,0.5714285714285714,0.10526315789473684,0.0,0.2222222222222222,0.5018477457501849,0.85,Low,0
0.8666666666666669,0.05263157894736842,0.936,0.538,0.42857142857142855,0.2631578947368421,0.3793103448275862,1.0,0.9445676274944568,0.525,High,2
0.3333333333333335,0.6842105263157894,0.253,0.744,0.8571428571428571,0.7368421052631579,0.1724137931034483,1.0,0.4146341463414635,0.63,Medium,1
0.4666666666666668,0.894736842105263,0.11699999999999999,0.0020000000000000018,0.14285714285714285,0.3157894736842105,0.3103448275862069,1.0,0.15816703621581668,0.08,Medium,1
0.6000000000000001,0.47368421052631576,0.977,0.8960000000000001,0.2857142857142857,0.15789473684210525,0.034482758620689655,0.2222222222222222,0.8425720620842574,0.345,Medium,1
0.40000000000000013,0.10526315789473684,0.9010000000000001,0.8420000000000003,0.2857142857142857,0.5789473684210527,0.41379310344827586,0.7777777777777777,0.7694013303769403,0.17,High,2
0.3333333333333335,0.894736842105263,0.45500000000000007,0.21399999999999997,0.7142857142857142,0.21052631578947367,0.5517241379310345,0.6666666666666666,0.565410199556541,0.87,Low,0
0.06666666666666665,0.5789473684210527,0.5890000000000001,0.8539999999999999,0.2857142857142857,0.10526315789473684,0.10344827586206896,0.4444444444444444,0.5195861049519588,0.63,Low,0
0.40000000000000013,0.3684210526315789,0.527,0.04600000000000004,0.14285714285714285,0.10526315789473684,0.5517241379310345,1.0,0.4316334072431635,0.2,Medium,1
1.0000000000000002,1.0,0.7720000000000001,0.798,0.0,0.6842105263157894,0.6896551724137931,0.7777777777777777,0.6252771618625277,0.415,Medium,1
0.9333333333333333,0.5789473684210527,0.9210000000000002,0.3380000000000001,0.14285714285714285,0.2631578947368421,0.9655172413793103,1.0,0.7989652623798966,0.605,High,2
0.06666666666666665,0.7894736842105263,0.6029999999999999,0.4970000000000001,0.2857142857142857,0.8421052631578947,0.1724137931034483,0.2222222222222222,0.6637102734663711,0.555,Medium,1
0.3333333333333335,0.15789473684210525,0.42200000000000004,0.29600000000000004,0.42857142857142855,0.10526315789473684,0.20689655172413793,0.3333333333333333,0.45898004434589806,0.01,Low,0
0.6666666666666667,0.9473684210526315,0.2480000000000001,0.8559999999999999,0.5714285714285714,0.3157894736842105,0.8275862068965517,0.7777777777777777,0.19660014781966,0.19,Low,0
0.1333333333333333,0.3684210526315789,0.366,0.21599999999999997,0.14285714285714285,0.7368421052631579,0.06896551724137931,0.5555555555555556,0.5151515151515151,0.07,Medium,1
0.3333333333333335,0.3157894736842105,0.767,0.6340000000000001,0.42857142857142855,0.9473684210526315,0.27586206896551724,1.0,0.6489283074648928,0.04,High,2
0.26666666666666683,0.47368421052631576,0.267,0.027999999999999914,0.5714285714285714,0.15789473684210525,0.10344827586206896,0.3333333333333333,0.476718403547672,0.31,Medium,1
0.26666666666666683,0.05263157894736842,0.03700000000000003,0.05800000000000005,0.0,0.0,0.4482758620689655,0.8888888888888888,0.28603104212860314,0.445,Low,0
0.7333333333333332,0.8421052631578947,0.908,0.20599999999999996,0.8571428571428571,0.0,0.6551724137931034,0.6666666666666666,0.9105691056910572,0.895,High,2
0.40000000000000013,0.6842105263157894,0.273,0.4970000000000001,0.2857142857142857,1.0,0.9655172413793103,0.0,0.3281596452328161,0.385,Medium,1
0.7333333333333332,0.42105263157894735,0.20499999999999996,0.9440000000000002,1.0,0.8421052631578947,0.24137931034482757,0.2222222222222222,0.4294161123429417,0.415,Medium,1
0.9333333333333333,0.2631578947368421,0.6410000000000001,0.6160000000000001,0.14285714285714285,0.7368421052631579,0.9655172413793103,0.5555555555555556,0.6991869918699187,0.77,Medium,1
0.7333333333333332,0.7894736842105263,0.30999999999999994,0.3500000000000001,1.0,0.10526315789473684,0.3448275862068966,0.7777777777777777,0.24833702882483372,0.485,Medium,1
0.9333333333333333,0.0,0.15599999999999992,0.39600000000000013,1.0,0.05263157894736842,0.4482758620689655,0.2222222222222222,0.39098300073909836,0.13,Low,0
0.7333333333333332,0.05263157894736842,0.35,0.008000000000000007,0.14285714285714285,0.05263157894736842,0.8620689655172413,0.1111111111111111,0.5358462675535849,0.795,Low,0
0.5333333333333334,0.7368421052631579,0.569,0.4019999999999999,0.0,0.47368421052631576,0.06896551724137931,0.4444444444444444,0.5764966740576498,0.055,Medium,1
0.06666666666666665,0.15789473684210525,0.03300000000000003,0.5700000000000001,0.8571428571428571,0.47368421052631576,0.10344827586206896,0.6666666666666666,0.09608277900960827,0.315,Medium,1
0.3333333333333335,0.0,0.136,0.15999999999999992,0.5714285714285714,1.0,0.06896551724137931,0.0,0.13821138211382117,0.095,Medium,1
0.19999999999999996,0.6842105263157894,0.09699999999999998,0.19600000000000006,0.2857142857142857,0.21052631578947367,0.5517241379310345,0.3333333333333333,0.345158906134516,0.735,Low,0
0.6000000000000001,0.9473684210526315,0.57,0.15600000000000003,0.42857142857142855,0.47368421052631576,0.3793103448275862,0.7777777777777777,0.5735402808573542,0.805,Medium,1
0.6000000000000001,0.3684210526315789,0.743,0.9460000000000002,1.0,0.8421052631578947,0.13793103448275862,0.1111111111111111,0.54249815225425,0.25,Medium,1
0.6666666666666667,0.631578947368421,0.20199999999999996,0.5720000000000001,1.0,0.05263157894736842,0.27586206896551724,1.0,0.22394678492239467,0.555,Medium,1
0.0,0.21052631578947367,0.593,0.16400000000000003,0.0,1.0,0.5517241379310345,0.3333333333333333,0.6134515890613452,0.58,High,2
0.8666666666666669,0.2631578947368421,0.8880000000000002,0.702,0.5714285714285714,0.21052631578947367,0.5517241379310345,0.3333333333333333,0.6733185513673319,0.155,Medium,1
0.19999999999999996,0.9473684210526315,0.4960000000000001,0.33599999999999985,0.0,0.7368421052631579,0.9655172413793103,1.0,0.4486326681448633,0.655,Medium,1
0.1333333333333333,0.631578947368421,0.4960000000000001,0.44000000000000017,0.5714285714285714,0.21052631578947367,0.48275862068965514,1.0,0.8337028824833703,0.3,Medium,1
0.4666666666666668,0.6842105263157894,0.486,0.008000000000000007,0.14285714285714285,0.3684210526315789,0.3103448275862069,0.8888888888888888,0.3858093126385809,0.975,Medium,1
0.6000000000000001,0.894736842105263,0.9820000000000001,0.9940000000000002,0.2857142857142857,0.6842105263157894,0.6551724137931034,0.3333333333333333,0.7923133776792315,0.6,Medium,1
0.9333333333333333,0.3684210526315789,0.4960000000000001,0.256,0.8571428571428571,0.7368421052631579,0.24137931034482757,0.8888888888888888,0.22542498152254248,0.0,Medium,1
0.0,1.0,0.7340000000000001,0.17400000000000004,0.42857142857142855,0.8421052631578947,0.7241379310344828,0.6666666666666666,0.7834441980783446,0.43,High,2
0.40000000000000013,0.5263157894736842,0.484,0.776,0.7142857142857142,0.47368421052631576,0.27586206896551724,0.4444444444444444,0.4456762749445677,0.195,Medium,1
0.6666666666666667,0.47368421052631576,0.991,0.19399999999999995,0.5714285714285714,0.42105263157894735,0.20689655172413793,1.0,0.7302291204730229,0.095,High,2
0.4666666666666668,1.0,0.17999999999999994,0.4970000000000001,0.14285714285714285,0.631578947368421,0.5862068965517241,0.4444444444444444,0.3000739098300074,0.085,Medium,1
0.6666666666666667,0.7894736842105263,0.5210000000000001,0.8660000000000001,0.14285714285714285,0.42105263157894735,0.10344827586206896,0.8888888888888888,0.42350332594235035,0.865,Low,0
0.5333333333333334,0.5789473684210527,0.4980000000000001,0.28600000000000003,0.5714285714285714,0.7894736842105263,0.5862068965517241,0.4444444444444444,0.45824094604582416,0.76,Medium,1
0.8,0.47368421052631576,0.1519999999999999,0.5920000000000001,0.8571428571428571,0.2631578947368421,0.48275862068965514,0.3333333333333333,0.23281596452328163,0.635,Low,0
0.1333333333333333,0.894736842105263,0.29900000000000004,0.5640000000000001,0.2857142857142857,0.21052631578947367,0.1724137931034483,0.8888888888888888,0.4789356984478936,0.5,Medium,1
0.8,0.42105263157894735,0.703,0.9120000000000001,1.0,0.9473684210526315,0.5172413793103449,0.8888888888888888,0.6112342941611235,0.735,High,2
0.4666666666666668,0.631578947368421,0.8630000000000001,0.9000000000000001,0.42857142857142855,0.2631578947368421,0.24137931034482757,0.8888888888888888,0.6851441241685146,0.14,Medium,1
0.40000000000000013,0.2631578947368421,0.382,0.3679999999999999,0.14285714285714285,0.894736842105263,0.41379310344827586,0.2222222222222222,0.3998521803399852,0.56,Medium,1
1.0000000000000002,0.9473684210526315,0.884,0.7380000000000002,0.14285714285714285,0.10526315789473684,0.41379310344827586,0.7777777777777777,0.6718403547671841,0.95,Medium,1
0.6666666666666667,0.8421052631578947,0.09800000000000003,0.6400000000000001,0.42857142857142855,0.6842105263157894,0.6206896551724138,0.3333333333333333,0.10421286031042132,0.765,Low,0
0.6000000000000001,0.05263157894736842,0.672,0.6660000000000001,0.0,0.05263157894736842,0.3448275862068966,1.0,0.7169253510716926,0.285,Medium,1
0.0,0.7368421052631579,0.6940000000000001,0.9780000000000002,0.8571428571428571,0.21052631578947367,0.5172413793103449,0.2222222222222222,0.5343680709534369,0.635,Medium,1
0.1333333333333333,0.10526315789473684,0.626,0.548,0.7142857142857142,0.15789473684210525,0.9310344827586207,0.7777777777777777,0.5528455284552847,0.5,Medium,1
0.8666666666666669,0.7894736842105263,0.356,0.728,0.14285714285714285,0.2631578947368421,0.6206896551724138,0.7777777777777777,0.26607538802660763,0.98,Low,0
0.40000000000000013,0.7368421052631579,0.9620000000000001,0.718,0.7142857142857142,0.3684210526315789,0.0,0.8888888888888888,0.9024390243902443,0.56,High,2
0.40000000000000013,0.631578947368421,0.908,0.3740000000000001,0.2857142857142857,0.42105263157894735,0.48275862068965514,0.2222222222222222,0.7479674796747968,0.025,High,2
0.8666666666666669,0.10526315789473684,0.15999999999999992,0.692,0.8571428571428571,0.5789473684210527,0.5517241379310345,0.3333333333333333,0.10569105691056907,0.415,Low,0
0.0,0.21052631578947367,0.386,0.8620000000000001,0.7142857142857142,0.0,0.4482758620689655,0.4444444444444444,0.3325942350332595,0.745,Low,0
0.9333333333333333,0.8421052631578947,0.30599999999999994,0.134,0.8571428571428571,0.5789473684210527,0.48275862068965514,0.8888888888888888,0.3643754619364376,0.43,High,2
1.0000000000000002,1.0,0.4960000000000001,0.8899999999999999,0.0,0.631578947368421,0.6896551724137931,0.4444444444444444,0.37324464153732456,0.915,Low,0
0.06666666666666665,0.3684210526315789,0.05999999999999994,0.9440000000000002,0.2857142857142857,0.47368421052631576,0.7931034482758621,1.0,0.17147080561714717,0.035,Low,0
0.8666666666666669,0.3157894736842105,0.07,0.7060000000000002,0.8571428571428571,0.47368421052631576,0.13793103448275862,0.2222222222222222,0.23355506282335553,0.8,Medium,1
0.19999999999999996,0.7368421052631579,0.4960000000000001,0.5720000000000001,0.14285714285714285,0.05263157894736842,0.6206896551724138,0.0,0.4656319290465633,0.085,Low,0
0.0,0.8421052631578947,0.9970000000000002,0.5820000000000001,0.7142857142857142,0.42105263157894735,1.0,0.6666666666666666,0.960088691796009,0.57,High,2
0.40000000000000013,0.631578947368421,0.32599999999999996,0.32200000000000006,1.0,1.0,0.7241379310344828,0.8888888888888888,0.3259423503325943,0.575,High,2
0.8666666666666669,0.894736842105263,0.8270000000000001,0.5740000000000001,0.5714285714285714,0.05263157894736842,1.0,0.6666666666666666,0.7620103473762012,0.855,Medium,1
0.19999999999999996,0.7894736842105263,0.18200000000000005,0.4970000000000001,0.8571428571428571,0.0,0.1724137931034483,0.8888888888888888,0.1419068736141907,0.69,Low,0
0.3333333333333335,0.7894736842105263,0.371,0.28400000000000003,0.2857142857142857,0.47368421052631576,0.7931034482758621,0.2222222222222222,0.50849963045085,0.08,Low,0
0.9333333333333333,0.9473684210526315,0.31200000000000006,0.1359999999999999,0.2857142857142857,0.3684210526315789,0.24137931034482757,1.0,0.2786400591278641,0.095,Medium,1
1.0000000000000002,0.3684210526315789,0.8960000000000002,0.546,0.14285714285714285,0.10526315789473684,0.5862068965517241,0.7777777777777777,0.9083518107908353,0.83,Medium,1
0.19999999999999996,0.05263157894736842,0.836,0.516,0.5714285714285714,0.9473684210526315,0.0,0.8888888888888888,0.7154471544715448,0.495,High,2
0.40000000000000013,0.8421052631578947,0.6789999999999999,0.8520000000000001,0.0,0.5263157894736842,0.5172413793103449,0.0,0.72209903917221,0.505,Low,0
0.06666666666666665,0.3157894736842105,0.715,0.768,0.7142857142857142,0.894736842105263,0.7586206896551724,0.2222222222222222,0.5461936437546195,0.13,High,2
0.8,0.7894736842105263,0.44399999999999995,0.29600000000000004,0.42857142857142855,0.5263157894736842,0.9655172413793103,0.0,0.3584626755358464,0.655,Medium,1
0.26666666666666683,0.7894736842105263,0.252,0.3460000000000001,1.0,0.05263157894736842,0.3448275862068966,0.4444444444444444,0.32150776053215085,0.86,Medium,1
0.19999999999999996,0.47368421052631576,0.27,0.556,1.0,0.05263157894736842,0.6551724137931034,0.7777777777777777,0.21951219512195125,0.855,Medium,1
0.6666666666666667,0.631578947368421,0.22099999999999997,0.6560000000000001,0.0,0.3157894736842105,0.5517241379310345,0.2222222222222222,0.3769401330376941,0.775,Low,0
0.5333333333333334,0.6842105263157894,0.31700000000000006,0.99,0.0,0.9473684210526315,0.9655172413793103,0.8888888888888888,0.4944567627494458,0.355,Medium,1
1.0000000000000002,0.8421052631578947,0.6849999999999999,0.236,0.2857142857142857,0.5789473684210527,0.896551724137931,0.4444444444444444,0.7568366592756837,0.615,Medium,1
0.40000000000000013,0.5789473684210527,0.33499999999999996,0.988,0.42857142857142855,0.2631578947368421,0.10344827586206896,0.0,0.42424242424242425,0.225,Medium,1
0.40000000000000013,0.47368421052631576,0.31200000000000006,0.40000000000000013,0.0,0.47368421052631576,0.27586206896551724,0.8888888888888888,0.45824094604582416,0.25,Medium,1
0.26666666666666683,0.05263157894736842,0.241,0.5720000000000001,0.2857142857142857,0.3684210526315789,0.7586206896551724,0.4444444444444444,0.42054693274205485,0.785,Low,0
0.9333333333333333,0.9473684210526315,0.912,0.554,1.0,0.7368421052631579,0.896551724137931,0.6666666666666666,0.8573540280857355,0.205,High,2
0.0,0.15789473684210525,0.03600000000000003,0.20199999999999996,0.42857142857142855,0.42105263157894735,0.3793103448275862,0.3333333333333333,0.13451589061345165,0.645,Low,0
0.6000000000000001,0.631578947368421,0.045999999999999985,0.506,1.0,0.3157894736842105,0.1724137931034483,0.5555555555555556,0.11234294161123431,0.315,Medium,1
0.3333333333333335,0.10526315789473684,0.4730000000000001,1.0,0.5714285714285714,0.6842105263157894,0.6551724137931034,0.8888888888888888,0.361419068736142,0.185,High,2
0.0,0.3684210526315789,0.477,0.6160000000000001,0.2857142857142857,0.7368421052631579,0.6206896551724138,0.1111111111111111,0.3673318551367332,0.62,Medium,1
0.3333333333333335,0.10526315789473684,0.07,0.492,0.14285714285714285,0.21052631578947367,0.7931034482758621,0.5555555555555556,0.3089430894308944,0.97,Low,0
0.19999999999999996,0.894736842105263,0.013000000000000012,0.45199999999999996,0.7142857142857142,0.3684210526315789,0.48275862068965514,0.4444444444444444,0.5018477457501849,0.835,Low,0
0.7333333333333332,0.3684210526315789,0.34199999999999997,0.744,0.0,0.21052631578947367,0.20689655172413793,0.8888888888888888,0.48706577974870674,0.555,Low,0
0.7333333333333332,0.6842105263157894,0.953,0.28400000000000003,0.7142857142857142,0.21052631578947367,1.0,1.0,0.746489283074649,0.53,High,2
0.1333333333333333,0.6842105263157894,0.2280000000000001,0.1359999999999999,0.14285714285714285,0.05263157894736842,0.8620689655172413,0.1111111111111111,0.25203252032520324,0.3,Low,0
1.0000000000000002,0.6842105263157894,0.8220000000000002,0.33599999999999985,0.42857142857142855,0.9473684210526315,0.6551724137931034,0.4444444444444444,0.8640059127864006,0.78,High,2
0.7333333333333332,0.3684210526315789,0.8910000000000001,0.0020000000000000018,0.5714285714285714,0.9473684210526315,0.4482758620689655,0.6666666666666666,0.6526237989652623,0.625,High,2
0.19999999999999996,0.15789473684210525,0.951,0.786,0.8571428571428571,0.6842105263157894,0.48275862068965514,0.6666666666666666,0.729490022172949,0.65,High,2
0.6000000000000001,0.5263157894736842,0.8320000000000002,0.736,1.0,0.10526315789473684,0.034482758620689655,0.5555555555555556,0.6881005173688102,0.075,Medium,1
0.5333333333333334,1.0,0.28900000000000003,0.56,0.7142857142857142,0.3684210526315789,0.06896551724137931,0.6666666666666666,0.23503325942350345,0.965,Medium,1
0.40000000000000013,0.8421052631578947,0.19500000000000006,0.061999999999999944,0.14285714285714285,0.42105263157894735,0.9655172413793103,0.1111111111111111,0.38433111603843323,0.62,Low,0
0.8,0.47368421052631576,0.21399999999999997,0.8899999999999999,0.7142857142857142,0.0,0.13793103448275862,0.5555555555555556,0.27050997782705094,0.42,Low,0
0.8,0.3157894736842105,0.127,0.3820000000000001,0.42857142857142855,0.0,0.3103448275862069,0.2222222222222222,0.21581670362158173,0.62,Low,0
0.06666666666666665,0.9473684210526315,0.6189999999999999,0.9179999999999999,0.0,0.5263157894736842,0.24137931034482757,0.5555555555555556,0.467110125646711,0.895,Medium,1
0.7333333333333332,0.05263157894736842,0.634,0.29600000000000004,0.14285714285714285,0.5263157894736842,0.13793103448275862,0.7777777777777777,0.4685883222468589,0.79,Medium,1
0.9333333333333333,0.3157894736842105,0.31700000000000006,0.03200000000000003,0.2857142857142857,0.5789473684210527,0.3448275862068966,0.6666666666666666,0.49150036954915005,0.415,High,2
0.6666666666666667,0.7894736842105263,0.17000000000000004,0.19600000000000006,1.0,0.8421052631578947,0.13793103448275862,0.6666666666666666,0.18625277161862536,0.555,Medium,1
0.19999999999999996,0.894736842105263,0.5539999999999999,0.46599999999999997,0.2857142857142857,0.9473684210526315,0.13793103448275862,0.4444444444444444,0.5373244641537325,0.91,Medium,1
0.40000000000000013,0.631578947368421,0.10199999999999998,0.534,0.2857142857142857,0.10526315789473684,0.48275862068965514,0.6666666666666666,0.25351071692535115,0.975,Low,0
0.26666666666666683,0.8421052631578947,0.9490000000000002,0.6160000000000001,0.5714285714285714,1.0,0.06896551724137931,0.6666666666666666,0.7849223946784925,0.195,High,2
0.3333333333333335,0.47368421052631576,0.35,0.40800000000000014,0.2857142857142857,0.7894736842105263,0.034482758620689655,1.0,0.4449371766444938,0.95,High,2
0.6666666666666667,1.0,0.6150000000000001,0.31999999999999984,0.42857142857142855,0.21052631578947367,0.3103448275862069,0.0,0.5099778270509978,0.48,Medium,1
0.06666666666666665,0.05263157894736842,0.8450000000000001,0.52,0.2857142857142857,0.5263157894736842,0.6896551724137931,0.5555555555555556,0.6533628972653365,0.315,Medium,1
0.40000000000000013,0.42105263157894735,0.19800000000000006,0.9039999999999999,1.0,0.3157894736842105,0.9310344827586207,1.0,0.37102734663710285,0.89,Medium,1
0.6000000000000001,0.21052631578947367,0.6189999999999999,0.3820000000000001,0.5714285714285714,0.3684210526315789,0.5862068965517241,1.0,0.7073170731707317,0.05,Medium,1
0.8666666666666669,0.3684210526315789,0.32900000000000007,0.134,0.42857142857142855,0.2631578947368421,0.034482758620689655,0.5555555555555556,0.3961566888396158,0.77,Low,0
0.6000000000000001,0.42105263157894735,0.04500000000000004,0.8899999999999999,0.7142857142857142,0.10526315789473684,0.896551724137931,0.2222222222222222,0.20103473762010343,0.01,Low,0
1.0000000000000002,0.0,0.057999999999999996,0.16600000000000004,0.42857142857142855,0.42105263157894735,0.3793103448275862,0.7777777777777777,0.15742793791574278,0.57,Low,0
0.8,0.7894736842105263,0.242,0.548,0.8571428571428571,1.0,0.13793103448275862,0.2222222222222222,0.40502586844050265,0.555,Medium,1
0.06666666666666665,0.5263157894736842,0.17500000000000004,0.30000000000000004,0.8571428571428571,0.631578947368421,0.6551724137931034,1.0,0.29490022172949,0.575,Medium,1
0.9333333333333333,0.10526315789473684,0.42400000000000004,0.562,0.5714285714285714,0.7894736842105263,0.3103448275862069,1.0,0.3673318551367332,0.455,High,2
0.9333333333333333,0.6842105263157894,0.013999999999999957,0.41400000000000015,0.42857142857142855,0.3157894736842105,0.3448275862068966,0.6666666666666666,0.05173688100517371,0.63,Medium,1
0.7333333333333332,0.10526315789473684,0.6920000000000001,0.6720000000000002,0.2857142857142857,0.7368421052631579,0.20689655172413793,0.4444444444444444,0.746489283074649,0.35,Medium,1
0.1333333333333333,0.47368421052631576,0.07900000000000001,0.09999999999999998,0.0,0.3157894736842105,0.7586206896551724,1.0,0.20916481892091648,0.125,Low,0
0.40000000000000013,1.0,0.02699999999999997,0.54,0.2857142857142857,0.894736842105263,0.7931034482758621,0.2222222222222222,0.29490022172949,0.6,Low,0
0.19999999999999996,0.5263157894736842,0.4960000000000001,0.694,0.42857142857142855,0.15789473684210525,0.3793103448275862,0.2222222222222222,0.5594974131559498,0.005,Low,0
0.6000000000000001,1.0,0.25,0.9760000000000002,0.5714285714285714,0.5263157894736842,0.7586206896551724,0.1111111111111111,0.25498891352549896,0.49,Low,0
0.06666666666666665,0.05263157894736842,0.271,0.16400000000000003,0.42857142857142855,0.631578947368421,0.5517241379310345,0.5555555555555556,0.4331116038433112,0.635,Medium,1
0.6000000000000001,0.8421052631578947,0.775,0.8660000000000001,0.5714285714285714,0.894736842105263,0.48275862068965514,0.7777777777777777,0.8344419807834442,0.11,High,2
0.1333333333333333,0.5789473684210527,0.92,0.02200000000000002,0.0,0.2631578947368421,1.0,1.0,0.9231337767923136,0.03,High,2
0.9333333333333333,0.2631578947368421,0.587,0.6880000000000002,0.2857142857142857,0.3684210526315789,0.896551724137931,0.8888888888888888,0.5055432372505544,0.78,Medium,1
0.8666666666666669,0.42105263157894735,0.23299999999999998,0.30200000000000005,0.8571428571428571,0.5789473684210527,0.20689655172413793,0.8888888888888888,0.361419068736142,0.505,Medium,1
0.19999999999999996,0.42105263157894735,0.68,0.956,1.0,0.0,0.10344827586206896,0.3333333333333333,0.7324464153732446,0.33,Medium,1
0.6000000000000001,0.7894736842105263,0.049000000000000044,0.18200000000000005,1.0,0.9473684210526315,0.8620689655172413,0.4444444444444444,0.0509977827050998,0.86,Medium,1
0.6000000000000001,0.3157894736842105,0.0040000000000000036,0.5,0.42857142857142855,0.05263157894736842,0.06896551724137931,0.0,0.1441241685144124,0.27,Low,0
1.0000000000000002,0.7894736842105263,0.17500000000000004,0.6160000000000001,0.5714285714285714,0.47368421052631576,0.896551724137931,0.5555555555555556,0.2756836659275684,0.765,Low,0
0.1333333333333333,0.21052631578947367,0.525,0.5,0.2857142857142857,0.10526315789473684,0.48275862068965514,0.3333333333333333,0.393939393939394,0.18,Low,0
0.06666666666666665,0.3157894736842105,0.4960000000000001,0.05600000000000005,0.42857142857142855,0.21052631578947367,0.7931034482758621,0.6666666666666666,0.2586844050258686,0.31,Medium,1
0.06666666666666665,0.3684210526315789,0.21699999999999997,0.492,0.8571428571428571,0.42105263157894735,0.9655172413793103,0.2222222222222222,0.3991130820399113,0.58,Low,0
0.4666666666666668,0.0,0.781,0.9600000000000002,0.0,0.47368421052631576,0.8275862068965517,0.1111111111111111,0.6045824094604584,0.435,Low,0
0.26666666666666683,0.15789473684210525,0.9289999999999999,0.774,0.2857142857142857,0.3684210526315789,0.8620689655172413,0.1111111111111111,0.9290465631929048,0.655,Medium,1
0.8,0.7368421052631579,0.030999999999999972,0.8960000000000001,1.0,0.05263157894736842,0.0,0.3333333333333333,0.15077605321507764,0.395,Low,0
0.8666666666666669,0.8421052631578947,0.30000000000000004,0.788,0.0,0.21052631578947367,0.48275862068965514,0.6666666666666666,0.40502586844050265,0.04,Low,0
0.5333333333333334,0.3157894736842105,0.359,0.18399999999999994,0.8571428571428571,0.3157894736842105,0.10344827586206896,0.2222222222222222,0.3628972653362897,0.565,Medium,1
0.19999999999999996,0.7894736842105263,0.253,0.9440000000000002,0.8571428571428571,0.6842105263157894,0.41379310344827586,0.1111111111111111,0.37546193643754616,0.96,Low,0
0.4666666666666668,0.3157894736842105,0.32100000000000006,0.49,0.14285714285714285,0.05263157894736842,0.10344827586206896,0.2222222222222222,0.3252032520325204,0.47,Low,0
0.6666666666666667,0.10526315789473684,0.254,0.9039999999999999,0.7142857142857142,0.6842105263157894,0.8275862068965517,0.8888888888888888,0.18033998521803402,0.715,Low,0
0.26666666666666683,0.5789473684210527,0.07699999999999996,0.8200000000000001,0.8571428571428571,0.0,0.6551724137931034,0.2222222222222222,0.2106430155210644,0.74,Low,0
0.6000000000000001,0.15789473684210525,0.5300000000000001,0.3679999999999999,0.8571428571428571,0.47368421052631576,0.5172413793103449,0.5555555555555556,0.6053215077605323,0.825,Medium,1
0.6000000000000001,0.0,0.21100000000000008,0.988,0.5714285714285714,0.7894736842105263,0.06896551724137931,0.4444444444444444,0.37324464153732456,0.12,Medium,1
0.3333333333333335,0.6842105263157894,0.5650000000000001,0.09999999999999998,0.2857142857142857,0.47368421052631576,0.7586206896551724,0.4444444444444444,0.5528455284552847,0.24,High,2
0.5333333333333334,0.21052631578947367,0.68,0.3400000000000001,0.7142857142857142,0.7894736842105263,0.10344827586206896,0.0,0.6393200295639321,0.345,High,2
0.1333333333333333,0.6842105263157894,0.5300000000000001,0.9480000000000002,0.2857142857142857,0.47368421052631576,0.6896551724137931,0.4444444444444444,0.4138950480413896,0.86,Low,0
0.8,0.3684210526315789,0.247,0.5720000000000001,0.5714285714285714,0.5789473684210527,0.20689655172413793,0.6666666666666666,0.2645971914264597,0.145,Low,0
0.9333333333333333,0.05263157894736842,0.5720000000000001,0.28600000000000003,0.14285714285714285,0.2631578947368421,0.896551724137931,0.8888888888888888,0.5949741315594974,0.645,Medium,1
0.06666666666666665,0.0,0.787,0.31199999999999983,0.0,0.10526315789473684,0.034482758620689655,0.7777777777777777,0.7915742793791576,0.54,Medium,1
0.7333333333333332,0.10526315789473684,0.6390000000000001,0.268,1.0,0.9473684210526315,0.48275862068965514,0.0,0.5151515151515151,0.535,Medium,1
1.0000000000000002,0.9473684210526315,0.45600000000000007,0.532,0.8571428571428571,0.5263157894736842,0.5862068965517241,0.5555555555555556,0.3828529194382854,0.58,Medium,1
0.19999999999999996,0.7368421052631579,0.542,0.8100000000000003,1.0,0.3684210526315789,0.10344827586206896,0.2222222222222222,0.4818920916481893,0.215,Medium,1
0.4666666666666668,0.5263157894736842,0.279,0.6220000000000001,0.42857142857142855,0.42105263157894735,0.3103448275862069,0.8888888888888888,0.3089430894308944,0.34,Low,0
0.3333333333333335,0.9473684210526315,0.8990000000000001,0.246,0.42857142857142855,0.21052631578947367,0.13793103448275862,0.8888888888888888,0.657058388765706,0.895,Medium,1
0.5333333333333334,0.15789473684210525,0.8560000000000002,0.75,0.14285714285714285,0.3684210526315789,0.6206896551724138,1.0,0.830007390983001,0.61,Medium,1
0.6000000000000001,0.05263157894736842,0.5990000000000001,0.9219999999999999,0.14285714285714285,0.42105263157894735,0.8275862068965517,0.7777777777777777,0.6060606060606062,0.605,Medium,1
0.9333333333333333,0.8421052631578947,0.628,0.126,0.7142857142857142,0.8421052631578947,0.27586206896551724,0.5555555555555556,0.48928307464892845,0.63,High,2
0.8,0.3157894736842105,0.9700000000000001,0.726,0.14285714285714285,0.15789473684210525,0.034482758620689655,0.4444444444444444,0.9741315594974134,0.305,Medium,1
0.06666666666666665,0.9473684210526315,0.04500000000000004,0.0119999999999999,0.7142857142857142,1.0,0.3793103448275862,0.5555555555555556,0.5018477457501849,0.29,Medium,1
0.6666666666666667,0.5263157894736842,0.8230000000000001,0.9120000000000001,0.5714285714285714,0.7894736842105263,0.4482758620689655,0.3333333333333333,0.7427937915742795,0.4,Medium,1
0.19999999999999996,0.3157894736842105,0.9700000000000001,0.726,0.5714285714285714,0.631578947368421,0.06896551724137931,0.0,0.7782705099778271,0.11,High,2
0.6666666666666667,1.0,0.8290000000000001,0.4970000000000001,0.8571428571428571,0.6842105263157894,0.5517241379310345,1.0,0.6348854397634887,0.36,High,2
0.0,0.0,0.07699999999999996,0.77,0.5714285714285714,0.15789473684210525,0.6896551724137931,0.3333333333333333,0.18625277161862536,0.895,Low,0
0.7333333333333332,0.9473684210526315,0.377,0.248,0.14285714285714285,0.10526315789473684,0.27586206896551724,0.8888888888888888,0.5188470066518849,0.055,Medium,1
0.19999999999999996,0.8421052631578947,0.666,0.6320000000000001,0.7142857142857142,0.5789473684210527,0.7241379310344828,0.5555555555555556,0.6415373244641538,0.26,High,2
0.0,0.8421052631578947,0.761,0.6580000000000001,0.0,0.42105263157894735,0.6896551724137931,0.6666666666666666,0.6821877309682187,0.91,Medium,1
0.1333333333333333,0.3157894736842105,0.8190000000000001,0.45999999999999996,0.14285714285714285,0.7894736842105263,0.5172413793103449,0.1111111111111111,0.6407982261640799,0.885,High,2
1.0000000000000002,0.10526315789473684,0.45899999999999996,0.794,0.5714285714285714,0.2631578947368421,0.1724137931034483,0.3333333333333333,0.5757575757575759,0.62,Low,0
0.19999999999999996,0.10526315789473684,0.8570000000000001,0.016000000000000014,0.0,0.05263157894736842,0.06896551724137931,0.7777777777777777,0.6533628972653365,0.955,Medium,1
1.0000000000000002,0.894736842105263,0.4890000000000001,0.44399999999999995,0.2857142857142857,0.2631578947368421,0.034482758620689655,0.6666666666666666,0.567627494456763,0.08,Medium,1
0.1333333333333333,0.3157894736842105,0.17699999999999994,0.050000000000000044,1.0,0.05263157894736842,0.5172413793103449,1.0,0.3096821877309683,0.685,Medium,1
0.4666666666666668,0.8421052631578947,0.17699999999999994,0.4099999999999999,0.2857142857142857,0.05263157894736842,0.27586206896551724,1.0,0.1958610495195861,0.54,Low,0
0.6000000000000001,0.7894736842105263,0.29700000000000004,0.256,0.7142857142857142,0.8421052631578947,0.7241379310344828,0.3333333333333333,0.20473022912047306,0.12,Medium,1
0.8,0.15789473684210525,0.6330000000000001,0.726,0.0,0.42105263157894735,0.896551724137931,0.4444444444444444,0.6733185513673319,0.15,Medium,1
0.4666666666666668,0.47368421052631576,0.584,0.08399999999999996,0.2857142857142857,0.21052631578947367,0.24137931034482757,0.4444444444444444,0.4944567627494458,0.34,Medium,1
0.6666666666666667,0.0,0.129,0.6759999999999999,0.5714285714285714,1.0,0.6896551724137931,0.2222222222222222,0.24020694752402078,0.07,Medium,1
0.6000000000000001,0.9473684210526315,0.6310000000000001,0.562,0.0,0.7894736842105263,0.3448275862068966,0.2222222222222222,0.7450110864745012,0.995,Medium,1
1.0000000000000002,0.7894736842105263,0.061000000000000054,0.051999999999999935,0.14285714285714285,0.47368421052631576,0.034482758620689655,0.8888888888888888,0.15003695491500374,0.695,Medium,1
0.9333333333333333,0.7368421052631579,0.272,0.8780000000000001,0.8571428571428571,0.2631578947368421,0.1724137931034483,0.7777777777777777,0.2601626016260163,0.915,Low,0
0.4666666666666668,0.3157894736842105,0.8720000000000002,0.17799999999999994,0.2857142857142857,0.7894736842105263,1.0,0.1111111111111111,0.6474501108647452,0.46,Medium,1
0.6666666666666667,0.47368421052631576,0.42200000000000004,0.5940000000000001,0.14285714285714285,0.7894736842105263,0.27586206896551724,0.4444444444444444,0.3998521803399852,0.61,Medium,1
0.1333333333333333,0.8421052631578947,0.09199999999999997,0.5740000000000001,0.14285714285714285,0.3684210526315789,0.06896551724137931,0.2222222222222222,0.18033998521803402,0.945,Low,0
0.26666666666666683,0.05263157894736842,0.44900000000000007,0.734,0.5714285714285714,0.47368421052631576,0.06896551724137931,0.5555555555555556,0.52549889135255,0.105,Medium,1
0.8666666666666669,1.0,0.8300000000000002,0.5720000000000001,0.0,0.0,0.20689655172413793,0.5555555555555556,0.6023651145602367,0.69,Medium,1
0.7333333333333332,0.631578947368421,0.518,0.276,0.5714285714285714,0.21052631578947367,0.20689655172413793,0.6666666666666666,0.6090169992609018,0.485,Medium,1
0.6666666666666667,0.9473684210526315,0.6010000000000001,0.15600000000000003,0.42857142857142855,0.894736842105263,0.3448275862068966,0.6666666666666666,0.5018477457501849,0.81,High,2
0.26666666666666683,0.5263157894736842,0.7240000000000001,0.8840000000000001,1.0,0.3684210526315789,0.7241379310344828,0.8888888888888888,0.6711012564671102,0.285,High,2
0.3333333333333335,0.7894736842105263,0.8720000000000002,0.3759999999999999,0.14285714285714285,0.5789473684210527,0.6896551724137931,0.2222222222222222,0.8285291943828532,0.445,Medium,1
0.6666666666666667,0.894736842105263,0.898,0.21999999999999997,0.14285714285714285,0.9473684210526315,0.13793103448275862,0.8888888888888888,0.7346637102734666,0.945,High,2
1.0000000000000002,0.6842105263157894,0.9250000000000002,0.8859999999999999,0.0,0.9473684210526315,0.8275862068965517,0.7777777777777777,0.7974870657797488,0.35,High,2
0.8666666666666669,0.9473684210526315,0.10699999999999998,0.5900000000000001,0.42857142857142855,0.2631578947368421,0.3103448275862069,0.0,0.15742793791574278,0.04,Low,0
0.3333333333333335,0.5263157894736842,0.137,0.41400000000000015,0.0,0.15789473684210525,0.41379310344827586,0.0,0.12195121951219517,0.48,Low,0
1.0000000000000002,0.42105263157894735,0.5710000000000001,0.8559999999999999,0.8571428571428571,0.3157894736842105,0.7586206896551724,0.1111111111111111,0.5240206947524022,0.35,Low,0
0.8666666666666669,1.0,0.4960000000000001,0.6960000000000002,0.2857142857142857,0.631578947368421,0.6206896551724138,0.1111111111111111,0.8876570583887657,0.92,Medium,1
0.4666666666666668,0.10526315789473684,0.19000000000000006,0.5800000000000001,0.2857142857142857,0.0,0.9310344827586207,0.4444444444444444,0.24020694752402078,0.21,Low,0
0.5333333333333334,0.9473684210526315,0.14600000000000002,0.35199999999999987,0.42857142857142855,0.2631578947368421,0.06896551724137931,0.0,0.279379157427938,0.235,Low,0
0.5333333333333334,0.5263157894736842,0.9400000000000001,0.1359999999999999,0.2857142857142857,0.3157894736842105,0.27586206896551724,0.1111111111111111,0.8994826311899484,0.36,Medium,1
0.1333333333333333,0.3684210526315789,0.5449999999999999,0.22999999999999998,1.0,0.47368421052631576,0.5172413793103449,0.2222222222222222,0.40206947524020703,0.73,High,2
0.4666666666666668,1.0,0.634,0.20599999999999996,1.0,0.05263157894736842,0.41379310344827586,0.4444444444444444,0.696969696969697,0.24,Medium,1
0.1333333333333333,0.6842105263157894,0.017000000000000015,0.14,0.8571428571428571,0.47368421052631576,0.7931034482758621,0.6666666666666666,0.028085735402808565,0.705,Medium,1
0.5333333333333334,0.47368421052631576,0.723,0.8840000000000001,0.2857142857142857,0.47368421052631576,0.13793103448275862,0.6666666666666666,0.7479674796747968,0.4,Medium,1
0.06666666666666665,0.15789473684210525,0.123,0.8160000000000001,1.0,0.7368421052631579,0.9310344827586207,0.5555555555555556,0.12047302291204726,0.825,Medium,1
1.0000000000000002,0.2631578947368421,0.606,0.9219999999999999,0.42857142857142855,0.47368421052631576,0.5172413793103449,0.0,0.6688839615668885,0.855,Low,0
0.06666666666666665,0.8421052631578947,0.9289999999999999,0.796,0.0,0.7368421052631579,0.20689655172413793,0.8888888888888888,0.8662232076866225,0.5,High,2
0.06666666666666665,0.0,0.868,0.9059999999999999,0.7142857142857142,0.42105263157894735,0.6551724137931034,0.2222222222222222,0.6651884700665189,1.0,Medium,1
0.1333333333333333,1.0,0.753,0.76,0.42857142857142855,0.894736842105263,0.7586206896551724,0.8888888888888888,0.8019216555801922,0.415,High,2
0.4666666666666668,0.8421052631578947,0.5710000000000001,0.10999999999999999,0.0,0.7894736842105263,0.13793103448275862,0.3333333333333333,0.5121951219512197,0.07,High,2
0.06666666666666665,0.15789473684210525,0.945,0.6820000000000002,0.5714285714285714,0.8421052631578947,0.6206896551724138,0.5555555555555556,0.6925351071692536,0.685,High,2
0.06666666666666665,0.894736842105263,0.246,0.8399999999999999,0.2857142857142857,1.0,0.0,0.1111111111111111,0.3643754619364376,0.97,Medium,1
0.4666666666666668,0.3157894736842105,0.6429999999999999,0.774,0.2857142857142857,0.894736842105263,0.3448275862068966,0.3333333333333333,0.7132298595713231,0.72,High,2
0.9333333333333333,0.631578947368421,0.7240000000000001,0.47,0.2857142857142857,0.3684210526315789,0.10344827586206896,0.1111111111111111,0.7649667405764968,0.965,Medium,1
0.9333333333333333,0.2631578947368421,0.8099999999999999,0.484,0.14285714285714285,0.15789473684210525,0.10344827586206896,0.1111111111111111,0.6770140428677014,0.47,Low,0
0.40000000000000013,0.7368421052631579,0.8099999999999999,0.19600000000000006,0.8571428571428571,0.2631578947368421,0.13793103448275862,0.1111111111111111,0.5018477457501849,0.9,Medium,1
0.4666666666666668,0.631578947368421,0.0010000000000000009,0.5780000000000001,1.0,0.894736842105263,0.6206896551724138,0.6666666666666666,0.5018477457501849,0.57,Medium,1
0.0,0.2631578947368421,0.579,0.252,0.42857142857142855,0.6842105263157894,0.20689655172413793,0.8888888888888888,0.5070214338507022,0.47,High,2
0.6666666666666667,0.8421052631578947,0.42100000000000015,0.788,0.42857142857142855,0.7894736842105263,0.8620689655172413,1.0,0.5033259423503327,0.785,Medium,1
0.9333333333333333,0.15789473684210525,0.5670000000000001,0.9019999999999999,0.7142857142857142,0.21052631578947367,0.7241379310344828,1.0,0.4863266814486327,0.475,Medium,1
0.06666666666666665,0.631578947368421,0.7779999999999999,0.43000000000000016,0.14285714285714285,0.3684210526315789,0.6551724137931034,0.1111111111111111,0.5018477457501849,0.6,Medium,1
0.40000000000000013,0.21052631578947367,0.773,0.752,0.2857142857142857,0.631578947368421,0.24137931034482757,0.2222222222222222,0.8263118994826313,0.455,Medium,1
0.3333333333333335,0.10526315789473684,0.89,0.494,0.0,0.7368421052631579,0.0,0.6666666666666666,0.796008869179601,0.45,Medium,1
1.0000000000000002,0.47368421052631576,0.30100000000000005,0.16199999999999992,1.0,0.42105263157894735,1.0,0.6666666666666666,0.4944567627494458,0.94,Medium,1
0.4666666666666668,0.5789473684210527,0.836,0.6960000000000002,0.14285714285714285,0.5789473684210527,0.10344827586206896,0.2222222222222222,0.8691796008869179,0.115,Medium,1
0.6666666666666667,0.5789473684210527,0.4960000000000001,0.6619999999999999,0.0,0.3157894736842105,0.1724137931034483,0.2222222222222222,0.6348854397634887,0.06,Medium,1
0.8666666666666669,0.3157894736842105,0.508,0.9179999999999999,0.5714285714285714,0.10526315789473684,0.3793103448275862,0.0,0.4804138950480415,0.745,Low,0
1.0000000000000002,0.3684210526315789,0.874,0.3939999999999999,0.7142857142857142,0.5263157894736842,0.5172413793103449,0.4444444444444444,0.729490022172949,0.87,Medium,1
0.26666666666666683,0.5263157894736842,0.8830000000000001,0.8820000000000001,1.0,0.42105263157894735,0.7586206896551724,0.8888888888888888,0.5018477457501849,0.58,Medium,1
0.9333333333333333,0.3684210526315789,0.366,0.262,0.8571428571428571,0.3157894736842105,0.3448275862068966,0.2222222222222222,0.40576496674057655,0.23,Medium,1
0.1333333333333333,0.47368421052631576,0.43300000000000005,0.748,0.7142857142857142,0.15789473684210525,0.41379310344827586,0.5555555555555556,0.567627494456763,0.995,Medium,1
0.06666666666666665,0.10526315789473684,0.243,0.08599999999999997,0.42857142857142855,0.21052631578947367,0.41379310344827586,0.7777777777777777,0.2993348115299335,0.91,Medium,1
0.40000000000000013,0.8421052631578947,0.674,0.17200000000000004,0.8571428571428571,0.15789473684210525,0.4482758620689655,0.6666666666666666,0.6356245380635626,0.76,Medium,1
1.0000000000000002,0.631578947368421,0.16600000000000004,0.692,0.2857142857142857,0.15789473684210525,0.6896551724137931,0.7777777777777777,0.31929046563192903,0.535,Low,0
0.6666666666666667,0.05263157894736842,0.7859999999999999,0.09399999999999997,0.42857142857142855,0.5263157894736842,0.24137931034482757,0.2222222222222222,0.6681448632668145,0.295,High,2
0.26666666666666683,0.5789473684210527,0.532,0.6759999999999999,0.5714285714285714,0.5789473684210527,0.1724137931034483,0.5555555555555556,0.5129342202512936,0.545,Medium,1
0.7333333333333332,0.7894736842105263,0.46199999999999997,0.4970000000000001,0.14285714285714285,0.7894736842105263,0.06896551724137931,0.3333333333333333,0.3791574279379158,0.24,Medium,1
0.26666666666666683,0.21052631578947367,0.02400000000000002,0.4970000000000001,0.5714285714285714,0.9473684210526315,0.48275862068965514,0.8888888888888888,0.08795269770879527,0.98,Medium,1
0.19999999999999996,0.3684210526315789,0.8450000000000001,0.9359999999999999,0.0,0.05263157894736842,0.1724137931034483,0.1111111111111111,0.8019216555801922,0.155,Low,0
0.4666666666666668,0.42105263157894735,0.01100000000000001,0.956,0.0,0.10526315789473684,0.8620689655172413,0.1111111111111111,0.18699186991869926,0.44,Low,0
0.8,1.0,0.89,0.3720000000000001,0.0,0.15789473684210525,0.034482758620689655,0.2222222222222222,0.7745750184774576,0.015,Medium,1
0.3333333333333335,0.15789473684210525,0.268,0.9160000000000001,0.14285714285714285,0.15789473684210525,0.3793103448275862,0.2222222222222222,0.2904656319290467,0.28,Low,0
0.6000000000000001,0.05263157894736842,0.6509999999999999,0.4970000000000001,0.14285714285714285,0.894736842105263,0.5517241379310345,0.6666666666666666,0.5225424981522544,0.46,High,2
0.4666666666666668,0.15789473684210525,0.8019999999999999,0.29800000000000004,0.7142857142857142,0.7368421052631579,0.3103448275862069,0.5555555555555556,0.6637102734663711,0.11,Medium,1
0.9333333333333333,0.2631578947368421,0.36,0.99,0.5714285714285714,0.47368421052631576,0.7931034482758621,0.3333333333333333,0.5321507760532151,0.405,Low,0
0.5333333333333334,0.631578947368421,0.638,0.018000000000000016,0.42857142857142855,0.8421052631578947,0.20689655172413793,0.5555555555555556,0.6681448632668145,0.135,High,2
0.3333333333333335,0.9473684210526315,0.676,0.3500000000000001,0.5714285714285714,0.05263157894736842,0.034482758620689655,1.0,0.5114560236511458,0.64,Medium,1
0.9333333333333333,0.47368421052631576,0.8370000000000001,0.6500000000000001,0.8571428571428571,0.2631578947368421,0.5862068965517241,0.6666666666666666,0.8824833702882484,0.285,High,2
0.5333333333333334,0.5789473684210527,0.709,0.6580000000000001,0.0,0.631578947368421,0.0,0.1111111111111111,0.7945306725794532,0.965,Medium,1
0.1333333333333333,0.10526315789473684,0.02999999999999997,0.1060000000000001,0.14285714285714285,0.47368421052631576,0.5862068965517241,0.1111111111111111,0.25129342202512933,0.27,Low,0
0.4666666666666668,0.631578947368421,0.9,0.9480000000000002,0.0,0.47368421052631576,0.4482758620689655,0.5555555555555556,0.7243163340724317,0.12,Low,0
0.8666666666666669,0.3157894736842105,0.38,0.79,0.14285714285714285,0.10526315789473684,0.6551724137931034,1.0,0.33924611973392477,0.185,Medium,1
0.1333333333333333,0.42105263157894735,0.614,0.6859999999999999,0.7142857142857142,1.0,0.9655172413793103,1.0,0.4944567627494458,0.395,High,2
0.7333333333333332,0.05263157894736842,0.07500000000000001,0.31000000000000005,0.5714285714285714,0.42105263157894735,0.6551724137931034,0.5555555555555556,0.16555801921655583,0.355,Low,0
0.8,0.0,0.21100000000000008,0.43200000000000016,0.8571428571428571,0.3157894736842105,0.3793103448275862,0.8888888888888888,0.4168514412416852,0.79,Medium,1
0.4666666666666668,1.0,0.494,0.09399999999999997,0.5714285714285714,0.5789473684210527,0.896551724137931,0.7777777777777777,0.43754619364375474,0.82,Medium,1
0.8,0.0,0.8460000000000002,0.508,0.2857142857142857,0.6842105263157894,0.7931034482758621,0.0,0.8654841093865486,0.7,Medium,1
0.19999999999999996,0.8421052631578947,0.11299999999999999,0.6320000000000001,0.14285714285714285,0.9473684210526315,0.5862068965517241,0.0,0.345158906134516,0.075,Medium,1
0.8666666666666669,0.0,0.33099999999999996,0.10199999999999998,0.7142857142857142,0.47368421052631576,0.7586206896551724,0.4444444444444444,0.39246119733924617,0.465,Medium,1
0.06666666666666665,0.10526315789473684,0.608,0.6260000000000001,0.7142857142857142,0.7894736842105263,0.034482758620689655,0.1111111111111111,0.5979305247597932,0.835,Medium,1
0.9333333333333333,0.0,0.396,0.716,0.8571428571428571,0.21052631578947367,1.0,0.5555555555555556,0.4678492239467849,0.745,Low,0
0.1333333333333333,0.7368421052631579,0.511,0.4960000000000002,0.42857142857142855,0.7368421052631579,0.24137931034482757,0.2222222222222222,0.4959349593495936,0.17,Medium,1
0.1333333333333333,0.9473684210526315,0.51,0.74,0.2857142857142857,1.0,0.4482758620689655,0.3333333333333333,0.38507021433850713,0.25,High,2
0.0,0.631578947368421,0.29000000000000004,0.49,0.7142857142857142,0.21052631578947367,0.20689655172413793,0.1111111111111111,0.32076866223207695,0.79,Low,0
1.0000000000000002,0.15789473684210525,0.658,0.051999999999999935,1.0,0.10526315789473684,0.6551724137931034,0.0,0.48928307464892845,0.7,Medium,1
0.9333333333333333,0.3157894736842105,0.15599999999999992,0.238,0.7142857142857142,0.47368421052631576,0.3103448275862069,0.4444444444444444,0.16555801921655583,0.665,Medium,1
0.9333333333333333,0.42105263157894735,0.31500000000000006,0.6240000000000001,0.14285714285714285,0.10526315789473684,0.4482758620689655,0.0,0.2439024390243903,0.93,Low,0
0.8,0.10526315789473684,0.9580000000000001,0.17599999999999993,0.5714285714285714,0.9473684210526315,0.5172413793103449,0.4444444444444444,0.7080561714708056,0.88,High,2
0.26666666666666683,0.894736842105263,0.264,0.30000000000000004,0.42857142857142855,0.2631578947368421,0.27586206896551724,0.5555555555555556,0.2135994087213599,0.16,Medium,1
0.8,0.6842105263157894,0.395,0.19399999999999995,0.42857142857142855,0.631578947368421,0.7931034482758621,0.6666666666666666,0.3089430894308944,0.06,Medium,1
0.5333333333333334,0.05263157894736842,0.10199999999999998,0.23399999999999999,0.0,0.3157894736842105,0.3793103448275862,0.7777777777777777,0.2645971914264597,0.105,Medium,1
0.1333333333333333,0.631578947368421,0.14300000000000002,0.35199999999999987,1.0,0.47368421052631576,0.7241379310344828,0.4444444444444444,0.26903178122690324,0.405,Medium,1
0.4666666666666668,0.631578947368421,0.20999999999999996,0.6640000000000001,0.8571428571428571,0.3157894736842105,0.5172413793103449,1.0,0.2601626016260163,0.025,Medium,1
0.9333333333333333,0.5789473684210527,0.05300000000000005,0.8320000000000001,0.5714285714285714,0.894736842105263,0.48275862068965514,0.2222222222222222,0.25055432372505543,0.28,Low,0
0.1333333333333333,0.631578947368421,0.5650000000000001,0.03400000000000003,0.8571428571428571,0.6842105263157894,0.3448275862068966,1.0,0.6164079822616408,0.89,High,2
0.40000000000000013,0.894736842105263,0.243,0.43399999999999994,0.2857142857142857,0.3684210526315789,0.20689655172413793,0.5555555555555556,0.40946045824094607,0.95,Medium,1
0.0,0.10526315789473684,0.691,0.558,1.0,0.47368421052631576,0.1724137931034483,0.1111111111111111,0.713968957871397,0.64,Medium,1
0.6666666666666667,0.47368421052631576,0.17599999999999993,0.16199999999999992,0.14285714285714285,0.5263157894736842,0.1724137931034483,0.1111111111111111,0.13968957871396898,0.955,Low,0
0.7333333333333332,0.47368421052631576,0.45500000000000007,0.782,1.0,0.0,0.5172413793103449,0.3333333333333333,0.5971914264597191,0.415,Low,0
0.1333333333333333,0.42105263157894735,0.8019999999999999,0.3599999999999999,0.5714285714285714,0.0,0.7241379310344828,0.1111111111111111,0.6289726533628974,0.195,Low,0
0.6666666666666667,0.7368421052631579,0.3610000000000001,0.266,0.5714285714285714,0.2631578947368421,0.6206896551724138,0.5555555555555556,0.45380635624538074,0.845,Medium,1
0.26666666666666683,0.2631578947368421,0.17100000000000004,0.6300000000000001,0.5714285714285714,0.3684210526315789,0.20689655172413793,0.1111111111111111,0.2963784183296379,0.26,Low,0
0.8,1.0,0.22999999999999998,0.522,0.0,0.42105263157894735,0.20689655172413793,0.8888888888888888,0.44419807834442,0.845,Low,0
0.4666666666666668,0.8421052631578947,0.274,0.252,0.2857142857142857,0.2631578947368421,0.27586206896551724,0.8888888888888888,0.47228381374722844,0.485,Medium,1
0.9333333333333333,0.5789473684210527,0.4109999999999999,0.5860000000000001,0.2857142857142857,0.631578947368421,0.5517241379310345,0.2222222222222222,0.35328898743532894,0.905,Low,0
0.26666666666666683,0.10526315789473684,0.61,0.15399999999999991,0.8571428571428571,0.2631578947368421,0.48275862068965514,1.0,0.5912786400591281,0.63,Medium,1
0.4666666666666668,0.47368421052631576,0.9650000000000002,0.21199999999999997,0.0,0.0,0.20689655172413793,0.5555555555555556,0.9852180339985219,0.735,Medium,1
0.8,0.894736842105263,0.8370000000000001,0.256,0.8571428571428571,0.894736842105263,0.8620689655172413,1.0,0.8802660753880267,0.99,High,2
0.4666666666666668,0.15789473684210525,0.251,0.1279999999999999,1.0,0.7368421052631579,0.7931034482758621,0.7777777777777777,0.2601626016260163,0.13,High,2
0.40000000000000013,0.21052631578947367,0.16799999999999993,0.804,0.5714285714285714,0.9473684210526315,0.3793103448275862,0.6666666666666666,0.1766444937176645,0.215,Medium,1
0.06666666666666665,0.3684210526315789,0.9680000000000001,0.6660000000000001,0.14285714285714285,0.8421052631578947,0.06896551724137931,0.0,0.8743532889874355,0.465,High,2
0.19999999999999996,0.3684210526315789,0.7060000000000001,0.3599999999999999,0.7142857142857142,0.2631578947368421,0.3448275862068966,0.4444444444444444,0.5572801182557281,0.12,High,2
0.1333333333333333,0.9473684210526315,0.32400000000000007,0.40000000000000013,0.5714285714285714,0.3684210526315789,0.10344827586206896,0.7777777777777777,0.2572062084257207,0.77,Medium,1
0.3333333333333335,0.47368421052631576,0.16799999999999993,0.244,0.5714285714285714,0.21052631578947367,0.6551724137931034,0.1111111111111111,0.3932002956393201,0.255,Low,0
0.8666666666666669,0.3157894736842105,0.5720000000000001,0.019999999999999907,0.14285714285714285,0.15789473684210525,0.3448275862068966,0.8888888888888888,0.5092387287509239,0.785,High,2
0.7333333333333332,0.7368421052631579,0.8800000000000002,0.8600000000000001,0.2857142857142857,0.05263157894736842,0.13793103448275862,0.1111111111111111,0.8484848484848486,0.165,Medium,1
0.7333333333333332,0.15789473684210525,0.4580000000000001,0.8379999999999999,0.2857142857142857,0.5789473684210527,0.896551724137931,0.0,0.5964523281596452,0.005,Low,0
0.9333333333333333,0.47368421052631576,0.136,0.22599999999999998,1.0,0.894736842105263,0.6206896551724138,0.8888888888888888,0.15299334811529935,0.72,High,2
0.3333333333333335,0.631578947368421,0.09999999999999998,0.5700000000000001,1.0,0.7368421052631579,0.3793103448275862,0.6666666666666666,0.10864745011086474,0.935,Medium,1
0.19999999999999996,0.5263157894736842,0.28500000000000003,0.44399999999999995,0.5714285714285714,0.5263157894736842,0.7241379310344828,0.8888888888888888,0.33481152993348123,0.735,Medium,1
0.6666666666666667,0.8421052631578947,0.9010000000000001,0.7220000000000002,0.5714285714285714,0.47368421052631576,0.3103448275862069,0.8888888888888888,0.8787878787878791,0.07,High,2
0.8,0.894736842105263,0.15500000000000003,0.796,1.0,0.0,0.8620689655172413,0.6666666666666666,0.15003695491500374,0.745,Low,0
0.0,0.7894736842105263,0.751,0.18200000000000005,0.42857142857142855,0.10526315789473684,0.7931034482758621,0.8888888888888888,0.7036215816703624,0.82,High,2
0.0,0.5789473684210527,0.5720000000000001,0.18599999999999994,0.8571428571428571,0.894736842105263,0.41379310344827586,0.5555555555555556,0.45232815964523293,0.8,High,2
0.19999999999999996,0.8421052631578947,0.15700000000000003,0.716,1.0,0.21052631578947367,0.1724137931034483,0.2222222222222222,0.2283813747228382,0.085,Low,0
0.3333333333333335,0.3157894736842105,0.041000000000000036,0.15600000000000003,0.5714285714285714,0.3157894736842105,0.6206896551724138,0.4444444444444444,0.12121212121212116,0.425,Low,0
0.06666666666666665,0.7368421052631579,0.5369999999999999,0.06600000000000006,0.7142857142857142,0.9473684210526315,0.5172413793103449,0.8888888888888888,0.5683665927568369,0.33,High,2
0.8666666666666669,0.05263157894736842,0.041000000000000036,0.8340000000000001,0.8571428571428571,0.42105263157894735,0.7241379310344828,0.8888888888888888,0.14708056171470812,0.305,Medium,1
0.9333333333333333,0.10526315789473684,0.15100000000000002,0.21599999999999997,0.42857142857142855,1.0,0.5172413793103449,0.3333333333333333,0.14042867701404288,0.04,Medium,1
0.6666666666666667,0.15789473684210525,0.29900000000000004,0.8859999999999999,0.2857142857142857,0.5789473684210527,0.13793103448275862,0.6666666666666666,0.28381374722838143,0.575,Medium,1
0.3333333333333335,0.7894736842105263,0.377,0.516,0.0,0.0,0.1724137931034483,0.5555555555555556,0.47524020694752417,0.02,Low,0
0.40000000000000013,0.21052631578947367,0.9920000000000001,0.6599999999999999,0.5714285714285714,0.631578947368421,0.7931034482758621,0.0,0.8203991130820398,0.485,High,2
0.19999999999999996,0.3157894736842105,0.7000000000000001,0.5960000000000001,1.0,0.894736842105263,0.5517241379310345,0.0,0.515890613451589,0.27,High,2
0.4666666666666668,0.7894736842105263,0.511,0.6039999999999999,0.5714285714285714,0.15789473684210525,0.9310344827586207,0.3333333333333333,0.6016260162601628,0.845,Medium,1
0.3333333333333335,0.3157894736842105,0.9,0.954,0.42857142857142855,0.47368421052631576,0.896551724137931,0.8888888888888888,0.7590539541759056,0.005,Medium,1
0.3333333333333335,0.15789473684210525,0.20999999999999996,0.246,0.7142857142857142,0.5263157894736842,0.20689655172413793,0.1111111111111111,0.2830746489283074,0.635,Medium,1
0.06666666666666665,1.0,0.9520000000000001,0.41400000000000015,0.2857142857142857,0.631578947368421,0.4482758620689655,0.4444444444444444,0.9342202512934223,0.89,High,2
0.8666666666666669,0.7894736842105263,0.717,0.8160000000000001,0.7142857142857142,0.47368421052631576,0.5862068965517241,0.8888888888888888,0.7590539541759056,0.575,High,2
0.1333333333333333,0.8421052631578947,0.9230000000000002,0.1439999999999999,0.14285714285714285,0.3157894736842105,0.3103448275862069,0.6666666666666666,0.753880266075388,0.69,Medium,1
0.8,0.5789473684210527,0.678,0.4460000000000002,1.0,0.47368421052631576,0.27586206896551724,0.5555555555555556,0.5321507760532151,0.46,High,2
0.7333333333333332,0.3684210526315789,0.45600000000000007,0.10999999999999999,0.14285714285714285,0.05263157894736842,0.41379310344827586,0.3333333333333333,0.516629711751663,0.455,Medium,1
0.7333333333333332,0.42105263157894735,0.07100000000000001,0.16199999999999992,0.5714285714285714,0.5263157894736842,0.7586206896551724,0.4444444444444444,0.2431633407243164,0.985,Low,0
0.4666666666666668,0.631578947368421,0.31700000000000006,0.31000000000000005,0.7142857142857142,0.3684210526315789,0.41379310344827586,1.0,0.2601626016260163,0.005,Medium,1
0.3333333333333335,0.47368421052631576,0.5810000000000001,0.051999999999999935,0.42857142857142855,0.5263157894736842,0.10344827586206896,0.2222222222222222,0.42202512934220254,0.16,Medium,1
1.0000000000000002,0.6842105263157894,0.20099999999999996,0.18000000000000005,0.14285714285714285,0.47368421052631576,0.24137931034482757,1.0,0.15742793791574278,0.505,Medium,1
0.0,0.0,0.499,0.5900000000000001,0.8571428571428571,0.631578947368421,0.06896551724137931,0.0,0.4471544715447155,0.395,Medium,1
0.9333333333333333,0.5263157894736842,0.46799999999999997,0.6740000000000002,0.5714285714285714,0.21052631578947367,0.034482758620689655,0.0,0.4611973392461198,0.47,Low,0
0.0,0.2631578947368421,0.8480000000000002,0.6759999999999999,0.2857142857142857,0.8421052631578947,0.3793103448275862,0.4444444444444444,0.6260162601626016,0.69,High,2
0.1333333333333333,0.2631578947368421,0.569,0.8379999999999999,0.14285714285714285,1.0,0.5172413793103449,0.1111111111111111,0.6489283074648928,0.115,High,2
0.26666666666666683,0.5789473684210527,0.4960000000000001,0.3800000000000001,0.42857142857142855,0.21052631578947367,0.5517241379310345,0.1111111111111111,0.33702882483370294,0.755,Low,0
0.06666666666666665,0.47368421052631576,0.23099999999999998,0.704,0.0,0.9473684210526315,0.5172413793103449,0.5555555555555556,0.361419068736142,0.875,Medium,1
0.6666666666666667,0.631578947368421,0.28200000000000003,0.11199999999999988,0.14285714285714285,0.9473684210526315,0.5517241379310345,0.2222222222222222,0.4168514412416852,0.24,Medium,1
0.8666666666666669,0.5263157894736842,0.8210000000000001,0.17200000000000004,0.0,0.2631578947368421,0.1724137931034483,0.5555555555555556,0.7819660014781966,0.23,Medium,1
0.4666666666666668,0.631578947368421,0.3650000000000001,0.254,0.5714285714285714,0.47368421052631576,0.896551724137931,0.5555555555555556,0.32224685883222476,0.425,Medium,1
0.6000000000000001,0.42105263157894735,0.638,0.3660000000000001,0.7142857142857142,0.21052631578947367,0.13793103448275862,0.0,0.4641537324464155,0.345,Medium,1
0.3333333333333335,0.3684210526315789,0.586,0.956,0.0,0.8421052631578947,0.7931034482758621,0.3333333333333333,0.6585365853658536,0.825,Medium,1
0.0,0.2631578947368421,0.6490000000000001,0.09199999999999997,0.42857142857142855,0.3157894736842105,0.27586206896551724,0.6666666666666666,0.4981522542498153,0.82,Medium,1
0.40000000000000013,0.42105263157894735,0.7960000000000002,0.5880000000000001,1.0,0.5789473684210527,0.9310344827586207,0.3333333333333333,0.6171470805617147,0.25,High,2
0.4666666666666668,0.3157894736842105,0.275,0.544,1.0,0.9473684210526315,0.48275862068965514,0.6666666666666666,0.1921655580192166,0.525,High,2
0.7333333333333332,0.5789473684210527,0.503,0.752,0.42857142857142855,0.15789473684210525,0.20689655172413793,0.3333333333333333,0.6489283074648928,0.91,Low,0
0.0,0.21052631578947367,0.355,0.16999999999999993,0.7142857142857142,0.10526315789473684,0.6896551724137931,0.6666666666666666,0.345158906134516,0.795,Medium,1
0.8666666666666669,0.21052631578947367,0.6749999999999999,0.44399999999999995,0.42857142857142855,0.47368421052631576,0.3448275862068966,0.2222222222222222,0.6097560975609757,0.705,Medium,1
0.9333333333333333,0.0,0.6880000000000001,0.16600000000000004,0.0,0.631578947368421,0.06896551724137931,1.0,0.5558019216555803,0.42,High,2
0.9333333333333333,0.894736842105263,0.013999999999999957,0.25,0.42857142857142855,0.42105263157894735,0.8275862068965517,0.2222222222222222,0.22025129342202515,0.505,Low,0
0.7333333333333332,0.7894736842105263,0.14500000000000002,0.44000000000000017,1.0,0.47368421052631576,0.3103448275862069,0.3333333333333333,0.33702882483370294,0.715,Low,0
0.9333333333333333,0.7894736842105263,0.668,0.6020000000000001,0.2857142857142857,0.21052631578947367,0.9310344827586207,0.2222222222222222,0.696969696969697,0.525,Medium,1
0.26666666666666683,0.42105263157894735,0.368,0.6400000000000001,0.2857142857142857,0.42105263157894735,0.3448275862068966,0.5555555555555556,0.30376940133037705,0.66,Medium,1
0.5333333333333334,0.5263157894736842,0.8370000000000001,0.04600000000000004,0.0,0.3684210526315789,0.8620689655172413,1.0,0.7900960827790098,0.695,High,2
0.9333333333333333,0.5789473684210527,0.9860000000000001,0.6480000000000001,0.14285714285714285,0.631578947368421,0.0,0.5555555555555556,0.8765705838876572,0.08,High,2
0.7333333333333332,0.10526315789473684,0.9420000000000001,0.3779999999999999,0.0,0.3157894736842105,0.8620689655172413,0.2222222222222222,0.7324464153732446,0.01,Medium,1
0.9333333333333333,0.8421052631578947,0.277,0.242,0.42857142857142855,1.0,0.24137931034482757,0.5555555555555556,0.229859571322986,0.34,Medium,1
0.4666666666666668,0.05263157894736842,0.015000000000000013,0.4800000000000002,0.2857142857142857,0.42105263157894735,0.24137931034482757,1.0,0.10199556541019955,0.985,Medium,1
0.40000000000000013,0.8421052631578947,0.31100000000000005,0.3420000000000001,0.14285714285714285,0.10526315789473684,1.0,0.2222222222222222,0.361419068736142,0.07,Medium,1
0.7333333333333332,0.7894736842105263,0.8650000000000001,0.1359999999999999,1.0,0.15789473684210525,0.9310344827586207,0.2222222222222222,0.7649667405764968,0.505,Medium,1
0.3333333333333335,0.0,0.01100000000000001,0.44000000000000017,0.14285714285714285,0.21052631578947367,0.3793103448275862,0.1111111111111111,0.16777531411677754,0.03,Low,0
0.06666666666666665,0.05263157894736842,0.8810000000000001,0.18200000000000005,0.5714285714285714,0.42105263157894735,0.9655172413793103,0.2222222222222222,0.779009608277901,0.97,Medium,1
0.6666666666666667,0.9473684210526315,0.118,0.5840000000000001,0.7142857142857142,0.47368421052631576,0.10344827586206896,0.5555555555555556,0.26755358462675544,0.71,Medium,1
0.5333333333333334,1.0,0.119,0.9179999999999999,0.7142857142857142,0.42105263157894735,0.6896551724137931,0.5555555555555556,0.14634146341463422,0.89,Low,0
0.6666666666666667,0.15789473684210525,0.15100000000000002,0.952,0.42857142857142855,0.0,0.48275862068965514,0.7777777777777777,0.32150776053215085,0.625,Low,0
0.4666666666666668,0.21052631578947367,0.061000000000000054,0.798,0.42857142857142855,0.42105263157894735,0.6551724137931034,0.4444444444444444,0.20546932742054697,0.735,Low,0
1.0000000000000002,0.5263157894736842,0.9130000000000001,0.3340000000000001,0.2857142857142857,0.5263157894736842,0.0,1.0,0.6718403547671841,0.44,High,2
0.9333333333333333,0.10526315789473684,0.10399999999999998,0.31400000000000006,0.42857142857142855,0.7368421052631579,0.5172413793103449,0.0,0.17368810051736877,0.985,Low,0
1.0000000000000002,0.5263157894736842,0.01799999999999996,0.6900000000000002,0.2857142857142857,0.5263157894736842,0.41379310344827586,0.2222222222222222,0.20916481892091648,0.755,Low,0
0.4666666666666668,0.9473684210526315,0.41700000000000004,0.506,0.7142857142857142,0.47368421052631576,0.7586206896551724,0.1111111111111111,0.4663710273466372,0.65,Medium,1
0.26666666666666683,0.05263157894736842,0.4720000000000001,0.6740000000000002,0.42857142857142855,0.0,0.6896551724137931,0.6666666666666666,0.3636363636363638,0.805,Low,0
0.1333333333333333,0.05263157894736842,0.17000000000000004,0.692,0.5714285714285714,0.15789473684210525,0.48275862068965514,0.3333333333333333,0.2815964523281596,0.595,Low,0
0.8666666666666669,0.7368421052631579,0.892,0.29600000000000004,0.14285714285714285,0.47368421052631576,0.0,0.1111111111111111,0.6866223207686624,0.805,Medium,1
0.26666666666666683,0.631578947368421,0.30300000000000005,0.9239999999999999,0.8571428571428571,0.47368421052631576,0.9655172413793103,0.8888888888888888,0.23281596452328163,0.415,Medium,1
0.4666666666666668,0.3684210526315789,0.21900000000000008,0.8219999999999998,0.42857142857142855,0.5789473684210527,0.6206896551724138,0.0,0.38876570583887665,0.885,Low,0
0.4666666666666668,0.42105263157894735,0.30199999999999994,0.27,0.7142857142857142,0.6842105263157894,0.7586206896551724,0.8888888888888888,0.5018477457501849,0.57,Medium,1
0.26666666666666683,0.631578947368421,0.727,0.9039999999999999,0.2857142857142857,0.47368421052631576,0.3793103448275862,0.7777777777777777,0.607538802660754,0.715,High,2
0.0,0.8421052631578947,0.09800000000000003,0.718,0.0,0.5263157894736842,0.3103448275862069,0.3333333333333333,0.25424981522542506,0.01,Low,0
0.3333333333333335,1.0,0.14700000000000002,0.54,0.2857142857142857,0.8421052631578947,0.7241379310344828,0.4444444444444444,0.2631189948263119,0.505,Medium,1
0.40000000000000013,0.47368421052631576,0.356,0.31199999999999983,0.42857142857142855,0.15789473684210525,0.06896551724137931,0.5555555555555556,0.38433111603843323,0.355,Low,0
0.8666666666666669,0.631578947368421,0.7260000000000001,0.9780000000000002,1.0,0.10526315789473684,0.48275862068965514,0.6666666666666666,0.7553584626755359,0.305,High,2
0.8,0.0,0.254,0.03599999999999992,0.42857142857142855,0.3684210526315789,0.20689655172413793,1.0,0.21951219512195125,0.325,Medium,1
0.8,0.15789473684210525,0.8640000000000002,0.4960000000000002,0.42857142857142855,0.3157894736842105,0.7931034482758621,1.0,0.6415373244641538,0.235,High,2
0.3333333333333335,1.0,0.8320000000000002,0.18399999999999994,0.5714285714285714,0.42105263157894735,0.13793103448275862,1.0,0.672579453067258,0.245,High,2
0.8666666666666669,0.9473684210526315,0.38,0.9100000000000001,0.42857142857142855,0.3684210526315789,0.6896551724137931,0.3333333333333333,0.33481152993348123,0.345,Medium,1
0.5333333333333334,0.42105263157894735,0.8350000000000001,0.5780000000000001,0.5714285714285714,0.6842105263157894,0.7931034482758621,1.0,0.8898743532889877,0.385,High,2
0.4666666666666668,0.8421052631578947,0.07699999999999996,0.6679999999999999,0.5714285714285714,0.5263157894736842,0.27586206896551724,0.5555555555555556,0.08647450110864746,0.335,Low,0
0.06666666666666665,0.8421052631578947,0.30700000000000005,0.4800000000000002,0.8571428571428571,0.42105263157894735,0.27586206896551724,0.0,0.44124168514412426,0.645,Low,0
0.8,0.8421052631578947,0.43599999999999994,0.546,1.0,0.7894736842105263,0.06896551724137931,0.2222222222222222,0.37176644493717675,0.26,Medium,1
1.0000000000000002,0.6842105263157894,0.7140000000000001,0.952,0.7142857142857142,0.7368421052631579,0.41379310344827586,0.2222222222222222,0.6607538802660755,0.99,High,2
0.7333333333333332,0.894736842105263,0.04500000000000004,0.8600000000000001,1.0,0.10526315789473684,0.3793103448275862,0.6666666666666666,0.2276422764227642,0.775,Low,0
0.6000000000000001,0.15789473684210525,0.42799999999999994,0.6300000000000001,0.14285714285714285,0.3684210526315789,0.034482758620689655,0.4444444444444444,0.3481152993348116,0.9,Low,0
0.40000000000000013,0.3684210526315789,0.519,0.3839999999999999,0.0,0.2631578947368421,0.06896551724137931,0.3333333333333333,0.6393200295639321,0.485,Medium,1
0.6666666666666667,0.21052631578947367,0.31100000000000005,0.05800000000000005,0.2857142857142857,0.9473684210526315,0.6206896551724138,1.0,0.4116777531411678,0.18,High,2
0.6000000000000001,0.8421052631578947,0.11499999999999999,0.3839999999999999,0.7142857142857142,0.42105263157894735,0.5862068965517241,0.4444444444444444,0.3008130081300813,0.07,Medium,1
0.26666666666666683,0.47368421052631576,0.32199999999999995,0.44999999999999996,1.0,0.21052631578947367,0.3793103448275862,0.7777777777777777,0.3111603843311161,0.185,Medium,1
0.4666666666666668,0.7368421052631579,0.918,0.05600000000000005,0.0,0.7368421052631579,0.6896551724137931,0.0,0.6733185513673319,0.87,High,2
0.0,1.0,0.8750000000000001,0.8420000000000003,1.0,0.7894736842105263,0.7241379310344828,0.1111111111111111,0.8943089430894309,0.11,Medium,1
1.0000000000000002,0.7894736842105263,0.381,0.20599999999999996,1.0,1.0,0.3448275862068966,0.6666666666666666,0.33850702143385075,0.885,High,2
0.8,0.05263157894736842,0.9470000000000002,0.8539999999999999,0.0,0.631578947368421,0.7586206896551724,0.2222222222222222,0.7235772357723578,0.14,Medium,1
0.6000000000000001,0.7894736842105263,0.912,0.6580000000000001,0.14285714285714285,0.15789473684210525,0.06896551724137931,0.7777777777777777,0.6999260901699926,0.95,Medium,1
0.26666666666666683,0.8421052631578947,0.04400000000000004,0.07599999999999996,0.8571428571428571,0.5263157894736842,0.1724137931034483,0.7777777777777777,0.2786400591278641,0.36,Medium,1
0.9333333333333333,0.5263157894736842,0.9840000000000001,0.6779999999999999,1.0,0.631578947368421,0.6551724137931034,0.2222222222222222,0.8115299334811532,0.505,High,2
0.7333333333333332,0.3684210526315789,0.9620000000000001,0.027999999999999914,0.0,0.8421052631578947,0.896551724137931,1.0,0.8891352549889135,0.24,High,2
0.5333333333333334,0.631578947368421,0.8810000000000001,0.3740000000000001,0.2857142857142857,0.21052631578947367,0.896551724137931,1.0,0.835920177383592,0.625,Medium,1
0.7333333333333332,0.894736842105263,0.936,0.252,0.5714285714285714,1.0,0.9310344827586207,0.1111111111111111,0.9053954175905397,0.925,High,2
0.06666666666666665,0.7894736842105263,0.9420000000000001,0.9940000000000002,0.5714285714285714,0.15789473684210525,0.3103448275862069,0.0,0.7272727272727275,0.72,Low,0
0.06666666666666665,0.15789473684210525,0.45000000000000007,0.3640000000000001,0.5714285714285714,0.2631578947368421,0.8620689655172413,0.2222222222222222,0.47006651884700673,0.505,Low,0
0.3333333333333335,0.7368421052631579,0.9630000000000002,0.3340000000000001,0.0,0.42105263157894735,0.27586206896551724,0.1111111111111111,0.8418329637841835,0.855,High,2
0.5333333333333334,0.6842105263157894,0.16300000000000003,0.718,0.5714285714285714,0.2631578947368421,0.13793103448275862,0.1111111111111111,0.2475979305247598,0.475,Low,0
0.9333333333333333,0.3684210526315789,0.9970000000000002,0.256,0.8571428571428571,0.894736842105263,0.13793103448275862,0.3333333333333333,0.8507021433850703,0.105,High,2
0.26666666666666683,0.3157894736842105,0.959,0.7,0.0,0.42105263157894735,0.24137931034482757,0.2222222222222222,0.7849223946784925,0.81,Medium,1
0.4666666666666668,0.7894736842105263,0.6429999999999999,0.9179999999999999,1.0,0.21052631578947367,1.0,0.5555555555555556,0.5631929046563193,0.515,Medium,1
0.40000000000000013,0.47368421052631576,0.346,0.6020000000000001,0.14285714285714285,0.5263157894736842,0.1724137931034483,0.6666666666666666,0.4316334072431635,0.7,Medium,1
0.8666666666666669,0.8421052631578947,0.6410000000000001,0.20799999999999996,1.0,0.2631578947368421,0.5172413793103449,1.0,0.5558019216555803,0.59,High,2
0.3333333333333335,0.15789473684210525,0.4640000000000001,0.1519999999999999,0.7142857142857142,0.7894736842105263,0.3103448275862069,0.0,0.5742793791574281,0.49,Medium,1
0.6000000000000001,0.47368421052631576,0.477,0.43000000000000016,0.8571428571428571,0.42105263157894735,0.3793103448275862,0.8888888888888888,0.4087213599408723,0.72,Medium,1
0.06666666666666665,0.0,0.9700000000000001,0.8180000000000001,0.14285714285714285,0.42105263157894735,0.48275862068965514,0.8888888888888888,0.7184035476718404,0.315,High,2
0.6666666666666667,0.7368421052631579,0.30599999999999994,0.16799999999999993,0.2857142857142857,0.2631578947368421,0.06896551724137931,0.6666666666666666,0.2424242424242425,0.185,Medium,1
0.1333333333333333,0.631578947368421,0.959,0.276,0.0,0.894736842105263,0.8275862068965517,0.4444444444444444,0.7361419068736144,0.885,High,2
0.9333333333333333,0.894736842105263,0.63,0.8600000000000001,0.2857142857142857,0.47368421052631576,0.9655172413793103,0.6666666666666666,0.5262379896526239,0.11,Medium,1
0.4666666666666668,0.05263157894736842,0.717,0.19800000000000006,0.0,0.7368421052631579,0.896551724137931,0.5555555555555556,0.6666666666666667,0.88,Medium,1
0.8,0.5789473684210527,0.8250000000000001,0.558,0.42857142857142855,0.894736842105263,0.41379310344827586,0.4444444444444444,0.8514412416851442,0.26,High,2
0.40000000000000013,0.3157894736842105,0.11099999999999999,0.9339999999999999,0.2857142857142857,0.0,0.5172413793103449,1.0,0.07538802660753885,0.945,Low,0
0.9333333333333333,0.894736842105263,0.31500000000000006,0.15000000000000002,0.0,0.7368421052631579,0.896551724137931,0.5555555555555556,0.3784183296378419,0.27,Medium,1
0.0,0.21052631578947367,0.35,0.522,0.0,0.0,0.9655172413793103,0.0,0.5240206947524022,0.2,Low,0
0.6000000000000001,0.21052631578947367,0.6960000000000001,0.9460000000000002,1.0,0.0,0.6551724137931034,1.0,0.6407982261640799,0.71,Medium,1
0.06666666666666665,0.42105263157894735,0.636,0.45399999999999996,0.8571428571428571,0.5789473684210527,0.27586206896551724,0.8888888888888888,0.5927568366592759,0.775,Medium,1
0.8666666666666669,0.47368421052631576,0.739,0.546,0.14285714285714285,0.21052631578947367,0.1724137931034483,0.5555555555555556,0.7339246119733926,0.09,Medium,1
0.26666666666666683,0.42105263157894735,0.8770000000000001,0.504,0.14285714285714285,0.21052631578947367,0.0,0.8888888888888888,0.8543976348854398,0.505,Medium,1
0.4666666666666668,0.10526315789473684,0.45399999999999996,0.4019999999999999,0.14285714285714285,0.0,0.6206896551724138,0.4444444444444444,0.4353288987435329,0.765,Low,0
0.1333333333333333,1.0,0.15400000000000003,0.43599999999999994,0.42857142857142855,0.5789473684210527,0.5862068965517241,0.5555555555555556,0.35328898743532894,0.37,Medium,1
0.26666666666666683,0.15789473684210525,0.41899999999999993,0.726,0.14285714285714285,0.42105263157894735,0.3448275862068966,0.2222222222222222,0.35254988913525503,0.25,Low,0
0.9333333333333333,0.7894736842105263,0.593,0.6140000000000001,1.0,0.6842105263157894,0.3103448275862069,0.3333333333333333,0.5291943828529195,0.545,High,2
0.40000000000000013,0.9473684210526315,0.4960000000000001,0.10199999999999998,1.0,0.3157894736842105,0.41379310344827586,0.3333333333333333,0.5018477457501849,0.865,Medium,1
0.6000000000000001,0.8421052631578947,0.123,0.248,0.0,0.7894736842105263,0.20689655172413793,0.2222222222222222,0.3680709534368071,0.485,Medium,1
0.1333333333333333,0.3157894736842105,0.386,0.25,0.7142857142857142,0.7894736842105263,0.48275862068965514,0.7777777777777777,0.5461936437546195,0.32,High,2
0.8666666666666669,1.0,0.12,0.8660000000000001,0.42857142857142855,0.6842105263157894,0.06896551724137931,0.1111111111111111,0.2106430155210644,0.16,Medium,1
0.8,0.15789473684210525,0.62,0.276,0.7142857142857142,0.21052631578947367,0.48275862068965514,0.0,0.45676274944567635,0.535,Medium,1
0.7333333333333332,0.10526315789473684,0.2480000000000001,0.8780000000000001,0.5714285714285714,0.9473684210526315,0.896551724137931,0.3333333333333333,0.25203252032520324,0.02,Medium,1
0.26666666666666683,0.42105263157894735,0.4,0.554,0.14285714285714285,1.0,0.5172413793103449,0.4444444444444444,0.47376201034737625,0.115,Medium,1
0.06666666666666665,0.3684210526315789,0.44700000000000006,0.8239999999999998,0.0,0.21052631578947367,0.6206896551724138,1.0,0.6060606060606062,0.955,Medium,1
0.7333333333333332,0.3157894736842105,0.5670000000000001,0.33599999999999985,0.0,0.42105263157894735,0.41379310344827586,0.4444444444444444,0.6807095343680711,0.395,Medium,1
0.3333333333333335,0.2631578947368421,0.133,0.22199999999999998,1.0,0.894736842105263,0.06896551724137931,1.0,0.28677014042867705,0.45,High,2
0.1333333333333333,0.6842105263157894,0.07999999999999996,0.14600000000000013,1.0,0.894736842105263,0.7931034482758621,0.7777777777777777,0.2815964523281596,0.985,Medium,1
0.0,0.7368421052631579,0.8060000000000002,0.938,1.0,0.3684210526315789,0.3103448275862069,0.3333333333333333,0.771618625277162,0.305,Medium,1
0.6000000000000001,0.7368421052631579,0.487,0.498,0.8571428571428571,0.42105263157894735,0.1724137931034483,0.5555555555555556,0.5742793791574281,0.43,Medium,1
0.26666666666666683,0.15789473684210525,0.912,0.3660000000000001,0.7142857142857142,0.5263157894736842,0.9310344827586207,1.0,0.9105691056910572,0.22,High,2
0.1333333333333333,0.47368421052631576,0.20499999999999996,0.06400000000000006,1.0,0.5263157894736842,0.24137931034482757,0.2222222222222222,0.27420546932742057,0.76,Medium,1
0.06666666666666665,0.15789473684210525,0.0030000000000000027,0.45199999999999996,0.0,0.0,0.9655172413793103,0.1111111111111111,0.23651145602365115,0.61,Low,0
0.1333333333333333,0.7368421052631579,0.759,0.21399999999999997,0.7142857142857142,0.6842105263157894,0.896551724137931,0.1111111111111111,0.6718403547671841,0.355,High,2
0.1333333333333333,0.3157894736842105,0.638,0.6500000000000001,0.2857142857142857,0.3684210526315789,0.20689655172413793,0.0,0.6607538802660755,0.565,Medium,1
0.6666666666666667,0.5263157894736842,0.41999999999999993,0.5760000000000001,0.5714285714285714,0.42105263157894735,0.3793103448275862,0.6666666666666666,0.3584626755358464,0.11,Medium,1
0.40000000000000013,0.7368421052631579,0.8160000000000002,0.244,0.42857142857142855,0.05263157894736842,0.9310344827586207,0.5555555555555556,0.6688839615668885,0.89,Medium,1
0.4666666666666668,0.3157894736842105,0.133,0.4970000000000001,0.5714285714285714,0.5263157894736842,0.9655172413793103,1.0,0.25203252032520324,0.275,Medium,1
0.06666666666666665,0.21052631578947367,0.9380000000000001,0.7,1.0,0.3684210526315789,0.896551724137931,0.8888888888888888,0.9283074648928309,0.63,High,2
0.8666666666666669,0.6842105263157894,0.6589999999999999,0.8559999999999999,0.0,0.5789473684210527,0.41379310344827586,0.0,0.6541019955654104,0.155,Medium,1
0.06666666666666665,0.15789473684210525,0.9740000000000001,0.8660000000000001,0.14285714285714285,0.7368421052631579,0.4482758620689655,0.7777777777777777,0.8078344419807837,0.515,High,2
0.4666666666666668,0.2631578947368421,0.894,0.8440000000000001,0.8571428571428571,1.0,0.48275862068965514,0.0,0.830007390983001,0.505,High,2
0.6000000000000001,0.42105263157894735,0.892,0.524,0.42857142857142855,0.21052631578947367,0.6551724137931034,0.4444444444444444,0.771618625277162,0.05,Medium,1
0.8666666666666669,0.9473684210526315,0.17900000000000005,0.9620000000000002,0.5714285714285714,0.3684210526315789,0.1724137931034483,0.5555555555555556,0.3798965262379897,0.31,Low,0
0.8,0.9473684210526315,0.9050000000000001,0.8980000000000001,0.0,0.9473684210526315,0.41379310344827586,1.0,0.7376201034737622,0.515,High,2
0.26666666666666683,0.47368421052631576,0.4730000000000001,0.030000000000000027,0.0,0.47368421052631576,0.896551724137931,0.8888888888888888,0.5934959349593498,0.15,Medium,1
0.5333333333333334,0.21052631578947367,0.8210000000000001,0.536,0.14285714285714285,0.8421052631578947,0.3448275862068966,0.2222222222222222,0.7827050997782707,0.645,Medium,1
0.8,0.3157894736842105,0.4960000000000001,0.9600000000000002,0.8571428571428571,0.0,0.8620689655172413,0.3333333333333333,0.6836659275683667,0.66,Low,0
0.40000000000000013,0.8421052631578947,0.8330000000000001,0.9760000000000002,0.7142857142857142,0.47368421052631576,0.5517241379310345,0.7777777777777777,0.8721359940872138,0.725,High,2
0.8666666666666669,0.7368421052631579,0.739,0.6380000000000001,1.0,0.9473684210526315,0.13793103448275862,0.0,0.5713229859571323,0.315,High,2
1.0000000000000002,0.8421052631578947,0.8490000000000001,0.09600000000000009,0.14285714285714285,0.5789473684210527,0.6551724137931034,0.0,0.5018477457501849,0.705,Medium,1
0.3333333333333335,0.42105263157894735,0.16300000000000003,0.9239999999999999,0.14285714285714285,0.5789473684210527,0.034482758620689655,0.5555555555555556,0.23798965262379895,0.24,Medium,1
0.5333333333333334,1.0,0.07999999999999996,0.7220000000000002,0.0,0.47368421052631576,0.6206896551724138,1.0,0.08795269770879527,0.59,Medium,1
0.9333333333333333,1.0,0.6869999999999999,0.8800000000000001,0.8571428571428571,0.42105263157894735,0.8275862068965517,0.8888888888888888,0.7383592017738361,0.49,Medium,1
0.1333333333333333,0.631578947368421,0.7740000000000001,0.28,0.42857142857142855,0.3684210526315789,0.3103448275862069,0.0,0.7760532150776054,0.64,Medium,1
0.8666666666666669,0.2631578947368421,0.246,0.974,0.14285714285714285,0.7368421052631579,0.41379310344827586,0.5555555555555556,0.4449371766444938,0.625,Medium,1
0.19999999999999996,0.8421052631578947,0.8160000000000002,0.06999999999999995,0.7142857142857142,0.5789473684210527,0.5517241379310345,0.2222222222222222,0.6104951958610496,0.28,Medium,1
0.5333333333333334,0.7368421052631579,0.652,0.734,0.0,0.5263157894736842,0.20689655172413793,0.1111111111111111,0.6799704360679972,0.57,Medium,1
0.0,0.5263157894736842,0.07999999999999996,0.9039999999999999,0.42857142857142855,0.15789473684210525,0.27586206896551724,0.2222222222222222,0.13747228381374726,0.15,Low,0
0.8666666666666669,0.5789473684210527,0.548,0.20399999999999996,0.8571428571428571,0.42105263157894735,0.7931034482758621,0.2222222222222222,0.40650406504065056,0.25,Medium,1
0.6666666666666667,0.5263157894736842,0.03300000000000003,0.6060000000000001,0.0,0.7894736842105263,0.7241379310344828,0.7777777777777777,0.2993348115299335,0.495,Low,0
0.26666666666666683,0.7368421052631579,0.379,0.46799999999999997,0.8571428571428571,0.47368421052631576,0.3448275862068966,0.1111111111111111,0.4804138950480415,0.505,Medium,1
0.8666666666666669,0.631578947368421,0.262,0.3679999999999999,0.2857142857142857,0.631578947368421,0.4482758620689655,0.6666666666666666,0.3104212860310422,0.295,Medium,1
0.9333333333333333,0.0,0.701,0.15399999999999991,0.5714285714285714,0.631578947368421,0.6896551724137931,0.3333333333333333,0.6215816703621582,0.28,High,2
0.19999999999999996,0.8421052631578947,0.9640000000000001,0.10399999999999987,1.0,1.0,0.13793103448275862,0.6666666666666666,0.7184035476718404,0.085,High,2
0.06666666666666665,0.9473684210526315,0.17400000000000004,0.4720000000000002,0.7142857142857142,0.7368421052631579,0.06896551724137931,0.2222222222222222,0.25794530672579447,0.94,Medium,1
0.26666666666666683,0.7894736842105263,0.351,0.43599999999999994,0.8571428571428571,0.6842105263157894,1.0,0.2222222222222222,0.5025868440502588,0.61,Medium,1
0.8,0.7894736842105263,0.4820000000000001,0.22399999999999998,0.14285714285714285,0.7368421052631579,0.7931034482758621,0.7777777777777777,0.5321507760532151,0.835,Medium,1
0.26666666666666683,0.7894736842105263,0.559,0.532,0.42857142857142855,0.631578947368421,0.4482758620689655,0.4444444444444444,0.46045824094604587,0.19,High,2
0.7333333333333332,0.42105263157894735,0.29900000000000004,0.34399999999999986,0.8571428571428571,0.10526315789473684,0.41379310344827586,1.0,0.41019955654101997,0.81,Medium,1
0.3333333333333335,0.7368421052631579,0.242,0.7380000000000002,0.7142857142857142,0.894736842105263,0.20689655172413793,0.3333333333333333,0.34072431633407246,0.125,Medium,1
0.06666666666666665,0.21052631578947367,0.016000000000000014,0.8980000000000001,0.2857142857142857,0.894736842105263,0.8620689655172413,0.6666666666666666,0.19660014781966,0.77,Medium,1
0.19999999999999996,0.7894736842105263,0.578,0.23199999999999998,0.0,0.5789473684210527,0.20689655172413793,0.7777777777777777,0.6363636363636365,0.885,Medium,1
0.7333333333333332,0.2631578947368421,0.246,0.19000000000000006,0.5714285714285714,0.15789473684210525,0.9655172413793103,0.8888888888888888,0.26755358462675544,0.12,Medium,1
0.6000000000000001,0.47368421052631576,0.37,0.4970000000000001,0.14285714285714285,0.7368421052631579,0.3448275862068966,0.2222222222222222,0.28824833702882485,0.01,Medium,1
0.19999999999999996,0.21052631578947367,0.6570000000000001,0.974,0.14285714285714285,1.0,0.3103448275862069,0.1111111111111111,0.5757575757575759,0.125,Medium,1
0.19999999999999996,1.0,0.4960000000000001,0.28400000000000003,0.14285714285714285,0.42105263157894735,0.5517241379310345,0.7777777777777777,0.746489283074649,0.22,High,2
1.0000000000000002,0.3684210526315789,0.8690000000000001,0.04600000000000004,0.5714285714285714,0.15789473684210525,0.0,0.2222222222222222,0.917960088691796,0.06,Medium,1
0.3333333333333335,0.15789473684210525,0.42300000000000004,0.938,0.7142857142857142,0.6842105263157894,0.5517241379310345,0.7777777777777777,0.3503325942350332,0.755,High,2
0.19999999999999996,0.21052631578947367,0.4710000000000001,0.53,0.0,0.21052631578947367,0.20689655172413793,0.3333333333333333,0.5225424981522544,0.995,Low,0
0.06666666666666665,0.7368421052631579,0.9540000000000001,0.22199999999999998,0.5714285714285714,0.5263157894736842,0.41379310344827586,0.7777777777777777,0.7457501847745751,0.21,High,2
0.9333333333333333,0.5263157894736842,0.6189999999999999,0.8980000000000001,0.7142857142857142,0.21052631578947367,0.896551724137931,0.0,0.6385809312638582,0.955,Medium,1
0.8,0.6842105263157894,0.4960000000000001,0.4970000000000001,0.42857142857142855,0.10526315789473684,0.5517241379310345,0.7777777777777777,0.22025129342202515,0.635,Medium,1
0.26666666666666683,0.7368421052631579,0.8730000000000001,0.782,1.0,0.9473684210526315,0.1724137931034483,0.0,0.8218773096821876,0.665,Medium,1
0.19999999999999996,0.21052631578947367,0.17400000000000004,0.07799999999999996,0.8571428571428571,0.894736842105263,0.13793103448275862,0.8888888888888888,0.26607538802660763,0.065,High,2
0.40000000000000013,0.15789473684210525,0.7519999999999999,0.20999999999999996,0.14285714285714285,0.10526315789473684,0.0,0.5555555555555556,0.6592756836659277,0.73,Medium,1
0.7333333333333332,0.3684210526315789,0.16700000000000004,0.8239999999999998,0.8571428571428571,0.47368421052631576,0.5517241379310345,0.3333333333333333,0.16260162601626021,0.775,Medium,1
0.7333333333333332,0.5263157894736842,0.21200000000000008,0.09399999999999997,0.8571428571428571,0.6842105263157894,0.10344827586206896,0.4444444444444444,0.42128603104212864,0.855,Medium,1
0.7333333333333332,0.5789473684210527,0.7020000000000001,0.3759999999999999,0.2857142857142857,0.2631578947368421,0.13793103448275862,0.3333333333333333,0.7597930524759795,0.985,Medium,1
0.06666666666666665,0.8421052631578947,0.06399999999999995,0.744,0.0,0.21052631578947367,0.4482758620689655,0.3333333333333333,0.1951219512195122,0.63,Low,0
0.06666666666666665,0.3684210526315789,0.9730000000000002,0.050000000000000044,0.0,0.5789473684210527,0.48275862068965514,0.2222222222222222,0.8743532889874355,0.105,High,2
0.4666666666666668,0.05263157894736842,0.32699999999999996,0.22399999999999998,0.0,0.47368421052631576,0.896551724137931,0.1111111111111111,0.3466371027346638,0.02,Low,0
0.06666666666666665,0.05263157894736842,0.7140000000000001,0.956,0.7142857142857142,0.42105263157894735,0.5172413793103449,1.0,0.5513673318551369,0.29,Medium,1
0.1333333333333333,0.7368421052631579,0.9560000000000001,0.7060000000000002,1.0,0.5263157894736842,0.5517241379310345,0.6666666666666666,0.8625277161862528,0.82,Medium,1
0.06666666666666665,0.42105263157894735,0.2280000000000001,0.1519999999999999,1.0,0.9473684210526315,0.7586206896551724,1.0,0.1796008869179601,0.64,High,2
0.40000000000000013,0.15789473684210525,0.43300000000000005,0.8520000000000001,0.2857142857142857,0.05263157894736842,0.5517241379310345,0.8888888888888888,0.5691056910569108,0.865,Low,0
0.8,0.3684210526315789,0.6029999999999999,0.46199999999999997,0.0,0.21052631578947367,0.3793103448275862,1.0,0.5602365114560237,0.51,Medium,1
0.6666666666666667,0.42105263157894735,0.9410000000000002,0.8180000000000001,0.5714285714285714,0.05263157894736842,0.24137931034482757,1.0,0.8891352549889135,0.795,Medium,1
0.8,0.894736842105263,0.6589999999999999,0.3039999999999998,0.14285714285714285,1.0,0.6896551724137931,0.5555555555555556,0.5498891352549891,0.85,High,2
0.6666666666666667,0.47368421052631576,0.356,0.014000000000000012,0.42857142857142855,0.05263157894736842,0.4482758620689655,0.3333333333333333,0.30524759793052475,0.21,Medium,1
0.40000000000000013,0.0,0.8810000000000001,0.14600000000000013,0.2857142857142857,0.7368421052631579,0.10344827586206896,0.0,0.9290465631929048,0.67,Medium,1
0.3333333333333335,0.05263157894736842,0.616,0.6900000000000002,0.8571428571428571,0.47368421052631576,0.6896551724137931,0.3333333333333333,0.7317073170731707,0.65,High,2
0.6666666666666667,0.0,0.852,0.42200000000000015,0.7142857142857142,0.6842105263157894,0.24137931034482757,0.7777777777777777,0.8107908351810791,0.975,High,2
0.3333333333333335,0.6842105263157894,0.868,0.3699999999999999,0.5714285714285714,0.15789473684210525,0.10344827586206896,0.7777777777777777,0.8691796008869179,0.845,Medium,1
0.8,0.7894736842105263,0.4960000000000001,0.17599999999999993,0.42857142857142855,0.7894736842105263,0.6206896551724138,0.5555555555555556,0.5971914264597191,0.26,High,2
0.8,0.3157894736842105,0.7759999999999999,0.08599999999999997,1.0,0.21052631578947367,0.9310344827586207,0.0,0.8078344419807837,0.025,High,2
0.6000000000000001,0.05263157894736842,0.904,0.24,0.0,0.05263157894736842,0.7241379310344828,0.2222222222222222,0.934959349593496,0.505,Low,0
0.9333333333333333,0.6842105263157894,0.684,0.46199999999999997,0.14285714285714285,0.5263157894736842,0.6896551724137931,0.8888888888888888,0.6474501108647452,0.15,High,2
0.7333333333333332,0.8421052631578947,0.05999999999999994,0.952,0.8571428571428571,0.6842105263157894,0.3448275862068966,0.0,0.2475979305247598,0.13,Low,0
0.6666666666666667,0.2631578947368421,0.4960000000000001,0.762,1.0,0.05263157894736842,0.10344827586206896,0.4444444444444444,0.17147080561714717,0.645,Low,0
0.3333333333333335,0.10526315789473684,0.547,0.45999999999999996,0.8571428571428571,0.7894736842105263,0.8275862068965517,0.8888888888888888,0.6651884700665189,0.97,High,2
0.7333333333333332,0.5789473684210527,0.21600000000000008,0.9059999999999999,0.2857142857142857,0.3157894736842105,0.27586206896551724,0.5555555555555556,0.1589061345158907,0.445,Low,0
0.5333333333333334,0.05263157894736842,0.7180000000000001,0.718,1.0,0.894736842105263,0.1724137931034483,0.4444444444444444,0.7597930524759795,0.67,High,2
0.6000000000000001,0.9473684210526315,0.5750000000000001,0.5880000000000001,0.7142857142857142,0.3157894736842105,0.1724137931034483,0.5555555555555556,0.5624538063562454,0.89,Medium,1
0.7333333333333332,0.2631578947368421,0.93,0.982,0.8571428571428571,0.42105263157894735,0.06896551724137931,0.1111111111111111,0.8078344419807837,0.065,Medium,1
1.0000000000000002,0.5263157894736842,0.8550000000000001,0.268,0.2857142857142857,0.7368421052631579,0.9655172413793103,0.3333333333333333,0.838137472283814,0.305,Medium,1
0.5333333333333334,0.3157894736842105,0.123,0.692,0.42857142857142855,0.0,0.5172413793103449,0.6666666666666666,0.2985957132298596,0.945,Low,0
0.19999999999999996,0.3684210526315789,0.17100000000000004,0.56,0.5714285714285714,0.21052631578947367,0.48275862068965514,0.5555555555555556,0.3643754619364376,0.795,Low,0
0.9333333333333333,0.47368421052631576,0.5640000000000001,0.8480000000000001,1.0,0.9473684210526315,0.24137931034482757,0.6666666666666666,0.4331116038433112,0.03,High,2
0.7333333333333332,0.894736842105263,0.398,0.21799999999999997,0.8571428571428571,0.2631578947368421,0.10344827586206896,0.4444444444444444,0.39024390243902446,0.57,Medium,1
0.3333333333333335,0.7368421052631579,0.945,0.45199999999999996,0.2857142857142857,0.5789473684210527,0.27586206896551724,0.5555555555555556,0.7376201034737622,0.365,Medium,1
0.5333333333333334,0.6842105263157894,0.82,0.262,0.0,0.3684210526315789,1.0,0.3333333333333333,0.8203991130820398,0.34,Medium,1
0.3333333333333335,0.894736842105263,0.508,0.476,0.8571428571428571,0.7894736842105263,0.5517241379310345,0.1111111111111111,0.5691056910569108,0.92,Medium,1
1.0000000000000002,0.15789473684210525,0.3570000000000001,0.516,0.5714285714285714,0.2631578947368421,0.4482758620689655,0.1111111111111111,0.467110125646711,0.375,Low,0
0.1333333333333333,0.3157894736842105,0.6669999999999999,0.08000000000000007,0.42857142857142855,0.7894736842105263,0.3793103448275862,1.0,0.49076127124907615,0.335,Medium,1
0.9333333333333333,0.9473684210526315,0.10399999999999998,0.03400000000000003,0.0,0.2631578947368421,0.5517241379310345,0.3333333333333333,0.15373244641537326,0.585,Low,0
0.40000000000000013,0.894736842105263,0.593,0.708,0.14285714285714285,0.47368421052631576,0.7586206896551724,0.2222222222222222,0.5040650406504066,0.75,Low,0
0.5333333333333334,0.8421052631578947,0.44800000000000006,0.4970000000000001,0.7142857142857142,0.21052631578947367,0.10344827586206896,0.8888888888888888,0.5705838876570586,0.125,High,2
0.8666666666666669,0.21052631578947367,0.371,0.22399999999999998,0.7142857142857142,0.05263157894736842,0.9310344827586207,0.6666666666666666,0.3259423503325943,0.45,Medium,1
0.19999999999999996,0.2631578947368421,0.612,0.6060000000000001,0.14285714285714285,0.7368421052631579,0.8620689655172413,0.1111111111111111,0.6393200295639321,0.41,Medium,1
0.5333333333333334,0.894736842105263,0.592,0.04399999999999993,0.42857142857142855,0.7368421052631579,0.5172413793103449,0.5555555555555556,0.7080561714708056,0.6,Medium,1
0.8666666666666669,0.21052631578947367,0.15000000000000002,0.972,0.42857142857142855,0.42105263157894735,0.1724137931034483,0.4444444444444444,0.2106430155210644,0.99,Low,0
0.1333333333333333,0.5263157894736842,0.07,0.04399999999999993,0.7142857142857142,0.42105263157894735,0.3103448275862069,0.7777777777777777,0.2904656319290467,0.245,Medium,1
0.0,0.0,0.21299999999999997,0.4720000000000002,0.42857142857142855,0.3684210526315789,0.8620689655172413,0.5555555555555556,0.41019955654101997,0.4,Low,0
0.06666666666666665,0.15789473684210525,0.31700000000000006,0.752,1.0,0.6842105263157894,0.20689655172413793,0.7777777777777777,0.3983739837398374,0.5,Medium,1
0.26666666666666683,0.05263157894736842,0.28900000000000003,0.5900000000000001,0.42857142857142855,1.0,0.3448275862068966,0.3333333333333333,0.36954915003695504,0.25,Medium,1
0.9333333333333333,0.47368421052631576,0.43200000000000005,0.562,0.8571428571428571,0.47368421052631576,0.20689655172413793,0.6666666666666666,0.4944567627494458,0.285,Medium,1
0.6666666666666667,0.05263157894736842,0.731,0.3939999999999999,0.8571428571428571,0.3157894736842105,0.6206896551724138,0.1111111111111111,0.8078344419807837,0.9,Medium,1
0.9333333333333333,0.21052631578947367,0.4630000000000001,0.014000000000000012,0.5714285714285714,0.7368421052631579,0.7241379310344828,0.2222222222222222,0.394678492239468,0.81,Medium,1
0.5333333333333334,0.10526315789473684,0.5830000000000001,0.46599999999999997,1.0,0.47368421052631576,0.8620689655172413,0.5555555555555556,0.43902439024390255,0.08,High,2
1.0000000000000002,0.05263157894736842,0.9860000000000001,0.6439999999999999,0.2857142857142857,0.631578947368421,0.6206896551724138,0.8888888888888888,0.9364375461936438,0.195,High,2
0.26666666666666683,0.8421052631578947,0.07,0.4970000000000001,0.8571428571428571,0.8421052631578947,0.3448275862068966,0.6666666666666666,0.17368810051736877,0.965,Medium,1
0.8666666666666669,0.5789473684210527,0.3530000000000001,0.29400000000000004,0.2857142857142857,0.47368421052631576,0.9655172413793103,0.6666666666666666,0.44419807834442,0.315,Medium,1
1.0000000000000002,0.21052631578947367,0.719,0.3640000000000001,0.14285714285714285,0.5263157894736842,0.6896551724137931,0.4444444444444444,0.7723577235772359,0.525,High,2
0.4666666666666668,0.7894736842105263,0.15999999999999992,0.8579999999999999,1.0,0.7894736842105263,0.5862068965517241,0.3333333333333333,0.14855875831485582,0.94,Medium,1
0.1333333333333333,0.15789473684210525,0.602,0.43599999999999994,0.14285714285714285,0.42105263157894735,0.3103448275862069,0.1111111111111111,0.7161862527716187,0.805,Medium,1
0.19999999999999996,0.5789473684210527,0.28600000000000003,0.8699999999999999,0.2857142857142857,0.631578947368421,0.5517241379310345,0.3333333333333333,0.4116777531411678,0.85,Low,0
1.0000000000000002,0.631578947368421,0.19199999999999995,0.23199999999999998,0.8571428571428571,0.8421052631578947,0.48275862068965514,0.3333333333333333,0.2912047302291206,0.805,Medium,1
0.6000000000000001,0.9473684210526315,0.5800000000000001,0.8280000000000001,1.0,0.0,0.7241379310344828,0.6666666666666666,0.5543237250554325,0.53,Medium,1
1.0000000000000002,0.5789473684210527,0.541,0.3900000000000001,0.5714285714285714,0.5789473684210527,0.896551724137931,0.0,0.5114560236511458,0.935,Medium,1
0.40000000000000013,0.3157894736842105,0.28800000000000003,0.534,0.14285714285714285,0.631578947368421,0.0,0.8888888888888888,0.229859571322986,0.655,Medium,1
0.3333333333333335,0.15789473684210525,0.5279999999999999,0.29600000000000004,0.7142857142857142,0.15789473684210525,0.6551724137931034,0.6666666666666666,0.5809312638580932,0.215,Medium,1
0.7333333333333332,0.6842105263157894,0.01799999999999996,0.9460000000000002,0.0,0.15789473684210525,0.6551724137931034,0.6666666666666666,0.25646711012564677,0.35,Low,0
0.4666666666666668,0.10526315789473684,0.29200000000000004,0.262,0.5714285714285714,0.7368421052631579,0.5517241379310345,0.8888888888888888,0.45306725794530683,0.865,Medium,1
0.8666666666666669,0.8421052631578947,0.9490000000000002,0.7060000000000002,0.42857142857142855,0.9473684210526315,0.9310344827586207,0.8888888888888888,0.9541759053954177,0.495,High,2
0.06666666666666665,0.7368421052631579,0.28700000000000003,0.42400000000000015,0.7142857142857142,0.894736842105263,0.6206896551724138,0.2222222222222222,0.45898004434589806,0.695,Medium,1
0.8,0.47368421052631576,0.02300000000000002,0.20599999999999996,1.0,0.5789473684210527,0.20689655172413793,0.4444444444444444,0.07834441980783441,0.81,Medium,1
0.0,0.9473684210526315,0.9630000000000002,0.9239999999999999,0.0,0.42105263157894735,0.6551724137931034,0.1111111111111111,0.7509238728750924,0.2,Medium,1
0.7333333333333332,0.3684210526315789,0.9650000000000002,0.06600000000000006,0.14285714285714285,0.7368421052631579,0.7241379310344828,0.8888888888888888,0.8847006651884701,0.425,High,2
0.8666666666666669,0.47368421052631576,0.09900000000000003,0.492,0.14285714285714285,0.47368421052631576,0.41379310344827586,0.2222222222222222,0.11677753141167774,0.925,Low,0
0.4666666666666668,0.3684210526315789,0.02400000000000002,0.3599999999999999,0.5714285714285714,0.47368421052631576,0.5862068965517241,0.7777777777777777,0.2099039172209905,0.18,Low,0
1.0000000000000002,0.631578947368421,0.8450000000000001,0.08200000000000007,0.8571428571428571,0.6842105263157894,0.6551724137931034,0.8888888888888888,0.6156688839615669,0.62,High,2
0.19999999999999996,0.3684210526315789,0.6920000000000001,0.9079999999999999,0.5714285714285714,0.9473684210526315,0.41379310344827586,0.7777777777777777,0.6422764227642277,0.255,High,2
0.40000000000000013,0.8421052631578947,0.19199999999999995,0.79,0.5714285714285714,0.631578947368421,0.0,0.4444444444444444,0.32446415373244647,0.155,Medium,1
0.0,0.3157894736842105,0.511,0.6619999999999999,0.8571428571428571,0.15789473684210525,0.5172413793103449,0.0,0.5757575757575759,0.58,Low,0
0.06666666666666665,0.5263157894736842,0.21100000000000008,0.4720000000000002,0.42857142857142855,0.631578947368421,0.13793103448275862,0.8888888888888888,0.25129342202512933,0.505,Medium,1
0.8,0.5789473684210527,0.3530000000000001,0.736,0.8571428571428571,0.42105263157894735,0.3793103448275862,0.0,0.47376201034737625,0.975,Low,0
0.9333333333333333,0.2631578947368421,0.7779999999999999,0.484,0.5714285714285714,0.42105263157894735,0.7586206896551724,0.3333333333333333,0.5875831485587584,0.86,Medium,1
0.5333333333333334,0.21052631578947367,0.3480000000000001,0.7,0.14285714285714285,1.0,0.41379310344827586,0.3333333333333333,0.25277161862527725,0.735,Medium,1
0.26666666666666683,0.631578947368421,0.646,0.18200000000000005,0.42857142857142855,0.0,0.8620689655172413,0.7777777777777777,0.484109386548411,0.64,High,2
0.5333333333333334,0.7368421052631579,0.8060000000000002,0.4800000000000002,1.0,0.894736842105263,0.7241379310344828,1.0,0.6245380635624538,0.965,High,2
1.0000000000000002,0.3684210526315789,0.797,0.43000000000000016,0.14285714285714285,0.05263157894736842,0.7586206896551724,0.7777777777777777,0.6711012564671102,0.785,Medium,1
0.40000000000000013,0.631578947368421,0.691,0.44999999999999996,0.2857142857142857,0.3684210526315789,0.20689655172413793,0.6666666666666666,0.6962305986696231,0.46,Medium,1
0.6000000000000001,0.5263157894736842,0.751,0.28,1.0,0.7368421052631579,0.6551724137931034,0.0,0.7073170731707317,0.65,Medium,1
0.0,0.0,0.8350000000000001,0.026000000000000023,0.7142857142857142,0.10526315789473684,0.10344827586206896,0.6666666666666666,0.8861788617886179,0.68,Medium,1
0.1333333333333333,0.05263157894736842,0.5990000000000001,0.744,0.8571428571428571,0.47368421052631576,0.896551724137931,1.0,0.43754619364375474,0.4,High,2
0.26666666666666683,0.9473684210526315,0.09699999999999998,0.008000000000000007,0.5714285714285714,0.8421052631578947,0.3103448275862069,0.1111111111111111,0.2941611234294161,0.48,Medium,1
0.9333333333333333,0.2631578947368421,0.6029999999999999,0.6000000000000001,0.7142857142857142,0.42105263157894735,0.5172413793103449,0.8888888888888888,0.5373244641537325,0.825,Medium,1
1.0000000000000002,0.6842105263157894,0.6970000000000002,0.4800000000000002,1.0,0.894736842105263,0.5172413793103449,0.4444444444444444,0.6356245380635626,0.025,High,2
0.5333333333333334,0.3157894736842105,0.644,0.8920000000000001,1.0,0.42105263157894735,0.48275862068965514,0.2222222222222222,0.5742793791574281,0.665,Medium,1
0.6000000000000001,1.0,0.757,0.3480000000000001,0.14285714285714285,0.5263157894736842,0.8275862068965517,0.8888888888888888,0.6311899482631191,0.13,High,2
0.8666666666666669,0.21052631578947367,0.46199999999999997,0.1359999999999999,0.5714285714285714,0.10526315789473684,0.20689655172413793,0.6666666666666666,0.35107169253510734,0.835,Low,0
0.5333333333333334,0.3157894736842105,0.12,0.19399999999999995,0.8571428571428571,0.42105263157894735,0.3448275862068966,0.4444444444444444,0.1419068736141907,0.665,Medium,1
0.06666666666666665,0.3157894736842105,0.009999999999999953,0.774,0.2857142857142857,0.10526315789473684,0.8620689655172413,0.2222222222222222,0.07095343680709532,0.635,Low,0
0.9333333333333333,0.3684210526315789,0.6090000000000001,0.6640000000000001,0.0,0.21052631578947367,1.0,0.5555555555555556,0.6186252771618626,0.995,Low,0
0.19999999999999996,0.5263157894736842,0.406,0.94,1.0,0.5263157894736842,0.3448275862068966,1.0,0.5018477457501849,0.565,Medium,1
0.6000000000000001,0.631578947368421,0.791,0.6020000000000001,0.5714285714285714,0.42105263157894735,0.3448275862068966,0.6666666666666666,0.7568366592756837,0.37,Medium,1
0.6000000000000001,0.7894736842105263,0.44700000000000006,0.15999999999999992,0.2857142857142857,0.3157894736842105,0.7586206896551724,0.8888888888888888,0.5883222468588323,0.355,Medium,1
0.40000000000000013,0.05263157894736842,0.04199999999999998,0.45199999999999996,0.0,0.7894736842105263,0.13793103448275862,0.4444444444444444,0.05321507760532146,0.17,Medium,1
0.19999999999999996,0.10526315789473684,0.7240000000000001,0.17200000000000004,0.7142857142857142,0.42105263157894735,0.8620689655172413,0.6666666666666666,0.6474501108647452,0.135,High,2
0.8666666666666669,0.7368421052631579,0.07900000000000001,0.8920000000000001,0.14285714285714285,0.5263157894736842,0.7586206896551724,0.3333333333333333,0.27050997782705094,0.325,Low,0
0.8666666666666669,0.7368421052631579,0.5720000000000001,0.10399999999999987,0.2857142857142857,0.631578947368421,0.034482758620689655,0.3333333333333333,0.6755358462675536,0.53,Medium,1
1.0000000000000002,0.7368421052631579,0.33499999999999996,0.528,0.7142857142857142,0.15789473684210525,0.6896551724137931,1.0,0.30672579453067256,0.195,Medium,1
0.6666666666666667,0.42105263157894735,0.20800000000000007,0.532,0.14285714285714285,0.7894736842105263,0.1724137931034483,0.7777777777777777,0.4316334072431635,0.12,Medium,1
0.9333333333333333,0.631578947368421,0.898,0.31400000000000006,0.14285714285714285,0.05263157894736842,0.3793103448275862,0.1111111111111111,0.8085735402808574,0.93,Low,0
0.6666666666666667,0.47368421052631576,0.9349999999999999,0.006000000000000005,0.14285714285714285,0.47368421052631576,1.0,0.8888888888888888,0.9356984478935702,0.94,Medium,1
0.9333333333333333,0.5263157894736842,0.25,0.938,0.2857142857142857,0.05263157894736842,0.6551724137931034,0.1111111111111111,0.4619364375461938,0.49,Low,0
0.5333333333333334,1.0,0.7660000000000001,0.08599999999999997,0.8571428571428571,0.8421052631578947,0.7586206896551724,1.0,0.7930524759793054,0.97,High,2
0.6000000000000001,0.5789473684210527,0.14,0.30600000000000005,0.14285714285714285,0.3157894736842105,0.27586206896551724,0.7777777777777777,0.33555062823355514,0.32,Medium,1
0.40000000000000013,0.7894736842105263,0.33499999999999996,0.39800000000000013,0.5714285714285714,0.05263157894736842,0.27586206896551724,0.7777777777777777,0.3806356245380636,0.965,Medium,1
0.06666666666666665,0.3157894736842105,0.715,0.938,0.7142857142857142,1.0,0.4482758620689655,1.0,0.6348854397634887,0.22,High,2
0.0,0.21052631578947367,0.35,0.6400000000000001,0.7142857142857142,0.5789473684210527,0.8620689655172413,0.6666666666666666,0.25277161862527725,0.38,Medium,1
0.06666666666666665,0.631578947368421,0.22599999999999998,0.040000000000000036,0.14285714285714285,0.05263157894736842,0.06896551724137931,1.0,0.19660014781966,0.49,Low,0
0.8666666666666669,0.3157894736842105,0.757,0.051999999999999935,0.2857142857142857,0.15789473684210525,0.24137931034482757,0.8888888888888888,0.804138950480414,0.91,High,2
0.1333333333333333,1.0,0.32400000000000007,0.9339999999999999,0.14285714285714285,0.8421052631578947,0.48275862068965514,0.5555555555555556,0.4168514412416852,0.945,Low,0
0.3333333333333335,0.10526315789473684,0.8330000000000001,0.22599999999999998,0.7142857142857142,0.894736842105263,0.8620689655172413,0.1111111111111111,0.855136733185514,0.0,High,2
0.06666666666666665,1.0,0.29000000000000004,0.134,0.7142857142857142,0.7368421052631579,0.13793103448275862,0.1111111111111111,0.45528455284552843,0.71,Medium,1
0.26666666666666683,0.15789473684210525,0.30700000000000005,0.08200000000000007,1.0,0.7894736842105263,0.8620689655172413,0.1111111111111111,0.2439024390243903,0.44,Medium,1
0.6000000000000001,0.8421052631578947,0.795,0.29800000000000004,0.42857142857142855,0.5789473684210527,0.9655172413793103,0.3333333333333333,0.6067997043606801,0.75,Medium,1
0.0,0.5789473684210527,0.388,0.016000000000000014,0.42857142857142855,0.9473684210526315,0.41379310344827586,0.6666666666666666,0.2771618625277163,0.615,High,2
0.1333333333333333,0.3684210526315789,0.924,0.3460000000000001,1.0,0.9473684210526315,0.4482758620689655,0.5555555555555556,0.9593495934959353,0.975,High,2
0.26666666666666683,0.47368421052631576,0.8240000000000002,0.6359999999999999,1.0,0.631578947368421,0.0,0.3333333333333333,0.6104951958610496,0.115,High,2
0.7333333333333332,0.894736842105263,0.21299999999999997,0.02200000000000002,0.14285714285714285,1.0,0.20689655172413793,0.5555555555555556,0.3436807095343681,0.135,Medium,1
0.19999999999999996,0.05263157894736842,0.799,0.5720000000000001,0.14285714285714285,0.05263157894736842,0.48275862068965514,0.0,0.7472283813747229,0.49,Low,0
0.19999999999999996,0.2631578947368421,0.8690000000000001,0.31600000000000006,0.14285714285714285,0.8421052631578947,0.5862068965517241,1.0,0.8233555062823357,0.185,High,2
0.5333333333333334,0.3684210526315789,0.033999999999999975,0.788,0.8571428571428571,0.631578947368421,0.896551724137931,0.0,0.1278640059127864,0.775,Low,0
0.26666666666666683,0.7368421052631579,0.268,0.8260000000000003,0.42857142857142855,0.0,0.7241379310344828,0.8888888888888888,0.32002956393200294,0.105,Low,0
0.06666666666666665,0.21052631578947367,0.8099999999999999,0.33599999999999985,0.8571428571428571,0.7368421052631579,0.3448275862068966,0.0,0.7472283813747229,0.805,High,2
0.9333333333333333,0.3157894736842105,0.256,0.8559999999999999,0.42857142857142855,0.42105263157894735,0.9655172413793103,1.0,0.2601626016260163,0.085,Medium,1
0.9333333333333333,0.3157894736842105,0.08799999999999997,0.05999999999999994,0.7142857142857142,0.15789473684210525,0.6896551724137931,0.4444444444444444,0.14116777531411678,0.645,Medium,1
0.8,0.3157894736842105,0.15999999999999992,0.55,0.8571428571428571,0.21052631578947367,0.7241379310344828,0.7777777777777777,0.20325203252032525,0.125,Medium,1
0.8666666666666669,0.7368421052631579,0.6710000000000002,0.8399999999999999,0.2857142857142857,1.0,0.24137931034482757,0.8888888888888888,0.6733185513673319,0.465,High,2
0.06666666666666665,0.05263157894736842,0.31300000000000006,0.522,0.5714285714285714,0.05263157894736842,0.6896551724137931,0.6666666666666666,0.28972653362897277,0.555,Low,0
0.19999999999999996,0.21052631578947367,0.715,0.972,0.7142857142857142,0.3684210526315789,0.7586206896551724,1.0,0.7110125646711014,0.86,Medium,1
0.8666666666666669,0.6842105263157894,0.028000000000000025,0.8600000000000001,0.42857142857142855,0.5789473684210527,0.9655172413793103,0.4444444444444444,0.15742793791574278,0.255,Low,0
0.6666666666666667,0.7894736842105263,0.43100000000000005,0.728,0.8571428571428571,0.7368421052631579,0.9310344827586207,0.3333333333333333,0.345158906134516,0.89,Medium,1
0.0,0.15789473684210525,0.6880000000000001,0.04600000000000004,0.5714285714285714,0.894736842105263,0.896551724137931,0.6666666666666666,0.6119733924611974,0.96,High,2
0.40000000000000013,0.8421052631578947,0.9880000000000001,0.974,0.8571428571428571,0.0,0.6206896551724138,0.3333333333333333,0.8048780487804881,0.44,Medium,1
0.4666666666666668,0.0,0.247,0.3919999999999999,0.42857142857142855,0.3684210526315789,0.20689655172413793,0.8888888888888888,0.5018477457501849,0.055,Low,0
0.5333333333333334,0.42105263157894735,0.5619999999999999,0.5720000000000001,0.5714285714285714,0.631578947368421,0.034482758620689655,0.0,0.4796747967479675,0.07,High,2
0.7333333333333332,0.9473684210526315,0.29500000000000004,0.30800000000000005,0.42857142857142855,0.0,0.3103448275862069,0.0,0.2099039172209905,0.505,Low,0
0.26666666666666683,0.0,0.587,0.09999999999999998,1.0,0.15789473684210525,0.896551724137931,0.1111111111111111,0.6807095343680711,0.785,Medium,1
0.4666666666666668,1.0,0.18899999999999995,0.24,0.14285714285714285,0.2631578947368421,0.1724137931034483,0.4444444444444444,0.2815964523281596,0.25,Medium,1
0.7333333333333332,0.894736842105263,0.46799999999999997,0.8320000000000001,0.0,0.7368421052631579,0.3448275862068966,1.0,0.5092387287509239,0.29,Medium,1
0.6666666666666667,0.9473684210526315,0.524,0.08000000000000007,0.7142857142857142,0.10526315789473684,0.41379310344827586,0.4444444444444444,0.5380635624538064,0.99,Medium,1
0.0,0.894736842105263,0.7820000000000001,0.03200000000000003,0.2857142857142857,1.0,1.0,0.6666666666666666,0.7657058388765707,0.505,High,2
0.0,0.2631578947368421,0.9500000000000001,0.766,0.5714285714285714,0.7368421052631579,0.6206896551724138,1.0,0.8810051736881006,0.875,High,2
0.06666666666666665,0.2631578947368421,0.642,0.518,0.2857142857142857,0.15789473684210525,0.1724137931034483,0.8888888888888888,0.7383592017738361,0.66,Low,0
0.7333333333333332,0.7368421052631579,0.17300000000000004,0.027999999999999914,1.0,0.42105263157894735,0.27586206896551724,0.6666666666666666,0.18773096821877316,0.265,Medium,1
0.6000000000000001,0.10526315789473684,0.6330000000000001,0.4970000000000001,0.2857142857142857,0.7368421052631579,0.9310344827586207,0.4444444444444444,0.5587583148558759,0.59,Medium,1
0.3333333333333335,0.6842105263157894,0.6529999999999999,0.3039999999999998,1.0,0.9473684210526315,0.13793103448275862,0.2222222222222222,0.6016260162601628,0.6,High,2
0.7333333333333332,0.7894736842105263,0.131,0.006000000000000005,0.42857142857142855,0.631578947368421,0.5172413793103449,0.4444444444444444,0.2985957132298596,0.985,Medium,1
0.06666666666666665,0.05263157894736842,0.64,0.19399999999999995,0.2857142857142857,0.3684210526315789,0.7241379310344828,0.5555555555555556,0.6814486326681448,0.46,Medium,1
0.4666666666666668,0.42105263157894735,0.8460000000000002,0.3480000000000001,1.0,0.3157894736842105,0.6896551724137931,0.3333333333333333,0.8307464892830747,0.45,Medium,1
0.8666666666666669,0.894736842105263,0.42500000000000004,0.758,0.8571428571428571,0.7368421052631579,0.3103448275862069,0.6666666666666666,0.5144124168514412,0.115,High,2
0.8666666666666669,0.5789473684210527,0.40800000000000003,0.6619999999999999,0.7142857142857142,0.3684210526315789,0.8620689655172413,0.5555555555555556,0.28898743532889876,0.835,Medium,1
0.26666666666666683,0.47368421052631576,0.46699999999999997,0.19600000000000006,0.14285714285714285,0.2631578947368421,0.7586206896551724,0.7777777777777777,0.6053215077605323,0.87,Medium,1
0.7333333333333332,0.21052631578947367,0.7130000000000002,0.29600000000000004,0.7142857142857142,0.05263157894736842,0.48275862068965514,0.6666666666666666,0.6607538802660755,0.7,High,2
0.3333333333333335,0.10526315789473684,0.346,0.45999999999999996,0.8571428571428571,0.2631578947368421,0.7586206896551724,0.0,0.2815964523281596,0.475,Low,0
0.7333333333333332,0.05263157894736842,0.5630000000000001,0.998,0.2857142857142857,0.6842105263157894,0.06896551724137931,0.6666666666666666,0.4951958610495197,0.745,Medium,1
0.6000000000000001,0.42105263157894735,0.6730000000000002,0.8320000000000001,0.2857142857142857,0.05263157894736842,0.5172413793103449,0.5555555555555556,0.6925351071692536,0.635,Medium,1
0.3333333333333335,1.0,0.8080000000000002,0.9199999999999999,1.0,0.6842105263157894,0.20689655172413793,1.0,0.6962305986696231,0.695,High,2
0.6000000000000001,0.0,0.999,0.724,0.5714285714285714,0.10526315789473684,0.6896551724137931,1.0,0.8203991130820398,0.93,High,2
0.8,0.47368421052631576,0.6109999999999999,0.5800000000000001,0.14285714285714285,0.8421052631578947,0.7241379310344828,0.2222222222222222,0.6053215077605323,0.25,Medium,1
1.0000000000000002,0.15789473684210525,0.15700000000000003,0.05600000000000005,0.42857142857142855,0.6842105263157894,0.6896551724137931,0.6666666666666666,0.1271249076127125,0.6,Medium,1
0.6666666666666667,0.7894736842105263,0.15100000000000002,0.4720000000000002,0.0,0.5789473684210527,0.9310344827586207,0.5555555555555556,0.2645971914264597,0.7,Medium,1
0.5333333333333334,0.8421052631578947,0.654,0.5880000000000001,0.42857142857142855,0.10526315789473684,0.24137931034482757,0.3333333333333333,0.6193643754619365,0.23,Medium,1
1.0000000000000002,0.7368421052631579,0.7660000000000001,0.4960000000000002,0.2857142857142857,0.5263157894736842,0.6551724137931034,0.5555555555555556,0.5683665927568369,0.695,High,2
0.0,0.42105263157894735,0.18499999999999994,0.766,0.7142857142857142,0.2631578947368421,0.20689655172413793,0.5555555555555556,0.37176644493717675,0.445,Low,0
0.5333333333333334,0.15789473684210525,0.46699999999999997,0.6320000000000001,0.5714285714285714,1.0,0.7931034482758621,0.3333333333333333,0.33555062823355514,0.965,Medium,1
0.4666666666666668,0.9473684210526315,0.924,0.040000000000000036,0.7142857142857142,0.7894736842105263,0.7241379310344828,0.8888888888888888,0.9068736141906875,0.55,High,2
0.4666666666666668,0.0,0.04400000000000004,0.20399999999999996,0.2857142857142857,0.42105263157894735,0.9310344827586207,0.7777777777777777,0.15816703621581668,0.43,Medium,1
0.26666666666666683,0.7894736842105263,0.8170000000000001,0.11199999999999988,1.0,0.9473684210526315,0.20689655172413793,0.3333333333333333,0.6592756836659277,0.66,High,2
0.9333333333333333,0.5789473684210527,0.884,0.8899999999999999,0.42857142857142855,1.0,0.48275862068965514,0.4444444444444444,0.7487065779748707,0.09,High,2
0.5333333333333334,0.8421052631578947,0.119,0.772,1.0,0.8421052631578947,0.5862068965517241,0.5555555555555556,0.25055432372505543,0.155,Medium,1
0.7333333333333332,0.15789473684210525,0.7340000000000001,0.3880000000000001,0.5714285714285714,0.3157894736842105,0.4482758620689655,0.0,0.6156688839615669,0.06,High,2
0.5333333333333334,0.42105263157894735,0.18700000000000006,0.33000000000000007,0.2857142857142857,0.42105263157894735,0.5517241379310345,0.2222222222222222,0.20251293422025135,0.13,Low,0
0.8666666666666669,0.631578947368421,0.68,0.776,0.8571428571428571,0.8421052631578947,0.7241379310344828,0.2222222222222222,0.5979305247597932,0.11,High,2
0.8,0.631578947368421,0.273,0.8180000000000001,0.42857142857142855,0.3684210526315789,0.6551724137931034,0.4444444444444444,0.3274205469327422,0.205,Low,0
