age,experience_years,daily_work_hours,sleep_hours,caffeine_intake,bugs_per_day,commits_per_day,meetings_per_day,screen_time,exercise_hours,burnout_level_encoded,burnout_level
0.26666666666666683,0.7368421052631579,0.013000000000000012,0.256,0.0,0.42105263157894735,0.5862068965517241,0.7777777777777777,0.23946784922394676,0.4,0,Low
0.3333333333333335,0.47368421052631576,0.9420000000000001,0.17400000000000004,0.7142857142857142,0.5263157894736842,0.5172413793103449,1.0,0.8011825572801183,0.435,2,High
0.6666666666666667,0.3684210526315789,0.4960000000000001,0.9339999999999999,0.0,0.42105263157894735,0.10344827586206896,0.1111111111111111,0.7583148558758317,0.7,1,Medium
0.8666666666666669,0.5789473684210527,0.791,0.28800000000000003,0.2857142857142857,0.42105263157894735,0.6896551724137931,0.5555555555555556,0.8514412416851442,0.315,2,High
1.0000000000000002,0.631578947368421,0.4960000000000001,0.3039999999999998,0.5714285714285714,0.7894736842105263,0.9655172413793103,0.4444444444444444,0.8684405025868442,0.525,2,High
0.26666666666666683,0.15789473684210525,0.9880000000000001,0.8899999999999999,0.2857142857142857,0.3684210526315789,0.48275862068965514,0.3333333333333333,0.7420546932742056,0.975,1,Medium
0.8666666666666669,1.0,0.406,0.29000000000000004,0.2857142857142857,0.10526315789473684,0.13793103448275862,0.5555555555555556,0.5151515151515151,0.99,0,Low
0.8666666666666669,0.21052631578947367,0.91,0.4800000000000002,0.42857142857142855,1.0,0.9655172413793103,0.6666666666666666,0.7849223946784925,0.65,2,High
0.8,0.05263157894736842,0.254,0.008000000000000007,0.14285714285714285,0.42105263157894735,0.8275862068965517,1.0,0.5018477457501849,0.89,1,Medium
0.9333333333333333,0.0,0.06799999999999995,0.6380000000000001,0.42857142857142855,0.7368421052631579,0.896551724137931,0.8888888888888888,0.3096821877309683,0.485,1,Medium
0.3333333333333335,0.5789473684210527,0.723,0.4970000000000001,0.0,0.2631578947368421,0.7586206896551724,0.0,0.5521064301552108,0.65,0,Low
0.19999999999999996,0.5263157894736842,0.6509999999999999,0.538,0.14285714285714285,0.47368421052631576,0.27586206896551724,0.1111111111111111,0.6363636363636365,0.7,1,Medium
0.4666666666666668,0.15789473684210525,0.9660000000000001,0.18000000000000005,1.0,0.15789473684210525,0.3793103448275862,0.8888888888888888,0.927568366592757,0.86,2,High
0.0,0.6842105263157894,0.8170000000000001,0.03599999999999992,0.2857142857142857,0.42105263157894735,0.0,0.6666666666666666,0.779009608277901,0.735,1,Medium
0.6000000000000001,0.8421052631578947,0.05499999999999999,0.6960000000000002,0.2857142857142857,0.3157894736842105,0.41379310344827586,0.6666666666666666,0.17294900221729487,0.09,0,Low
0.6666666666666667,0.7368421052631579,0.66,0.236,0.42857142857142855,0.3684210526315789,0.6551724137931034,0.1111111111111111,0.5661492978566149,0.665,1,Medium
0.19999999999999996,0.47368421052631576,0.272,0.692,0.0,0.8421052631578947,0.5172413793103449,0.5555555555555556,0.345158906134516,0.31,0,Low
0.0,0.10526315789473684,0.664,0.772,0.0,0.5789473684210527,0.8620689655172413,0.8888888888888888,0.6223207686622323,0.805,1,Medium
0.6666666666666667,0.6842105263157894,0.868,0.32400000000000007,1.0,0.3157894736842105,0.7931034482758621,0.5555555555555556,0.7154471544715448,0.75,2,High
0.26666666666666683,0.8421052631578947,0.492,0.802,0.14285714285714285,0.21052631578947367,0.9655172413793103,0.1111111111111111,0.6082779009608279,0.555,0,Low
0.06666666666666665,0.9473684210526315,0.10799999999999998,0.061999999999999944,0.5714285714285714,0.21052631578947367,0.6551724137931034,0.0,0.11529933481152993,0.63,0,Low
0.9333333333333333,0.6842105263157894,0.826,0.4970000000000001,0.14285714285714285,0.7368421052631579,0.24137931034482757,0.1111111111111111,0.6260162601626016,0.7,1,Medium
1.0000000000000002,0.5789473684210527,0.396,0.8780000000000001,0.0,0.631578947368421,0.41379310344827586,0.0,0.2823355506282335,0.85,0,Low
0.06666666666666665,0.8421052631578947,0.135,0.39800000000000013,0.7142857142857142,0.42105263157894735,0.13793103448275862,0.6666666666666666,0.1766444937176645,0.98,1,Medium
0.19999999999999996,0.9473684210526315,0.502,0.8480000000000001,0.7142857142857142,0.05263157894736842,0.5172413793103449,0.2222222222222222,0.6474501108647452,0.795,0,Low
0.5333333333333334,0.21052631578947367,0.5539999999999999,0.08000000000000007,0.42857142857142855,0.631578947368421,0.1724137931034483,0.8888888888888888,0.42424242424242425,0.86,2,High
0.0,0.05263157894736842,0.924,0.4099999999999999,0.2857142857142857,0.21052631578947367,0.034482758620689655,0.5555555555555556,0.6991869918699187,0.48,1,Medium
0.9333333333333333,0.6842105263157894,0.8770000000000001,0.3720000000000001,0.7142857142857142,0.5263157894736842,0.48275862068965514,0.4444444444444444,0.8189209164818922,0.03,1,Medium
0.7333333333333332,0.47368421052631576,0.9900000000000001,0.8420000000000003,0.5714285714285714,0.3684210526315789,0.5862068965517241,1.0,0.934959349593496,0.255,2,High
0.40000000000000013,0.47368421052631576,0.6390000000000001,0.252,1.0,1.0,0.8620689655172413,0.4444444444444444,0.6784922394678494,0.39,2,High
0.5333333333333334,0.2631578947368421,0.7660000000000001,0.02400000000000002,0.5714285714285714,0.8421052631578947,0.7241379310344828,0.0,0.6932742054693275,0.59,2,High
0.7333333333333332,0.10526315789473684,0.256,0.262,0.14285714285714285,0.21052631578947367,0.6896551724137931,0.6666666666666666,0.3976348854397635,0.35,1,Medium
0.26666666666666683,0.21052631578947367,0.6960000000000001,0.7220000000000002,0.42857142857142855,0.2631578947368421,0.10344827586206896,0.6666666666666666,0.6127124907612713,0.825,1,Medium
0.26666666666666683,0.5789473684210527,0.8830000000000001,0.17200000000000004,0.7142857142857142,0.47368421052631576,0.896551724137931,0.2222222222222222,0.6762749445676275,0.685,1,Medium
0.40000000000000013,0.10526315789473684,0.783,0.051999999999999935,0.0,0.6842105263157894,0.06896551724137931,0.4444444444444444,0.8447893569844791,0.065,2,High
0.5333333333333334,1.0,0.35,0.8820000000000001,0.7142857142857142,0.5789473684210527,0.41379310344827586,0.3333333333333333,0.4789356984478936,0.32,0,Low
0.40000000000000013,0.21052631578947367,0.54,0.762,0.5714285714285714,0.5263157894736842,0.3793103448275862,0.4444444444444444,0.6230598669623062,0.955,1,Medium
0.0,0.6842105263157894,0.5830000000000001,0.10399999999999987,0.5714285714285714,0.0,0.1724137931034483,0.6666666666666666,0.4286770140428678,0.145,1,Medium
0.40000000000000013,0.47368421052631576,0.253,0.72,0.8571428571428571,0.21052631578947367,0.3793103448275862,1.0,0.3082039911308205,0.27,1,Medium
0.26666666666666683,0.3157894736842105,0.31399999999999995,0.28,1.0,0.3157894736842105,0.06896551724137931,0.2222222222222222,0.2993348115299335,0.985,0,Low
0.40000000000000013,0.894736842105263,0.676,0.9160000000000001,1.0,0.47368421052631576,0.8620689655172413,0.1111111111111111,0.5461936437546195,0.82,1,Medium
0.1333333333333333,0.6842105263157894,0.7050000000000002,0.49,0.42857142857142855,0.15789473684210525,0.24137931034482757,0.7777777777777777,0.7235772357723578,0.54,2,High
0.5333333333333334,0.2631578947368421,0.8470000000000001,0.6880000000000002,0.7142857142857142,0.6842105263157894,0.9655172413793103,0.6666666666666666,0.869918699186992,0.07,2,High
0.3333333333333335,0.10526315789473684,0.5039999999999999,0.6839999999999999,0.2857142857142857,0.21052631578947367,1.0,0.7777777777777777,0.4486326681448633,0.425,1,Medium
0.6666666666666667,0.3157894736842105,0.7400000000000001,0.43000000000000016,0.7142857142857142,0.0,0.0,0.0,0.6341463414634148,0.565,0,Low
0.4666666666666668,0.10526315789473684,0.6789999999999999,0.33000000000000007,0.0,0.0,0.9310344827586207,1.0,0.5957132298595713,0.55,2,High
0.8,0.42105263157894735,0.91,0.94,0.42857142857142855,0.47368421052631576,0.5517241379310345,0.7777777777777777,0.7028824833702885,0.36,2,High
0.5333333333333334,0.2631578947368421,0.22699999999999998,0.39600000000000013,1.0,0.5789473684210527,0.896551724137931,0.6666666666666666,0.3281596452328161,0.315,1,Medium
0.9333333333333333,0.7894736842105263,0.255,0.20399999999999996,0.0,0.05263157894736842,0.3103448275862069,0.7777777777777777,0.5018477457501849,0.695,0,Low
0.8,0.7368421052631579,0.967,0.09199999999999997,0.14285714285714285,0.21052631578947367,0.8275862068965517,0.7777777777777777,0.8329637841832964,0.125,2,High
0.7333333333333332,0.47368421052631576,0.15400000000000003,0.09600000000000009,0.0,0.7368421052631579,0.13793103448275862,0.5555555555555556,0.33555062823355514,0.395,1,Medium
1.0000000000000002,0.10526315789473684,0.31900000000000006,0.20799999999999996,0.8571428571428571,0.8421052631578947,0.9655172413793103,0.0,0.49150036954915005,0.91,1,Medium
0.26666666666666683,0.21052631578947367,0.6330000000000001,0.16999999999999993,0.7142857142857142,0.42105263157894735,0.8275862068965517,1.0,0.45824094604582416,0.875,2,High
0.7333333333333332,0.7894736842105263,0.6609999999999999,0.10999999999999999,0.8571428571428571,0.5789473684210527,0.896551724137931,1.0,0.5461936437546195,0.475,2,High
0.0,0.9473684210526315,0.9310000000000002,0.23199999999999998,0.2857142857142857,0.3684210526315789,0.7586206896551724,0.5555555555555556,0.7405764966740578,0.015,1,Medium
0.06666666666666665,0.3157894736842105,0.21200000000000008,0.8160000000000001,0.14285714285714285,0.5263157894736842,0.06896551724137931,0.0,0.3133776792313378,0.975,0,Low
0.6000000000000001,0.47368421052631576,0.8210000000000001,0.02200000000000002,0.2857142857142857,0.0,0.20689655172413793,1.0,0.7694013303769403,0.775,1,Medium
0.7333333333333332,0.7894736842105263,0.995,0.758,0.2857142857142857,0.21052631578947367,0.1724137931034483,0.6666666666666666,0.9541759053954177,0.15,2,High
0.1333333333333333,0.47368421052631576,0.30000000000000004,0.6880000000000002,0.7142857142857142,0.47368421052631576,0.5517241379310345,0.3333333333333333,0.20768662232076868,0.025,1,Medium
0.9333333333333333,0.5789473684210527,0.4820000000000001,0.23399999999999999,1.0,0.7894736842105263,0.896551724137931,0.2222222222222222,0.5491500369549152,0.57,2,High
0.3333333333333335,1.0,0.747,0.504,0.7142857142857142,0.2631578947368421,0.896551724137931,0.8888888888888888,0.5609756097560976,0.585,2,High
1.0000000000000002,0.9473684210526315,0.06500000000000006,0.4640000000000002,1.0,0.7894736842105263,0.1724137931034483,0.0,0.23059866962305992,0.04,0,Low
0.6000000000000001,0.6842105263157894,0.126,0.798,0.14285714285714285,0.3684210526315789,0.5862068965517241,0.4444444444444444,0.1101256467110126,0.975,0,Low
0.7333333333333332,0.47368421052631576,0.4960000000000001,0.5720000000000001,0.42857142857142855,0.3157894736842105,0.034482758620689655,0.0,0.5912786400591281,0.52,0,Low
0.3333333333333335,0.3157894736842105,0.32400000000000007,0.03200000000000003,0.8571428571428571,0.9473684210526315,0.06896551724137931,0.5555555555555556,0.40946045824094607,0.445,2,High
1.0000000000000002,0.8421052631578947,0.32699999999999996,0.28200000000000003,0.42857142857142855,0.5789473684210527,0.5517241379310345,0.0,0.4478935698447894,0.79,1,Medium
0.19999999999999996,0.6842105263157894,0.126,0.3380000000000001,0.42857142857142855,0.21052631578947367,0.9310344827586207,0.2222222222222222,0.25572801182557287,0.59,0,Low
0.5333333333333334,0.21052631578947367,0.7380000000000001,0.3679999999999999,0.42857142857142855,0.5263157894736842,0.034482758620689655,1.0,0.6607538802660755,0.225,2,High
0.7333333333333332,0.894736842105263,0.8490000000000001,0.15999999999999992,0.42857142857142855,1.0,0.06896551724137931,0.3333333333333333,0.8388765705838876,0.055,2,High
0.1333333333333333,0.0,0.41500000000000004,0.4970000000000001,0.5714285714285714,0.6842105263157894,0.3103448275862069,0.7777777777777777,0.38433111603843323,0.05,2,High
0.0,0.7368421052631579,0.10999999999999999,0.9320000000000002,0.2857142857142857,1.0,0.8275862068965517,0.4444444444444444,0.2926829268292684,0.89,0,Low
0.5333333333333334,0.05263157894736842,0.394,0.506,0.2857142857142857,0.0,0.9310344827586207,0.7777777777777777,0.4951958610495197,0.5,1,Medium
0.40000000000000013,1.0,0.4960000000000001,0.1519999999999999,0.7142857142857142,0.42105263157894735,0.3448275862068966,0.4444444444444444,0.1256467110125647,0.3,1,Medium
0.4666666666666668,0.15789473684210525,0.765,0.8899999999999999,0.0,0.5263157894736842,0.24137931034482757,0.3333333333333333,0.6851441241685146,0.37,1,Medium
0.6000000000000001,0.7894736842105263,0.20199999999999996,0.54,0.0,0.7894736842105263,0.9310344827586207,0.6666666666666666,0.33776792313377685,0.27,1,Medium
0.3333333333333335,1.0,0.636,0.3500000000000001,0.7142857142857142,0.2631578947368421,0.9655172413793103,0.0,0.4848484848484849,0.06,0,Low
0.06666666666666665,0.05263157894736842,0.6900000000000001,0.6260000000000001,0.14285714285714285,0.5263157894736842,0.24137931034482757,0.7777777777777777,0.6563192904656321,0.12,1,Medium
0.3333333333333335,0.894736842105263,0.15400000000000003,0.8160000000000001,1.0,0.21052631578947367,0.7241379310344828,0.3333333333333333,0.28824833702882485,0.385,1,Medium
0.5333333333333334,0.5789473684210527,0.977,0.4119999999999999,0.8571428571428571,0.15789473684210525,0.6206896551724138,0.7777777777777777,0.8181818181818183,0.655,2,High
0.3333333333333335,0.3157894736842105,0.067,0.08000000000000007,0.14285714285714285,0.05263157894736842,0.7241379310344828,0.8888888888888888,0.30303030303030315,0.29,0,Low
0.9333333333333333,0.8421052631578947,0.3650000000000001,0.984,0.0,0.47368421052631576,0.24137931034482757,0.3333333333333333,0.3281596452328161,0.655,0,Low
0.6666666666666667,1.0,0.11699999999999999,0.02200000000000002,0.2857142857142857,0.8421052631578947,0.9310344827586207,0.5555555555555556,0.1788617886178862,0.365,1,Medium
0.06666666666666665,0.2631578947368421,0.45399999999999996,0.40000000000000013,0.5714285714285714,0.631578947368421,0.7241379310344828,0.7777777777777777,0.5358462675535849,0.66,1,Medium
0.9333333333333333,0.6842105263157894,0.9960000000000001,0.8940000000000001,0.7142857142857142,0.3157894736842105,0.7241379310344828,0.3333333333333333,0.7590539541759056,0.535,1,Medium
0.40000000000000013,0.42105263157894735,0.066,0.09999999999999998,0.14285714285714285,1.0,1.0,0.5555555555555556,0.062084257206208415,0.0,1,Medium
0.6666666666666667,0.631578947368421,0.9540000000000001,0.44199999999999995,0.8571428571428571,0.21052631578947367,0.5517241379310345,0.6666666666666666,0.7235772357723578,0.015,2,High
0.6666666666666667,0.631578947368421,0.42500000000000004,0.5880000000000001,0.0,0.7894736842105263,0.24137931034482757,0.2222222222222222,0.3311160384331116,0.33,1,Medium
0.0,0.8421052631578947,0.765,0.8579999999999999,0.0,0.6842105263157894,0.7241379310344828,0.6666666666666666,0.7420546932742056,0.515,1,Medium
0.1333333333333333,0.8421052631578947,0.787,0.7380000000000002,0.5714285714285714,0.7368421052631579,0.8620689655172413,0.1111111111111111,0.8543976348854398,0.88,1,Medium
0.6666666666666667,0.15789473684210525,0.20800000000000007,0.712,0.5714285714285714,0.9473684210526315,0.48275862068965514,0.2222222222222222,0.37028824833702895,0.275,1,Medium
0.8,0.47368421052631576,0.10399999999999998,0.8600000000000001,0.0,0.47368421052631576,0.6551724137931034,0.1111111111111111,0.13525498891352555,0.875,0,Low
0.6666666666666667,0.5789473684210527,0.511,0.504,1.0,0.42105263157894735,0.06896551724137931,0.1111111111111111,0.49150036954915005,0.435,1,Medium
0.9333333333333333,0.3684210526315789,0.122,0.6240000000000001,0.14285714285714285,0.6842105263157894,1.0,0.3333333333333333,0.262379896526238,0.585,0,Low
0.3333333333333335,0.8421052631578947,0.636,0.4019999999999999,0.0,0.47368421052631576,0.0,0.1111111111111111,0.49223946784922396,0.405,1,Medium
0.19999999999999996,0.21052631578947367,0.18799999999999994,0.266,0.7142857142857142,0.9473684210526315,0.9655172413793103,0.3333333333333333,0.2771618625277163,0.455,1,Medium
0.0,0.894736842105263,0.757,0.3400000000000001,0.8571428571428571,0.0,0.1724137931034483,0.0,0.7575757575757578,0.81,1,Medium
0.40000000000000013,0.21052631578947367,0.769,0.8820000000000001,0.8571428571428571,0.5789473684210527,0.48275862068965514,0.1111111111111111,0.6008869179600889,0.705,1,Medium
0.7333333333333332,0.5263157894736842,0.239,0.0020000000000000018,0.5714285714285714,0.42105263157894735,0.6206896551724138,0.0,0.31929046563192903,0.87,0,Low
0.06666666666666665,0.5263157894736842,0.7640000000000001,0.4970000000000001,0.0,0.15789473684210525,0.10344827586206896,0.5555555555555556,0.6245380635624538,0.4,1,Medium
0.40000000000000013,0.6842105263157894,0.9810000000000002,0.3699999999999999,0.5714285714285714,0.47368421052631576,1.0,0.0,0.7745750184774576,0.43,1,Medium
0.8,0.47368421052631576,0.009000000000000008,0.704,0.0,0.47368421052631576,0.5517241379310345,0.7777777777777777,0.25424981522542506,0.735,0,Low
0.06666666666666665,0.3157894736842105,0.515,0.546,0.7142857142857142,0.5263157894736842,0.8620689655172413,0.4444444444444444,0.45676274944567635,0.985,1,Medium
0.6666666666666667,0.7368421052631579,0.979,0.16999999999999993,1.0,0.15789473684210525,0.3103448275862069,0.3333333333333333,0.9379157427937916,0.84,2,High
0.0,0.7368421052631579,0.45199999999999996,0.051999999999999935,0.5714285714285714,0.05263157894736842,0.6551724137931034,0.4444444444444444,0.5040650406504066,0.67,1,Medium
0.9333333333333333,0.894736842105263,0.30199999999999994,0.254,1.0,1.0,0.7241379310344828,0.1111111111111111,0.37398373983739835,0.48,1,Medium
0.26666666666666683,0.10526315789473684,0.019000000000000017,0.19999999999999996,0.7142857142857142,0.10526315789473684,0.06896551724137931,0.5555555555555556,0.03769401330376937,0.525,0,Low
0.7333333333333332,1.0,0.268,0.132,0.0,0.3684210526315789,0.13793103448275862,0.8888888888888888,0.33924611973392477,0.655,1,Medium
1.0000000000000002,0.5789473684210527,0.5880000000000001,0.34399999999999986,0.14285714285714285,0.7894736842105263,0.5172413793103449,0.3333333333333333,0.5787139689578715,0.065,1,Medium
0.6000000000000001,0.05263157894736842,0.508,0.43399999999999994,1.0,0.5789473684210527,0.896551724137931,0.7777777777777777,0.5646711012564671,0.98,1,Medium
0.06666666666666665,0.05263157894736842,0.138,0.56,0.7142857142857142,0.5263157894736842,0.3448275862068966,0.3333333333333333,0.26607538802660763,0.505,1,Medium
0.1333333333333333,0.8421052631578947,0.5529999999999999,0.06600000000000006,0.42857142857142855,0.5263157894736842,0.034482758620689655,0.7777777777777777,0.45602365114560256,0.825,2,High
0.26666666666666683,0.47368421052631576,0.6250000000000001,0.44999999999999996,0.14285714285714285,0.42105263157894735,0.7931034482758621,0.3333333333333333,0.632668144863267,0.0,1,Medium
0.19999999999999996,0.15789473684210525,0.515,0.31000000000000005,0.2857142857142857,0.894736842105263,0.0,0.4444444444444444,0.4116777531411678,0.4,1,Medium
0.40000000000000013,0.9473684210526315,0.8560000000000002,0.132,0.7142857142857142,0.3157894736842105,0.3103448275862069,0.8888888888888888,0.8832224685883223,0.27,2,High
0.40000000000000013,0.47368421052631576,0.618,0.19399999999999995,1.0,0.7894736842105263,0.06896551724137931,0.3333333333333333,0.5898004434589801,0.42,2,High
0.6000000000000001,0.47368421052631576,0.616,0.14,0.0,0.15789473684210525,0.8275862068965517,0.2222222222222222,0.5284552845528456,0.435,1,Medium
0.26666666666666683,0.47368421052631576,0.347,0.06600000000000006,0.7142857142857142,0.5789473684210527,0.5517241379310345,0.3333333333333333,0.3436807095343681,0.715,1,Medium
0.8666666666666669,0.631578947368421,0.402,0.76,0.42857142857142855,0.3157894736842105,0.48275862068965514,0.6666666666666666,0.38950480413895056,0.62,1,Medium
0.26666666666666683,1.0,0.11199999999999999,0.6660000000000001,0.7142857142857142,0.5263157894736842,0.7241379310344828,1.0,0.1958610495195861,0.505,1,Medium
0.40000000000000013,0.21052631578947367,0.14300000000000002,0.79,0.5714285714285714,0.0,0.13793103448275862,0.0,0.18994826311899488,0.045,0,Low
0.4666666666666668,0.8421052631578947,0.399,0.484,0.14285714285714285,0.0,0.7241379310344828,0.7777777777777777,0.5314116777531412,0.755,0,Low
0.6000000000000001,0.47368421052631576,0.801,0.6720000000000002,0.7142857142857142,0.2631578947368421,0.6896551724137931,1.0,0.7568366592756837,0.26,2,High
0.8,0.47368421052631576,0.346,0.20399999999999996,0.8571428571428571,0.3684210526315789,0.7931034482758621,0.6666666666666666,0.37398373983739835,0.145,1,Medium
0.5333333333333334,0.6842105263157894,0.8320000000000002,0.726,0.14285714285714285,0.47368421052631576,0.6551724137931034,0.0,0.8026607538802661,0.28,1,Medium
0.9333333333333333,0.9473684210526315,0.807,0.42599999999999993,0.2857142857142857,0.47368421052631576,0.5172413793103449,0.3333333333333333,0.6954915003695492,0.72,1,Medium
0.26666666666666683,0.42105263157894735,0.275,0.8,0.7142857142857142,0.15789473684210525,0.1724137931034483,0.7777777777777777,0.2424242424242425,0.325,1,Medium
0.0,0.15789473684210525,0.10499999999999998,0.5720000000000001,0.2857142857142857,0.05263157894736842,0.7241379310344828,1.0,0.2121212121212121,0.765,0,Low
0.3333333333333335,0.894736842105263,0.674,0.08000000000000007,0.2857142857142857,0.7368421052631579,0.6896551724137931,0.0,0.664449371766445,0.295,1,Medium
0.9333333333333333,0.631578947368421,0.584,0.28600000000000003,1.0,0.5263157894736842,0.27586206896551724,0.5555555555555556,0.5809312638580932,0.58,2,High
0.3333333333333335,0.8421052631578947,0.534,0.31999999999999984,0.2857142857142857,0.7894736842105263,0.06896551724137931,0.2222222222222222,0.6452328159645233,0.545,1,Medium
0.1333333333333333,0.5789473684210527,0.43400000000000005,0.8980000000000001,0.0,0.5263157894736842,0.5172413793103449,0.8888888888888888,0.5262379896526239,0.06,1,Medium
0.8,0.2631578947368421,0.32699999999999996,0.3839999999999999,0.2857142857142857,0.3157894736842105,0.1724137931034483,0.7777777777777777,0.3281596452328161,0.085,1,Medium
0.4666666666666668,0.3684210526315789,0.3490000000000001,0.8899999999999999,0.42857142857142855,0.631578947368421,0.6206896551724138,0.5555555555555556,0.3104212860310422,0.5,1,Medium
0.0,0.15789473684210525,0.6010000000000001,0.10999999999999999,0.0,0.3157894736842105,0.7241379310344828,0.2222222222222222,0.5299334811529934,0.645,1,Medium
1.0000000000000002,0.6842105263157894,0.22599999999999998,0.8360000000000001,0.5714285714285714,0.15789473684210525,0.5862068965517241,0.2222222222222222,0.19660014781966,0.15,0,Low
1.0000000000000002,0.894736842105263,0.016000000000000014,0.09199999999999997,0.14285714285714285,0.5789473684210527,0.896551724137931,0.6666666666666666,0.1788617886178862,0.115,1,Medium
0.5333333333333334,0.3684210526315789,0.11299999999999999,0.9260000000000002,0.5714285714285714,1.0,0.6551724137931034,1.0,0.3296378418329638,0.185,2,High
0.19999999999999996,0.6842105263157894,0.33099999999999996,0.19800000000000006,0.2857142857142857,0.9473684210526315,0.1724137931034483,0.6666666666666666,0.3813747228381375,0.695,2,High
0.1333333333333333,0.0,0.7050000000000002,0.30200000000000005,0.8571428571428571,0.9473684210526315,0.48275862068965514,0.1111111111111111,0.5062823355506283,0.985,2,High
0.8666666666666669,0.2631578947368421,0.14500000000000002,0.5700000000000001,0.14285714285714285,0.47368421052631576,0.48275862068965514,0.6666666666666666,0.13747228381374726,0.625,0,Low
0.5333333333333334,0.42105263157894735,0.7859999999999999,0.06799999999999995,0.42857142857142855,0.8421052631578947,0.9655172413793103,1.0,0.6208425720620843,0.1,2,High
1.0000000000000002,0.894736842105263,0.42500000000000004,0.6420000000000001,1.0,0.3684210526315789,0.5172413793103449,0.5555555555555556,0.44050258684405036,0.77,1,Medium
0.06666666666666665,1.0,0.674,0.8300000000000001,0.2857142857142857,0.7368421052631579,0.27586206896551724,0.2222222222222222,0.5188470066518849,0.165,1,Medium
0.8666666666666669,0.7894736842105263,0.43400000000000005,0.9339999999999999,0.42857142857142855,0.5789473684210527,0.9310344827586207,0.2222222222222222,0.5691056910569108,0.97,0,Low
0.1333333333333333,0.10526315789473684,0.476,0.6020000000000001,0.42857142857142855,0.2631578947368421,0.3793103448275862,0.8888888888888888,0.6237989652623801,0.065,1,Medium
0.5333333333333334,0.7368421052631579,0.28,0.76,0.2857142857142857,0.21052631578947367,0.7586206896551724,1.0,0.27420546932742057,0.09,1,Medium
0.6000000000000001,0.9473684210526315,0.763,0.512,0.2857142857142857,0.3157894736842105,0.896551724137931,0.4444444444444444,0.7664449371766446,0.57,1,Medium
0.26666666666666683,0.8421052631578947,0.511,0.29800000000000004,0.5714285714285714,0.2631578947368421,0.10344827586206896,1.0,0.6511456023651145,0.985,1,Medium
0.8,0.7894736842105263,0.727,0.5860000000000001,0.14285714285714285,0.47368421052631576,0.27586206896551724,0.1111111111111111,0.6371027346637104,0.36,1,Medium
0.1333333333333333,0.7368421052631579,0.31300000000000006,0.3320000000000001,0.7142857142857142,0.21052631578947367,0.8275862068965517,0.4444444444444444,0.31855136733185513,0.86,1,Medium
0.9333333333333333,0.21052631578947367,0.34299999999999997,0.16199999999999992,0.8571428571428571,0.894736842105263,0.8620689655172413,0.7777777777777777,0.4478935698447894,0.115,2,High
0.19999999999999996,0.05263157894736842,0.9730000000000002,0.29200000000000004,1.0,0.8421052631578947,0.6551724137931034,0.8888888888888888,0.7176644493717665,0.155,2,High
0.6000000000000001,0.7894736842105263,0.07800000000000001,0.5960000000000001,0.42857142857142855,0.21052631578947367,0.7586206896551724,0.5555555555555556,0.06504065040650403,0.395,0,Low
0.6666666666666667,0.6842105263157894,0.8130000000000001,0.19600000000000006,1.0,0.631578947368421,0.6896551724137931,0.4444444444444444,0.8233555062823357,0.075,2,High
0.06666666666666665,0.8421052631578947,0.5220000000000001,0.31000000000000005,0.42857142857142855,0.05263157894736842,0.6896551724137931,0.4444444444444444,0.6496674057649667,0.635,0,Low
1.0000000000000002,0.05263157894736842,0.6550000000000001,0.6900000000000002,1.0,0.5263157894736842,0.41379310344827586,0.2222222222222222,0.47006651884700673,0.41,2,High
1.0000000000000002,0.6842105263157894,0.16100000000000003,0.8680000000000001,0.5714285714285714,0.3157894736842105,0.034482758620689655,0.1111111111111111,0.3481152993348116,0.115,0,Low
0.0,0.5789473684210527,0.519,0.6140000000000001,0.7142857142857142,0.7894736842105263,0.0,0.3333333333333333,0.54249815225425,0.315,1,Medium
0.19999999999999996,0.21052631578947367,0.9740000000000001,0.9760000000000002,0.8571428571428571,0.8421052631578947,1.0,0.0,0.788617886178862,0.17,2,High
0.19999999999999996,0.5263157894736842,0.695,0.4970000000000001,0.8571428571428571,0.3684210526315789,0.10344827586206896,0.3333333333333333,0.5402808573540281,0.215,1,Medium
0.6666666666666667,0.5263157894736842,0.1519999999999999,0.498,0.5714285714285714,0.894736842105263,0.06896551724137931,0.4444444444444444,0.13895048041389507,0.405,1,Medium
0.40000000000000013,0.631578947368421,0.922,0.506,0.0,1.0,0.06896551724137931,0.6666666666666666,0.8691796008869179,0.75,2,High
0.9333333333333333,0.42105263157894735,0.45600000000000007,0.014000000000000012,0.14285714285714285,0.7894736842105263,0.7931034482758621,0.1111111111111111,0.3968957871396897,0.9,1,Medium
0.40000000000000013,0.21052631578947367,0.123,0.3779999999999999,0.7142857142857142,0.631578947368421,0.3448275862068966,0.4444444444444444,0.27198817442719886,0.925,1,Medium
0.3333333333333335,0.7894736842105263,0.729,0.16199999999999992,1.0,0.21052631578947367,0.3448275862068966,0.6666666666666666,0.8122690317812269,0.54,1,Medium
0.4666666666666668,0.47368421052631576,0.642,0.16199999999999992,0.2857142857142857,0.21052631578947367,0.10344827586206896,0.7777777777777777,0.6067997043606801,0.675,1,Medium
0.0,0.10526315789473684,0.17400000000000004,0.78,0.14285714285714285,0.2631578947368421,0.4482758620689655,1.0,0.20842572062084258,0.53,0,Low
0.6000000000000001,0.894736842105263,0.7320000000000001,0.14800000000000002,0.0,0.47368421052631576,0.3793103448275862,0.5555555555555556,0.5262379896526239,0.79,1,Medium
0.40000000000000013,0.2631578947368421,0.943,0.25,0.14285714285714285,0.10526315789473684,0.3103448275862069,0.2222222222222222,0.8588322246858833,0.475,1,Medium
0.4666666666666668,0.42105263157894735,0.8960000000000002,0.8500000000000001,0.2857142857142857,0.42105263157894735,0.5862068965517241,0.5555555555555556,0.6932742054693275,0.74,1,Medium
0.8,0.631578947368421,0.32300000000000006,0.95,0.5714285714285714,0.5789473684210527,0.6206896551724138,0.0,0.4833702882483371,0.905,0,Low
0.19999999999999996,0.631578947368421,0.8910000000000001,0.26,0.2857142857142857,0.47368421052631576,0.896551724137931,1.0,0.861049519586105,0.655,2,High
0.4666666666666668,0.894736842105263,0.45600000000000007,0.6800000000000002,0.42857142857142855,0.42105263157894735,0.13793103448275862,0.1111111111111111,0.3628972653362897,0.58,1,Medium
0.06666666666666665,0.894736842105263,0.678,0.988,1.0,0.3157894736842105,0.8275862068965517,0.8888888888888888,0.5417590539541759,0.095,2,High
0.6000000000000001,0.9473684210526315,0.9760000000000001,1.0,0.14285714285714285,0.631578947368421,0.20689655172413793,0.4444444444444444,0.7435328898743534,0.505,1,Medium
0.7333333333333332,0.3157894736842105,0.5519999999999999,0.7460000000000002,0.14285714285714285,0.3157894736842105,0.0,0.3333333333333333,0.42202512934220254,0.93,1,Medium
0.8,0.0,0.30400000000000005,0.21999999999999997,0.14285714285714285,0.631578947368421,0.5517241379310345,0.7777777777777777,0.30672579453067256,0.135,1,Medium
0.06666666666666665,0.5789473684210527,0.66,0.43000000000000016,1.0,0.6842105263157894,0.9310344827586207,1.0,0.5787139689578715,0.89,2,High
0.9333333333333333,0.2631578947368421,0.7080000000000001,0.742,0.2857142857142857,0.05263157894736842,0.24137931034482757,0.0,0.6496674057649667,0.715,0,Low
0.40000000000000013,0.5263157894736842,0.55,0.45199999999999996,0.0,0.7368421052631579,0.7241379310344828,0.4444444444444444,0.5587583148558759,0.085,1,Medium
0.9333333333333333,0.21052631578947367,0.18799999999999994,0.47,1.0,0.6842105263157894,0.27586206896551724,0.1111111111111111,0.3658536585365854,0.265,1,Medium
0.0,0.9473684210526315,0.8240000000000002,0.6060000000000001,0.2857142857142857,0.2631578947368421,0.034482758620689655,0.5555555555555556,0.8765705838876572,0.75,1,Medium
0.3333333333333335,0.3684210526315789,0.397,0.482,0.2857142857142857,0.7368421052631579,0.7931034482758621,0.2222222222222222,0.3266814486326683,0.675,1,Medium
0.06666666666666665,0.631578947368421,0.367,0.8399999999999999,0.0,0.6842105263157894,0.48275862068965514,0.1111111111111111,0.34220251293422027,0.335,1,Medium
0.4666666666666668,0.631578947368421,0.9760000000000001,0.238,0.5714285714285714,0.42105263157894735,0.1724137931034483,1.0,0.7671840354767185,0.415,2,High
0.5333333333333334,1.0,0.8220000000000002,0.22599999999999998,0.14285714285714285,0.3684210526315789,0.5862068965517241,0.3333333333333333,0.8588322246858833,0.865,1,Medium
0.26666666666666683,0.3157894736842105,0.9680000000000001,0.6599999999999999,0.42857142857142855,0.8421052631578947,0.8620689655172413,0.6666666666666666,0.7405764966740578,0.165,2,High
0.4666666666666668,0.9473684210526315,0.8230000000000001,0.752,1.0,0.10526315789473684,0.6551724137931034,0.3333333333333333,0.8573540280857355,0.7,1,Medium
0.0,0.3157894736842105,0.759,0.32600000000000007,0.5714285714285714,0.631578947368421,0.034482758620689655,0.2222222222222222,0.6600147819660016,0.03,2,High
0.5333333333333334,0.10526315789473684,0.14300000000000002,0.6340000000000001,0.14285714285714285,0.05263157894736842,0.3793103448275862,1.0,0.13821138211382117,0.19,0,Low
0.9333333333333333,0.0,0.5740000000000001,0.019999999999999907,0.8571428571428571,0.47368421052631576,0.8620689655172413,0.4444444444444444,0.575018477457502,0.48,1,Medium
0.5333333333333334,0.5789473684210527,0.8510000000000001,0.3779999999999999,0.8571428571428571,0.8421052631578947,0.0,0.4444444444444444,0.5018477457501849,0.87,2,High
0.19999999999999996,0.894736842105263,0.842,0.238,0.2857142857142857,0.9473684210526315,0.6206896551724138,0.7777777777777777,0.8403547671840355,0.935,2,High
1.0000000000000002,0.9473684210526315,0.47,0.5660000000000001,0.5714285714285714,0.7894736842105263,0.034482758620689655,0.8888888888888888,0.484109386548411,0.835,1,Medium
0.3333333333333335,0.47368421052631576,0.8060000000000002,0.5660000000000001,0.0,0.47368421052631576,0.6896551724137931,0.1111111111111111,0.8181818181818183,0.375,0,Low
0.7333333333333332,0.05263157894736842,0.543,0.8079999999999998,0.5714285714285714,0.3684210526315789,0.6206896551724138,0.8888888888888888,0.52549889135255,0.28,1,Medium
0.5333333333333334,0.7894736842105263,0.07199999999999995,0.3320000000000001,1.0,0.5263157894736842,0.4482758620689655,0.5555555555555556,0.22616407982261638,0.955,0,Low
0.06666666666666665,0.5263157894736842,0.8570000000000001,0.9480000000000002,0.14285714285714285,0.8421052631578947,1.0,0.3333333333333333,0.9098300073909831,0.975,1,Medium
0.8,0.7894736842105263,0.985,0.23199999999999998,0.42857142857142855,0.3157894736842105,1.0,0.5555555555555556,0.9401330376940134,0.6,2,High
0.8,0.631578947368421,0.654,0.11599999999999999,0.0,0.9473684210526315,0.034482758620689655,0.6666666666666666,0.47006651884700673,0.985,2,High
0.4666666666666668,0.47368421052631576,0.17500000000000004,0.7060000000000002,0.2857142857142857,0.3684210526315789,1.0,0.6666666666666666,0.3606799704360681,0.315,0,Low
0.0,0.3157894736842105,0.842,0.29400000000000004,0.8571428571428571,0.8421052631578947,0.3793103448275862,0.5555555555555556,0.7627494456762749,0.22,2,High
0.8,0.7368421052631579,0.5529999999999999,0.742,1.0,0.0,1.0,0.0,0.5018477457501849,0.87,0,Low
0.26666666666666683,0.894736842105263,0.242,0.42799999999999994,0.2857142857142857,0.7368421052631579,0.9655172413793103,1.0,0.3621581670362158,0.955,1,Medium
0.26666666666666683,0.21052631578947367,0.868,0.16999999999999993,0.2857142857142857,0.42105263157894735,0.10344827586206896,0.3333333333333333,0.5018477457501849,0.02,1,Medium
0.8666666666666669,1.0,0.8890000000000001,0.546,0.2857142857142857,0.0,0.6206896551724138,0.7777777777777777,0.9356984478935702,0.59,1,Medium
0.06666666666666665,0.05263157894736842,0.46199999999999997,0.708,0.14285714285714285,0.8421052631578947,0.8275862068965517,0.0,0.42424242424242425,0.775,1,Medium
0.26666666666666683,0.21052631578947367,0.987,0.15800000000000003,0.5714285714285714,1.0,0.27586206896551724,0.2222222222222222,0.7191426459719144,0.81,2,High
0.4666666666666668,0.42105263157894735,0.14600000000000002,0.08399999999999996,1.0,0.5263157894736842,0.06896551724137931,0.1111111111111111,0.5018477457501849,0.325,0,Low
0.06666666666666665,0.5263157894736842,0.41899999999999993,0.5740000000000001,0.5714285714285714,0.8421052631578947,0.10344827586206896,0.0,0.5816703621581671,0.265,1,Medium
0.3333333333333335,0.631578947368421,0.8890000000000001,0.40600000000000014,0.5714285714285714,0.3684210526315789,0.4482758620689655,0.4444444444444444,0.6459719142645972,0.91,1,Medium
0.40000000000000013,0.42105263157894735,0.04999999999999999,0.14,1.0,0.9473684210526315,0.6551724137931034,0.0,0.2830746489283074,0.715,1,Medium
0.19999999999999996,0.7894736842105263,0.28800000000000003,0.512,0.0,0.7894736842105263,0.4482758620689655,1.0,0.27050997782705094,0.755,1,Medium
0.19999999999999996,0.5263157894736842,0.926,0.6560000000000001,0.0,0.894736842105263,0.9655172413793103,0.8888888888888888,0.9283074648928309,0.58,2,High
0.40000000000000013,0.47368421052631576,0.30300000000000005,0.8980000000000001,0.0,0.631578947368421,0.896551724137931,0.3333333333333333,0.2291204730229121,0.395,0,Low
1.0000000000000002,0.3157894736842105,0.9500000000000001,0.09600000000000009,0.8571428571428571,0.10526315789473684,0.06896551724137931,0.3333333333333333,0.7427937915742795,0.565,2,High
0.8666666666666669,0.21052631578947367,0.243,0.694,0.7142857142857142,0.47368421052631576,0.9310344827586207,0.6666666666666666,0.20842572062084258,0.115,1,Medium
0.5333333333333334,0.5789473684210527,0.30000000000000004,0.3859999999999999,0.2857142857142857,0.7894736842105263,0.034482758620689655,0.7777777777777777,0.2904656319290467,0.47,1,Medium
0.6666666666666667,0.8421052631578947,0.9580000000000001,0.0020000000000000018,0.2857142857142857,1.0,0.48275862068965514,0.7777777777777777,0.7065779748706578,0.945,2,High
0.9333333333333333,0.21052631578947367,0.31500000000000006,0.774,0.2857142857142857,0.631578947368421,0.27586206896551724,0.3333333333333333,0.2926829268292684,0.29,1,Medium
0.6666666666666667,0.15789473684210525,0.07199999999999995,0.42200000000000015,0.7142857142857142,0.2631578947368421,0.1724137931034483,0.7777777777777777,0.04804138950480413,0.88,1,Medium
0.8666666666666669,0.9473684210526315,0.494,0.17599999999999993,0.5714285714285714,0.9473684210526315,0.10344827586206896,1.0,0.40354767184035484,0.37,2,High
0.6000000000000001,0.5789473684210527,0.542,0.75,0.7142857142857142,0.0,0.41379310344827586,0.1111111111111111,0.5070214338507022,0.26,0,Low
0.5333333333333334,0.894736842105263,0.7839999999999999,0.13800000000000012,0.5714285714285714,0.47368421052631576,0.10344827586206896,0.8888888888888888,0.6526237989652623,0.505,2,High
0.06666666666666665,0.10526315789473684,0.507,0.32799999999999985,0.42857142857142855,0.2631578947368421,0.9655172413793103,1.0,0.47006651884700673,0.58,2,High
0.8,1.0,0.04500000000000004,0.0,0.7142857142857142,0.15789473684210525,1.0,0.5555555555555556,0.017738359201773857,0.28,0,Low
0.4666666666666668,0.894736842105263,0.5599999999999999,0.45799999999999996,0.2857142857142857,1.0,0.7241379310344828,0.4444444444444444,0.6141906873614191,0.335,2,High
0.0,0.8421052631578947,0.279,0.43200000000000016,0.14285714285714285,0.631578947368421,0.5517241379310345,0.7777777777777777,0.28824833702882485,0.32,1,Medium
1.0000000000000002,0.9473684210526315,0.5060000000000001,0.8800000000000001,0.8571428571428571,0.3684210526315789,0.10344827586206896,0.3333333333333333,0.6156688839615669,1.0,0,Low
0.8,0.2631578947368421,0.82,0.43800000000000017,0.5714285714285714,0.5789473684210527,0.10344827586206896,0.7777777777777777,0.7265336289726534,0.74,2,High
0.19999999999999996,0.21052631578947367,0.35,0.43399999999999994,0.42857142857142855,1.0,0.5172413793103449,0.7777777777777777,0.4353288987435329,0.795,1,Medium
0.4666666666666668,0.7368421052631579,0.03899999999999998,0.6679999999999999,0.8571428571428571,0.8421052631578947,0.10344827586206896,0.8888888888888888,0.2638580931263858,0.035,1,Medium
1.0000000000000002,0.9473684210526315,0.876,0.708,0.7142857142857142,0.2631578947368421,0.9655172413793103,0.3333333333333333,0.8691796008869179,0.96,1,Medium
0.5333333333333334,0.21052631578947367,0.137,0.702,0.5714285714285714,0.47368421052631576,0.6896551724137931,0.4444444444444444,0.28381374722838143,0.275,0,Low
0.0,0.5789473684210527,0.8910000000000001,0.3380000000000001,0.8571428571428571,0.3157894736842105,0.7241379310344828,0.1111111111111111,0.8085735402808574,0.15,1,Medium
0.26666666666666683,0.47368421052631576,0.759,0.17200000000000004,0.8571428571428571,1.0,0.6551724137931034,0.5555555555555556,0.6991869918699187,0.295,2,High
0.0,0.21052631578947367,0.8490000000000001,0.30000000000000004,0.0,0.21052631578947367,0.9655172413793103,0.6666666666666666,0.6237989652623801,0.355,2,High
0.4666666666666668,0.631578947368421,0.725,0.35199999999999987,0.8571428571428571,0.42105263157894735,0.27586206896551724,0.1111111111111111,0.78640059127864,0.97,1,Medium
0.8,0.0,0.57,0.54,1.0,0.5263157894736842,0.9310344827586207,0.7777777777777777,0.5764966740576498,0.41,2,High
0.6666666666666667,0.2631578947368421,0.6150000000000001,0.43000000000000016,0.0,0.7368421052631579,0.6206896551724138,0.4444444444444444,0.5048041389504805,0.19,2,High
0.6000000000000001,0.9473684210526315,0.025000000000000022,0.8879999999999999,0.7142857142857142,0.894736842105263,0.24137931034482757,0.2222222222222222,0.2609016999260902,0.47,0,Low
0.6000000000000001,0.6842105263157894,0.28600000000000003,0.14600000000000013,0.0,0.47368421052631576,0.10344827586206896,0.8888888888888888,0.5018477457501849,0.49,1,Medium
1.0000000000000002,0.47368421052631576,0.13,0.4179999999999999,0.7142857142857142,0.47368421052631576,0.896551724137931,0.2222222222222222,0.24907612712490762,0.12,1,Medium
0.4666666666666668,0.42105263157894735,0.8380000000000002,0.764,0.7142857142857142,0.15789473684210525,0.48275862068965514,0.8888888888888888,0.7095343680709536,0.505,1,Medium
0.4666666666666668,0.10526315789473684,0.577,0.8760000000000001,0.7142857142857142,0.8421052631578947,0.6206896551724138,0.3333333333333333,0.42498152254249827,0.01,1,Medium
1.0000000000000002,0.21052631578947367,0.9630000000000002,0.4560000000000002,0.14285714285714285,0.3157894736842105,0.48275862068965514,0.3333333333333333,0.7952697708795271,0.775,1,Medium
0.3333333333333335,0.7894736842105263,0.862,0.29600000000000004,0.42857142857142855,0.15789473684210525,0.3793103448275862,0.3333333333333333,0.8167036215816705,0.285,1,Medium
0.3333333333333335,0.47368421052631576,0.63,0.4970000000000001,0.8571428571428571,0.6842105263157894,0.27586206896551724,0.7777777777777777,0.6090169992609018,0.925,2,High
0.1333333333333333,0.0,0.034999999999999976,0.7060000000000002,0.2857142857142857,0.3684210526315789,0.0,0.6666666666666666,0.03399852180339985,0.475,1,Medium
0.3333333333333335,0.47368421052631576,0.6960000000000001,0.12200000000000011,0.14285714285714285,0.21052631578947367,0.13793103448275862,0.1111111111111111,0.5912786400591281,0.495,0,Low
0.8666666666666669,0.3157894736842105,0.781,0.504,0.7142857142857142,0.2631578947368421,0.8275862068965517,0.7777777777777777,0.6792313377679233,0.205,2,High
0.6000000000000001,0.6842105263157894,0.57,0.97,0.14285714285714285,0.5789473684210527,0.0,0.1111111111111111,0.4693274205469328,0.26,0,Low
0.0,0.5789473684210527,0.7679999999999999,0.1140000000000001,0.5714285714285714,0.2631578947368421,0.48275862068965514,0.7777777777777777,0.73909830007391,0.17,2,High
0.7333333333333332,0.21052631578947367,0.401,0.256,0.42857142857142855,0.42105263157894735,1.0,0.6666666666666666,0.4974131559497414,0.215,1,Medium
0.6666666666666667,0.21052631578947367,0.51,0.040000000000000036,0.7142857142857142,0.7894736842105263,0.5862068965517241,0.6666666666666666,0.5476718403547671,0.56,2,High
0.40000000000000013,0.631578947368421,0.4,0.72,0.8571428571428571,0.10526315789473684,0.6206896551724138,0.3333333333333333,0.4678492239467849,0.64,0,Low
0.4666666666666668,0.2631578947368421,0.638,0.6260000000000001,0.8571428571428571,0.894736842105263,0.6896551724137931,0.4444444444444444,0.5742793791574281,0.01,2,High
0.40000000000000013,0.631578947368421,0.9740000000000001,0.17200000000000004,0.42857142857142855,0.0,0.27586206896551724,0.3333333333333333,0.855136733185514,0.095,2,High
0.8,0.47368421052631576,0.7960000000000002,0.29800000000000004,0.8571428571428571,0.05263157894736842,0.20689655172413793,0.7777777777777777,0.6903178122690319,0.235,1,Medium
0.19999999999999996,0.631578947368421,0.4109999999999999,0.19800000000000006,0.2857142857142857,0.47368421052631576,0.0,0.0,0.44198078344419817,0.18,1,Medium
0.19999999999999996,0.42105263157894735,0.6570000000000001,0.016000000000000014,0.7142857142857142,0.3684210526315789,0.24137931034482757,0.1111111111111111,0.6112342941611235,0.6,1,Medium
0.0,0.10526315789473684,0.7699999999999999,0.548,0.8571428571428571,0.15789473684210525,0.9310344827586207,0.7777777777777777,0.5018477457501849,0.86,1,Medium
0.5333333333333334,0.10526315789473684,0.7900000000000001,0.4970000000000001,0.5714285714285714,0.47368421052631576,0.6896551724137931,0.0,0.8543976348854398,0.055,1,Medium
0.6666666666666667,0.47368421052631576,0.3530000000000001,0.8440000000000001,0.2857142857142857,0.7368421052631579,0.48275862068965514,0.1111111111111111,0.3983739837398374,0.5,0,Low
0.4666666666666668,0.7894736842105263,0.013000000000000012,0.1060000000000001,0.8571428571428571,0.5789473684210527,0.4482758620689655,0.1111111111111111,0.09534368070953436,0.8,0,Low
0.8,0.10526315789473684,0.6940000000000001,0.71,0.8571428571428571,0.10526315789473684,0.6206896551724138,0.4444444444444444,0.6215816703621582,0.465,1,Medium
0.06666666666666665,0.631578947368421,0.4810000000000001,0.43200000000000016,0.2857142857142857,0.631578947368421,0.7586206896551724,0.3333333333333333,0.5912786400591281,0.02,1,Medium
0.0,0.5263157894736842,0.17300000000000004,0.1359999999999999,0.8571428571428571,0.5789473684210527,0.5517241379310345,1.0,0.20842572062084258,0.32,2,High
0.6000000000000001,0.15789473684210525,0.594,0.018000000000000016,0.42857142857142855,0.2631578947368421,0.6551724137931034,0.1111111111111111,0.6053215077605323,0.475,1,Medium
0.4666666666666668,0.3157894736842105,0.20499999999999996,0.5640000000000001,0.7142857142857142,0.2631578947368421,0.13793103448275862,0.4444444444444444,0.3466371027346638,0.665,0,Low
1.0000000000000002,0.05263157894736842,0.28700000000000003,0.236,0.8571428571428571,0.15789473684210525,0.6551724137931034,0.1111111111111111,0.25129342202512933,0.93,0,Low
0.0,0.3157894736842105,0.6250000000000001,0.512,0.14285714285714285,0.47368421052631576,0.48275862068965514,1.0,0.6082779009608279,0.37,2,High
0.40000000000000013,0.21052631578947367,0.21600000000000008,0.030000000000000027,0.0,0.3157894736842105,0.8620689655172413,0.8888888888888888,0.3813747228381375,0.01,1,Medium
0.8,0.5263157894736842,0.44900000000000007,0.9219999999999999,0.2857142857142857,0.5263157894736842,0.5862068965517241,0.8888888888888888,0.5594974131559498,0.51,1,Medium
0.19999999999999996,0.21052631578947367,0.46099999999999997,0.6699999999999999,0.8571428571428571,0.42105263157894735,0.7931034482758621,0.4444444444444444,0.5602365114560237,0.175,1,Medium
0.3333333333333335,0.7368421052631579,0.44100000000000006,0.32799999999999985,0.8571428571428571,0.3684210526315789,0.3103448275862069,0.7777777777777777,0.4323725055432374,0.875,1,Medium
0.4666666666666668,0.9473684210526315,0.5830000000000001,0.3580000000000001,0.5714285714285714,0.15789473684210525,0.8275862068965517,0.7777777777777777,0.4323725055432374,0.98,1,Medium
0.0,0.7894736842105263,0.9860000000000001,0.8260000000000003,0.42857142857142855,0.9473684210526315,0.1724137931034483,0.7777777777777777,0.8447893569844791,0.89,2,High
0.6666666666666667,1.0,0.7580000000000001,0.534,0.0,0.42105263157894735,0.10344827586206896,0.5555555555555556,0.7849223946784925,0.195,1,Medium
0.4666666666666668,0.3684210526315789,0.20000000000000007,0.43200000000000016,1.0,0.894736842105263,0.7931034482758621,1.0,0.14781966001478203,0.125,1,Medium
0.3333333333333335,0.42105263157894735,0.785,0.75,0.42857142857142855,0.631578947368421,0.06896551724137931,0.3333333333333333,0.7583148558758317,0.98,2,High
0.5333333333333334,0.631578947368421,0.38,0.1359999999999999,0.2857142857142857,0.7368421052631579,0.27586206896551724,0.8888888888888888,0.550628233555063,0.455,2,High
0.9333333333333333,0.5263157894736842,0.5220000000000001,0.4970000000000001,1.0,0.42105263157894735,0.034482758620689655,0.0,0.4493717664449372,0.805,1,Medium
0.8666666666666669,0.3157894736842105,0.8710000000000001,0.05999999999999994,0.7142857142857142,0.2631578947368421,0.13793103448275862,1.0,0.7753141167775315,0.225,2,High
0.7333333333333332,0.05263157894736842,0.44399999999999995,0.3740000000000001,0.7142857142857142,0.47368421052631576,0.5517241379310345,0.0,0.32224685883222476,0.805,0,Low
0.6666666666666667,0.9473684210526315,0.4960000000000001,0.061999999999999944,0.14285714285714285,0.3157894736842105,0.13793103448275862,0.5555555555555556,0.7324464153732446,0.625,1,Medium
0.9333333333333333,0.6842105263157894,0.7340000000000001,0.30800000000000005,0.0,0.5789473684210527,1.0,0.2222222222222222,0.5018477457501849,0.13,1,Medium
0.8666666666666669,0.5263157894736842,0.5810000000000001,0.6000000000000001,0.8571428571428571,0.5789473684210527,0.7241379310344828,0.6666666666666666,0.5971914264597191,0.465,1,Medium
0.0,0.894736842105263,0.257,0.954,0.8571428571428571,0.5789473684210527,0.1724137931034483,0.7777777777777777,0.2926829268292684,0.665,1,Medium
0.1333333333333333,0.42105263157894735,0.654,0.982,0.14285714285714285,0.7368421052631579,0.41379310344827586,0.5555555555555556,0.754619364375462,0.51,2,High
0.8666666666666669,0.631578947368421,0.16300000000000003,0.794,0.5714285714285714,0.47368421052631576,0.034482758620689655,0.4444444444444444,0.3296378418329638,0.63,0,Low
0.8,0.3157894736842105,0.5529999999999999,0.3460000000000001,0.5714285714285714,0.15789473684210525,0.8620689655172413,0.3333333333333333,0.5779748706577976,0.885,1,Medium
0.9333333333333333,0.7894736842105263,0.08700000000000002,0.07200000000000006,0.2857142857142857,0.3684210526315789,0.10344827586206896,0.8888888888888888,0.5018477457501849,0.3,1,Medium
0.9333333333333333,0.7894736842105263,0.10699999999999998,0.552,1.0,0.894736842105263,0.7241379310344828,0.3333333333333333,0.32076866223207695,0.295,1,Medium
0.9333333333333333,0.0,0.518,0.28200000000000003,1.0,0.5263157894736842,0.8620689655172413,0.7777777777777777,0.550628233555063,0.905,2,High
0.26666666666666683,0.3684210526315789,0.8380000000000002,0.252,0.14285714285714285,0.894736842105263,0.3793103448275862,0.2222222222222222,0.8056171470805618,0.555,2,High
0.9333333333333333,0.0,0.9109999999999999,0.23399999999999999,0.2857142857142857,0.10526315789473684,0.24137931034482757,1.0,0.672579453067258,0.575,1,Medium
0.9333333333333333,0.8421052631578947,0.44000000000000006,0.41999999999999993,0.42857142857142855,0.7368421052631579,0.1724137931034483,0.0,0.47302291204730235,0.925,1,Medium
0.06666666666666665,0.15789473684210525,0.17400000000000004,0.27,0.8571428571428571,0.5789473684210527,0.6551724137931034,1.0,0.24685883222468602,0.69,1,Medium
0.26666666666666683,0.6842105263157894,0.5900000000000001,0.3039999999999998,0.0,0.3684210526315789,0.8275862068965517,1.0,0.5794530672579454,0.385,2,High
0.6666666666666667,0.3157894736842105,0.4960000000000001,0.6260000000000001,0.5714285714285714,0.15789473684210525,0.06896551724137931,0.5555555555555556,0.4449371766444938,0.095,0,Low
0.8,0.10526315789473684,0.7279999999999999,0.4970000000000001,0.8571428571428571,0.21052631578947367,0.24137931034482757,0.5555555555555556,0.5742793791574281,0.36,2,High
0.8666666666666669,0.5789473684210527,0.5369999999999999,0.29000000000000004,0.5714285714285714,0.5789473684210527,0.8620689655172413,0.8888888888888888,0.3821138211382115,0.04,2,High
0.26666666666666683,0.21052631578947367,0.6130000000000001,0.938,1.0,0.3684210526315789,0.034482758620689655,0.2222222222222222,0.47302291204730235,0.885,0,Low
0.0,0.47368421052631576,0.19699999999999995,0.8360000000000001,0.2857142857142857,0.8421052631578947,0.034482758620689655,0.0,0.30229120473022925,0.64,0,Low
0.6666666666666667,0.3684210526315789,0.30000000000000004,0.15600000000000003,0.5714285714285714,0.47368421052631576,0.6551724137931034,0.2222222222222222,0.3784183296378419,0.165,1,Medium
0.19999999999999996,0.7894736842105263,0.22499999999999998,0.31999999999999984,0.14285714285714285,0.21052631578947367,0.5862068965517241,0.6666666666666666,0.1751662971175167,0.99,0,Low
0.4666666666666668,0.7894736842105263,0.9710000000000002,0.3679999999999999,0.7142857142857142,0.21052631578947367,0.5862068965517241,1.0,0.8181818181818183,0.455,2,High
0.8,0.3157894736842105,0.5730000000000001,0.6199999999999999,0.8571428571428571,0.7894736842105263,0.24137931034482757,0.2222222222222222,0.532889874353289,0.115,2,High
0.0,0.3157894736842105,0.478,0.46199999999999997,0.2857142857142857,0.2631578947368421,0.6206896551724138,0.3333333333333333,0.5728011825572803,0.49,1,Medium
0.4666666666666668,0.3684210526315789,0.43699999999999994,0.8180000000000001,0.5714285714285714,0.3684210526315789,0.4482758620689655,0.2222222222222222,0.45602365114560256,0.45,0,Low
0.8,0.2631578947368421,0.9820000000000001,0.72,0.7142857142857142,0.0,0.0,0.8888888888888888,0.9948263118994829,0.615,1,Medium
0.3333333333333335,0.05263157894736842,0.93,0.8180000000000001,0.0,0.894736842105263,0.24137931034482757,0.2222222222222222,0.7760532150776054,0.575,2,High
0.6666666666666667,0.631578947368421,0.8320000000000002,0.19199999999999995,0.14285714285714285,0.3684210526315789,0.6551724137931034,1.0,0.7812269031781227,0.31,2,High
0.3333333333333335,0.3684210526315789,0.558,0.8820000000000001,1.0,0.2631578947368421,0.3448275862068966,0.1111111111111111,0.6459719142645972,0.04,1,Medium
0.6000000000000001,0.15789473684210525,0.626,0.5900000000000001,1.0,0.15789473684210525,0.6896551724137931,0.1111111111111111,0.4944567627494458,0.365,1,Medium
0.1333333333333333,0.10526315789473684,0.28900000000000003,0.6320000000000001,0.8571428571428571,0.10526315789473684,0.8620689655172413,0.8888888888888888,0.434589800443459,0.305,1,Medium
0.0,0.3157894736842105,0.5810000000000001,0.6800000000000002,0.14285714285714285,0.42105263157894735,0.27586206896551724,0.3333333333333333,0.5890613451589062,0.035,1,Medium
0.8666666666666669,0.8421052631578947,0.16900000000000004,0.31999999999999984,0.2857142857142857,0.05263157894736842,0.6551724137931034,0.1111111111111111,0.1943828529194383,0.145,0,Low
0.8666666666666669,0.3684210526315789,0.6730000000000002,0.8920000000000001,0.7142857142857142,0.7368421052631579,0.7931034482758621,0.7777777777777777,0.6888396156688841,0.655,1,Medium
0.4666666666666668,0.10526315789473684,0.707,0.7380000000000002,1.0,1.0,0.1724137931034483,0.5555555555555556,0.5528455284552847,0.935,2,High
0.40000000000000013,0.894736842105263,0.388,0.6420000000000001,0.0,0.42105263157894735,0.6896551724137931,0.3333333333333333,0.345158906134516,0.235,1,Medium
0.4666666666666668,0.15789473684210525,0.7420000000000001,0.544,0.2857142857142857,0.47368421052631576,0.06896551724137931,0.1111111111111111,0.5639320029563932,0.285,1,Medium
0.8666666666666669,0.5789473684210527,0.7980000000000002,0.794,0.14285714285714285,0.3157894736842105,0.6206896551724138,0.1111111111111111,0.7487065779748707,0.66,1,Medium
0.3333333333333335,0.3157894736842105,0.569,0.22199999999999998,0.7142857142857142,0.47368421052631576,0.10344827586206896,0.8888888888888888,0.5373244641537325,0.985,2,High
0.6666666666666667,0.15789473684210525,0.6710000000000002,0.9620000000000002,0.0,0.3157894736842105,0.0,0.2222222222222222,0.5306725794530673,0.165,1,Medium
0.7333333333333332,0.2631578947368421,0.594,0.8160000000000001,0.14285714285714285,0.5263157894736842,0.5172413793103449,0.7777777777777777,0.4988913525498893,0.34,1,Medium
0.7333333333333332,0.7894736842105263,0.918,0.8200000000000001,0.8571428571428571,1.0,0.0,0.0,0.8736141906873616,0.28,1,Medium
0.8,0.9473684210526315,0.09900000000000003,0.23399999999999999,0.8571428571428571,0.21052631578947367,0.5172413793103449,1.0,0.5018477457501849,0.895,0,Low
0.26666666666666683,0.3157894736842105,0.7560000000000001,0.118,0.8571428571428571,0.5263157894736842,0.24137931034482757,1.0,0.6496674057649667,0.335,2,High
0.4666666666666668,0.0,0.674,0.9600000000000002,0.14285714285714285,0.21052631578947367,0.24137931034482757,0.8888888888888888,0.7161862527716187,0.535,1,Medium
0.9333333333333333,0.9473684210526315,0.717,0.246,0.8571428571428571,0.0,0.41379310344827586,0.8888888888888888,0.5971914264597191,0.635,1,Medium
0.9333333333333333,0.15789473684210525,0.03300000000000003,0.9760000000000002,0.2857142857142857,0.7894736842105263,0.10344827586206896,0.2222222222222222,0.14929785661492984,0.975,0,Low
0.4666666666666668,0.3157894736842105,0.9410000000000002,0.3939999999999999,0.42857142857142855,0.3684210526315789,0.3103448275862069,0.8888888888888888,0.9312638580931265,0.535,2,High
0.9333333333333333,0.15789473684210525,0.577,0.019999999999999907,1.0,0.05263157894736842,0.41379310344827586,0.1111111111111111,0.4175905395417591,0.125,1,Medium
0.40000000000000013,0.42105263157894735,0.4960000000000001,0.15600000000000003,0.2857142857142857,0.15789473684210525,0.8620689655172413,0.8888888888888888,0.2749445676274945,0.47,1,Medium
0.19999999999999996,0.5789473684210527,0.21699999999999997,0.35399999999999987,0.14285714285714285,0.7368421052631579,0.20689655172413793,0.7777777777777777,0.2971175166297118,0.345,1,Medium
0.6000000000000001,0.21052631578947367,0.4960000000000001,0.19999999999999996,0.8571428571428571,0.7368421052631579,0.034482758620689655,0.1111111111111111,0.30672579453067256,0.39,1,Medium
0.19999999999999996,1.0,0.16600000000000004,0.3619999999999999,0.5714285714285714,0.5789473684210527,0.896551724137931,0.8888888888888888,0.30303030303030315,0.655,1,Medium
0.8,0.894736842105263,0.32000000000000006,0.09800000000000009,0.14285714285714285,0.8421052631578947,0.41379310344827586,1.0,0.28677014042867705,0.04,1,Medium
0.19999999999999996,0.9473684210526315,0.6150000000000001,0.6839999999999999,0.14285714285714285,0.3157894736842105,0.9310344827586207,0.6666666666666666,0.6467110125646713,0.29,1,Medium
0.3333333333333335,0.05263157894736842,0.008000000000000007,0.5680000000000001,0.7142857142857142,0.10526315789473684,0.6896551724137931,0.5555555555555556,0.5018477457501849,0.79,0,Low
1.0000000000000002,0.6842105263157894,0.40700000000000003,0.6439999999999999,0.5714285714285714,0.47368421052631576,0.24137931034482757,0.7777777777777777,0.5225424981522544,0.795,1,Medium
0.3333333333333335,0.15789473684210525,0.9380000000000001,0.16199999999999992,0.14285714285714285,0.8421052631578947,1.0,0.2222222222222222,0.7915742793791576,0.4,1,Medium
0.8,0.7894736842105263,0.04500000000000004,0.8360000000000001,0.0,0.7894736842105263,0.7931034482758621,0.6666666666666666,0.17442719881744279,0.425,1,Medium
0.9333333333333333,0.05263157894736842,0.8949999999999999,0.21799999999999997,1.0,0.05263157894736842,0.7931034482758621,0.7777777777777777,0.6659275683665928,0.23,2,High
0.0,0.2631578947368421,0.33099999999999996,0.1359999999999999,0.42857142857142855,0.3157894736842105,0.3103448275862069,0.0,0.3784183296378419,0.525,0,Low
0.7333333333333332,0.10526315789473684,0.31500000000000006,0.766,0.42857142857142855,0.15789473684210525,0.7586206896551724,0.4444444444444444,0.28824833702882485,0.015,0,Low
0.9333333333333333,0.15789473684210525,0.7160000000000001,0.982,0.14285714285714285,0.42105263157894735,0.20689655172413793,0.7777777777777777,0.6932742054693275,0.165,1,Medium
0.8666666666666669,0.894736842105263,0.8210000000000001,0.45199999999999996,0.5714285714285714,0.8421052631578947,0.0,0.3333333333333333,0.7080561714708056,0.515,2,High
0.6000000000000001,0.8421052631578947,0.43400000000000005,0.3939999999999999,0.8571428571428571,0.42105263157894735,1.0,0.0,0.5809312638580932,0.43,1,Medium
0.8,1.0,0.03200000000000003,0.6560000000000001,0.7142857142857142,0.10526315789473684,0.3793103448275862,0.8888888888888888,0.14929785661492984,0.54,0,Low
0.3333333333333335,0.631578947368421,0.46199999999999997,0.32799999999999985,0.0,1.0,0.6896551724137931,0.2222222222222222,0.5151515151515151,0.005,1,Medium
0.8666666666666669,0.6842105263157894,0.916,0.5900000000000001,0.14285714285714285,0.3157894736842105,0.034482758620689655,0.4444444444444444,0.9445676274944568,0.685,2,High
0.8,0.21052631578947367,0.7039999999999998,0.18200000000000005,0.0,0.631578947368421,0.5862068965517241,0.1111111111111111,0.7191426459719144,0.59,1,Medium
0.5333333333333334,0.5263157894736842,0.397,0.7140000000000002,0.0,0.0,0.5862068965517241,0.7777777777777777,0.33628972653362904,0.69,0,Low
0.06666666666666665,0.6842105263157894,0.6829999999999999,0.15999999999999992,1.0,0.0,0.48275862068965514,0.4444444444444444,0.6614929785661494,0.505,1,Medium
0.6000000000000001,0.894736842105263,0.5289999999999999,0.7380000000000002,0.7142857142857142,0.894736842105263,0.5517241379310345,0.5555555555555556,0.5365853658536588,0.295,1,Medium
0.7333333333333332,0.3684210526315789,0.785,0.768,0.42857142857142855,1.0,0.6551724137931034,0.2222222222222222,0.6178861788617886,0.815,2,High
0.9333333333333333,0.894736842105263,0.4960000000000001,0.05999999999999994,1.0,1.0,0.6551724137931034,0.7777777777777777,0.5365853658536588,0.155,2,High
0.9333333333333333,0.47368421052631576,0.12,0.4179999999999999,0.2857142857142857,0.0,0.27586206896551724,0.0,0.1433850702143385,0.515,0,Low
0.5333333333333334,0.05263157894736842,0.3410000000000001,0.32400000000000007,0.8571428571428571,0.631578947368421,0.9655172413793103,0.1111111111111111,0.2934220251293422,0.115,2,High
0.0,0.7368421052631579,0.33799999999999997,0.17599999999999993,0.0,0.15789473684210525,0.034482758620689655,0.0,0.2993348115299335,0.465,0,Low
0.6666666666666667,0.5789473684210527,0.31900000000000006,0.29200000000000004,0.8571428571428571,0.7894736842105263,0.6896551724137931,0.5555555555555556,0.44124168514412426,0.06,2,High
0.4666666666666668,0.5789473684210527,0.8850000000000001,0.1279999999999999,0.5714285714285714,0.21052631578947367,0.8620689655172413,1.0,0.8388765705838876,0.77,2,High
0.06666666666666665,1.0,0.9730000000000002,0.4099999999999999,0.2857142857142857,0.5263157894736842,0.5862068965517241,0.4444444444444444,0.779009608277901,0.755,1,Medium
0.8,0.5263157894736842,0.09500000000000003,0.4460000000000002,0.5714285714285714,0.10526315789473684,0.6206896551724138,0.5555555555555556,0.3296378418329638,0.235,1,Medium
0.6666666666666667,0.10526315789473684,0.22099999999999997,0.534,0.0,0.894736842105263,0.3793103448275862,0.4444444444444444,0.15816703621581668,0.34,1,Medium
0.40000000000000013,0.5263157894736842,0.725,0.9620000000000002,0.42857142857142855,0.5263157894736842,0.1724137931034483,0.1111111111111111,0.7730968218773098,0.585,0,Low
0.06666666666666665,0.21052631578947367,0.745,0.16999999999999993,0.0,0.9473684210526315,0.5862068965517241,0.2222222222222222,0.6696230598669624,0.435,2,High
0.9333333333333333,0.0,0.41300000000000014,0.736,0.0,0.15789473684210525,0.8275862068965517,1.0,0.5469327420546934,0.92,0,Low
0.6666666666666667,0.21052631578947367,0.547,0.05999999999999994,0.8571428571428571,0.5789473684210527,0.6551724137931034,0.2222222222222222,0.42202512934220254,0.09,1,Medium
0.4666666666666668,0.3157894736842105,0.89,0.528,0.0,0.15789473684210525,0.3793103448275862,0.0,0.8684405025868442,0.505,0,Low
1.0000000000000002,1.0,0.818,0.24,0.7142857142857142,0.0,0.6206896551724138,0.4444444444444444,0.8122690317812269,0.285,1,Medium
0.3333333333333335,0.2631578947368421,0.715,0.11199999999999988,0.42857142857142855,0.2631578947368421,0.896551724137931,0.3333333333333333,0.6437546193643755,0.395,2,High
0.1333333333333333,0.0,0.21699999999999997,0.484,0.8571428571428571,0.5263157894736842,0.034482758620689655,0.1111111111111111,0.3784183296378419,0.41,1,Medium
0.19999999999999996,0.2631578947368421,0.5820000000000001,0.6560000000000001,0.5714285714285714,0.05263157894736842,0.3448275862068966,0.6666666666666666,0.5735402808573542,0.15,1,Medium
0.6666666666666667,0.3157894736842105,0.9090000000000001,0.6460000000000001,0.0,0.3684210526315789,0.3103448275862069,0.8888888888888888,0.7605321507760534,0.605,1,Medium
0.4666666666666668,0.3157894736842105,0.9500000000000001,0.3779999999999999,0.14285714285714285,0.6842105263157894,0.3103448275862069,0.6666666666666666,0.7280118255728014,0.36,2,High
0.8666666666666669,0.5789473684210527,0.9380000000000001,0.35199999999999987,1.0,0.5263157894736842,0.896551724137931,0.2222222222222222,0.8085735402808574,0.35,2,High
0.0,0.3157894736842105,0.932,0.6000000000000001,0.0,0.9473684210526315,0.6896551724137931,0.8888888888888888,0.7354028085735405,0.895,2,High
0.26666666666666683,0.47368421052631576,0.08200000000000002,0.512,0.2857142857142857,0.42105263157894735,0.5172413793103449,1.0,0.15373244641537326,0.925,0,Low
0.8666666666666669,0.5263157894736842,0.9090000000000001,0.804,0.8571428571428571,1.0,0.06896551724137931,0.2222222222222222,0.5018477457501849,0.02,2,High
0.8666666666666669,0.5789473684210527,0.5130000000000001,0.06999999999999995,0.8571428571428571,0.9473684210526315,0.8620689655172413,0.7777777777777777,0.5402808573540281,0.835,2,High
0.9333333333333333,0.2631578947368421,0.25,0.30000000000000004,1.0,0.05263157894736842,0.24137931034482757,0.4444444444444444,0.3791574279379158,0.61,1,Medium
0.7333333333333332,0.7894736842105263,0.9230000000000002,0.246,0.0,0.9473684210526315,0.7931034482758621,0.3333333333333333,0.9475240206947526,0.42,2,High
0.8,0.6842105263157894,0.21399999999999997,0.32600000000000007,0.2857142857142857,0.42105263157894735,0.06896551724137931,0.5555555555555556,0.2786400591278641,0.505,1,Medium
0.0,0.894736842105263,0.16300000000000003,0.6340000000000001,0.8571428571428571,0.05263157894736842,0.20689655172413793,0.1111111111111111,0.1951219512195122,0.87,0,Low
0.4666666666666668,0.42105263157894735,0.0040000000000000036,0.18200000000000005,0.14285714285714285,1.0,0.9655172413793103,0.5555555555555556,0.2453806356245381,0.835,1,Medium
0.1333333333333333,0.2631578947368421,0.254,0.03599999999999992,0.42857142857142855,0.3684210526315789,0.6206896551724138,0.3333333333333333,0.394678492239468,0.91,1,Medium
0.26666666666666683,0.2631578947368421,0.3530000000000001,0.536,0.14285714285714285,0.6842105263157894,0.48275862068965514,1.0,0.25498891352549896,0.98,1,Medium
0.1333333333333333,0.9473684210526315,0.7140000000000001,0.766,0.0,1.0,0.7931034482758621,0.3333333333333333,0.7413155949741317,0.045,1,Medium
0.1333333333333333,0.631578947368421,0.8640000000000002,0.8859999999999999,0.2857142857142857,0.2631578947368421,0.27586206896551724,0.5555555555555556,0.7568366592756837,0.545,0,Low
0.8,0.05263157894736842,0.5890000000000001,0.956,0.8571428571428571,0.2631578947368421,0.9655172413793103,0.3333333333333333,0.607538802660754,0.265,1,Medium
0.3333333333333335,0.47368421052631576,0.691,0.9600000000000002,0.42857142857142855,0.3157894736842105,0.3793103448275862,0.2222222222222222,0.7827050997782707,0.58,0,Low
0.19999999999999996,1.0,0.30300000000000005,0.7,0.2857142857142857,0.10526315789473684,0.8620689655172413,0.4444444444444444,0.4316334072431635,0.4,0,Low
0.7333333333333332,0.47368421052631576,0.494,0.4880000000000002,0.0,0.47368421052631576,0.6896551724137931,0.2222222222222222,0.41980783444198094,0.895,1,Medium
0.4666666666666668,0.5789473684210527,0.40500000000000014,0.08800000000000008,0.0,0.42105263157894735,0.4482758620689655,0.2222222222222222,0.28972653362897277,0.96,0,Low
0.8666666666666669,0.47368421052631576,0.051999999999999935,0.4970000000000001,0.0,0.8421052631578947,0.13793103448275862,0.7777777777777777,0.06356245380635628,0.63,0,Low
0.0,0.15789473684210525,0.16200000000000003,0.4460000000000002,0.2857142857142857,0.3157894736842105,0.5862068965517241,0.6666666666666666,0.15447154471544716,0.215,0,Low
0.9333333333333333,0.5789473684210527,0.3330000000000001,0.772,0.0,0.21052631578947367,0.3103448275862069,0.7777777777777777,0.3436807095343681,0.44,1,Medium
0.8,0.05263157894736842,0.7660000000000001,0.74,0.42857142857142855,1.0,0.06896551724137931,0.2222222222222222,0.5018477457501849,0.865,1,Medium
0.06666666666666665,0.47368421052631576,0.7679999999999999,0.3380000000000001,1.0,0.05263157894736842,0.48275862068965514,1.0,0.6201034737620104,0.95,1,Medium
0.5333333333333334,0.894736842105263,0.8640000000000002,0.6580000000000001,1.0,0.47368421052631576,0.0,0.8888888888888888,0.8647450110864747,0.77,2,High
0.8,0.47368421052631576,0.8190000000000001,0.019999999999999907,0.2857142857142857,0.5789473684210527,0.4482758620689655,0.2222222222222222,0.6984478935698448,0.15,2,High
0.26666666666666683,0.47368421052631576,0.18200000000000005,0.7460000000000002,1.0,0.9473684210526315,0.6551724137931034,0.2222222222222222,0.35254988913525503,0.965,1,Medium
0.26666666666666683,0.0,0.5369999999999999,0.9179999999999999,0.42857142857142855,0.10526315789473684,0.8275862068965517,0.5555555555555556,0.44419807834442,0.91,0,Low
0.5333333333333334,0.47368421052631576,0.354,0.3900000000000001,0.0,0.0,0.41379310344827586,0.6666666666666666,0.3503325942350332,1.0,1,Medium
0.4666666666666668,0.10526315789473684,0.5820000000000001,0.3320000000000001,0.42857142857142855,0.3157894736842105,0.3448275862068966,0.4444444444444444,0.6393200295639321,0.215,2,High
0.6000000000000001,0.6842105263157894,0.672,0.5780000000000001,1.0,0.47368421052631576,0.3448275862068966,0.8888888888888888,0.5498891352549891,0.735,2,High
0.4666666666666668,0.894736842105263,0.8160000000000002,0.7140000000000002,0.42857142857142855,0.3157894736842105,0.5517241379310345,0.1111111111111111,0.8433111603843313,0.14,1,Medium
0.8666666666666669,0.0,0.03700000000000003,0.6420000000000001,0.0,0.6842105263157894,0.0,0.3333333333333333,0.20842572062084258,0.3,0,Low
0.0,0.894736842105263,0.354,0.712,0.5714285714285714,0.8421052631578947,0.5172413793103449,0.5555555555555556,0.40354767184035484,0.31,1,Medium
0.8,0.15789473684210525,0.10999999999999999,0.46599999999999997,0.14285714285714285,0.2631578947368421,0.896551724137931,0.4444444444444444,0.24907612712490762,0.465,0,Low
0.8666666666666669,0.2631578947368421,0.396,0.562,0.14285714285714285,0.8421052631578947,0.6551724137931034,0.7777777777777777,0.2926829268292684,0.3,1,Medium
0.8666666666666669,0.6842105263157894,0.577,0.776,0.42857142857142855,0.0,0.9655172413793103,0.3333333333333333,0.5794530672579454,0.775,0,Low
0.7333333333333332,0.5789473684210527,0.013999999999999957,0.492,0.42857142857142855,0.7368421052631579,0.20689655172413793,0.2222222222222222,0.2283813747228382,0.015,0,Low
0.8666666666666669,0.5789473684210527,0.89,0.9079999999999999,0.0,0.10526315789473684,0.5517241379310345,0.7777777777777777,0.7649667405764968,0.66,1,Medium
0.7333333333333332,0.15789473684210525,0.594,0.8579999999999999,0.7142857142857142,0.21052631578947367,0.6206896551724138,0.4444444444444444,0.5846267553584628,0.87,1,Medium
0.3333333333333335,1.0,0.585,0.8859999999999999,0.0,0.3684210526315789,0.7241379310344828,0.5555555555555556,0.5277161862527717,0.715,0,Low
0.3333333333333335,0.10526315789473684,0.8890000000000001,0.30200000000000005,0.5714285714285714,0.05263157894736842,0.3103448275862069,0.5555555555555556,0.8226164079822618,0.5,2,High
0.19999999999999996,0.7368421052631579,0.9540000000000001,0.3820000000000001,0.5714285714285714,0.05263157894736842,0.41379310344827586,0.8888888888888888,0.7657058388765707,0.03,1,Medium
0.3333333333333335,0.7894736842105263,0.4960000000000001,0.9359999999999999,0.42857142857142855,0.9473684210526315,0.3103448275862069,0.5555555555555556,0.4323725055432374,0.415,1,Medium
0.6000000000000001,0.7894736842105263,0.5609999999999999,0.3640000000000001,0.8571428571428571,0.3157894736842105,0.0,0.4444444444444444,0.6762749445676275,0.625,1,Medium
0.06666666666666665,0.894736842105263,0.6970000000000002,0.12200000000000011,1.0,0.6842105263157894,0.7241379310344828,0.8888888888888888,0.5816703621581671,0.08,2,High
0.9333333333333333,0.6842105263157894,0.9570000000000002,0.524,0.42857142857142855,0.631578947368421,0.1724137931034483,1.0,0.9024390243902443,0.085,2,High
0.8,0.05263157894736842,0.258,0.8059999999999998,0.5714285714285714,0.7368421052631579,0.24137931034482757,0.4444444444444444,0.3082039911308205,0.935,1,Medium
0.5333333333333334,1.0,0.834,0.26,0.5714285714285714,0.631578947368421,0.06896551724137931,0.1111111111111111,0.8292682926829269,0.98,1,Medium
0.0,0.21052631578947367,0.715,0.8,0.42857142857142855,0.6842105263157894,0.5862068965517241,0.5555555555555556,0.7708795269770881,0.56,1,Medium
0.26666666666666683,0.7894736842105263,0.686,0.4970000000000001,0.0,0.5789473684210527,0.13793103448275862,0.1111111111111111,0.5195861049519588,0.285,1,Medium
0.8666666666666669,0.47368421052631576,0.45899999999999996,0.784,0.14285714285714285,0.21052631578947367,0.41379310344827586,0.0,0.34220251293422027,0.125,0,Low
0.3333333333333335,0.5789473684210527,0.3480000000000001,0.06400000000000006,0.8571428571428571,0.0,0.5862068965517241,0.3333333333333333,0.5232815964523283,0.225,1,Medium
0.6666666666666667,0.21052631578947367,0.4960000000000001,0.3919999999999999,0.2857142857142857,0.3157894736842105,0.9310344827586207,0.4444444444444444,0.7361419068736144,0.195,2,High
0.7333333333333332,0.3157894736842105,0.4660000000000001,0.02400000000000002,0.5714285714285714,0.894736842105263,0.6206896551724138,0.2222222222222222,0.3606799704360681,0.715,1,Medium
0.1333333333333333,0.10526315789473684,0.08600000000000002,0.5920000000000001,0.2857142857142857,0.7894736842105263,0.3448275862068966,0.3333333333333333,0.3266814486326683,0.45,0,Low
0.3333333333333335,0.3157894736842105,0.826,0.716,1.0,0.3157894736842105,0.7586206896551724,0.5555555555555556,0.7413155949741317,0.095,2,High
0.5333333333333334,0.21052631578947367,0.4960000000000001,0.9260000000000002,0.0,0.3157894736842105,0.6896551724137931,0.4444444444444444,0.4663710273466372,0.27,0,Low
0.4666666666666668,0.8421052631578947,0.7859999999999999,0.742,0.5714285714285714,0.6842105263157894,0.896551724137931,0.0,0.7679231337767924,0.79,1,Medium
0.8666666666666669,0.5263157894736842,0.118,0.42400000000000015,0.8571428571428571,0.7368421052631579,0.7931034482758621,0.4444444444444444,0.15151515151515155,0.595,1,Medium
0.9333333333333333,0.42105263157894735,0.9960000000000001,0.702,0.14285714285714285,0.10526315789473684,0.8275862068965517,0.2222222222222222,0.974870657797487,0.045,1,Medium
0.7333333333333332,0.47368421052631576,0.08399999999999996,0.4960000000000002,0.14285714285714285,0.631578947368421,0.20689655172413793,0.1111111111111111,0.0761271249076127,0.585,0,Low
1.0000000000000002,0.3684210526315789,0.5460000000000002,0.258,0.5714285714285714,0.9473684210526315,0.5172413793103449,0.0,0.42350332594235035,0.825,1,Medium
0.6000000000000001,0.5789473684210527,0.15100000000000002,0.9039999999999999,0.7142857142857142,0.05263157894736842,0.3448275862068966,0.0,0.1293422025129342,0.755,0,Low
0.8,0.7894736842105263,0.751,0.27,0.2857142857142857,1.0,0.48275862068965514,0.2222222222222222,0.5868440502586845,0.705,2,High
0.7333333333333332,0.7368421052631579,0.28400000000000003,0.6880000000000002,0.0,0.7894736842105263,0.10344827586206896,1.0,0.2099039172209905,0.185,1,Medium
0.7333333333333332,0.10526315789473684,0.791,0.6660000000000001,0.8571428571428571,0.8421052631578947,0.8275862068965517,1.0,0.7339246119733926,0.87,2,High
0.19999999999999996,0.10526315789473684,0.7050000000000002,0.050000000000000044,0.42857142857142855,0.0,0.3448275862068966,0.6666666666666666,0.558019216555802,0.545,1,Medium
0.4666666666666668,0.7894736842105263,0.739,0.41600000000000015,0.8571428571428571,0.7894736842105263,0.10344827586206896,0.3333333333333333,0.5964523281596452,0.585,2,High
0.1333333333333333,0.47368421052631576,0.5039999999999999,0.6660000000000001,0.2857142857142857,0.6842105263157894,0.1724137931034483,0.7777777777777777,0.5934959349593498,0.22,2,High
0.6000000000000001,0.3157894736842105,0.05599999999999994,0.04200000000000004,0.0,0.8421052631578947,0.7241379310344828,0.2222222222222222,0.229859571322986,0.065,1,Medium
0.26666666666666683,0.47368421052631576,0.363,0.10199999999999998,0.2857142857142857,0.9473684210526315,0.4482758620689655,0.8888888888888888,0.476718403547672,0.51,2,High
0.40000000000000013,0.21052631578947367,0.9740000000000001,0.708,0.7142857142857142,0.2631578947368421,0.5517241379310345,1.0,0.7524020694752402,0.565,2,High
0.40000000000000013,0.631578947368421,0.5619999999999999,0.76,0.0,0.15789473684210525,0.6206896551724138,0.1111111111111111,0.592017738359202,0.305,0,Low
0.8,0.5263157894736842,0.05399999999999999,0.3420000000000001,0.42857142857142855,0.0,0.9310344827586207,0.6666666666666666,0.22246858832224697,0.285,0,Low
0.19999999999999996,0.5789473684210527,0.41899999999999993,0.9239999999999999,0.8571428571428571,0.631578947368421,0.5862068965517241,0.1111111111111111,0.3806356245380636,0.46,0,Low
0.1333333333333333,0.5263157894736842,0.475,0.30800000000000005,0.7142857142857142,0.631578947368421,0.0,0.2222222222222222,0.5195861049519588,0.695,1,Medium
0.6000000000000001,0.21052631578947367,0.394,0.3900000000000001,0.8571428571428571,0.3157894736842105,0.3448275862068966,0.0,0.3991130820399113,0.19,1,Medium
0.0,0.8421052631578947,0.14900000000000002,0.32200000000000006,1.0,0.6842105263157894,0.20689655172413793,0.3333333333333333,0.2121212121212121,0.12,0,Low
0.0,0.05263157894736842,0.676,0.8100000000000003,0.7142857142857142,0.0,0.7586206896551724,0.6666666666666666,0.5277161862527717,0.865,1,Medium
0.4666666666666668,0.47368421052631576,0.45199999999999996,0.18200000000000005,0.42857142857142855,0.47368421052631576,0.6206896551724138,0.7777777777777777,0.40354767184035484,0.66,1,Medium
0.6666666666666667,0.3684210526315789,0.30900000000000005,0.014000000000000012,0.7142857142857142,0.7894736842105263,0.4482758620689655,0.6666666666666666,0.3096821877309683,0.815,2,High
0.26666666666666683,1.0,0.22899999999999998,0.9140000000000001,0.2857142857142857,0.6842105263157894,0.5517241379310345,0.8888888888888888,0.2121212121212121,0.17,2,High
0.8666666666666669,0.3684210526315789,0.10999999999999999,0.134,0.2857142857142857,0.3684210526315789,0.06896551724137931,0.6666666666666666,0.25498891352549896,0.79,0,Low
0.4666666666666668,0.6842105263157894,0.852,0.8420000000000003,0.42857142857142855,0.5263157894736842,0.0,0.3333333333333333,0.804138950480414,0.045,1,Medium
0.8,0.47368421052631576,0.28500000000000003,0.30200000000000005,0.42857142857142855,0.5263157894736842,0.7586206896551724,0.3333333333333333,0.32002956393200294,0.035,1,Medium
0.5333333333333334,0.47368421052631576,0.6310000000000001,0.3880000000000001,1.0,0.631578947368421,0.6551724137931034,0.1111111111111111,0.45602365114560256,0.565,1,Medium
0.3333333333333335,0.47368421052631576,0.393,0.9420000000000002,0.7142857142857142,0.894736842105263,0.3103448275862069,0.6666666666666666,0.5491500369549152,0.16,2,High
0.26666666666666683,0.7894736842105263,0.6529999999999999,0.6859999999999999,0.8571428571428571,0.15789473684210525,0.034482758620689655,0.8888888888888888,0.4833702882483371,0.17,1,Medium
0.7333333333333332,1.0,0.051999999999999935,0.06999999999999995,1.0,0.9473684210526315,0.20689655172413793,0.4444444444444444,0.03843311160384333,0.985,1,Medium
0.40000000000000013,0.7894736842105263,0.46799999999999997,0.4460000000000002,0.0,0.42105263157894735,0.9310344827586207,0.2222222222222222,0.3466371027346638,0.63,1,Medium
0.4666666666666668,0.05263157894736842,0.43300000000000005,0.5,0.7142857142857142,0.15789473684210525,1.0,0.4444444444444444,0.5720620842572062,0.85,1,Medium
0.9333333333333333,0.47368421052631576,0.41899999999999993,0.3420000000000001,0.0,0.9473684210526315,0.7241379310344828,0.1111111111111111,0.5631929046563193,0.525,1,Medium
0.8666666666666669,0.42105263157894735,0.6490000000000001,0.712,0.2857142857142857,0.47368421052631576,0.896551724137931,0.7777777777777777,0.729490022172949,0.025,1,Medium
0.5333333333333334,0.3684210526315789,0.6330000000000001,0.9960000000000002,0.0,0.10526315789473684,0.7241379310344828,0.6666666666666666,0.476718403547672,0.525,0,Low
0.3333333333333335,0.6842105263157894,0.501,0.71,0.2857142857142857,0.631578947368421,0.8620689655172413,0.5555555555555556,0.38654841093865483,0.885,0,Low
0.4666666666666668,0.6842105263157894,0.85,0.5980000000000001,0.14285714285714285,0.15789473684210525,0.5517241379310345,0.6666666666666666,0.7028824833702885,0.09,1,Medium
0.6666666666666667,0.15789473684210525,0.08099999999999996,0.25,1.0,0.7368421052631579,0.06896551724137931,0.4444444444444444,0.16555801921655583,0.025,1,Medium
0.4666666666666668,0.21052631578947367,0.7859999999999999,0.272,0.5714285714285714,0.894736842105263,0.6551724137931034,0.7777777777777777,0.8292682926829269,0.9,1,Medium
0.4666666666666668,0.42105263157894735,0.392,0.19000000000000006,0.14285714285714285,0.05263157894736842,0.9310344827586207,0.5555555555555556,0.295639320029564,0.69,0,Low
0.8,0.47368421052631576,0.5220000000000001,0.6539999999999999,0.2857142857142857,0.47368421052631576,0.5862068965517241,1.0,0.42276422764227645,0.44,1,Medium
0.1333333333333333,0.15789473684210525,0.4880000000000001,0.14600000000000013,0.0,0.3684210526315789,0.6551724137931034,0.0,0.6023651145602367,0.445,1,Medium
1.0000000000000002,0.47368421052631576,0.646,0.6260000000000001,0.2857142857142857,0.3157894736842105,0.9310344827586207,0.7777777777777777,0.5964523281596452,0.87,0,Low
0.26666666666666683,0.5789473684210527,0.119,0.20999999999999996,0.5714285714285714,0.8421052631578947,0.8275862068965517,0.4444444444444444,0.0842572062084257,0.31,1,Medium
0.19999999999999996,0.8421052631578947,0.842,0.28200000000000003,0.42857142857142855,0.3157894736842105,0.4482758620689655,0.2222222222222222,0.8277900960827791,0.38,1,Medium
0.6000000000000001,0.9473684210526315,0.04800000000000004,0.1060000000000001,1.0,0.42105263157894735,0.6206896551724138,0.5555555555555556,0.3141167775314118,0.67,1,Medium
0.1333333333333333,0.47368421052631576,0.40500000000000014,0.15800000000000003,0.5714285714285714,0.5263157894736842,0.3103448275862069,0.7777777777777777,0.3111603843311161,0.39,2,High
0.26666666666666683,0.15789473684210525,0.049000000000000044,0.9199999999999999,0.14285714285714285,0.2631578947368421,0.24137931034482757,0.1111111111111111,0.039911308203991136,0.845,0,Low
0.0,0.6842105263157894,0.6570000000000001,0.4970000000000001,0.14285714285714285,0.631578947368421,0.896551724137931,0.3333333333333333,0.5070214338507022,0.43,1,Medium
0.9333333333333333,0.9473684210526315,0.6609999999999999,0.03200000000000003,0.42857142857142855,0.0,0.10344827586206896,0.5555555555555556,0.746489283074649,0.4,1,Medium
0.5333333333333334,0.5263157894736842,0.5970000000000001,0.6400000000000001,0.8571428571428571,0.42105263157894735,0.3103448275862069,0.5555555555555556,0.7036215816703624,0.785,1,Medium
0.06666666666666665,0.47368421052631576,0.4970000000000001,0.238,0.0,0.6842105263157894,1.0,0.8888888888888888,0.4087213599408723,0.15,1,Medium
0.19999999999999996,1.0,0.6070000000000001,0.8920000000000001,0.8571428571428571,0.6842105263157894,0.06896551724137931,0.7777777777777777,0.7087952697708797,0.32,2,High
0.19999999999999996,0.7368421052631579,0.3410000000000001,0.8500000000000001,0.42857142857142855,0.42105263157894735,0.41379310344827586,0.3333333333333333,0.5136733185513673,0.88,0,Low
0.19999999999999996,0.2631578947368421,0.020000000000000018,0.3599999999999999,0.0,0.3684210526315789,0.3448275862068966,0.1111111111111111,0.10790835181079084,0.015,0,Low
0.9333333333333333,0.10526315789473684,0.834,0.4560000000000002,1.0,0.2631578947368421,0.13793103448275862,0.6666666666666666,0.7679231337767924,0.505,2,High
0.8,0.3157894736842105,0.15599999999999992,0.28200000000000003,0.42857142857142855,0.9473684210526315,0.896551724137931,0.4444444444444444,0.25646711012564677,0.87,1,Medium
0.1333333333333333,0.2631578947368421,0.953,0.050000000000000044,0.42857142857142855,0.15789473684210525,0.7586206896551724,0.1111111111111111,0.9630450849963046,0.005,1,Medium
0.4666666666666668,1.0,0.5210000000000001,0.776,0.42857142857142855,1.0,0.5172413793103449,0.7777777777777777,0.4833702882483371,0.43,1,Medium
0.8666666666666669,0.631578947368421,0.21699999999999997,0.09000000000000008,1.0,0.47368421052631576,0.4482758620689655,0.1111111111111111,0.37102734663710285,0.34,1,Medium
0.6000000000000001,0.5789473684210527,0.9410000000000002,0.9420000000000002,0.42857142857142855,0.2631578947368421,0.4482758620689655,0.5555555555555556,0.9630450849963046,0.595,1,Medium
0.6000000000000001,0.9473684210526315,0.66,0.758,0.5714285714285714,0.3684210526315789,0.41379310344827586,0.5555555555555556,0.6548410938654843,0.905,1,Medium
0.9333333333333333,0.5789473684210527,0.826,0.03200000000000003,0.7142857142857142,0.42105263157894735,0.4482758620689655,0.2222222222222222,0.6016260162601628,0.715,1,Medium
0.8,0.47368421052631576,0.392,0.262,0.0,0.9473684210526315,0.6206896551724138,0.7777777777777777,0.40354767184035484,0.915,1,Medium
0.5333333333333334,0.894736842105263,0.15100000000000002,0.6519999999999999,0.7142857142857142,0.15789473684210525,1.0,0.0,0.3762010347376202,0.385,0,Low
0.4666666666666668,0.7894736842105263,0.127,0.8640000000000001,1.0,0.3157894736842105,0.10344827586206896,0.8888888888888888,0.35476718403547675,0.825,1,Medium
0.9333333333333333,0.42105263157894735,0.805,0.3340000000000001,1.0,0.6842105263157894,0.6551724137931034,0.4444444444444444,0.7435328898743534,0.855,2,High
0.06666666666666665,0.5789473684210527,0.392,0.694,0.5714285714285714,0.3684210526315789,0.48275862068965514,0.2222222222222222,0.5070214338507022,0.79,0,Low
0.26666666666666683,0.894736842105263,0.30999999999999994,0.6800000000000002,0.5714285714285714,0.47368421052631576,0.5862068965517241,0.0,0.3835920177383593,0.43,0,Low
0.6666666666666667,0.10526315789473684,0.991,0.486,0.14285714285714285,0.7894736842105263,1.0,0.7777777777777777,0.7228381374722839,0.55,2,High
1.0000000000000002,0.7894736842105263,0.43400000000000005,0.974,0.7142857142857142,0.21052631578947367,0.8620689655172413,1.0,0.5210643015521066,0.155,1,Medium
0.19999999999999996,0.0,0.9730000000000002,0.5720000000000001,0.42857142857142855,0.3157894736842105,0.6896551724137931,0.2222222222222222,0.8396156688839618,0.865,1,Medium
0.5333333333333334,0.47368421052631576,0.8140000000000002,0.15399999999999991,0.5714285714285714,0.894736842105263,1.0,0.1111111111111111,0.8573540280857355,0.47,2,High
0.6666666666666667,0.9473684210526315,0.4039999999999999,0.76,0.5714285714285714,0.2631578947368421,0.06896551724137931,0.7777777777777777,0.30672579453067256,0.105,1,Medium
0.3333333333333335,1.0,0.741,0.40600000000000014,1.0,0.42105263157894735,0.0,0.4444444444444444,0.5358462675535849,0.02,2,High
0.1333333333333333,0.15789473684210525,0.622,0.516,0.7142857142857142,0.631578947368421,0.034482758620689655,0.1111111111111111,0.45750184774575026,0.83,1,Medium
0.4666666666666668,0.6842105263157894,0.9109999999999999,0.498,1.0,0.8421052631578947,0.7931034482758621,1.0,0.7398373983739839,0.365,2,High
0.7333333333333332,0.15789473684210525,0.658,0.474,0.14285714285714285,0.2631578947368421,1.0,0.4444444444444444,0.5535846267553586,0.52,1,Medium
0.8,0.15789473684210525,0.7460000000000001,0.6480000000000001,0.7142857142857142,0.5263157894736842,0.3448275862068966,0.3333333333333333,0.6119733924611974,0.26,1,Medium
0.5333333333333334,0.47368421052631576,0.017000000000000015,0.22599999999999998,1.0,0.10526315789473684,0.3793103448275862,0.4444444444444444,0.09977827050997778,0.47,0,Low
0.1333333333333333,0.2631578947368421,0.22899999999999998,0.504,0.2857142857142857,0.6842105263157894,0.4482758620689655,1.0,0.19881744271988183,0.615,1,Medium
0.26666666666666683,0.05263157894736842,0.19100000000000006,0.6000000000000001,0.42857142857142855,0.7894736842105263,0.7586206896551724,0.2222222222222222,0.2786400591278641,0.79,0,Low
0.4666666666666668,1.0,0.922,0.014000000000000012,0.0,0.42105263157894735,0.8275862068965517,0.8888888888888888,0.8721359940872138,0.37,2,High
0.8666666666666669,0.10526315789473684,0.402,0.11199999999999988,0.5714285714285714,0.7368421052631579,0.24137931034482757,1.0,0.5395417590539542,0.615,2,High
0.5333333333333334,0.894736842105263,0.45999999999999996,0.05399999999999994,0.7142857142857142,0.8421052631578947,0.06896551724137931,0.5555555555555556,0.5218033998521805,0.105,1,Medium
0.40000000000000013,0.3684210526315789,0.9400000000000001,0.47,0.14285714285714285,0.15789473684210525,0.3448275862068966,0.4444444444444444,0.9563932002956395,0.775,1,Medium
0.19999999999999996,0.3157894736842105,0.01799999999999996,0.778,0.14285714285714285,0.15789473684210525,0.3103448275862069,0.2222222222222222,0.09682187730968217,0.71,0,Low
0.4666666666666668,0.631578947368421,0.09100000000000003,0.6100000000000001,0.2857142857142857,0.05263157894736842,0.5517241379310345,0.4444444444444444,0.26607538802660763,0.55,0,Low
0.8666666666666669,0.15789473684210525,0.20000000000000007,0.04200000000000004,1.0,0.5263157894736842,0.06896551724137931,0.3333333333333333,0.1951219512195122,0.83,1,Medium
0.9333333333333333,0.7894736842105263,0.268,0.522,0.0,0.631578947368421,0.896551724137931,0.2222222222222222,0.5018477457501849,0.595,0,Low
0.06666666666666665,0.9473684210526315,0.31700000000000006,1.0,0.8571428571428571,0.7368421052631579,0.7931034482758621,0.0,0.26829268292682934,0.175,0,Low
0.26666666666666683,0.0,0.18600000000000005,0.764,0.0,0.21052631578947367,0.9655172413793103,0.6666666666666666,0.15373244641537326,0.09,0,Low
0.19999999999999996,0.21052631578947367,0.67,0.09199999999999997,0.14285714285714285,0.21052631578947367,0.06896551724137931,0.7777777777777777,0.5631929046563193,0.46,2,High
0.19999999999999996,0.15789473684210525,0.4890000000000001,0.6240000000000001,0.7142857142857142,1.0,0.6206896551724138,0.7777777777777777,0.4138950480413896,0.52,2,High
0.5333333333333334,0.5263157894736842,0.08300000000000002,0.252,0.7142857142857142,0.9473684210526315,0.5517241379310345,0.8888888888888888,0.3288987435328899,0.18,2,High
0.19999999999999996,0.3157894736842105,0.03899999999999998,0.09800000000000009,1.0,1.0,1.0,0.4444444444444444,0.24981522542498152,0.645,1,Medium
0.8,0.7894736842105263,0.805,0.4960000000000002,0.7142857142857142,0.631578947368421,0.24137931034482757,0.1111111111111111,0.5018477457501849,0.365,1,Medium
0.7333333333333332,0.05263157894736842,0.049000000000000044,0.10399999999999987,0.7142857142857142,0.894736842105263,0.13793103448275862,0.1111111111111111,0.18699186991869926,0.025,1,Medium
0.19999999999999996,0.7894736842105263,0.44399999999999995,0.28200000000000003,0.14285714285714285,0.894736842105263,0.3103448275862069,1.0,0.44419807834442,0.25,2,High
0.26666666666666683,0.10526315789473684,0.32500000000000007,0.796,0.7142857142857142,0.3157894736842105,1.0,0.1111111111111111,0.4508499630450851,0.555,0,Low
0.7333333333333332,0.21052631578947367,0.606,0.9179999999999999,1.0,0.5263157894736842,0.9655172413793103,0.1111111111111111,0.476718403547672,0.965,0,Low
0.1333333333333333,0.7368421052631579,0.6189999999999999,0.694,0.5714285714285714,0.0,1.0,0.4444444444444444,0.6385809312638582,0.085,1,Medium
0.9333333333333333,0.7368421052631579,0.6210000000000001,0.694,0.8571428571428571,1.0,0.20689655172413793,0.7777777777777777,0.45380635624538074,0.66,2,High
0.8,0.2631578947368421,0.826,0.06600000000000006,1.0,0.21052631578947367,1.0,0.3333333333333333,0.8507021433850703,0.79,2,High
0.06666666666666665,0.5263157894736842,0.6109999999999999,0.07400000000000007,1.0,0.3684210526315789,0.0,0.0,0.47302291204730235,0.505,1,Medium
0.7333333333333332,0.47368421052631576,0.121,0.12200000000000011,0.5714285714285714,0.2631578947368421,0.3448275862068966,0.0,0.23207686622320772,0.505,0,Low
0.9333333333333333,0.7368421052631579,0.17599999999999993,0.5860000000000001,0.2857142857142857,0.47368421052631576,0.9655172413793103,0.2222222222222222,0.17073170731707316,0.505,1,Medium
0.5333333333333334,0.8421052631578947,0.397,0.4970000000000001,0.14285714285714285,0.42105263157894735,0.20689655172413793,0.4444444444444444,0.40428677014042874,0.845,1,Medium
1.0000000000000002,0.7894736842105263,0.18399999999999994,0.5700000000000001,0.42857142857142855,0.47368421052631576,1.0,0.4444444444444444,0.23059866962305992,0.55,1,Medium
0.26666666666666683,0.47368421052631576,0.2440000000000001,0.726,0.14285714285714285,0.15789473684210525,0.10344827586206896,0.5555555555555556,0.27272727272727276,0.46,1,Medium
0.0,0.631578947368421,0.9029999999999999,0.972,0.8571428571428571,0.6842105263157894,0.10344827586206896,0.4444444444444444,0.7524020694752402,0.625,2,High
0.1333333333333333,0.05263157894736842,0.5300000000000001,0.11999999999999988,0.7142857142857142,0.47368421052631576,0.6551724137931034,0.0,0.6186252771618626,0.045,1,Medium
0.40000000000000013,0.0,0.6609999999999999,0.030000000000000027,0.5714285714285714,0.7894736842105263,0.3103448275862069,0.8888888888888888,0.6999260901699926,0.88,2,High
0.6666666666666667,0.21052631578947367,0.531,0.6420000000000001,0.8571428571428571,0.7894736842105263,0.3448275862068966,0.4444444444444444,0.6526237989652623,0.595,1,Medium
0.6666666666666667,0.21052631578947367,0.42899999999999994,0.5980000000000001,0.14285714285714285,0.9473684210526315,0.0,0.7777777777777777,0.4360679970436068,0.25,1,Medium
0.5333333333333334,0.631578947368421,0.057999999999999996,0.726,0.14285714285714285,0.8421052631578947,0.7241379310344828,0.5555555555555556,0.1101256467110126,0.455,0,Low
0.40000000000000013,0.5789473684210527,0.389,0.75,0.0,0.3684210526315789,0.034482758620689655,0.4444444444444444,0.27346637102734667,0.28,0,Low
0.4666666666666668,0.42105263157894735,0.33799999999999997,0.266,1.0,0.9473684210526315,0.20689655172413793,0.0,0.4124168514412417,0.295,1,Medium
1.0000000000000002,0.2631578947368421,0.39,0.18599999999999994,1.0,0.9473684210526315,0.3103448275862069,0.7777777777777777,0.32150776053215085,0.565,2,High
0.06666666666666665,0.42105263157894735,0.08799999999999997,0.518,0.14285714285714285,0.3684210526315789,0.41379310344827586,0.3333333333333333,0.32224685883222476,0.94,0,Low
0.7333333333333332,0.631578947368421,0.44600000000000006,0.972,1.0,0.8421052631578947,0.10344827586206896,0.5555555555555556,0.4634146341463416,0.72,1,Medium
0.6000000000000001,0.3684210526315789,0.14300000000000002,0.764,0.2857142857142857,0.7894736842105263,0.5172413793103449,0.0,0.18477457501847744,0.72,0,Low
0.3333333333333335,0.7368421052631579,0.531,0.32600000000000007,1.0,0.7894736842105263,0.6206896551724138,0.6666666666666666,0.5388026607538803,0.1,2,High
0.8,0.05263157894736842,0.01799999999999996,0.9160000000000001,0.5714285714285714,0.5789473684210527,0.8275862068965517,0.4444444444444444,0.15373244641537326,0.6,0,Low
0.8,0.5263157894736842,0.6689999999999999,0.8239999999999998,0.14285714285714285,0.3684210526315789,0.8275862068965517,0.8888888888888888,0.599408721359941,0.715,1,Medium
0.6000000000000001,0.2631578947368421,0.4029999999999999,0.11999999999999988,1.0,0.894736842105263,0.7586206896551724,0.1111111111111111,0.39246119733924617,0.86,2,High
0.19999999999999996,0.6842105263157894,0.3480000000000001,0.46199999999999997,0.5714285714285714,1.0,0.8620689655172413,0.0,0.28677014042867705,0.105,1,Medium
1.0000000000000002,0.10526315789473684,0.6960000000000001,0.264,0.7142857142857142,0.3684210526315789,0.27586206896551724,0.6666666666666666,0.6784922394678494,0.98,2,High
0.6666666666666667,0.6842105263157894,0.32599999999999996,0.09000000000000008,0.14285714285714285,0.47368421052631576,0.41379310344827586,0.8888888888888888,0.33628972653362904,0.09,1,Medium
0.1333333333333333,1.0,0.511,0.9239999999999999,0.5714285714285714,0.15789473684210525,0.5172413793103449,0.4444444444444444,0.632668144863267,0.505,0,Low
0.3333333333333335,0.3157894736842105,0.977,0.8300000000000001,0.14285714285714285,0.21052631578947367,0.034482758620689655,0.5555555555555556,0.7494456762749446,0.335,1,Medium
0.6000000000000001,0.3684210526315789,0.22000000000000008,0.7380000000000002,0.14285714285714285,0.3684210526315789,0.13793103448275862,0.4444444444444444,0.2475979305247598,0.36,0,Low
0.6000000000000001,0.47368421052631576,0.44600000000000006,0.4800000000000002,0.2857142857142857,0.7368421052631579,1.0,0.7777777777777777,0.3828529194382854,0.69,2,High
0.1333333333333333,0.10526315789473684,0.9500000000000001,0.8239999999999998,0.2857142857142857,0.7894736842105263,0.4482758620689655,0.3333333333333333,0.7272727272727275,0.41,2,High
0.19999999999999996,0.6842105263157894,0.376,0.06999999999999995,0.5714285714285714,0.2631578947368421,0.6896551724137931,0.0,0.4626755358462677,0.555,0,Low
0.40000000000000013,0.3157894736842105,0.719,0.5860000000000001,0.7142857142857142,0.47368421052631576,0.6206896551724138,1.0,0.7413155949741317,0.345,2,High
0.3333333333333335,0.5789473684210527,0.5800000000000001,0.9640000000000002,0.7142857142857142,0.9473684210526315,0.6896551724137931,0.5555555555555556,0.5779748706577976,0.87,1,Medium
0.8,0.0,0.6029999999999999,0.20799999999999996,0.42857142857142855,0.9473684210526315,0.1724137931034483,0.5555555555555556,0.689578713968958,0.13,2,High
0.19999999999999996,0.631578947368421,0.4900000000000001,0.252,0.0,0.3157894736842105,0.4482758620689655,0.5555555555555556,0.49076127124907615,0.14,1,Medium
0.7333333333333332,0.5789473684210527,0.8990000000000001,0.8760000000000001,0.7142857142857142,1.0,0.10344827586206896,0.6666666666666666,0.6770140428677014,0.4,2,High
0.06666666666666665,1.0,0.3440000000000001,0.9940000000000002,0.2857142857142857,0.7368421052631579,0.5172413793103449,0.8888888888888888,0.3259423503325943,0.19,1,Medium
0.3333333333333335,0.47368421052631576,0.6669999999999999,0.3679999999999999,0.5714285714285714,0.0,0.7931034482758621,0.8888888888888888,0.5388026607538803,0.87,1,Medium
0.5333333333333334,0.8421052631578947,0.8710000000000001,0.3660000000000001,0.0,0.21052631578947367,0.48275862068965514,0.6666666666666666,0.6762749445676275,0.39,1,Medium
0.26666666666666683,0.47368421052631576,0.745,0.3839999999999999,0.5714285714285714,0.5263157894736842,0.7586206896551724,0.6666666666666666,0.541019955654102,0.735,1,Medium
0.7333333333333332,0.6842105263157894,0.495,0.20599999999999996,0.7142857142857142,0.2631578947368421,0.3793103448275862,0.3333333333333333,0.6097560975609757,0.535,0,Low
0.8666666666666669,0.42105263157894735,0.4960000000000001,0.9780000000000002,0.2857142857142857,0.5263157894736842,0.5517241379310345,0.4444444444444444,0.5801921655580193,0.155,1,Medium
0.6666666666666667,1.0,0.551,0.75,0.14285714285714285,0.15789473684210525,0.034482758620689655,0.7777777777777777,0.6245380635624538,0.265,1,Medium
0.9333333333333333,0.21052631578947367,0.858,0.71,0.7142857142857142,0.21052631578947367,0.4482758620689655,0.3333333333333333,0.6208425720620843,0.605,1,Medium
0.40000000000000013,0.631578947368421,0.43300000000000005,0.30800000000000005,0.5714285714285714,0.21052631578947367,0.3103448275862069,0.6666666666666666,0.5772357723577237,0.815,1,Medium
0.06666666666666665,0.9473684210526315,0.32699999999999996,0.796,1.0,0.8421052631578947,0.5862068965517241,0.6666666666666666,0.3599408721359942,0.04,1,Medium
0.9333333333333333,0.9473684210526315,0.515,0.20399999999999996,0.2857142857142857,0.42105263157894735,0.41379310344827586,1.0,0.3954175905395419,0.975,1,Medium
0.3333333333333335,0.15789473684210525,0.10899999999999999,0.9079999999999999,0.2857142857142857,0.3157894736842105,0.1724137931034483,0.0,0.15151515151515155,0.32,0,Low
0.8666666666666669,0.47368421052631576,0.5369999999999999,0.6740000000000002,0.42857142857142855,1.0,0.3793103448275862,0.8888888888888888,0.6511456023651145,0.41,2,High
0.6666666666666667,0.631578947368421,0.3450000000000001,0.3039999999999998,0.14285714285714285,0.42105263157894735,0.5517241379310345,1.0,0.3148558758314857,0.045,1,Medium
0.26666666666666683,0.3157894736842105,0.797,0.3039999999999998,0.42857142857142855,0.47368421052631576,0.5862068965517241,1.0,0.6548410938654843,0.475,1,Medium
0.19999999999999996,0.7368421052631579,0.8119999999999999,0.3580000000000001,0.2857142857142857,0.3157894736842105,0.8620689655172413,0.7777777777777777,0.8174427198817444,0.405,2,High
0.6000000000000001,0.5263157894736842,0.878,0.07799999999999996,0.8571428571428571,0.894736842105263,0.4482758620689655,0.0,0.8240946045824096,0.815,2,High
0.7333333333333332,0.3684210526315789,0.376,0.8739999999999999,0.0,0.3684210526315789,0.27586206896551724,0.1111111111111111,0.27420546932742057,0.15,0,Low
0.1333333333333333,1.0,0.34199999999999997,0.9420000000000002,0.42857142857142855,0.8421052631578947,0.9655172413793103,1.0,0.3680709534368071,0.91,1,Medium
0.5333333333333334,0.631578947368421,0.6470000000000001,0.42799999999999994,1.0,0.7368421052631579,0.6206896551724138,0.1111111111111111,0.7331855136733187,0.83,1,Medium
0.5333333333333334,0.7894736842105263,0.9269999999999999,0.3320000000000001,0.8571428571428571,0.7894736842105263,0.5862068965517241,0.5555555555555556,0.8765705838876572,0.135,2,High
0.6666666666666667,0.2631578947368421,0.392,0.9640000000000002,0.7142857142857142,0.0,0.41379310344827586,0.6666666666666666,0.4619364375461938,0.94,0,Low
0.6000000000000001,0.42105263157894735,0.4980000000000001,0.8180000000000001,0.42857142857142855,0.631578947368421,0.27586206896551724,0.0,0.3791574279379158,0.76,1,Medium
0.7333333333333332,0.9473684210526315,0.518,0.72,0.42857142857142855,0.0,0.06896551724137931,0.0,0.46045824094604587,0.78,0,Low
0.40000000000000013,0.7894736842105263,0.19900000000000007,0.536,0.5714285714285714,0.3157894736842105,0.7931034482758621,0.3333333333333333,0.2291204730229121,0.745,0,Low
0.0,0.631578947368421,0.7400000000000001,0.05600000000000005,0.7142857142857142,0.05263157894736842,0.6551724137931034,0.2222222222222222,0.5661492978566149,0.15,1,Medium
0.0,0.631578947368421,0.2240000000000001,0.13800000000000012,1.0,0.47368421052631576,0.7586206896551724,0.6666666666666666,0.3665927568366593,0.025,1,Medium
0.3333333333333335,0.8421052631578947,0.22499999999999998,0.504,0.42857142857142855,0.7894736842105263,0.10344827586206896,1.0,0.15373244641537326,0.18,2,High
0.6000000000000001,0.21052631578947367,0.16900000000000004,0.11999999999999988,0.5714285714285714,0.21052631578947367,0.10344827586206896,1.0,0.1611234294161123,0.615,1,Medium
0.06666666666666665,0.8421052631578947,0.381,0.8100000000000003,0.2857142857142857,0.8421052631578947,0.3793103448275862,0.3333333333333333,0.5114560236511458,0.5,1,Medium
0.0,0.3157894736842105,0.4650000000000001,0.43399999999999994,0.7142857142857142,0.15789473684210525,0.7931034482758621,0.7777777777777777,0.5624538063562454,0.66,1,Medium
0.8,0.05263157894736842,0.04800000000000004,0.56,1.0,0.5263157894736842,0.27586206896551724,0.2222222222222222,0.13008130081300812,0.08,1,Medium
0.7333333333333332,0.05263157894736842,0.07100000000000001,0.14600000000000013,0.14285714285714285,0.5263157894736842,0.6551724137931034,0.1111111111111111,0.11160384331116036,0.705,0,Low
0.0,0.0,0.5820000000000001,0.99,0.2857142857142857,0.631578947368421,0.034482758620689655,0.6666666666666666,0.5838876570583889,0.885,1,Medium
0.0,0.15789473684210525,0.261,0.4019999999999999,0.8571428571428571,0.7368421052631579,0.1724137931034483,0.3333333333333333,0.27346637102734667,0.71,1,Medium
0.19999999999999996,0.2631578947368421,0.6769999999999999,0.9019999999999999,0.0,0.894736842105263,0.27586206896551724,0.0,0.7176644493717665,0.475,1,Medium
0.7333333333333332,0.42105263157894735,0.4960000000000001,0.954,0.42857142857142855,0.47368421052631576,0.5517241379310345,0.5555555555555556,0.35550628233555065,0.885,0,Low
0.4666666666666668,0.7894736842105263,0.30700000000000005,0.09399999999999997,0.8571428571428571,0.6842105263157894,0.896551724137931,0.5555555555555556,0.3288987435328899,0.03,2,High
0.7333333333333332,0.15789473684210525,0.749,0.266,0.2857142857142857,1.0,0.034482758620689655,0.2222222222222222,0.5942350332594237,0.69,2,High
0.6666666666666667,0.7368421052631579,0.539,0.05399999999999994,0.7142857142857142,1.0,0.24137931034482757,0.8888888888888888,0.6747967479674797,0.65,2,High
1.0000000000000002,0.7894736842105263,0.8530000000000001,0.9780000000000002,0.8571428571428571,0.894736842105263,0.48275862068965514,0.6666666666666666,0.729490022172949,0.33,2,High
0.06666666666666665,0.3684210526315789,0.22699999999999998,0.43800000000000017,0.7142857142857142,0.05263157894736842,0.06896551724137931,0.0,0.4308943089430895,0.865,0,Low
0.3333333333333335,0.2631578947368421,0.6210000000000001,0.5680000000000001,1.0,0.0,0.6206896551724138,0.5555555555555556,0.47450110864745026,0.38,1,Medium
0.8,1.0,0.20899999999999996,0.22399999999999998,0.5714285714285714,0.10526315789473684,0.0,0.5555555555555556,0.3968957871396897,0.655,0,Low
0.6666666666666667,0.47368421052631576,0.502,0.8719999999999999,0.7142857142857142,0.5789473684210527,0.8275862068965517,0.1111111111111111,0.3968957871396897,0.17,1,Medium
0.40000000000000013,0.15789473684210525,0.6630000000000001,0.492,0.8571428571428571,0.47368421052631576,0.0,0.2222222222222222,0.6666666666666667,0.515,1,Medium
0.7333333333333332,0.894736842105263,0.842,0.8460000000000001,0.0,0.42105263157894735,0.7586206896551724,0.8888888888888888,0.8765705838876572,0.445,1,Medium
1.0000000000000002,0.7368421052631579,0.03799999999999998,0.28200000000000003,0.8571428571428571,0.7894736842105263,0.5517241379310345,0.2222222222222222,0.15225424981522545,0.71,1,Medium
0.8666666666666669,0.15789473684210525,0.272,0.56,0.14285714285714285,0.6842105263157894,0.5517241379310345,0.2222222222222222,0.4619364375461938,0.67,1,Medium
0.1333333333333333,0.10526315789473684,0.803,0.6720000000000002,0.8571428571428571,0.5263157894736842,0.48275862068965514,0.2222222222222222,0.5868440502586845,0.365,1,Medium
1.0000000000000002,0.0,0.123,0.6660000000000001,0.8571428571428571,0.6842105263157894,1.0,0.5555555555555556,0.20768662232076868,0.83,1,Medium
0.1333333333333333,0.10526315789473684,0.43599999999999994,0.20599999999999996,0.5714285714285714,1.0,0.3448275862068966,1.0,0.5521064301552108,0.695,2,High
0.7333333333333332,0.0,0.9470000000000002,0.124,0.42857142857142855,0.15789473684210525,0.034482758620689655,0.6666666666666666,0.927568366592757,0.525,1,Medium
0.4666666666666668,0.3157894736842105,0.34299999999999997,0.778,0.14285714285714285,0.7368421052631579,0.20689655172413793,0.3333333333333333,0.4804138950480415,0.945,1,Medium
0.6666666666666667,0.7894736842105263,0.15500000000000003,0.16199999999999992,1.0,0.5263157894736842,0.1724137931034483,0.0,0.18033998521803402,0.695,1,Medium
0.19999999999999996,0.631578947368421,0.41999999999999993,0.494,0.5714285714285714,0.0,0.034482758620689655,1.0,0.4789356984478936,0.65,0,Low
0.06666666666666665,0.47368421052631576,0.07800000000000001,0.41999999999999993,0.0,0.42105263157894735,1.0,0.0,0.22690317812269029,0.455,0,Low
1.0000000000000002,0.3157894736842105,0.22599999999999998,0.256,0.8571428571428571,0.9473684210526315,1.0,0.6666666666666666,0.2283813747228382,0.285,2,High
0.40000000000000013,0.7894736842105263,0.40700000000000003,0.974,0.14285714285714285,0.15789473684210525,0.8275862068965517,0.7777777777777777,0.31929046563192903,0.16,1,Medium
0.7333333333333332,0.42105263157894735,0.61,0.21199999999999997,0.8571428571428571,0.5789473684210527,0.48275862068965514,0.5555555555555556,0.4966740576496675,0.385,2,High
0.3333333333333335,0.2631578947368421,0.16300000000000003,0.998,0.8571428571428571,0.47368421052631576,0.9310344827586207,1.0,0.3932002956393201,0.83,0,Low
0.3333333333333335,0.9473684210526315,0.382,0.14800000000000002,0.0,0.9473684210526315,0.9310344827586207,0.1111111111111111,0.5018477457501849,0.555,1,Medium
0.9333333333333333,0.42105263157894735,0.0,0.6880000000000002,0.42857142857142855,0.2631578947368421,0.3448275862068966,1.0,0.008130081300812997,0.665,0,Low
0.6000000000000001,0.21052631578947367,0.33099999999999996,0.9600000000000002,1.0,0.5263157894736842,0.3103448275862069,1.0,0.3488543976348855,0.625,1,Medium
0.26666666666666683,0.7894736842105263,0.237,0.46599999999999997,0.0,0.7368421052631579,0.5862068965517241,0.2222222222222222,0.22616407982261638,0.405,0,Low
0.5333333333333334,0.42105263157894735,0.8270000000000001,0.018000000000000016,0.42857142857142855,0.7368421052631579,0.3448275862068966,1.0,0.6016260162601628,0.145,2,High
0.9333333333333333,0.10526315789473684,0.264,0.5780000000000001,0.5714285714285714,0.5263157894736842,0.7931034482758621,0.7777777777777777,0.18033998521803402,0.05,1,Medium
0.3333333333333335,0.894736842105263,0.07300000000000006,0.548,0.42857142857142855,0.47368421052631576,0.48275862068965514,0.3333333333333333,0.18920916481892086,0.405,0,Low
0.7333333333333332,0.05263157894736842,0.271,0.3859999999999999,0.0,0.3684210526315789,0.7931034482758621,0.8888888888888888,0.229859571322986,0.55,1,Medium
0.4666666666666668,0.21052631578947367,0.14100000000000001,0.9019999999999999,0.42857142857142855,0.15789473684210525,0.6551724137931034,0.8888888888888888,0.2993348115299335,0.915,0,Low
0.8,0.2631578947368421,0.658,0.6560000000000001,0.2857142857142857,0.6842105263157894,0.10344827586206896,0.8888888888888888,0.5528455284552847,0.64,2,High
0.1333333333333333,0.10526315789473684,0.279,0.10999999999999999,0.8571428571428571,0.47368421052631576,0.24137931034482757,0.4444444444444444,0.3096821877309683,0.505,1,Medium
1.0000000000000002,0.5789473684210527,1.0,0.9280000000000002,0.8571428571428571,0.9473684210526315,0.06896551724137931,0.3333333333333333,0.7612712490761273,0.955,2,High
0.19999999999999996,0.15789473684210525,0.346,0.5840000000000001,0.2857142857142857,0.3157894736842105,0.8620689655172413,0.4444444444444444,0.2771618625277163,0.785,0,Low
0.6666666666666667,0.7368421052631579,0.4660000000000001,0.8340000000000001,0.5714285714285714,0.6842105263157894,0.9655172413793103,1.0,0.3680709534368071,0.46,2,High
1.0000000000000002,0.9473684210526315,0.7050000000000002,0.6599999999999999,0.2857142857142857,0.6842105263157894,0.24137931034482757,0.4444444444444444,0.5491500369549152,0.5,1,Medium
0.1333333333333333,0.47368421052631576,0.6109999999999999,0.6699999999999999,0.2857142857142857,0.3684210526315789,0.3448275862068966,0.0,0.44198078344419817,0.145,0,Low
0.6666666666666667,0.3684210526315789,0.5060000000000001,0.8219999999999998,0.14285714285714285,0.05263157894736842,0.6551724137931034,0.6666666666666666,0.515890613451589,0.245,0,Low
0.6666666666666667,0.631578947368421,0.33399999999999996,0.756,1.0,0.05263157894736842,0.6206896551724138,0.2222222222222222,0.28677014042867705,0.345,0,Low
0.0,0.05263157894736842,0.382,0.5980000000000001,0.42857142857142855,0.21052631578947367,0.9655172413793103,0.4444444444444444,0.4478935698447894,0.65,0,Low
0.9333333333333333,0.9473684210526315,0.05300000000000005,0.4039999999999999,0.5714285714285714,0.10526315789473684,0.9655172413793103,0.0,0.2446415373244642,0.055,0,Low
0.19999999999999996,0.6842105263157894,0.29400000000000004,0.8079999999999998,1.0,0.0,0.034482758620689655,0.6666666666666666,0.4619364375461938,0.69,0,Low
0.26666666666666683,0.42105263157894735,0.4740000000000001,0.10399999999999987,0.42857142857142855,0.21052631578947367,0.896551724137931,0.6666666666666666,0.3680709534368071,0.985,1,Medium
0.06666666666666665,0.894736842105263,0.126,0.11599999999999999,0.8571428571428571,0.21052631578947367,0.3103448275862069,0.3333333333333333,0.3266814486326683,0.09,1,Medium
0.1333333333333333,0.9473684210526315,0.14600000000000002,0.44000000000000017,0.14285714285714285,0.3684210526315789,0.27586206896551724,0.8888888888888888,0.2616407982261641,0.3,1,Medium
0.06666666666666665,0.15789473684210525,0.969,0.528,0.5714285714285714,0.5263157894736842,0.7241379310344828,0.3333333333333333,0.8270509977827052,0.55,2,High
0.06666666666666665,0.47368421052631576,0.975,0.0039999999999998925,0.8571428571428571,0.7368421052631579,0.6551724137931034,0.3333333333333333,0.8144863266814488,0.335,2,High
0.6000000000000001,0.47368421052631576,0.255,0.026000000000000023,0.0,0.0,0.5517241379310345,0.8888888888888888,0.3621581670362158,0.255,1,Medium
0.40000000000000013,0.05263157894736842,0.5640000000000001,0.9480000000000002,0.7142857142857142,0.8421052631578947,0.3103448275862069,0.8888888888888888,0.42498152254249827,0.76,1,Medium
0.3333333333333335,0.7368421052631579,0.874,0.8200000000000001,0.0,0.7894736842105263,0.3448275862068966,0.5555555555555556,0.8728750923872877,0.3,2,High
0.6666666666666667,0.5263157894736842,0.5720000000000001,0.6300000000000001,0.0,0.8421052631578947,0.8620689655172413,0.2222222222222222,0.516629711751663,0.17,1,Medium
0.8,0.10526315789473684,0.9090000000000001,0.3619999999999999,0.0,0.15789473684210525,0.6896551724137931,0.5555555555555556,0.8455284552845528,0.525,1,Medium
0.9333333333333333,0.7368421052631579,0.363,0.050000000000000044,0.0,0.21052631578947367,0.1724137931034483,0.6666666666666666,0.35476718403547675,0.875,0,Low
0.26666666666666683,0.0,0.6529999999999999,0.9440000000000002,0.8571428571428571,0.8421052631578947,0.7931034482758621,0.5555555555555556,0.467110125646711,0.765,1,Medium
0.9333333333333333,1.0,0.492,0.3820000000000001,0.42857142857142855,0.10526315789473684,0.13793103448275862,0.8888888888888888,0.37176644493717675,0.58,1,Medium
0.9333333333333333,0.15789473684210525,0.017000000000000015,0.6400000000000001,0.5714285714285714,0.42105263157894735,0.8620689655172413,0.7777777777777777,0.055432372505543226,0.85,0,Low
0.8,0.6842105263157894,0.119,0.1439999999999999,1.0,0.3157894736842105,0.4482758620689655,0.0,0.28529194382852924,0.325,0,Low
0.0,0.15789473684210525,0.8470000000000001,0.708,0.8571428571428571,0.2631578947368421,0.1724137931034483,0.3333333333333333,0.8226164079822618,0.275,1,Medium
0.6666666666666667,0.47368421052631576,0.532,0.812,0.14285714285714285,0.894736842105263,0.7586206896551724,0.6666666666666666,0.6600147819660016,0.035,1,Medium
0.6000000000000001,0.5789473684210527,0.034999999999999976,0.07799999999999996,0.0,0.42105263157894735,0.13793103448275862,0.6666666666666666,0.18477457501847744,0.385,1,Medium
0.26666666666666683,0.8421052631578947,0.394,0.794,0.7142857142857142,0.894736842105263,0.9655172413793103,0.1111111111111111,0.4464153732446416,0.305,1,Medium
0.26666666666666683,0.6842105263157894,0.9250000000000002,0.03200000000000003,0.42857142857142855,0.5789473684210527,0.4482758620689655,0.8888888888888888,0.8307464892830747,0.25,2,High
0.4666666666666668,0.05263157894736842,0.8710000000000001,0.258,0.2857142857142857,0.9473684210526315,0.10344827586206896,0.1111111111111111,0.6371027346637104,0.65,2,High
0.7333333333333332,0.05263157894736842,0.40700000000000003,0.762,0.14285714285714285,0.894736842105263,0.9310344827586207,0.6666666666666666,0.5018477457501849,0.06,2,High
0.8,0.7368421052631579,0.577,0.264,0.7142857142857142,0.5263157894736842,0.4482758620689655,1.0,0.6267553584626755,0.19,2,High
0.06666666666666665,0.8421052631578947,0.8410000000000001,0.262,0.7142857142857142,0.894736842105263,0.1724137931034483,0.8888888888888888,0.6910569105691058,0.67,2,High
0.3333333333333335,0.5263157894736842,0.9420000000000001,0.6119999999999999,0.5714285714285714,0.47368421052631576,0.7241379310344828,0.4444444444444444,0.7376201034737622,0.33,2,High
0.40000000000000013,0.0,0.492,0.534,0.0,0.2631578947368421,0.5172413793103449,0.6666666666666666,0.4013303769401331,0.94,1,Medium
0.1333333333333333,0.15789473684210525,0.352,0.02200000000000002,1.0,0.47368421052631576,0.3103448275862069,0.8888888888888888,0.4279379157427939,0.84,1,Medium
0.0,0.5789473684210527,0.674,0.29000000000000004,0.0,0.894736842105263,0.7586206896551724,1.0,0.5535846267553586,0.71,2,High
0.7333333333333332,0.7368421052631579,0.5529999999999999,0.8559999999999999,0.8571428571428571,0.15789473684210525,0.3793103448275862,0.0,0.6082779009608279,0.805,0,Low
0.7333333333333332,0.9473684210526315,0.894,0.29800000000000004,0.2857142857142857,0.894736842105263,0.24137931034482757,0.3333333333333333,0.9393939393939397,0.42,2,High
0.8,0.21052631578947367,0.932,0.3460000000000001,0.7142857142857142,1.0,0.5517241379310345,0.1111111111111111,0.7117516629711753,0.18,2,High
0.0,0.10526315789473684,0.769,0.4970000000000001,1.0,0.8421052631578947,0.9655172413793103,0.4444444444444444,0.6932742054693275,0.505,2,High
0.6666666666666667,0.5789473684210527,0.43699999999999994,0.22399999999999998,1.0,0.15789473684210525,0.24137931034482757,0.4444444444444444,0.37176644493717675,0.135,1,Medium
0.5333333333333334,0.7894736842105263,0.5619999999999999,0.9320000000000002,0.7142857142857142,0.47368421052631576,0.6551724137931034,0.3333333333333333,0.6733185513673319,0.06,1,Medium
0.5333333333333334,0.47368421052631576,0.2440000000000001,0.8640000000000001,0.7142857142857142,0.8421052631578947,0.3793103448275862,0.7777777777777777,0.44271988174427207,0.45,1,Medium
0.7333333333333332,0.21052631578947367,0.29900000000000004,0.44199999999999995,0.5714285714285714,0.10526315789473684,0.9310344827586207,0.5555555555555556,0.37324464153732456,0.745,0,Low
0.26666666666666683,0.2631578947368421,0.975,0.5960000000000001,0.0,0.3684210526315789,0.3448275862068966,0.4444444444444444,0.9297856614929787,0.935,1,Medium
0.40000000000000013,0.3684210526315789,0.524,0.8699999999999999,0.7142857142857142,0.5789473684210527,0.13793103448275862,0.5555555555555556,0.4360679970436068,0.845,2,High
0.8,0.42105263157894735,0.254,0.6980000000000002,0.8571428571428571,0.631578947368421,0.9310344827586207,1.0,0.3983739837398374,0.205,2,High
0.19999999999999996,0.6842105263157894,0.8800000000000002,0.3599999999999999,0.0,0.6842105263157894,0.5862068965517241,0.3333333333333333,0.80339985218034,0.02,2,High
0.6000000000000001,0.5263157894736842,0.7480000000000001,0.47,0.8571428571428571,1.0,0.13793103448275862,0.2222222222222222,0.5484109386548413,0.04,2,High
0.06666666666666665,0.7894736842105263,0.7300000000000001,0.09600000000000009,0.5714285714285714,0.894736842105263,0.24137931034482757,0.6666666666666666,0.6718403547671841,0.47,2,High
0.8666666666666669,0.5263157894736842,0.68,0.8160000000000001,0.2857142857142857,0.10526315789473684,0.896551724137931,0.8888888888888888,0.5572801182557281,0.68,1,Medium
0.7333333333333332,0.21052631578947367,0.37,0.9239999999999999,0.42857142857142855,0.42105263157894735,0.8620689655172413,1.0,0.4456762749445677,0.975,1,Medium
0.19999999999999996,0.47368421052631576,0.17599999999999993,0.8739999999999999,0.0,0.05263157894736842,0.5517241379310345,0.3333333333333333,0.31633407243163353,0.735,0,Low
0.26666666666666683,0.894736842105263,0.05700000000000005,0.8140000000000001,0.2857142857142857,0.5789473684210527,0.27586206896551724,0.6666666666666666,0.17294900221729487,0.7,0,Low
0.40000000000000013,0.6842105263157894,0.18300000000000005,0.1279999999999999,0.8571428571428571,0.0,0.48275862068965514,0.6666666666666666,0.3651145602365115,0.18,1,Medium
0.26666666666666683,0.9473684210526315,0.10899999999999999,0.32600000000000007,0.0,0.15789473684210525,0.6551724137931034,0.2222222222222222,0.2985957132298596,0.05,0,Low
0.3333333333333335,0.0,0.5890000000000001,0.486,1.0,0.15789473684210525,0.034482758620689655,0.7777777777777777,0.7021433850702146,0.455,1,Medium
0.5333333333333334,0.0,0.5660000000000001,0.33000000000000007,0.42857142857142855,0.3684210526315789,0.8620689655172413,0.4444444444444444,0.49223946784922396,0.82,1,Medium
0.19999999999999996,0.2631578947368421,0.576,0.9440000000000002,0.2857142857142857,0.9473684210526315,0.896551724137931,0.8888888888888888,0.6267553584626755,0.56,2,High
0.7333333333333332,0.05263157894736842,0.07599999999999996,0.9600000000000002,0.0,0.7368421052631579,0.5172413793103449,0.5555555555555556,0.16629711751662973,0.835,0,Low
0.26666666666666683,0.8421052631578947,0.82,0.4720000000000002,0.7142857142857142,0.2631578947368421,0.13793103448275862,0.5555555555555556,0.6984478935698448,0.81,1,Medium
0.6000000000000001,0.8421052631578947,0.4960000000000001,0.8980000000000001,0.8571428571428571,0.10526315789473684,0.1724137931034483,0.4444444444444444,0.4501108647450112,0.755,0,Low
0.7333333333333332,0.15789473684210525,0.08300000000000002,0.99,1.0,0.10526315789473684,0.6551724137931034,0.8888888888888888,0.25351071692535115,0.91,0,Low
0.7333333333333332,0.8421052631578947,0.4960000000000001,0.4970000000000001,0.0,0.3157894736842105,0.5517241379310345,0.8888888888888888,0.6267553584626755,0.16,2,High
0.8666666666666669,0.894736842105263,0.5750000000000001,0.6020000000000001,0.0,0.3157894736842105,0.3103448275862069,0.6666666666666666,0.5934959349593498,0.96,1,Medium
0.8,0.2631578947368421,0.21299999999999997,0.3820000000000001,1.0,0.7368421052631579,0.7931034482758621,0.7777777777777777,0.39098300073909836,0.32,2,High
0.3333333333333335,0.47368421052631576,0.045999999999999985,0.712,0.5714285714285714,0.42105263157894735,0.3793103448275862,0.6666666666666666,0.2113821138211383,0.62,0,Low
0.06666666666666665,0.7894736842105263,0.8880000000000002,0.8879999999999999,0.14285714285714285,0.5789473684210527,0.41379310344827586,0.5555555555555556,0.7065779748706578,0.735,1,Medium
0.40000000000000013,0.894736842105263,0.382,0.6220000000000001,0.2857142857142857,0.10526315789473684,0.6896551724137931,1.0,0.43976348854397646,0.57,0,Low
0.4666666666666668,0.21052631578947367,0.7400000000000001,0.051999999999999935,0.5714285714285714,0.7368421052631579,0.0,0.6666666666666666,0.5912786400591281,0.505,2,High
0.3333333333333335,0.3684210526315789,0.03899999999999998,0.532,1.0,0.15789473684210525,0.8275862068965517,0.2222222222222222,0.30672579453067256,0.54,0,Low
0.6000000000000001,0.47368421052631576,0.127,0.08399999999999996,0.5714285714285714,1.0,0.3448275862068966,0.0,0.3436807095343681,0.335,0,Low
0.40000000000000013,0.05263157894736842,0.271,0.20999999999999996,0.42857142857142855,0.15789473684210525,0.3793103448275862,0.2222222222222222,0.18920916481892086,0.05,0,Low
0.8666666666666669,0.7368421052631579,0.31100000000000005,0.08399999999999996,0.14285714285714285,0.42105263157894735,0.20689655172413793,0.1111111111111111,0.4131559497413157,0.025,0,Low
0.6666666666666667,0.9473684210526315,0.5519999999999999,0.9000000000000001,0.7142857142857142,0.05263157894736842,0.3103448275862069,0.2222222222222222,0.5225424981522544,0.66,0,Low
1.0000000000000002,0.10526315789473684,0.46799999999999997,0.772,0.2857142857142857,0.7368421052631579,0.10344827586206896,0.2222222222222222,0.3680709534368071,0.315,1,Medium
0.0,0.15789473684210525,0.92,0.486,0.8571428571428571,0.8421052631578947,0.5172413793103449,1.0,0.8588322246858833,0.595,2,High
0.19999999999999996,0.42105263157894735,0.09500000000000003,0.9800000000000002,0.42857142857142855,0.7368421052631579,0.7241379310344828,0.8888888888888888,0.20251293422025135,0.07,1,Medium
0.1333333333333333,0.5789473684210527,0.28400000000000003,0.9800000000000002,1.0,0.2631578947368421,0.3793103448275862,0.7777777777777777,0.4168514412416852,0.72,0,Low
0.8,0.2631578947368421,0.595,0.492,0.42857142857142855,0.0,0.3103448275862069,0.5555555555555556,0.5388026607538803,0.845,0,Low
0.4666666666666668,0.6842105263157894,0.557,0.019999999999999907,0.7142857142857142,0.42105263157894735,0.7586206896551724,0.1111111111111111,0.6097560975609757,0.04,1,Medium
0.1333333333333333,0.9473684210526315,0.8190000000000001,0.694,1.0,0.7894736842105263,0.3793103448275862,0.0,0.8093126385809313,0.885,2,High
0.19999999999999996,0.21052631578947367,0.936,0.504,0.42857142857142855,0.0,0.7586206896551724,0.3333333333333333,0.8085735402808574,0.415,1,Medium
0.6000000000000001,0.10526315789473684,0.807,0.3859999999999999,0.14285714285714285,0.05263157894736842,0.5172413793103449,0.0,0.5018477457501849,0.77,0,Low
0.6000000000000001,0.05263157894736842,0.6330000000000001,0.33000000000000007,0.5714285714285714,0.631578947368421,0.20689655172413793,1.0,0.6156688839615669,0.66,2,High
0.40000000000000013,1.0,0.03899999999999998,0.966,0.8571428571428571,0.5789473684210527,1.0,0.5555555555555556,0.026607538802660757,0.255,1,Medium
1.0000000000000002,0.42105263157894735,0.781,0.9039999999999999,0.7142857142857142,0.7894736842105263,0.3103448275862069,0.6666666666666666,0.6674057649667406,0.525,2,High
0.7333333333333332,0.47368421052631576,0.7080000000000001,0.6260000000000001,0.42857142857142855,0.05263157894736842,0.7931034482758621,0.2222222222222222,0.7634885439763488,0.97,0,Low
0.6000000000000001,0.47368421052631576,0.395,0.792,0.8571428571428571,0.47368421052631576,0.3793103448275862,0.1111111111111111,0.5402808573540281,0.215,0,Low
0.6000000000000001,0.7368421052631579,0.674,0.026000000000000023,0.14285714285714285,0.47368421052631576,0.5862068965517241,0.8888888888888888,0.6178861788617886,0.605,2,High
0.1333333333333333,1.0,0.9070000000000001,0.8879999999999999,0.7142857142857142,0.15789473684210525,0.3448275862068966,1.0,0.6762749445676275,0.505,2,High
0.8,0.6842105263157894,0.8330000000000001,0.1519999999999999,1.0,0.3157894736842105,0.034482758620689655,0.2222222222222222,0.713968957871397,0.39,1,Medium
0.5333333333333334,0.47368421052631576,0.4960000000000001,0.19000000000000006,0.7142857142857142,0.5789473684210527,0.41379310344827586,0.7777777777777777,0.5528455284552847,0.915,1,Medium
0.3333333333333335,0.42105263157894735,0.584,0.8280000000000001,0.0,0.42105263157894735,0.5517241379310345,0.8888888888888888,0.6186252771618626,0.04,1,Medium
0.6000000000000001,0.47368421052631576,0.7260000000000001,0.6060000000000001,1.0,0.9473684210526315,0.7241379310344828,0.1111111111111111,0.7036215816703624,0.705,2,High
0.26666666666666683,0.5789473684210527,0.243,0.5640000000000001,1.0,0.3684210526315789,0.7241379310344828,0.2222222222222222,0.41980783444198094,0.505,0,Low
0.40000000000000013,0.6842105263157894,0.527,0.9199999999999999,0.7142857142857142,0.21052631578947367,0.48275862068965514,0.8888888888888888,0.38507021433850713,0.505,1,Medium
0.40000000000000013,0.5263157894736842,0.355,0.6420000000000001,1.0,0.0,0.20689655172413793,0.8888888888888888,0.5314116777531412,0.355,1,Medium
0.7333333333333332,0.3684210526315789,0.5910000000000001,0.4560000000000002,0.0,0.05263157894736842,0.7931034482758621,0.0,0.5691056910569108,0.565,0,Low
0.40000000000000013,0.42105263157894735,0.46799999999999997,0.4179999999999999,0.0,0.0,0.41379310344827586,0.5555555555555556,0.45306725794530683,0.315,0,Low
0.6000000000000001,0.631578947368421,0.7500000000000001,0.8480000000000001,0.14285714285714285,0.7894736842105263,0.1724137931034483,0.7777777777777777,0.8011825572801183,0.845,1,Medium
0.1333333333333333,0.05263157894736842,0.795,0.33599999999999985,0.8571428571428571,0.10526315789473684,0.7931034482758621,0.5555555555555556,0.7620103473762012,0.03,1,Medium
0.3333333333333335,0.7894736842105263,0.8560000000000002,0.966,0.5714285714285714,0.7368421052631579,0.06896551724137931,0.8888888888888888,0.6297117516629713,0.73,2,High
0.4666666666666668,0.9473684210526315,0.122,0.33599999999999985,1.0,0.7894736842105263,0.27586206896551724,0.3333333333333333,0.08499630450849965,0.17,1,Medium
0.8666666666666669,0.15789473684210525,0.576,0.266,0.0,0.21052631578947367,0.24137931034482757,0.6666666666666666,0.4789356984478936,0.02,0,Low
0.6666666666666667,0.9473684210526315,0.527,0.44999999999999996,0.42857142857142855,0.47368421052631576,0.5172413793103449,0.0,0.6304508499630452,0.505,1,Medium
0.40000000000000013,0.3684210526315789,0.7060000000000001,0.486,0.7142857142857142,0.47368421052631576,0.7241379310344828,0.6666666666666666,0.7132298595713231,0.98,1,Medium
0.1333333333333333,0.05263157894736842,0.21399999999999997,0.484,0.7142857142857142,0.3684210526315789,0.7586206896551724,0.2222222222222222,0.2653362897265337,0.675,1,Medium
0.06666666666666665,0.8421052631578947,0.6250000000000001,0.014000000000000012,0.5714285714285714,0.47368421052631576,0.5517241379310345,0.2222222222222222,0.5395417590539542,0.805,1,Medium
0.6666666666666667,0.2631578947368421,0.42300000000000004,0.9140000000000001,0.2857142857142857,1.0,0.13793103448275862,0.2222222222222222,0.49297856614929797,0.765,1,Medium
0.6666666666666667,0.21052631578947367,0.37,0.28400000000000003,0.8571428571428571,0.3684210526315789,0.1724137931034483,0.6666666666666666,0.4131559497413157,0.39,1,Medium
1.0000000000000002,0.894736842105263,0.502,0.8920000000000001,0.2857142857142857,0.3157894736842105,0.27586206896551724,0.4444444444444444,0.4804138950480415,0.615,1,Medium
0.26666666666666683,0.631578947368421,0.674,0.0119999999999999,0.5714285714285714,0.0,0.9310344827586207,0.4444444444444444,0.5476718403547671,0.785,0,Low
0.8666666666666669,0.5263157894736842,0.9310000000000002,0.29600000000000004,0.7142857142857142,0.631578947368421,0.7931034482758621,0.6666666666666666,0.9490022172949004,0.77,2,High
0.3333333333333335,0.47368421052631576,0.6390000000000001,0.016000000000000014,0.5714285714285714,0.42105263157894735,0.0,0.1111111111111111,0.6829268292682926,0.96,1,Medium
0.40000000000000013,0.21052631578947367,0.4960000000000001,0.30600000000000005,0.8571428571428571,0.2631578947368421,0.7241379310344828,0.2222222222222222,0.394678492239468,0.44,1,Medium
0.06666666666666665,0.7368421052631579,0.10999999999999999,0.10999999999999999,0.0,0.21052631578947367,0.3793103448275862,0.4444444444444444,0.10790835181079084,0.885,0,Low
0.1333333333333333,0.2631578947368421,0.34299999999999997,0.4640000000000002,0.0,0.3684210526315789,0.5172413793103449,0.7777777777777777,0.42350332594235035,1.0,1,Medium
0.4666666666666668,0.42105263157894735,0.7050000000000002,0.4179999999999999,0.0,0.6842105263157894,0.8620689655172413,0.3333333333333333,0.5380635624538064,0.505,1,Medium
0.1333333333333333,0.9473684210526315,0.9740000000000001,0.8680000000000001,0.7142857142857142,0.894736842105263,0.4482758620689655,0.7777777777777777,0.8152254249815225,0.585,2,High
0.5333333333333334,0.6842105263157894,0.783,0.06400000000000006,0.0,0.5789473684210527,0.7241379310344828,0.1111111111111111,0.5018477457501849,0.305,1,Medium
0.8,0.631578947368421,0.5439999999999999,0.3939999999999999,0.2857142857142857,1.0,0.3103448275862069,0.8888888888888888,0.6119733924611974,0.15,2,High
0.1333333333333333,0.894736842105263,0.242,0.3699999999999999,0.2857142857142857,0.15789473684210525,0.41379310344827586,0.8888888888888888,0.30598669623059865,0.955,0,Low
0.26666666666666683,0.47368421052631576,0.387,0.5840000000000001,0.5714285714285714,0.3684210526315789,0.0,0.1111111111111111,0.3621581670362158,0.59,1,Medium
0.3333333333333335,0.42105263157894735,0.9349999999999999,0.12200000000000011,0.7142857142857142,0.3157894736842105,0.896551724137931,0.1111111111111111,0.9482631189948263,0.82,1,Medium
0.8,0.47368421052631576,0.8210000000000001,0.15399999999999991,0.0,0.8421052631578947,0.896551724137931,0.1111111111111111,0.8447893569844791,0.97,2,High
0.8,0.5789473684210527,0.5630000000000001,0.08200000000000007,1.0,0.2631578947368421,0.3103448275862069,0.0,0.631929046563193,0.185,1,Medium
0.1333333333333333,0.5789473684210527,0.5650000000000001,0.9140000000000001,0.7142857142857142,0.3157894736842105,0.8620689655172413,0.8888888888888888,0.6474501108647452,0.59,1,Medium
0.7333333333333332,0.5789473684210527,0.376,0.9219999999999999,0.7142857142857142,0.2631578947368421,0.5862068965517241,0.1111111111111111,0.4301552106430156,0.6,0,Low
0.0,0.05263157894736842,0.14,0.9120000000000001,1.0,0.894736842105263,0.48275862068965514,0.5555555555555556,0.2815964523281596,0.105,1,Medium
0.5333333333333334,0.7368421052631579,0.07900000000000001,0.784,0.2857142857142857,0.42105263157894735,0.48275862068965514,0.4444444444444444,0.11973392461197335,0.41,0,Low
0.0,0.5263157894736842,0.548,0.20199999999999996,0.5714285714285714,0.9473684210526315,0.896551724137931,0.8888888888888888,0.6711012564671102,0.685,2,High
0.40000000000000013,0.05263157894736842,0.884,0.8520000000000001,0.2857142857142857,0.9473684210526315,0.24137931034482757,0.2222222222222222,0.8750923872875094,0.8,1,Medium
0.0,0.47368421052631576,0.656,0.31199999999999983,0.0,0.631578947368421,0.3793103448275862,1.0,0.5269770879526978,0.595,1,Medium
1.0000000000000002,0.7368421052631579,0.9390000000000002,0.3619999999999999,1.0,0.7894736842105263,0.5862068965517241,0.4444444444444444,0.7878787878787878,0.28,2,High
0.8666666666666669,1.0,0.11499999999999999,0.8559999999999999,1.0,0.10526315789473684,0.13793103448275862,0.8888888888888888,0.1263858093126386,0.94,1,Medium
0.6000000000000001,0.6842105263157894,0.7050000000000002,0.8699999999999999,0.7142857142857142,0.7368421052631579,0.9655172413793103,0.3333333333333333,0.7317073170731707,0.215,2,High
0.19999999999999996,0.10526315789473684,0.6829999999999999,0.22199999999999998,0.0,0.7368421052631579,0.034482758620689655,0.2222222222222222,0.5661492978566149,0.325,2,High
0.7333333333333332,0.8421052631578947,0.14700000000000002,0.264,1.0,0.47368421052631576,0.10344827586206896,0.0,0.30450849963045096,0.495,0,Low
0.40000000000000013,1.0,0.15599999999999992,0.9320000000000002,0.0,0.894736842105263,0.4482758620689655,0.6666666666666666,0.2808573540280858,0.67,0,Low
0.3333333333333335,0.0,0.124,0.756,0.7142857142857142,0.47368421052631576,0.10344827586206896,0.8888888888888888,0.09756097560975613,0.775,1,Medium
0.7333333333333332,0.42105263157894735,0.486,0.94,0.5714285714285714,0.7894736842105263,0.3448275862068966,0.5555555555555556,0.6385809312638582,0.105,1,Medium
0.3333333333333335,0.631578947368421,0.866,0.788,0.5714285714285714,0.3684210526315789,0.896551724137931,0.3333333333333333,0.7405764966740578,0.69,1,Medium
0.5333333333333334,0.894736842105263,0.6230000000000001,0.10199999999999998,1.0,0.3157894736842105,0.8620689655172413,0.6666666666666666,0.6023651145602367,0.525,1,Medium
0.4666666666666668,0.5789473684210527,0.5880000000000001,0.18800000000000006,0.5714285714285714,0.42105263157894735,0.27586206896551724,0.6666666666666666,0.7028824833702885,0.835,1,Medium
0.1333333333333333,0.2631578947368421,0.4109999999999999,0.8899999999999999,0.7142857142857142,0.3684210526315789,0.8275862068965517,0.4444444444444444,0.39024390243902446,0.535,0,Low
0.8,0.2631578947368421,0.28600000000000003,0.0,0.14285714285714285,0.894736842105263,0.3793103448275862,0.1111111111111111,0.3133776792313378,0.25,1,Medium
0.0,0.631578947368421,0.4960000000000001,0.486,0.8571428571428571,1.0,0.9655172413793103,0.7777777777777777,0.5898004434589801,0.68,2,High
0.19999999999999996,0.05263157894736842,0.09400000000000003,0.19399999999999995,0.8571428571428571,0.42105263157894735,0.27586206896551724,0.0,0.08351810790835179,0.275,0,Low
0.40000000000000013,0.0,0.09699999999999998,0.548,0.14285714285714285,0.894736842105263,0.6206896551724138,1.0,0.28824833702882485,0.35,1,Medium
0.5333333333333334,0.9473684210526315,0.355,0.8719999999999999,0.42857142857142855,1.0,0.6551724137931034,0.6666666666666666,0.5402808573540281,0.89,2,High
0.6000000000000001,0.7368421052631579,0.8570000000000001,0.3380000000000001,1.0,0.894736842105263,0.3793103448275862,0.1111111111111111,0.7287509238728751,0.78,2,High
0.5333333333333334,0.8421052631578947,0.662,0.956,0.14285714285714285,0.47368421052631576,0.1724137931034483,0.1111111111111111,0.5240206947524022,0.85,0,Low
0.3333333333333335,1.0,0.253,0.558,0.14285714285714285,0.2631578947368421,0.0,0.6666666666666666,0.3976348854397635,0.925,0,Low
0.9333333333333333,0.15789473684210525,0.652,0.45999999999999996,0.0,0.9473684210526315,0.48275862068965514,0.3333333333333333,0.6747967479674797,0.695,1,Medium
0.8,0.10526315789473684,0.9540000000000001,0.244,0.5714285714285714,0.2631578947368421,0.10344827586206896,0.3333333333333333,0.7280118255728014,0.83,1,Medium
0.8,0.42105263157894735,0.03799999999999998,0.562,1.0,0.15789473684210525,0.06896551724137931,0.2222222222222222,0.14708056171470812,0.57,0,Low
0.9333333333333333,0.7894736842105263,0.358,0.6560000000000001,0.8571428571428571,1.0,0.24137931034482757,0.4444444444444444,0.35402808573540284,0.88,1,Medium
0.19999999999999996,0.3684210526315789,0.858,0.8420000000000003,0.0,0.7368421052631579,0.41379310344827586,0.6666666666666666,0.7568366592756837,0.44,1,Medium
0.26666666666666683,0.9473684210526315,0.703,0.29000000000000004,0.14285714285714285,0.0,0.6896551724137931,0.8888888888888888,0.5321507760532151,0.225,1,Medium
0.6000000000000001,0.10526315789473684,0.09299999999999997,0.6560000000000001,1.0,0.631578947368421,1.0,0.0,0.17368810051736877,0.825,0,Low
0.0,0.7368421052631579,0.9170000000000001,0.20799999999999996,0.5714285714285714,0.7894736842105263,0.1724137931034483,0.1111111111111111,0.7427937915742795,0.655,2,High
0.8,1.0,0.5380000000000001,0.9059999999999999,0.2857142857142857,0.05263157894736842,0.3448275862068966,0.8888888888888888,0.5521064301552108,0.67,1,Medium
0.0,0.42105263157894735,0.8150000000000001,0.19000000000000006,0.7142857142857142,0.2631578947368421,0.10344827586206896,0.7777777777777777,0.7952697708795271,0.365,2,High
0.06666666666666665,0.631578947368421,0.07500000000000001,0.732,0.8571428571428571,0.47368421052631576,0.48275862068965514,0.7777777777777777,0.039911308203991136,0.845,1,Medium
0.8666666666666669,0.42105263157894735,0.013000000000000012,0.268,1.0,0.631578947368421,0.8620689655172413,0.4444444444444444,0.09164818920916484,0.18,1,Medium
0.5333333333333334,0.47368421052631576,0.5720000000000001,0.796,0.7142857142857142,0.2631578947368421,0.9310344827586207,0.5555555555555556,0.6917960088691797,0.95,1,Medium
0.19999999999999996,0.42105263157894735,0.263,0.6240000000000001,1.0,0.7894736842105263,0.8620689655172413,0.5555555555555556,0.2764227642276423,0.68,1,Medium
1.0000000000000002,0.7894736842105263,0.235,0.8980000000000001,0.2857142857142857,0.15789473684210525,0.41379310344827586,0.3333333333333333,0.3481152993348116,0.61,0,Low
1.0000000000000002,0.5789473684210527,0.532,0.7140000000000002,1.0,0.894736842105263,0.41379310344827586,0.1111111111111111,0.5609756097560976,0.68,1,Medium
0.0,0.42105263157894735,0.6130000000000001,0.19000000000000006,0.42857142857142855,0.6842105263157894,0.5862068965517241,0.8888888888888888,0.4818920916481893,0.385,2,High
0.0,0.631578947368421,0.8970000000000001,0.016000000000000014,0.7142857142857142,0.7368421052631579,0.3103448275862069,1.0,0.8366592756836662,0.26,2,High
0.9333333333333333,0.42105263157894735,0.17999999999999994,0.998,0.5714285714285714,0.5263157894736842,0.27586206896551724,0.2222222222222222,0.13377679231337763,0.56,0,Low
0.8,0.47368421052631576,0.9780000000000001,0.04800000000000004,0.7142857142857142,0.15789473684210525,0.5862068965517241,0.2222222222222222,0.8403547671840355,0.145,2,High
0.8,0.894736842105263,0.4960000000000001,0.6519999999999999,0.2857142857142857,0.9473684210526315,0.3448275862068966,0.7777777777777777,0.8122690317812269,0.295,2,High
0.8,1.0,0.10499999999999998,0.13000000000000012,0.14285714285714285,0.6842105263157894,0.8620689655172413,0.5555555555555556,0.2424242424242425,0.895,0,Low
0.8666666666666669,0.05263157894736842,0.15900000000000003,0.556,0.14285714285714285,0.21052631578947367,0.0,0.6666666666666666,0.1293422025129342,0.505,0,Low
0.8,0.5789473684210527,0.658,0.3599999999999999,0.42857142857142855,0.6842105263157894,0.13793103448275862,0.7777777777777777,0.6747967479674797,0.1,2,High
0.40000000000000013,0.7894736842105263,0.6970000000000002,0.5720000000000001,0.14285714285714285,0.631578947368421,0.27586206896551724,0.6666666666666666,0.7553584626755359,0.885,1,Medium
0.6000000000000001,0.3684210526315789,0.31700000000000006,0.124,0.8571428571428571,0.6842105263157894,1.0,0.6666666666666666,0.2276422764227642,0.355,2,High
0.5333333333333334,0.7894736842105263,0.793,0.9359999999999999,0.5714285714285714,0.6842105263157894,0.8275862068965517,0.3333333333333333,0.5018477457501849,0.63,1,Medium
0.5333333333333334,0.3684210526315789,0.8970000000000001,0.5840000000000001,0.7142857142857142,0.3684210526315789,0.7241379310344828,0.6666666666666666,0.7228381374722839,0.67,2,High
1.0000000000000002,0.9473684210526315,0.943,0.5740000000000001,0.42857142857142855,0.8421052631578947,0.27586206896551724,0.1111111111111111,0.7257945306725795,0.43,2,High
0.06666666666666665,0.3684210526315789,0.5210000000000001,0.508,0.8571428571428571,0.7894736842105263,0.5517241379310345,0.1111111111111111,0.4833702882483371,0.135,1,Medium
0.26666666666666683,0.47368421052631576,0.251,0.4720000000000002,0.8571428571428571,0.5789473684210527,0.9655172413793103,0.8888888888888888,0.17147080561714717,0.52,1,Medium
0.3333333333333335,0.0,0.507,0.25,0.7142857142857142,0.894736842105263,0.06896551724137931,0.6666666666666666,0.4981522542498153,0.69,1,Medium
0.8,0.15789473684210525,0.245,0.008000000000000007,1.0,0.2631578947368421,0.20689655172413793,0.0,0.4257206208425722,0.3,1,Medium
0.6666666666666667,0.894736842105263,0.4960000000000001,0.972,0.2857142857142857,0.0,0.3103448275862069,0.7777777777777777,0.6422764227642277,0.7,0,Low
0.26666666666666683,0.10526315789473684,1.0,0.9239999999999999,0.5714285714285714,0.21052631578947367,0.6896551724137931,0.0,0.9859571322985958,0.505,1,Medium
0.0,0.7368421052631579,0.65,0.16199999999999992,0.7142857142857142,0.7368421052631579,0.8620689655172413,0.4444444444444444,0.6511456023651145,0.3,2,High
0.1333333333333333,0.2631578947368421,0.4900000000000001,0.09399999999999997,0.5714285714285714,0.9473684210526315,0.8275862068965517,0.0,0.45380635624538074,0.31,2,High
0.6000000000000001,0.5789473684210527,0.551,0.5700000000000001,0.2857142857142857,0.3684210526315789,0.3448275862068966,0.0,0.6104951958610496,0.63,0,Low
0.5333333333333334,0.894736842105263,0.9490000000000002,0.14800000000000002,0.14285714285714285,0.10526315789473684,0.1724137931034483,0.4444444444444444,0.838137472283814,0.195,1,Medium
0.6666666666666667,0.6842105263157894,0.6880000000000001,0.6980000000000002,0.7142857142857142,0.5789473684210527,0.13793103448275862,1.0,0.5543237250554325,0.135,2,High
0.4666666666666668,0.5789473684210527,0.31200000000000006,0.8660000000000001,0.14285714285714285,0.10526315789473684,0.27586206896551724,0.2222222222222222,0.2786400591278641,0.145,0,Low
0.3333333333333335,0.7894736842105263,0.8039999999999999,0.526,0.8571428571428571,0.42105263157894735,0.7931034482758621,0.8888888888888888,0.6104951958610496,0.59,2,High
0.1333333333333333,0.894736842105263,0.6210000000000001,0.11199999999999988,0.14285714285714285,0.15789473684210525,0.3793103448275862,0.1111111111111111,0.5277161862527717,0.7,1,Medium
1.0000000000000002,1.0,0.6390000000000001,0.19199999999999995,0.42857142857142855,0.7894736842105263,0.5862068965517241,0.6666666666666666,0.5801921655580193,0.31,2,High
0.4666666666666668,0.5263157894736842,0.08499999999999996,0.40800000000000014,0.42857142857142855,0.2631578947368421,1.0,0.1111111111111111,0.3104212860310422,0.36,0,Low
0.06666666666666665,0.6842105263157894,0.9050000000000001,0.52,0.14285714285714285,0.7894736842105263,0.48275862068965514,0.2222222222222222,0.7014042867701404,0.805,2,High
0.40000000000000013,0.21052631578947367,0.9740000000000001,0.8340000000000001,0.5714285714285714,0.42105263157894735,0.10344827586206896,0.8888888888888888,0.7376201034737622,0.105,2,High
0.8,0.3684210526315789,0.8290000000000001,0.32799999999999985,0.7142857142857142,0.05263157894736842,0.20689655172413793,0.8888888888888888,0.8351810790835184,0.76,2,High
0.19999999999999996,0.42105263157894735,0.42500000000000004,0.45999999999999996,1.0,0.0,0.13793103448275862,0.2222222222222222,0.4944567627494458,0.13,0,Low
0.8,0.2631578947368421,0.7759999999999999,0.55,0.0,0.6842105263157894,0.3103448275862069,0.2222222222222222,0.7694013303769403,0.735,1,Medium
0.8666666666666669,0.894736842105263,0.31799999999999995,0.258,0.5714285714285714,0.7894736842105263,0.13793103448275862,1.0,0.35107169253510734,0.485,1,Medium
0.5333333333333334,0.6842105263157894,0.4890000000000001,0.268,0.42857142857142855,0.10526315789473684,0.06896551724137931,0.3333333333333333,0.4175905395417591,0.42,0,Low
0.6666666666666667,0.7894736842105263,0.85,0.6020000000000001,0.7142857142857142,0.3684210526315789,0.48275862068965514,1.0,0.8750923872875094,0.16,2,High
0.40000000000000013,0.6842105263157894,0.42300000000000004,0.8620000000000001,0.42857142857142855,0.2631578947368421,0.10344827586206896,0.4444444444444444,0.30450849963045096,0.53,0,Low
0.7333333333333332,0.3157894736842105,0.11299999999999999,0.9179999999999999,0.14285714285714285,0.8421052631578947,0.3793103448275862,1.0,0.15521064301552107,0.625,0,Low
0.0,0.8421052631578947,0.584,0.95,0.2857142857142857,0.0,0.13793103448275862,0.1111111111111111,0.5594974131559498,0.945,0,Low
0.7333333333333332,0.8421052631578947,0.5140000000000001,0.796,0.0,0.15789473684210525,0.48275862068965514,0.0,0.49150036954915005,0.695,0,Low
0.19999999999999996,0.10526315789473684,0.17699999999999994,0.742,0.14285714285714285,0.3157894736842105,0.20689655172413793,0.8888888888888888,0.3651145602365115,0.38,1,Medium
0.19999999999999996,0.5789473684210527,0.10299999999999998,0.6900000000000002,1.0,0.894736842105263,0.6551724137931034,0.8888888888888888,0.28603104212860314,0.645,1,Medium
0.0,0.6842105263157894,0.4960000000000001,0.8300000000000001,1.0,0.9473684210526315,0.41379310344827586,0.7777777777777777,0.5232815964523283,0.61,1,Medium
0.19999999999999996,0.7368421052631579,0.09199999999999997,0.14200000000000002,0.5714285714285714,0.5789473684210527,0.48275862068965514,0.3333333333333333,0.30672579453067256,0.65,0,Low
0.5333333333333334,0.8421052631578947,0.975,0.39600000000000013,0.8571428571428571,0.05263157894736842,0.6896551724137931,0.7777777777777777,0.796008869179601,0.67,1,Medium
0.5333333333333334,0.10526315789473684,0.926,0.29800000000000004,0.7142857142857142,0.42105263157894735,0.41379310344827586,0.0,0.6807095343680711,0.495,2,High
0.6000000000000001,0.9473684210526315,0.527,0.6279999999999999,0.14285714285714285,0.47368421052631576,0.6896551724137931,0.3333333333333333,0.38507021433850713,0.205,1,Medium
0.19999999999999996,0.6842105263157894,0.8880000000000002,0.6839999999999999,0.2857142857142857,0.631578947368421,0.5172413793103449,0.8888888888888888,0.7753141167775315,0.6,2,High
0.0,0.2631578947368421,0.21299999999999997,0.3839999999999999,1.0,0.6842105263157894,0.9310344827586207,0.5555555555555556,0.3252032520325204,0.065,1,Medium
0.8666666666666669,0.9473684210526315,0.05700000000000005,0.019999999999999907,0.8571428571428571,1.0,0.41379310344827586,0.8888888888888888,0.0761271249076127,0.765,1,Medium
0.3333333333333335,0.3684210526315789,0.016000000000000014,0.43599999999999994,0.14285714285714285,0.0,0.8620689655172413,0.2222222222222222,0.5018477457501849,0.205,0,Low
0.3333333333333335,0.631578947368421,0.7859999999999999,0.6000000000000001,0.0,0.05263157894736842,0.9655172413793103,0.6666666666666666,0.8203991130820398,0.135,1,Medium
0.6666666666666667,0.631578947368421,0.08600000000000002,0.272,0.2857142857142857,0.3157894736842105,0.5517241379310345,0.1111111111111111,0.0761271249076127,0.325,0,Low
0.6000000000000001,0.10526315789473684,0.45199999999999996,0.40800000000000014,1.0,0.47368421052631576,0.0,0.8888888888888888,0.5838876570583889,0.625,1,Medium
0.7333333333333332,0.42105263157894735,0.6509999999999999,0.42599999999999993,0.0,0.3684210526315789,1.0,0.2222222222222222,0.632668144863267,0.49,1,Medium
0.1333333333333333,0.10526315789473684,0.7679999999999999,0.9640000000000002,0.14285714285714285,0.2631578947368421,0.8620689655172413,0.7777777777777777,0.8004434589800444,0.755,1,Medium
0.9333333333333333,0.9473684210526315,0.6730000000000002,0.998,0.8571428571428571,1.0,0.896551724137931,0.0,0.5048041389504805,0.455,2,High
0.4666666666666668,0.47368421052631576,0.902,0.6359999999999999,1.0,0.2631578947368421,0.7931034482758621,0.1111111111111111,0.8085735402808574,0.8,1,Medium
0.8,0.9473684210526315,0.392,0.9140000000000001,0.14285714285714285,0.894736842105263,0.7586206896551724,0.6666666666666666,0.32372505543237257,0.14,1,Medium
0.3333333333333335,0.10526315789473684,0.257,0.5,0.8571428571428571,0.6842105263157894,0.8275862068965517,0.7777777777777777,0.3170731707317073,0.29,2,High
0.6000000000000001,0.9473684210526315,0.555,0.32799999999999985,1.0,0.3157894736842105,0.3793103448275862,0.7777777777777777,0.5875831485587584,0.19,2,High
0.7333333333333332,0.21052631578947367,0.6349999999999999,0.508,0.7142857142857142,0.15789473684210525,0.06896551724137931,0.6666666666666666,0.515890613451589,0.81,0,Low
0.3333333333333335,0.5789473684210527,0.139,0.22999999999999998,1.0,0.7368421052631579,0.6551724137931034,0.5555555555555556,0.3288987435328899,0.305,2,High
0.26666666666666683,0.894736842105263,0.01799999999999996,0.8399999999999999,0.2857142857142857,0.21052631578947367,0.20689655172413793,1.0,0.04878048780487804,0.505,0,Low
0.7333333333333332,0.9473684210526315,0.06900000000000006,0.3679999999999999,0.2857142857142857,0.6842105263157894,0.7931034482758621,0.5555555555555556,0.27198817442719886,0.625,1,Medium
0.4666666666666668,0.5789473684210527,0.372,0.8180000000000001,0.8571428571428571,0.631578947368421,0.6551724137931034,0.7777777777777777,0.26755358462675544,0.03,1,Medium
0.1333333333333333,0.3684210526315789,0.3610000000000001,0.5640000000000001,0.7142857142857142,0.21052631578947367,0.3103448275862069,0.7777777777777777,0.27050997782705094,0.07,1,Medium
0.06666666666666665,0.3684210526315789,0.18399999999999994,0.716,0.42857142857142855,1.0,0.1724137931034483,0.0,0.18625277161862536,0.165,1,Medium
0.1333333333333333,0.3157894736842105,0.07800000000000001,0.982,0.7142857142857142,0.2631578947368421,0.8275862068965517,0.7777777777777777,0.2135994087213599,0.405,0,Low
0.6000000000000001,0.2631578947368421,0.793,0.5700000000000001,0.2857142857142857,0.8421052631578947,0.896551724137931,0.0,0.6674057649667406,0.505,2,High
0.19999999999999996,0.15789473684210525,0.241,0.78,0.5714285714285714,0.15789473684210525,0.10344827586206896,0.7777777777777777,0.3178122690317812,0.685,0,Low
0.8666666666666669,0.0,0.6230000000000001,0.974,0.0,0.2631578947368421,0.9655172413793103,0.3333333333333333,0.7346637102734666,0.065,1,Medium
0.3333333333333335,0.47368421052631576,0.3450000000000001,0.744,0.0,0.5789473684210527,0.7931034482758621,0.7777777777777777,0.279379157427938,0.715,1,Medium
0.3333333333333335,0.42105263157894735,0.4820000000000001,0.9460000000000002,0.2857142857142857,0.7894736842105263,0.20689655172413793,0.6666666666666666,0.393939393939394,0.67,1,Medium
0.19999999999999996,0.6842105263157894,0.245,0.95,1.0,0.6842105263157894,0.9310344827586207,0.4444444444444444,0.1751662971175167,0.145,1,Medium
0.0,0.0,0.668,0.988,0.2857142857142857,0.9473684210526315,0.41379310344827586,0.3333333333333333,0.6156688839615669,0.375,1,Medium
0.8,0.894736842105263,0.367,0.6740000000000002,0.0,0.05263157894736842,0.3103448275862069,0.5555555555555556,0.35181079083518124,0.0,0,Low
0.8666666666666669,0.05263157894736842,0.03899999999999998,0.794,0.14285714285714285,0.7368421052631579,0.7931034482758621,0.3333333333333333,0.2830746489283074,0.68,0,Low
0.3333333333333335,0.8421052631578947,0.945,0.984,1.0,0.15789473684210525,0.7586206896551724,1.0,0.8181818181818183,0.91,1,Medium
0.26666666666666683,0.5263157894736842,0.42899999999999994,0.8680000000000001,0.14285714285714285,0.15789473684210525,0.41379310344827586,0.4444444444444444,0.4264597191426461,0.325,0,Low
0.19999999999999996,0.3684210526315789,0.8380000000000002,0.71,1.0,0.05263157894736842,0.3103448275862069,0.5555555555555556,0.7073170731707317,0.545,1,Medium
0.1333333333333333,0.21052631578947367,0.44600000000000006,0.712,0.42857142857142855,0.15789473684210525,0.6206896551724138,0.6666666666666666,0.6067997043606801,0.29,0,Low
0.6000000000000001,0.7894736842105263,0.4039999999999999,0.9800000000000002,0.2857142857142857,0.3684210526315789,0.6551724137931034,0.4444444444444444,0.5144124168514412,0.005,1,Medium
0.8,0.631578947368421,0.42500000000000004,0.16400000000000003,0.14285714285714285,0.7368421052631579,0.0,0.1111111111111111,0.4161123429416113,0.54,1,Medium
0.8666666666666669,0.47368421052631576,0.02400000000000002,0.8500000000000001,1.0,0.3157894736842105,0.48275862068965514,0.0,0.295639320029564,0.265,0,Low
0.40000000000000013,0.9473684210526315,0.4960000000000001,0.6460000000000001,0.7142857142857142,0.3684210526315789,0.896551724137931,0.4444444444444444,0.4449371766444938,0.82,1,Medium
0.40000000000000013,0.6842105263157894,0.32100000000000006,0.8559999999999999,0.2857142857142857,0.7894736842105263,0.4482758620689655,0.1111111111111111,0.42424242424242425,0.785,0,Low
0.8666666666666669,1.0,0.04999999999999999,0.19600000000000006,1.0,0.47368421052631576,0.034482758620689655,0.4444444444444444,0.18329637841832974,0.225,1,Medium
0.40000000000000013,0.42105263157894735,0.358,0.19999999999999996,0.5714285714285714,0.9473684210526315,0.9655172413793103,0.5555555555555556,0.3643754619364376,0.415,1,Medium
0.8,0.47368421052631576,0.30599999999999994,0.07200000000000006,1.0,0.894736842105263,0.9310344827586207,0.6666666666666666,0.4966740576496675,0.995,1,Medium
0.06666666666666665,0.5789473684210527,0.678,0.8980000000000001,0.0,0.05263157894736842,0.3793103448275862,0.1111111111111111,0.5299334811529934,0.355,0,Low
0.4666666666666668,0.2631578947368421,0.4970000000000001,0.6500000000000001,0.2857142857142857,0.2631578947368421,0.9310344827586207,0.4444444444444444,0.5898004434589801,0.76,1,Medium
0.6666666666666667,0.5789473684210527,0.10699999999999998,0.278,0.42857142857142855,0.3684210526315789,0.8275862068965517,0.3333333333333333,0.3082039911308205,0.545,0,Low
0.3333333333333335,0.47368421052631576,0.46799999999999997,0.53,0.42857142857142855,0.0,0.4482758620689655,0.5555555555555556,0.44271988174427207,0.43,0,Low
0.26666666666666683,0.47368421052631576,0.062,0.6560000000000001,0.2857142857142857,0.21052631578947367,0.0,0.4444444444444444,0.15299334811529935,0.79,0,Low
0.7333333333333332,0.7368421052631579,0.276,0.3340000000000001,1.0,0.47368421052631576,0.896551724137931,0.4444444444444444,0.33407243163340733,0.42,1,Medium
0.9333333333333333,0.894736842105263,0.20300000000000007,0.9280000000000002,0.2857142857142857,0.631578947368421,0.896551724137931,0.6666666666666666,0.18847006651884707,0.685,1,Medium
0.06666666666666665,0.15789473684210525,0.9630000000000002,0.508,1.0,0.05263157894736842,0.5172413793103449,1.0,0.7080561714708056,0.755,1,Medium
0.1333333333333333,0.47368421052631576,0.04299999999999998,0.9179999999999999,0.42857142857142855,0.47368421052631576,0.48275862068965514,0.3333333333333333,0.21803399852180344,0.29,0,Low
0.26666666666666683,0.3157894736842105,0.9570000000000002,0.04200000000000004,0.42857142857142855,0.42105263157894735,0.5862068965517241,0.0,0.8965262379896528,0.42,1,Medium
0.8,0.5789473684210527,0.8650000000000001,0.792,0.8571428571428571,0.47368421052631576,0.7931034482758621,0.7777777777777777,0.6836659275683667,0.895,2,High
0.6000000000000001,0.21052631578947367,0.16700000000000004,0.9179999999999999,1.0,0.21052631578947367,0.10344827586206896,0.2222222222222222,0.12195121951219517,0.035,0,Low
0.7333333333333332,0.15789473684210525,0.356,0.41600000000000015,0.2857142857142857,0.6842105263157894,0.13793103448275862,0.2222222222222222,0.533628972653363,0.19,1,Medium
0.7333333333333332,0.6842105263157894,0.525,0.75,0.14285714285714285,0.5263157894736842,0.6551724137931034,0.5555555555555556,0.5838876570583889,0.585,1,Medium
0.9333333333333333,0.47368421052631576,0.19500000000000006,0.8820000000000001,0.2857142857142857,0.8421052631578947,0.7241379310344828,0.4444444444444444,0.37324464153732456,0.505,1,Medium
0.8666666666666669,0.8421052631578947,0.17599999999999993,0.06799999999999995,0.5714285714285714,0.631578947368421,0.6551724137931034,0.7777777777777777,0.20103473762010343,0.875,1,Medium
0.0,0.21052631578947367,0.7279999999999999,0.8780000000000001,0.42857142857142855,0.0,0.5862068965517241,0.7777777777777777,0.6999260901699926,0.695,0,Low
0.9333333333333333,0.631578947368421,0.3400000000000001,0.6699999999999999,0.5714285714285714,0.6842105263157894,0.48275862068965514,0.1111111111111111,0.3806356245380636,0.47,0,Low
0.3333333333333335,0.631578947368421,0.9170000000000001,0.75,0.2857142857142857,0.3684210526315789,0.7931034482758621,0.7777777777777777,0.8455284552845528,0.855,2,High
0.40000000000000013,0.631578947368421,0.067,0.31000000000000005,0.8571428571428571,0.8421052631578947,0.20689655172413793,0.6666666666666666,0.10864745011086474,0.795,1,Medium
1.0000000000000002,1.0,0.43699999999999994,0.4970000000000001,0.7142857142857142,0.0,0.24137931034482757,0.0,0.5454545454545456,0.025,0,Low
0.9333333333333333,0.47368421052631576,0.30300000000000005,0.5760000000000001,0.42857142857142855,0.3684210526315789,0.3103448275862069,0.6666666666666666,0.3658536585365854,0.605,1,Medium
0.9333333333333333,1.0,0.251,0.982,0.0,0.5263157894736842,0.8275862068965517,0.6666666666666666,0.32076866223207695,0.045,0,Low
0.9333333333333333,0.3684210526315789,0.15500000000000003,0.18800000000000006,0.7142857142857142,0.42105263157894735,0.48275862068965514,0.6666666666666666,0.3665927568366593,0.485,1,Medium
0.6000000000000001,0.6842105263157894,0.19900000000000007,0.18200000000000005,0.14285714285714285,0.21052631578947367,0.7931034482758621,0.5555555555555556,0.2993348115299335,0.21,1,Medium
0.5333333333333334,0.8421052631578947,0.061000000000000054,0.3740000000000001,1.0,0.8421052631578947,0.9655172413793103,0.6666666666666666,0.16481892091648193,0.275,1,Medium
0.6666666666666667,0.15789473684210525,0.01200000000000001,0.040000000000000036,0.0,0.5789473684210527,0.034482758620689655,0.1111111111111111,0.25646711012564677,0.04,0,Low
0.8,0.8421052631578947,0.4730000000000001,0.74,1.0,0.8421052631578947,0.20689655172413793,0.4444444444444444,0.5668883961566891,0.83,1,Medium
0.3333333333333335,0.7894736842105263,0.926,0.17200000000000004,0.0,0.7894736842105263,0.3448275862068966,0.5555555555555556,0.6784922394678494,0.25,2,High
1.0000000000000002,0.5789473684210527,0.15400000000000003,0.6000000000000001,1.0,1.0,0.0,0.6666666666666666,0.15594974131559497,0.51,1,Medium
0.4666666666666668,0.5789473684210527,0.753,0.712,0.42857142857142855,0.3157894736842105,0.41379310344827586,0.8888888888888888,0.7516629711751666,0.715,1,Medium
0.3333333333333335,0.894736842105263,0.42600000000000005,0.18800000000000006,0.42857142857142855,0.47368421052631576,0.0,0.5555555555555556,0.4471544715447155,0.77,1,Medium
0.1333333333333333,0.05263157894736842,0.356,0.4970000000000001,0.8571428571428571,0.5263157894736842,0.20689655172413793,0.6666666666666666,0.2638580931263858,0.62,2,High
0.26666666666666683,0.6842105263157894,0.9580000000000001,0.43399999999999994,0.2857142857142857,0.2631578947368421,0.896551724137931,1.0,0.7191426459719144,0.235,2,High
1.0000000000000002,0.6842105263157894,0.16399999999999992,0.3580000000000001,0.8571428571428571,0.7894736842105263,0.48275862068965514,0.3333333333333333,0.18551367331855134,0.17,1,Medium
1.0000000000000002,0.894736842105263,0.5609999999999999,0.6580000000000001,0.14285714285714285,0.631578947368421,0.034482758620689655,0.2222222222222222,0.45454545454545464,0.77,1,Medium
0.1333333333333333,0.42105263157894735,0.46199999999999997,0.77,0.42857142857142855,0.7368421052631579,0.7241379310344828,1.0,0.33407243163340733,0.695,1,Medium
0.3333333333333335,0.3157894736842105,0.41400000000000003,0.03400000000000003,0.0,0.05263157894736842,0.0,0.1111111111111111,0.44419807834442,0.455,0,Low
0.1333333333333333,0.9473684210526315,0.6529999999999999,0.40600000000000014,0.2857142857142857,1.0,0.8620689655172413,0.1111111111111111,0.47524020694752417,0.38,2,High
0.06666666666666665,0.6842105263157894,0.626,0.538,0.7142857142857142,0.21052631578947367,0.6896551724137931,0.7777777777777777,0.515890613451589,0.22,1,Medium
0.4666666666666668,0.21052631578947367,0.31700000000000006,0.8180000000000001,0.0,0.6842105263157894,0.3103448275862069,0.4444444444444444,0.2823355506282335,0.11,1,Medium
0.0,0.7894736842105263,0.8550000000000001,0.522,0.42857142857142855,0.47368421052631576,0.0,0.4444444444444444,0.6511456023651145,0.495,1,Medium
0.8666666666666669,0.21052631578947367,0.616,0.5960000000000001,0.42857142857142855,0.3684210526315789,1.0,1.0,0.696969696969697,0.915,1,Medium
0.9333333333333333,0.8421052631578947,0.7380000000000001,0.776,0.5714285714285714,0.10526315789473684,0.896551724137931,0.1111111111111111,0.7642276422764229,0.285,1,Medium
0.8666666666666669,0.47368421052631576,0.8370000000000001,0.46599999999999997,0.2857142857142857,0.0,0.3793103448275862,0.7777777777777777,0.657058388765706,0.05,2,High
0.19999999999999996,0.5789473684210527,0.8869999999999999,0.46599999999999997,0.8571428571428571,0.2631578947368421,0.6551724137931034,0.1111111111111111,0.5018477457501849,0.54,1,Medium
0.6666666666666667,0.42105263157894735,0.376,0.061999999999999944,0.2857142857142857,0.631578947368421,0.48275862068965514,0.3333333333333333,0.5513673318551369,0.84,1,Medium
0.6000000000000001,0.5789473684210527,0.8019999999999999,0.5840000000000001,1.0,0.3157894736842105,0.20689655172413793,0.2222222222222222,0.632668144863267,0.62,1,Medium
0.7333333333333332,0.8421052631578947,0.555,0.9760000000000002,0.14285714285714285,0.42105263157894735,0.5517241379310345,0.0,0.40724316334072447,0.195,0,Low
0.8,0.0,0.30900000000000005,0.15999999999999992,0.14285714285714285,0.894736842105263,0.6896551724137931,1.0,0.5077605321507761,0.36,1,Medium
0.06666666666666665,0.631578947368421,0.8640000000000002,0.20999999999999996,0.5714285714285714,0.6842105263157894,0.3103448275862069,0.5555555555555556,0.6999260901699926,0.4,2,High
0.40000000000000013,0.6842105263157894,0.642,0.9280000000000002,0.8571428571428571,0.42105263157894735,0.3448275862068966,0.0,0.713968957871397,0.455,1,Medium
0.1333333333333333,0.05263157894736842,0.4730000000000001,0.748,0.2857142857142857,0.47368421052631576,0.7241379310344828,0.5555555555555556,0.5129342202512936,0.85,1,Medium
0.1333333333333333,0.3157894736842105,0.9349999999999999,0.8660000000000001,0.0,0.6842105263157894,0.20689655172413793,1.0,0.9268292682926831,0.51,2,High
0.5333333333333334,0.8421052631578947,0.28600000000000003,0.8079999999999998,0.7142857142857142,0.0,0.6551724137931034,0.3333333333333333,0.4279379157427939,0.29,0,Low
0.26666666666666683,0.47368421052631576,0.11599999999999999,0.8539999999999999,0.5714285714285714,0.0,0.48275862068965514,0.7777777777777777,0.3628972653362897,0.1,0,Low
0.06666666666666665,0.15789473684210525,0.062,0.45199999999999996,0.2857142857142857,0.6842105263157894,0.6551724137931034,0.4444444444444444,0.20473022912047306,0.77,0,Low
0.4666666666666668,0.10526315789473684,0.31100000000000005,0.8180000000000001,0.8571428571428571,0.0,0.13793103448275862,0.0,0.5033259423503327,0.175,0,Low
0.06666666666666665,0.8421052631578947,0.5810000000000001,0.6599999999999999,0.42857142857142855,0.9473684210526315,0.8620689655172413,1.0,0.6659275683665928,0.415,2,High
1.0000000000000002,0.5789473684210527,0.29100000000000004,0.8200000000000001,0.14285714285714285,0.42105263157894735,0.06896551724137931,0.7777777777777777,0.394678492239468,0.48,0,Low
0.3333333333333335,0.3684210526315789,0.5960000000000001,0.3699999999999999,0.5714285714285714,0.5263157894736842,0.9655172413793103,0.5555555555555556,0.6696230598669624,0.605,1,Medium
0.9333333333333333,0.05263157894736842,0.648,0.08000000000000007,0.8571428571428571,0.9473684210526315,0.8620689655172413,0.1111111111111111,0.5565410199556542,0.675,2,High
0.7333333333333332,0.47368421052631576,0.7050000000000002,0.8960000000000001,0.5714285714285714,1.0,0.8275862068965517,1.0,0.6755358462675536,0.435,2,High
1.0000000000000002,0.3157894736842105,0.18799999999999994,0.47,0.7142857142857142,0.7368421052631579,0.06896551724137931,0.5555555555555556,0.3791574279379158,0.935,0,Low
1.0000000000000002,0.3157894736842105,0.30999999999999994,0.19000000000000006,1.0,0.7894736842105263,0.1724137931034483,1.0,0.38433111603843323,0.4,2,High
0.8,0.6842105263157894,0.7619999999999999,0.6160000000000001,1.0,0.47368421052631576,0.3448275862068966,0.5555555555555556,0.7923133776792315,0.46,1,Medium
0.4666666666666668,0.10526315789473684,0.7460000000000001,0.9359999999999999,0.2857142857142857,0.21052631578947367,0.3448275862068966,0.5555555555555556,0.7102734663710275,0.195,1,Medium
0.6000000000000001,0.47368421052631576,0.35,0.06400000000000006,0.2857142857142857,0.5789473684210527,0.8275862068965517,1.0,0.2919438285291945,0.24,1,Medium
0.8666666666666669,0.0,0.936,0.4019999999999999,0.2857142857142857,0.8421052631578947,0.06896551724137931,0.6666666666666666,0.8980044345898006,0.12,2,High
0.6666666666666667,0.6842105263157894,0.19000000000000006,0.49,0.14285714285714285,0.7894736842105263,0.3793103448275862,0.2222222222222222,0.35698447893569846,0.505,0,Low
0.0,0.894736842105263,0.14300000000000002,0.998,0.5714285714285714,0.9473684210526315,0.3793103448275862,1.0,0.1751662971175167,0.285,1,Medium
0.9333333333333333,0.631578947368421,0.9210000000000002,0.15399999999999991,0.5714285714285714,0.9473684210526315,0.5517241379310345,0.8888888888888888,0.6821877309682187,0.29,2,High
0.8666666666666669,0.0,0.9960000000000001,0.6460000000000001,1.0,0.10526315789473684,0.24137931034482757,0.1111111111111111,0.8832224685883223,0.655,2,High
0.3333333333333335,0.7894736842105263,0.527,0.6980000000000002,0.7142857142857142,0.21052631578947367,0.8275862068965517,0.7777777777777777,0.3813747228381375,0.73,1,Medium
0.8666666666666669,0.894736842105263,0.386,0.9140000000000001,0.2857142857142857,0.2631578947368421,0.24137931034482757,0.8888888888888888,0.33555062823355514,0.85,0,Low
0.8666666666666669,0.7368421052631579,0.715,0.43200000000000016,0.0,0.894736842105263,0.034482758620689655,0.6666666666666666,0.7021433850702146,0.955,2,High
0.6666666666666667,0.3157894736842105,0.132,0.264,0.2857142857142857,0.2631578947368421,0.3103448275862069,0.7777777777777777,0.3252032520325204,0.72,0,Low
0.19999999999999996,0.7368421052631579,0.612,0.13000000000000012,0.0,0.0,0.0,0.5555555555555556,0.614929785661493,0.11,1,Medium
1.0000000000000002,0.10526315789473684,0.5539999999999999,0.06600000000000006,0.5714285714285714,0.15789473684210525,0.6551724137931034,0.2222222222222222,0.5875831485587584,0.205,0,Low
0.40000000000000013,0.3157894736842105,0.477,0.30600000000000005,0.14285714285714285,0.5789473684210527,0.20689655172413793,0.8888888888888888,0.49150036954915005,0.31,2,High
0.9333333333333333,0.21052631578947367,0.9380000000000001,0.8780000000000001,0.2857142857142857,0.7894736842105263,0.8620689655172413,0.5555555555555556,0.9630450849963046,0.195,2,High
0.26666666666666683,0.0,0.834,0.4640000000000002,1.0,0.0,0.24137931034482757,0.7777777777777777,0.7753141167775315,0.2,1,Medium
0.06666666666666665,0.0,0.559,0.6539999999999999,0.14285714285714285,0.7368421052631579,0.48275862068965514,0.4444444444444444,0.6703621581670363,0.7,1,Medium
1.0000000000000002,0.47368421052631576,0.608,0.802,0.2857142857142857,1.0,0.5172413793103449,0.0,0.43754619364375474,0.65,1,Medium
0.19999999999999996,0.42105263157894735,0.737,0.19399999999999995,0.5714285714285714,0.42105263157894735,0.27586206896551724,0.2222222222222222,0.7516629711751666,0.505,1,Medium
0.19999999999999996,0.3684210526315789,0.41400000000000003,0.8840000000000001,0.42857142857142855,0.05263157894736842,0.8620689655172413,0.2222222222222222,0.5299334811529934,0.835,0,Low
0.0,0.0,0.28800000000000003,0.556,0.8571428571428571,0.42105263157894735,0.6206896551724138,0.1111111111111111,0.2631189948263119,0.595,1,Medium
0.8666666666666669,0.47368421052631576,0.2360000000000001,0.762,0.14285714285714285,0.8421052631578947,0.9310344827586207,0.0,0.20694752402069477,0.275,1,Medium
1.0000000000000002,0.5789473684210527,0.139,0.04600000000000004,1.0,0.6842105263157894,0.5517241379310345,0.8888888888888888,0.5018477457501849,0.08,2,High
0.8,0.05263157894736842,0.17300000000000004,0.6100000000000001,0.2857142857142857,0.3684210526315789,0.06896551724137931,0.8888888888888888,0.2143385070214338,0.08,1,Medium
0.6000000000000001,0.5789473684210527,0.636,0.8879999999999999,0.0,0.21052631578947367,0.9655172413793103,0.5555555555555556,0.467110125646711,0.325,0,Low
0.1333333333333333,0.8421052631578947,0.8720000000000002,0.124,0.8571428571428571,0.3684210526315789,0.3103448275862069,1.0,0.8122690317812269,0.81,2,High
0.7333333333333332,0.3684210526315789,0.805,0.061999999999999944,0.8571428571428571,0.3684210526315789,0.1724137931034483,0.5555555555555556,0.8078344419807837,0.35,1,Medium
0.0,0.5263157894736842,0.4660000000000001,0.6439999999999999,0.8571428571428571,0.42105263157894735,0.24137931034482757,0.8888888888888888,0.5484109386548413,0.77,1,Medium
0.19999999999999996,0.2631578947368421,0.355,0.124,0.5714285714285714,0.894736842105263,0.6206896551724138,0.3333333333333333,0.5025868440502588,0.58,1,Medium
0.19999999999999996,0.05263157894736842,0.64,0.32200000000000006,1.0,0.7894736842105263,0.4482758620689655,0.4444444444444444,0.49223946784922396,0.775,2,High
0.26666666666666683,0.3684210526315789,0.3570000000000001,0.77,0.7142857142857142,0.631578947368421,0.9310344827586207,0.0,0.40576496674057655,0.035,1,Medium
0.1333333333333333,0.21052631578947367,0.238,0.6800000000000002,0.5714285714285714,0.5789473684210527,0.5172413793103449,0.3333333333333333,0.37546193643754616,0.07,0,Low
0.19999999999999996,0.631578947368421,0.374,0.5800000000000001,1.0,0.05263157894736842,0.24137931034482757,0.1111111111111111,0.2756836659275684,0.745,0,Low
0.8,0.3157894736842105,0.20400000000000007,0.8340000000000001,0.2857142857142857,0.05263157894736842,0.8275862068965517,0.0,0.2446415373244642,0.495,0,Low
0.40000000000000013,0.15789473684210525,0.118,0.99,0.5714285714285714,0.15789473684210525,0.8275862068965517,0.2222222222222222,0.25794530672579447,0.065,0,Low
0.3333333333333335,1.0,0.7420000000000001,0.274,0.8571428571428571,0.3684210526315789,0.27586206896551724,0.7777777777777777,0.7583148558758317,0.5,2,High
0.5333333333333334,0.7894736842105263,0.9900000000000001,0.9179999999999999,0.42857142857142855,0.0,0.48275862068965514,0.8888888888888888,0.821138211382114,0.875,1,Medium
0.6666666666666667,0.15789473684210525,0.3730000000000001,0.16799999999999993,0.0,1.0,0.10344827586206896,0.5555555555555556,0.32076866223207695,0.055,2,High
0.6666666666666667,0.3157894736842105,0.5529999999999999,0.8420000000000003,0.0,0.6842105263157894,0.1724137931034483,0.6666666666666666,0.48854397634885455,0.0,1,Medium
0.19999999999999996,0.10526315789473684,0.51,0.812,0.14285714285714285,1.0,0.5862068965517241,0.8888888888888888,0.582409460458241,0.385,2,High
0.5333333333333334,0.3684210526315789,0.995,0.988,0.7142857142857142,0.8421052631578947,0.5517241379310345,0.1111111111111111,0.8388765705838876,0.095,2,High
0.6666666666666667,0.05263157894736842,0.28600000000000003,0.19399999999999995,0.14285714285714285,0.7894736842105263,0.896551724137931,0.7777777777777777,0.212860310421286,0.505,1,Medium
0.8666666666666669,0.3684210526315789,0.5900000000000001,0.20399999999999996,0.2857142857142857,0.10526315789473684,0.9655172413793103,0.1111111111111111,0.6104951958610496,0.245,1,Medium
0.8,0.9473684210526315,0.40500000000000014,0.968,0.14285714285714285,0.0,0.41379310344827586,0.6666666666666666,0.4279379157427939,0.735,0,Low
0.9333333333333333,0.10526315789473684,0.7020000000000001,0.6080000000000001,0.2857142857142857,1.0,0.3448275862068966,0.1111111111111111,0.5521064301552108,0.505,1,Medium
0.40000000000000013,0.631578947368421,0.08499999999999996,0.764,1.0,1.0,0.0,0.6666666666666666,0.14116777531411678,0.845,1,Medium
0.8,0.42105263157894735,0.354,0.19999999999999996,0.8571428571428571,0.47368421052631576,0.3793103448275862,0.7777777777777777,0.4175905395417591,0.025,1,Medium
0.3333333333333335,0.10526315789473684,0.019000000000000017,0.124,0.42857142857142855,0.9473684210526315,0.0,0.3333333333333333,0.005912786400591286,0.745,1,Medium
0.4666666666666668,0.631578947368421,0.8310000000000001,0.9079999999999999,0.42857142857142855,0.7368421052631579,0.9310344827586207,0.8888888888888888,0.7198817442719883,0.235,2,High
0.1333333333333333,1.0,0.281,0.6900000000000002,0.2857142857142857,0.5263157894736842,0.8620689655172413,1.0,0.3983739837398374,0.735,1,Medium
0.40000000000000013,0.21052631578947367,0.844,0.8,0.8571428571428571,1.0,1.0,0.2222222222222222,0.7368810051736883,0.97,1,Medium
0.06666666666666665,0.10526315789473684,0.41000000000000003,0.9920000000000002,0.7142857142857142,0.05263157894736842,0.06896551724137931,0.5555555555555556,0.5114560236511458,0.04,1,Medium
0.06666666666666665,0.47368421052631576,0.8650000000000001,0.256,1.0,0.3157894736842105,0.7241379310344828,0.0,0.5018477457501849,0.235,1,Medium
0.5333333333333334,0.7368421052631579,0.20099999999999996,0.23199999999999998,0.0,0.7894736842105263,0.13793103448275862,0.6666666666666666,0.19807834441980782,0.92,1,Medium
0.26666666666666683,0.0,0.14800000000000002,0.9300000000000002,0.7142857142857142,1.0,0.7931034482758621,0.5555555555555556,0.11529933481152993,0.505,1,Medium
0.5333333333333334,0.5263157894736842,0.487,0.16600000000000004,0.42857142857142855,0.3157894736842105,0.0,0.7777777777777777,0.533628972653363,0.415,2,High
0.8,0.05263157894736842,0.381,0.542,1.0,0.2631578947368421,0.48275862068965514,0.8888888888888888,0.5469327420546934,0.5,1,Medium
0.7333333333333332,0.0,0.6230000000000001,0.06999999999999995,0.8571428571428571,0.7368421052631579,0.5517241379310345,0.0,0.5210643015521066,0.74,1,Medium
0.5333333333333334,0.3684210526315789,0.4960000000000001,0.118,0.7142857142857142,0.3157894736842105,0.6551724137931034,0.2222222222222222,0.2106430155210644,0.41,1,Medium
0.6000000000000001,0.05263157894736842,0.739,0.774,0.8571428571428571,0.21052631578947367,0.27586206896551724,0.6666666666666666,0.8048780487804881,0.24,1,Medium
0.7333333333333332,0.3684210526315789,0.87,0.22799999999999998,1.0,0.9473684210526315,0.034482758620689655,0.3333333333333333,0.6585365853658536,0.905,2,High
0.0,0.47368421052631576,0.8170000000000001,0.274,0.14285714285714285,0.21052631578947367,0.896551724137931,0.2222222222222222,0.7620103473762012,0.07,1,Medium
0.3333333333333335,0.42105263157894735,0.43499999999999994,0.78,0.5714285714285714,0.05263157894736842,0.5517241379310345,0.0,0.44050258684405036,0.5,0,Low
0.06666666666666665,0.5789473684210527,0.257,0.4039999999999999,0.8571428571428571,0.8421052631578947,1.0,0.4444444444444444,0.2431633407243164,0.255,1,Medium
0.19999999999999996,0.7894736842105263,0.8960000000000002,0.692,0.8571428571428571,0.7368421052631579,0.20689655172413793,0.8888888888888888,0.7161862527716187,0.83,2,High
0.8,0.2631578947368421,0.9540000000000001,0.5960000000000001,0.42857142857142855,0.5263157894736842,0.3793103448275862,0.3333333333333333,0.7265336289726534,0.2,2,High
0.06666666666666665,0.7368421052631579,0.4960000000000001,0.6340000000000001,0.8571428571428571,0.10526315789473684,0.7931034482758621,0.3333333333333333,0.614929785661493,0.11,1,Medium
0.5333333333333334,0.5263157894736842,0.17800000000000005,0.954,0.42857142857142855,0.6842105263157894,0.41379310344827586,0.1111111111111111,0.17294900221729487,0.99,0,Low
0.26666666666666683,0.10526315789473684,0.01200000000000001,0.41600000000000015,0.42857142857142855,0.5263157894736842,0.034482758620689655,1.0,0.15373244641537326,0.96,0,Low
0.5333333333333334,0.631578947368421,0.375,0.45199999999999996,0.7142857142857142,0.7894736842105263,0.7586206896551724,0.6666666666666666,0.3333333333333334,0.435,2,High
0.06666666666666665,0.47368421052631576,0.801,0.20799999999999996,0.0,0.10526315789473684,1.0,0.7777777777777777,0.6829268292682926,0.42,1,Medium
0.3333333333333335,0.0,0.8470000000000001,0.8960000000000001,0.42857142857142855,0.2631578947368421,0.10344827586206896,0.5555555555555556,0.7346637102734666,0.25,1,Medium
0.4666666666666668,0.10526315789473684,0.727,0.9800000000000002,0.14285714285714285,0.631578947368421,0.27586206896551724,0.0,0.5594974131559498,0.43,1,Medium
0.9333333333333333,0.0,0.6960000000000001,0.4480000000000002,1.0,0.8421052631578947,0.8620689655172413,0.3333333333333333,0.7841832963784185,0.335,2,High
0.19999999999999996,0.47368421052631576,0.8190000000000001,0.786,1.0,0.2631578947368421,0.3103448275862069,0.2222222222222222,0.8677014042867701,0.185,2,High
0.26666666666666683,0.0,0.587,0.504,0.5714285714285714,0.8421052631578947,0.896551724137931,0.5555555555555556,0.42350332594235035,0.115,2,High
0.8,0.631578947368421,0.356,0.31999999999999984,1.0,1.0,0.7586206896551724,1.0,0.3259423503325943,0.895,2,High
0.8666666666666669,0.7368421052631579,0.4960000000000001,0.44999999999999996,0.0,0.9473684210526315,0.5172413793103449,0.7777777777777777,0.6208425720620843,0.08,2,High
0.0,0.10526315789473684,0.362,0.256,0.5714285714285714,0.9473684210526315,1.0,0.4444444444444444,0.45602365114560256,0.845,1,Medium
0.26666666666666683,0.9473684210526315,0.15100000000000002,0.522,0.8571428571428571,0.2631578947368421,0.8620689655172413,0.2222222222222222,0.22394678492239467,0.695,0,Low
0.5333333333333334,0.21052631578947367,0.47,0.46199999999999997,0.0,0.7894736842105263,0.1724137931034483,1.0,0.6193643754619365,0.525,2,High
0.6000000000000001,0.7894736842105263,0.42100000000000015,0.522,0.2857142857142857,0.10526315789473684,0.9310344827586207,0.5555555555555556,0.33628972653362904,0.795,1,Medium
0.19999999999999996,0.21052631578947367,0.2400000000000001,0.3500000000000001,0.14285714285714285,0.10526315789473684,0.6551724137931034,0.5555555555555556,0.4360679970436068,0.745,0,Low
0.19999999999999996,0.42105263157894735,0.775,0.16799999999999993,0.14285714285714285,0.21052631578947367,0.5172413793103449,1.0,0.7583148558758317,0.48,1,Medium
0.26666666666666683,0.7368421052631579,0.9900000000000001,0.8520000000000001,1.0,0.05263157894736842,0.7586206896551724,0.4444444444444444,0.8004434589800444,0.93,1,Medium
0.40000000000000013,0.47368421052631576,0.16100000000000003,0.9280000000000002,0.14285714285714285,0.47368421052631576,0.13793103448275862,0.3333333333333333,0.22690317812269029,0.73,0,Low
0.6000000000000001,0.631578947368421,0.969,0.6619999999999999,1.0,0.21052631578947367,0.7241379310344828,0.6666666666666666,0.7206208425720622,0.35,2,High
0.6000000000000001,0.42105263157894735,0.29200000000000004,0.20999999999999996,0.0,1.0,0.034482758620689655,0.8888888888888888,0.47154471544715454,0.25,2,High
0.40000000000000013,0.0,0.61,0.6000000000000001,0.2857142857142857,1.0,0.48275862068965514,0.0,0.5587583148558759,0.83,1,Medium
0.6000000000000001,0.0,0.44299999999999995,0.24,0.5714285714285714,0.5263157894736842,0.3103448275862069,0.0,0.5232815964523283,0.34,1,Medium
0.7333333333333332,0.3684210526315789,0.6710000000000002,0.748,0.42857142857142855,0.15789473684210525,0.034482758620689655,0.1111111111111111,0.6252771618625277,0.85,0,Low
0.9333333333333333,0.894736842105263,0.9540000000000001,0.9960000000000002,0.5714285714285714,1.0,0.7241379310344828,0.0,0.835920177383592,0.0,2,High
0.7333333333333332,0.5789473684210527,0.6589999999999999,0.19600000000000006,0.0,0.47368421052631576,0.3448275862068966,0.2222222222222222,0.7147080561714709,0.51,1,Medium
0.4666666666666668,0.21052631578947367,0.33799999999999997,0.030000000000000027,0.42857142857142855,0.9473684210526315,0.6896551724137931,1.0,0.35550628233555065,0.92,2,High
0.06666666666666665,1.0,0.246,0.51,0.5714285714285714,0.8421052631578947,0.0,0.5555555555555556,0.4153732446415374,0.835,1,Medium
0.6666666666666667,0.7368421052631579,0.5730000000000001,0.11999999999999988,0.42857142857142855,0.2631578947368421,0.896551724137931,0.4444444444444444,0.6600147819660016,0.84,1,Medium
0.7333333333333332,0.8421052631578947,0.275,0.8360000000000001,0.5714285714285714,0.3157894736842105,0.3448275862068966,0.5555555555555556,0.3784183296378419,0.955,1,Medium
0.4666666666666668,0.6842105263157894,0.18099999999999994,0.762,1.0,0.631578947368421,0.8275862068965517,0.7777777777777777,0.12490761271249079,0.255,1,Medium
0.6000000000000001,0.631578947368421,0.9070000000000001,0.3640000000000001,1.0,0.631578947368421,0.7586206896551724,0.1111111111111111,0.8100517368810054,0.93,2,High
0.9333333333333333,0.9473684210526315,0.4960000000000001,0.8420000000000003,0.2857142857142857,0.05263157894736842,0.6896551724137931,0.6666666666666666,0.40724316334072447,0.295,0,Low
0.5333333333333334,0.21052631578947367,0.278,0.752,0.8571428571428571,0.7368421052631579,0.48275862068965514,1.0,0.20916481892091648,0.57,2,High
0.26666666666666683,0.3157894736842105,0.8960000000000002,0.8379999999999999,0.7142857142857142,0.631578947368421,0.13793103448275862,0.8888888888888888,0.8100517368810054,0.605,2,High
0.8666666666666669,0.42105263157894735,0.274,0.5640000000000001,0.0,0.894736842105263,0.8275862068965517,0.5555555555555556,0.19955654101995574,0.125,1,Medium
0.40000000000000013,0.9473684210526315,0.3690000000000001,0.272,0.2857142857142857,0.3157894736842105,0.6551724137931034,0.7777777777777777,0.3089430894308944,0.005,1,Medium
0.8666666666666669,0.47368421052631576,0.775,0.23199999999999998,0.0,0.7894736842105263,0.4482758620689655,0.2222222222222222,0.8418329637841835,0.225,2,High
0.5333333333333334,0.47368421052631576,0.03300000000000003,0.4880000000000002,1.0,0.894736842105263,0.8275862068965517,0.6666666666666666,0.062084257206208415,0.715,1,Medium
0.8666666666666669,0.47368421052631576,0.45999999999999996,0.8859999999999999,0.7142857142857142,0.47368421052631576,0.10344827586206896,0.7777777777777777,0.5787139689578715,0.96,1,Medium
0.5333333333333334,0.894736842105263,0.717,0.6060000000000001,0.2857142857142857,0.10526315789473684,0.896551724137931,0.4444444444444444,0.5572801182557281,0.205,1,Medium
0.5333333333333334,0.0,0.29300000000000004,0.268,0.2857142857142857,0.3157894736842105,0.24137931034482757,0.1111111111111111,0.48854397634885455,0.805,1,Medium
0.26666666666666683,0.47368421052631576,0.759,0.126,0.42857142857142855,0.3684210526315789,0.896551724137931,0.0,0.7280118255728014,0.075,1,Medium
1.0000000000000002,0.8421052631578947,0.063,0.95,0.8571428571428571,0.9473684210526315,0.13793103448275862,0.0,0.10273466371027346,0.08,1,Medium
0.8,0.894736842105263,0.769,0.06600000000000006,0.14285714285714285,1.0,0.7931034482758621,1.0,0.8470066518847008,0.075,2,High
0.1333333333333333,0.42105263157894735,0.21600000000000008,0.8820000000000001,0.14285714285714285,0.2631578947368421,0.20689655172413793,0.6666666666666666,0.20842572062084258,0.08,0,Low
0.26666666666666683,0.10526315789473684,0.662,0.18599999999999994,0.14285714285714285,0.894736842105263,0.48275862068965514,0.8888888888888888,0.6474501108647452,0.285,2,High
0.19999999999999996,0.5263157894736842,0.11699999999999999,0.8760000000000001,0.14285714285714285,1.0,0.6896551724137931,0.0,0.361419068736142,0.245,0,Low
0.9333333333333333,0.05263157894736842,0.15400000000000003,0.252,0.14285714285714285,0.5263157894736842,0.9655172413793103,0.7777777777777777,0.3806356245380636,0.71,1,Medium
0.06666666666666665,0.47368421052631576,0.08099999999999996,0.6599999999999999,0.5714285714285714,0.5263157894736842,0.48275862068965514,1.0,0.08795269770879527,0.18,1,Medium
0.5333333333333334,1.0,0.7380000000000001,0.276,0.2857142857142857,0.7894736842105263,0.41379310344827586,0.6666666666666666,0.6481892091648189,0.03,2,High
0.3333333333333335,0.9473684210526315,0.5660000000000001,0.18200000000000005,0.42857142857142855,0.6842105263157894,0.06896551724137931,0.5555555555555556,0.4264597191426461,0.11,2,High
0.06666666666666665,0.7368421052631579,0.041000000000000036,0.06999999999999995,0.14285714285714285,0.5263157894736842,0.1724137931034483,0.5555555555555556,0.029563932002956428,0.2,1,Medium
1.0000000000000002,0.21052631578947367,0.266,0.15000000000000002,1.0,0.10526315789473684,0.6551724137931034,0.5555555555555556,0.21951219512195125,0.7,0,Low
1.0000000000000002,0.894736842105263,0.8610000000000001,0.13800000000000012,0.7142857142857142,0.10526315789473684,0.48275862068965514,0.3333333333333333,0.6444937176644494,0.08,2,High
0.7333333333333332,0.8421052631578947,0.352,0.16400000000000003,0.14285714285714285,0.7368421052631579,0.034482758620689655,0.2222222222222222,0.39024390243902446,0.77,1,Medium
0.6666666666666667,0.21052631578947367,0.8370000000000001,0.31600000000000006,0.5714285714285714,0.3157894736842105,0.4482758620689655,0.6666666666666666,0.7560975609756098,0.795,2,High
0.8666666666666669,0.47368421052631576,0.3480000000000001,0.6660000000000001,0.0,0.8421052631578947,0.48275862068965514,1.0,0.2926829268292684,0.495,1,Medium
0.26666666666666683,0.10526315789473684,0.62,0.15800000000000003,0.14285714285714285,0.42105263157894735,0.48275862068965514,0.2222222222222222,0.5343680709534369,0.285,2,High
0.3333333333333335,0.21052631578947367,0.9810000000000002,0.9059999999999999,0.8571428571428571,0.3684210526315789,0.7586206896551724,0.5555555555555556,0.8603104212860313,0.36,1,Medium
0.3333333333333335,0.42105263157894735,0.8770000000000001,0.6500000000000001,0.42857142857142855,0.9473684210526315,0.4482758620689655,1.0,0.6467110125646713,0.43,2,High
0.8,0.3684210526315789,0.6669999999999999,0.41400000000000015,1.0,0.47368421052631576,0.8275862068965517,0.1111111111111111,0.6193643754619365,0.86,1,Medium
0.6000000000000001,0.631578947368421,0.45500000000000007,0.8500000000000001,0.8571428571428571,0.47368421052631576,0.896551724137931,1.0,0.5461936437546195,0.395,1,Medium
0.0,0.8421052631578947,0.241,0.6300000000000001,1.0,0.7894736842105263,0.24137931034482757,1.0,0.45380635624538074,0.145,2,High
0.5333333333333334,0.3157894736842105,0.131,0.03599999999999992,0.14285714285714285,0.7368421052631579,0.8275862068965517,0.7777777777777777,0.2431633407243164,0.64,1,Medium
0.40000000000000013,0.15789473684210525,0.5519999999999999,0.0,0.2857142857142857,0.631578947368421,0.3448275862068966,0.8888888888888888,0.4301552106430156,0.15,2,High
0.26666666666666683,0.8421052631578947,0.485,0.14800000000000002,1.0,0.3157894736842105,0.9655172413793103,0.3333333333333333,0.6171470805617147,0.945,1,Medium
0.0,0.42105263157894735,0.934,0.30200000000000005,0.5714285714285714,1.0,0.6551724137931034,1.0,0.7634885439763488,0.9,2,High
0.1333333333333333,0.8421052631578947,0.29500000000000004,0.556,0.5714285714285714,0.21052631578947367,0.06896551724137931,1.0,0.35698447893569846,0.185,1,Medium
0.5333333333333334,0.0,0.5220000000000001,0.07799999999999996,0.42857142857142855,0.7368421052631579,0.7931034482758621,0.5555555555555556,0.4013303769401331,0.395,2,High
0.8,0.894736842105263,0.6570000000000001,0.506,0.42857142857142855,0.8421052631578947,0.5517241379310345,0.7777777777777777,0.5772357723577237,0.23,2,High
0.0,0.5789473684210527,0.22099999999999997,0.242,1.0,0.3684210526315789,0.13793103448275862,0.1111111111111111,0.2771618625277163,0.415,1,Medium
0.6666666666666667,0.894736842105263,0.16799999999999993,0.3400000000000001,0.14285714285714285,0.21052631578947367,0.3103448275862069,0.0,0.37472283813747226,0.535,0,Low
1.0000000000000002,0.5789473684210527,0.17999999999999994,0.31600000000000006,0.14285714285714285,0.21052631578947367,0.7241379310344828,0.1111111111111111,0.25351071692535115,0.84,0,Low
0.7333333333333332,0.631578947368421,0.5910000000000001,0.786,0.2857142857142857,0.7894736842105263,0.7586206896551724,0.8888888888888888,0.5587583148558759,0.285,2,High
0.8,0.47368421052631576,0.9900000000000001,0.524,0.14285714285714285,0.0,0.6896551724137931,0.3333333333333333,1.0,0.105,1,Medium
0.26666666666666683,0.10526315789473684,0.398,0.694,0.0,0.0,0.06896551724137931,0.3333333333333333,0.33924611973392477,0.19,0,Low
0.40000000000000013,0.21052631578947367,0.719,0.5820000000000001,0.0,0.7368421052631579,0.9655172413793103,0.1111111111111111,0.6112342941611235,0.395,1,Medium
0.6666666666666667,0.5789473684210527,0.676,0.22399999999999998,0.42857142857142855,1.0,0.20689655172413793,0.5555555555555556,0.7272727272727275,0.31,2,High
0.7333333333333332,0.5263157894736842,0.533,0.29400000000000004,0.5714285714285714,0.42105263157894735,0.48275862068965514,0.1111111111111111,0.5861049519586106,0.73,0,Low
0.6666666666666667,0.2631578947368421,0.606,0.6380000000000001,0.7142857142857142,0.7368421052631579,0.8620689655172413,0.5555555555555556,0.5853658536585367,0.675,2,High
0.40000000000000013,0.10526315789473684,0.17300000000000004,0.19999999999999996,0.5714285714285714,0.3157894736842105,0.5172413793103449,0.8888888888888888,0.3311160384331116,0.755,1,Medium
0.06666666666666665,0.5789473684210527,0.719,0.22599999999999998,0.14285714285714285,0.0,1.0,0.8888888888888888,0.7302291204730229,0.78,1,Medium
0.40000000000000013,0.42105263157894735,0.389,0.19800000000000006,0.5714285714285714,0.42105263157894735,0.6896551724137931,0.8888888888888888,0.3111603843311161,0.9,1,Medium
0.1333333333333333,0.7894736842105263,0.523,0.5700000000000001,0.7142857142857142,0.2631578947368421,0.06896551724137931,0.6666666666666666,0.5868440502586845,0.795,1,Medium
0.7333333333333332,0.05263157894736842,0.6289999999999999,0.486,0.2857142857142857,0.42105263157894735,0.13793103448275862,0.7777777777777777,0.4855875831485588,0.255,1,Medium
0.5333333333333334,0.42105263157894735,0.41600000000000004,0.9039999999999999,0.2857142857142857,0.631578947368421,0.6896551724137931,0.1111111111111111,0.3318551367331855,0.82,0,Low
0.0,0.8421052631578947,0.391,0.732,0.42857142857142855,0.9473684210526315,0.1724137931034483,0.2222222222222222,0.5277161862527717,0.78,1,Medium
0.26666666666666683,0.47368421052631576,0.08799999999999997,0.804,0.2857142857142857,0.2631578947368421,0.3448275862068966,0.7777777777777777,0.30598669623059865,0.065,0,Low
0.3333333333333335,0.0,0.44499999999999995,0.8379999999999999,0.2857142857142857,0.7368421052631579,0.896551724137931,1.0,0.36881005173688103,0.05,1,Medium
0.9333333333333333,0.05263157894736842,0.4960000000000001,0.512,0.2857142857142857,0.9473684210526315,0.6896551724137931,0.6666666666666666,0.5432372505543239,0.52,2,High
0.6666666666666667,0.2631578947368421,0.42300000000000004,0.508,0.14285714285714285,0.3157894736842105,0.5862068965517241,0.6666666666666666,0.5558019216555803,0.82,1,Medium
0.8,0.42105263157894735,0.2320000000000001,0.952,1.0,0.3684210526315789,0.6896551724137931,0.2222222222222222,0.1788617886178862,0.63,0,Low
0.9333333333333333,0.5789473684210527,0.06399999999999995,0.5800000000000001,1.0,1.0,0.9310344827586207,0.1111111111111111,0.08721359940872131,0.685,1,Medium
0.19999999999999996,0.0,0.9289999999999999,0.3679999999999999,0.42857142857142855,0.631578947368421,0.896551724137931,0.6666666666666666,0.8743532889874355,0.505,2,High
0.3333333333333335,0.05263157894736842,0.979,0.6180000000000001,0.8571428571428571,0.47368421052631576,0.7586206896551724,0.6666666666666666,0.9623059866962307,0.615,2,High
0.6000000000000001,0.7894736842105263,0.5119999999999999,0.6119999999999999,0.5714285714285714,0.42105263157894735,0.06896551724137931,0.7777777777777777,0.6230598669623062,0.18,1,Medium
0.9333333333333333,0.6842105263157894,0.4960000000000001,0.45799999999999996,0.14285714285714285,0.05263157894736842,0.24137931034482757,0.7777777777777777,0.5203252032520327,0.535,1,Medium
0.9333333333333333,0.894736842105263,0.14100000000000001,0.762,0.5714285714285714,0.894736842105263,0.6206896551724138,0.3333333333333333,0.09238728750923875,0.505,1,Medium
0.40000000000000013,0.21052631578947367,0.28700000000000003,0.9600000000000002,0.5714285714285714,0.7368421052631579,0.7931034482758621,1.0,0.32150776053215085,0.205,1,Medium
0.8666666666666669,0.10526315789473684,0.9780000000000001,0.8820000000000001,0.42857142857142855,0.2631578947368421,0.7241379310344828,0.3333333333333333,0.9408721359940875,0.27,1,Medium
0.8,1.0,0.384,0.6720000000000002,0.8571428571428571,0.21052631578947367,0.7931034482758621,1.0,0.5432372505543239,0.83,1,Medium
0.40000000000000013,0.9473684210526315,0.475,0.4119999999999999,0.14285714285714285,0.0,0.9310344827586207,0.6666666666666666,0.5432372505543239,0.385,1,Medium
0.19999999999999996,0.2631578947368421,0.09599999999999997,0.050000000000000044,1.0,1.0,0.41379310344827586,0.0,0.07982261640798227,0.45,1,Medium
0.8666666666666669,0.05263157894736842,0.725,0.3039999999999998,0.42857142857142855,0.7894736842105263,0.3793103448275862,0.6666666666666666,0.6777531411677755,0.02,2,High
0.40000000000000013,0.7894736842105263,0.3410000000000001,0.9199999999999999,1.0,0.10526315789473684,0.27586206896551724,0.2222222222222222,0.2616407982261641,0.975,0,Low
0.4666666666666668,0.631578947368421,0.725,0.3380000000000001,0.0,0.5789473684210527,0.7241379310344828,0.7777777777777777,0.6038433111603845,0.985,1,Medium
0.8,0.9473684210526315,0.30300000000000005,0.736,0.2857142857142857,0.7894736842105263,0.48275862068965514,0.4444444444444444,0.2143385070214338,0.055,1,Medium
0.26666666666666683,0.5789473684210527,0.45899999999999996,0.9140000000000001,0.14285714285714285,0.894736842105263,0.9655172413793103,0.5555555555555556,0.3252032520325204,0.86,1,Medium
0.26666666666666683,0.894736842105263,0.6310000000000001,0.3400000000000001,0.5714285714285714,0.7368421052631579,0.13793103448275862,0.0,0.5114560236511458,0.66,1,Medium
0.06666666666666665,0.7368421052631579,0.7300000000000001,0.8660000000000001,0.0,0.42105263157894735,0.3103448275862069,0.0,0.592017738359202,0.905,0,Low
0.8,0.6842105263157894,0.558,0.28600000000000003,0.14285714285714285,0.42105263157894735,0.5862068965517241,0.6666666666666666,0.582409460458241,0.845,1,Medium
0.4666666666666668,0.7368421052631579,0.03600000000000003,0.6000000000000001,0.5714285714285714,0.10526315789473684,0.8275862068965517,0.2222222222222222,0.14634146341463422,0.51,0,Low
0.06666666666666665,0.5789473684210527,0.067,0.4880000000000002,1.0,1.0,0.24137931034482757,0.3333333333333333,0.11382113821138212,0.82,1,Medium
0.3333333333333335,0.0,0.066,0.802,0.5714285714285714,0.3684210526315789,0.27586206896551724,0.7777777777777777,0.0665188470066519,0.08,0,Low
0.26666666666666683,0.7894736842105263,0.20099999999999996,0.74,1.0,0.42105263157894735,0.9310344827586207,1.0,0.13451589061345165,0.855,0,Low
0.5333333333333334,0.894736842105263,0.122,0.9600000000000002,1.0,0.47368421052631576,0.3448275862068966,1.0,0.2594235033259424,0.295,1,Medium
0.5333333333333334,0.10526315789473684,0.41700000000000004,0.39600000000000013,1.0,0.3157894736842105,0.24137931034482757,0.5555555555555556,0.5558019216555803,0.82,1,Medium
1.0000000000000002,0.10526315789473684,0.533,0.4880000000000002,0.2857142857142857,0.9473684210526315,0.3103448275862069,0.7777777777777777,0.6703621581670363,0.87,2,High
0.19999999999999996,0.2631578947368421,0.6230000000000001,0.758,0.0,0.631578947368421,1.0,0.5555555555555556,0.5247597930524761,0.355,1,Medium
0.06666666666666665,0.10526315789473684,0.20199999999999996,0.3939999999999999,0.42857142857142855,0.0,0.24137931034482757,0.3333333333333333,0.394678492239468,0.015,0,Low
0.1333333333333333,0.631578947368421,0.8610000000000001,0.788,0.7142857142857142,0.3157894736842105,0.5862068965517241,1.0,0.9083518107908353,0.355,2,High
0.26666666666666683,0.10526315789473684,0.2360000000000001,0.8539999999999999,0.7142857142857142,0.8421052631578947,0.6896551724137931,0.0,0.22394678492239467,0.625,0,Low
0.6666666666666667,0.7894736842105263,0.5720000000000001,0.31199999999999983,0.42857142857142855,0.47368421052631576,0.27586206896551724,0.7777777777777777,0.6031042128603106,0.955,2,High
1.0000000000000002,0.47368421052631576,0.384,0.45799999999999996,1.0,1.0,0.4482758620689655,0.8888888888888888,0.28750923872875095,0.77,2,High
0.40000000000000013,0.10526315789473684,0.0,0.20199999999999996,0.14285714285714285,0.7894736842105263,0.13793103448275862,0.1111111111111111,0.008130081300812997,0.655,0,Low
0.4666666666666668,0.2631578947368421,0.269,0.6880000000000002,0.14285714285714285,0.5263157894736842,0.7241379310344828,0.1111111111111111,0.45898004434589806,0.74,0,Low
0.9333333333333333,0.10526315789473684,0.17300000000000004,0.8879999999999999,0.42857142857142855,0.10526315789473684,0.0,0.3333333333333333,0.27124907612712496,0.15,0,Low
0.06666666666666665,0.5263157894736842,0.61,0.266,0.5714285714285714,0.05263157894736842,0.20689655172413793,0.6666666666666666,0.43976348854397646,0.095,1,Medium
0.3333333333333335,0.42105263157894735,0.16500000000000004,0.246,0.2857142857142857,0.3157894736842105,0.6896551724137931,0.7777777777777777,0.13968957871396898,0.275,0,Low
0.0,0.7894736842105263,0.252,0.8739999999999999,1.0,0.5789473684210527,0.9310344827586207,0.5555555555555556,0.1796008869179601,0.185,1,Medium
0.3333333333333335,0.631578947368421,0.557,0.09000000000000008,0.14285714285714285,0.47368421052631576,0.20689655172413793,0.0,0.550628233555063,0.95,1,Medium
0.8,0.3684210526315789,0.809,0.5800000000000001,0.2857142857142857,0.2631578947368421,0.48275862068965514,0.2222222222222222,0.7797487065779749,0.41,1,Medium
0.19999999999999996,0.7894736842105263,0.29500000000000004,0.804,0.0,0.21052631578947367,0.896551724137931,1.0,0.476718403547672,0.24,1,Medium
0.6666666666666667,0.9473684210526315,0.23299999999999998,0.95,0.0,0.47368421052631576,0.06896551724137931,0.2222222222222222,0.22616407982261638,0.53,1,Medium
0.40000000000000013,0.3684210526315789,0.8880000000000002,0.9100000000000001,0.2857142857142857,0.47368421052631576,1.0,0.6666666666666666,0.7228381374722839,0.675,1,Medium
0.3333333333333335,0.8421052631578947,0.8690000000000001,0.3839999999999999,0.14285714285714285,0.42105263157894735,0.6551724137931034,1.0,0.7339246119733926,0.105,2,High
0.7333333333333332,0.05263157894736842,0.8130000000000001,0.516,0.14285714285714285,0.2631578947368421,1.0,0.1111111111111111,0.6119733924611974,0.09,1,Medium
0.8,0.7368421052631579,0.3480000000000001,0.09399999999999997,0.7142857142857142,0.10526315789473684,0.7586206896551724,0.4444444444444444,0.3259423503325943,0.275,1,Medium
0.1333333333333333,0.47368421052631576,0.29100000000000004,0.21799999999999997,0.42857142857142855,0.42105263157894735,0.6206896551724138,0.5555555555555556,0.3835920177383593,0.87,1,Medium
0.5333333333333334,0.3157894736842105,0.995,0.4099999999999999,0.0,0.0,0.8620689655172413,1.0,0.8987435328898745,0.355,1,Medium
0.8666666666666669,0.7368421052631579,0.09100000000000003,0.050000000000000044,0.42857142857142855,0.15789473684210525,0.27586206896551724,0.5555555555555556,0.22542498152254248,0.79,0,Low
0.8,0.2631578947368421,0.507,0.998,0.0,0.10526315789473684,0.24137931034482757,0.6666666666666666,0.5048041389504805,0.13,1,Medium
0.19999999999999996,0.7368421052631579,0.549,0.788,0.0,0.3157894736842105,1.0,0.3333333333333333,0.6577974870657797,0.52,1,Medium
0.1333333333333333,0.894736842105263,0.8210000000000001,0.6300000000000001,0.5714285714285714,0.8421052631578947,0.7241379310344828,0.4444444444444444,0.8322246858832225,0.88,2,High
0.40000000000000013,0.3684210526315789,0.126,0.752,0.14285714285714285,0.15789473684210525,0.06896551724137931,0.5555555555555556,0.3126385809312639,0.9,0,Low
0.0,0.2631578947368421,0.394,0.4970000000000001,0.7142857142857142,0.10526315789473684,0.034482758620689655,0.4444444444444444,0.33702882483370294,0.325,1,Medium
0.6666666666666667,0.21052631578947367,0.3360000000000001,0.6460000000000001,0.2857142857142857,0.5263157894736842,0.6896551724137931,0.7777777777777777,0.4951958610495197,0.935,1,Medium
0.19999999999999996,0.9473684210526315,0.612,0.5860000000000001,0.14285714285714285,0.42105263157894735,0.034482758620689655,0.6666666666666666,0.48928307464892845,0.725,1,Medium
0.1333333333333333,0.47368421052631576,0.594,0.05999999999999994,0.2857142857142857,0.21052631578947367,0.10344827586206896,0.8888888888888888,0.5225424981522544,0.445,1,Medium
0.9333333333333333,0.2631578947368421,0.578,0.8660000000000001,0.0,0.8421052631578947,0.3448275862068966,0.4444444444444444,0.4789356984478936,0.45,1,Medium
0.6666666666666667,0.0,0.18799999999999994,0.17400000000000004,0.5714285714285714,0.5263157894736842,0.10344827586206896,0.2222222222222222,0.32372505543237257,0.22,1,Medium
0.9333333333333333,0.47368421052631576,0.523,0.12200000000000011,0.5714285714285714,0.10526315789473684,0.9655172413793103,0.0,0.5875831485587584,0.785,0,Low
0.1333333333333333,1.0,0.47,0.4970000000000001,0.0,0.894736842105263,0.6896551724137931,0.4444444444444444,0.43902439024390255,0.915,1,Medium
1.0000000000000002,1.0,0.41500000000000004,0.3759999999999999,0.2857142857142857,1.0,0.6551724137931034,0.4444444444444444,0.5373244641537325,0.465,2,High
0.5333333333333334,0.21052631578947367,0.025999999999999968,0.508,0.7142857142857142,0.3157894736842105,0.6896551724137931,0.7777777777777777,0.11308203991130822,0.355,1,Medium
0.6666666666666667,0.7894736842105263,0.8230000000000001,0.8239999999999998,0.8571428571428571,0.05263157894736842,0.4482758620689655,0.8888888888888888,0.6045824094604584,0.295,1,Medium
0.19999999999999996,0.21052631578947367,0.568,0.040000000000000036,0.7142857142857142,0.47368421052631576,0.3448275862068966,0.2222222222222222,0.50849963045085,0.375,2,High
0.1333333333333333,0.7894736842105263,0.7519999999999999,0.30600000000000005,0.14285714285714285,0.10526315789473684,0.6206896551724138,0.4444444444444444,0.5476718403547671,0.515,1,Medium
0.4666666666666668,0.42105263157894735,0.983,0.7220000000000002,0.14285714285714285,0.6842105263157894,0.6206896551724138,0.1111111111111111,0.8854397634885443,0.505,1,Medium
0.8,0.5263157894736842,0.579,0.3880000000000001,0.42857142857142855,0.8421052631578947,0.8620689655172413,0.4444444444444444,0.7065779748706578,0.455,2,High
0.3333333333333335,1.0,0.6470000000000001,0.774,0.14285714285714285,0.894736842105263,0.7241379310344828,0.4444444444444444,0.6156688839615669,0.79,1,Medium
0.8,0.0,0.65,0.3340000000000001,1.0,0.47368421052631576,0.3448275862068966,0.6666666666666666,0.6888396156688841,0.685,2,High
0.26666666666666683,0.7894736842105263,0.029000000000000026,0.6679999999999999,0.5714285714285714,0.7894736842105263,0.7931034482758621,0.1111111111111111,0.22246858832224697,0.39,0,Low
0.6666666666666667,0.0,0.278,0.6539999999999999,0.0,1.0,0.24137931034482757,0.2222222222222222,0.37324464153732456,0.795,0,Low
0.19999999999999996,0.2631578947368421,0.5710000000000001,0.6500000000000001,0.5714285714285714,0.2631578947368421,0.48275862068965514,0.6666666666666666,0.4626755358462677,0.11,1,Medium
0.0,0.0,0.9840000000000001,0.30600000000000005,0.14285714285714285,0.7368421052631579,0.41379310344827586,0.6666666666666666,0.852919438285292,0.16,2,High
0.8,0.5789473684210527,0.9680000000000001,0.8320000000000001,0.5714285714285714,0.2631578947368421,0.3448275862068966,0.3333333333333333,0.9704360679970438,0.005,1,Medium
0.7333333333333332,0.7894736842105263,0.493,0.8899999999999999,0.8571428571428571,0.2631578947368421,0.41379310344827586,0.2222222222222222,0.4478935698447894,0.665,0,Low
0.06666666666666665,0.8421052631578947,0.20199999999999996,0.3720000000000001,1.0,0.3684210526315789,0.896551724137931,0.0,0.37102734663710285,0.135,0,Low
0.7333333333333332,1.0,0.3730000000000001,0.32400000000000007,0.2857142857142857,0.3157894736842105,0.9310344827586207,0.2222222222222222,0.5402808573540281,0.175,0,Low
0.8666666666666669,0.47368421052631576,0.18300000000000005,0.15000000000000002,0.8571428571428571,0.894736842105263,0.5172413793103449,0.6666666666666666,0.3599408721359942,0.995,1,Medium
0.19999999999999996,0.15789473684210525,0.15800000000000003,0.998,0.2857142857142857,0.894736842105263,0.1724137931034483,0.0,0.10421286031042132,0.69,1,Medium
0.4666666666666668,0.21052631578947367,0.38,0.8579999999999999,0.8571428571428571,0.631578947368421,0.034482758620689655,0.4444444444444444,0.43976348854397646,0.495,0,Low
0.0,0.3684210526315789,0.7260000000000001,0.40000000000000013,1.0,0.7368421052631579,0.3448275862068966,0.1111111111111111,0.6016260162601628,0.86,2,High
0.4666666666666668,0.21052631578947367,0.8730000000000001,0.8460000000000001,1.0,0.7894736842105263,0.6896551724137931,0.5555555555555556,0.7080561714708056,0.415,2,High
0.8666666666666669,0.0,0.7640000000000001,0.15800000000000003,0.0,0.631578947368421,0.06896551724137931,0.3333333333333333,0.5971914264597191,0.5,2,High
0.9333333333333333,0.3684210526315789,0.10499999999999998,0.768,1.0,0.631578947368421,0.20689655172413793,0.3333333333333333,0.29490022172949,0.72,0,Low
0.19999999999999996,1.0,0.27,0.20399999999999996,0.14285714285714285,0.5263157894736842,0.7586206896551724,0.5555555555555556,0.27198817442719886,0.12,1,Medium
0.19999999999999996,0.6842105263157894,0.9730000000000002,0.07200000000000006,0.7142857142857142,0.47368421052631576,0.3448275862068966,0.6666666666666666,0.7871396895787139,0.035,2,High
0.40000000000000013,0.631578947368421,0.9490000000000002,0.8899999999999999,0.2857142857142857,0.894736842105263,0.6551724137931034,0.2222222222222222,0.7945306725794532,0.945,1,Medium
0.9333333333333333,0.5789473684210527,0.372,0.11599999999999999,0.0,0.2631578947368421,0.48275862068965514,0.2222222222222222,0.4789356984478936,0.985,0,Low
0.0,0.47368421052631576,0.27,0.9359999999999999,1.0,0.5263157894736842,0.896551724137931,0.6666666666666666,0.20399113082039916,0.37,1,Medium
0.9333333333333333,0.6842105263157894,0.09999999999999998,0.77,0.42857142857142855,0.3157894736842105,0.6896551724137931,0.6666666666666666,0.17073170731707316,0.745,0,Low
0.7333333333333332,0.894736842105263,0.18499999999999994,0.19000000000000006,0.42857142857142855,0.6842105263157894,0.27586206896551724,0.1111111111111111,0.33924611973392477,0.835,0,Low
0.9333333333333333,0.631578947368421,0.30999999999999994,0.4970000000000001,0.5714285714285714,0.10526315789473684,0.7241379310344828,0.8888888888888888,0.4855875831485588,0.25,1,Medium
0.06666666666666665,0.631578947368421,0.269,0.984,0.2857142857142857,0.7894736842105263,0.7586206896551724,0.8888888888888888,0.4308943089430895,0.345,1,Medium
0.9333333333333333,0.42105263157894735,0.11099999999999999,0.984,0.14285714285714285,0.15789473684210525,0.20689655172413793,0.6666666666666666,0.13451589061345165,0.715,0,Low
0.5333333333333334,0.15789473684210525,0.395,0.536,0.14285714285714285,0.6842105263157894,0.9310344827586207,0.0,0.5099778270509978,0.055,1,Medium
0.3333333333333335,0.631578947368421,0.8130000000000001,0.9920000000000002,0.42857142857142855,0.5263157894736842,0.3793103448275862,0.0,0.5912786400591281,0.29,2,High
0.26666666666666683,0.9473684210526315,0.719,0.794,1.0,0.894736842105263,1.0,0.6666666666666666,0.779009608277901,0.605,2,High
0.4666666666666668,0.10526315789473684,0.45399999999999996,0.8680000000000001,0.8571428571428571,0.631578947368421,0.9310344827586207,0.2222222222222222,0.42424242424242425,0.355,0,Low
0.1333333333333333,0.7368421052631579,0.3360000000000001,0.20599999999999996,1.0,0.6842105263157894,0.5172413793103449,0.1111111111111111,0.2808573540280858,0.79,1,Medium
0.26666666666666683,0.7368421052631579,0.9480000000000001,0.51,0.8571428571428571,0.631578947368421,0.3793103448275862,0.1111111111111111,0.7472283813747229,0.92,1,Medium
0.9333333333333333,0.8421052631578947,0.14300000000000002,0.41600000000000015,0.8571428571428571,0.10526315789473684,0.20689655172413793,0.5555555555555556,0.38507021433850713,0.115,1,Medium
1.0000000000000002,0.8421052631578947,0.9780000000000001,0.504,0.2857142857142857,0.2631578947368421,0.896551724137931,0.0,0.926090169992609,0.505,1,Medium
0.6666666666666667,0.21052631578947367,0.021999999999999964,0.958,0.7142857142857142,0.2631578947368421,0.6551724137931034,0.0,0.06060606060606061,0.02,0,Low
0.8,0.6842105263157894,0.059,0.44999999999999996,1.0,0.47368421052631576,0.8275862068965517,0.1111111111111111,0.2572062084257207,0.215,0,Low
0.06666666666666665,0.0,0.05599999999999994,0.45799999999999996,0.5714285714285714,0.6842105263157894,0.8620689655172413,0.5555555555555556,0.1426459719142646,0.875,1,Medium
0.8666666666666669,0.5789473684210527,0.585,0.9019999999999999,0.42857142857142855,0.2631578947368421,0.8620689655172413,0.4444444444444444,0.4811529933481154,0.35,0,Low
0.1333333333333333,0.5263157894736842,0.253,0.5880000000000001,0.14285714285714285,0.21052631578947367,0.41379310344827586,0.8888888888888888,0.43828529194382865,0.91,1,Medium
0.3333333333333335,0.7894736842105263,0.5640000000000001,0.9120000000000001,0.42857142857142855,0.7894736842105263,0.3448275862068966,0.3333333333333333,0.6341463414634148,0.905,1,Medium
0.6000000000000001,0.3684210526315789,0.5279999999999999,0.126,0.7142857142857142,0.5789473684210527,0.5172413793103449,0.0,0.6119733924611974,0.035,1,Medium
0.1333333333333333,0.8421052631578947,0.539,0.9760000000000002,0.8571428571428571,0.631578947368421,0.4482758620689655,0.6666666666666666,0.4493717664449372,0.66,1,Medium
0.6666666666666667,0.15789473684210525,0.11399999999999999,0.8239999999999998,0.42857142857142855,0.15789473684210525,0.06896551724137931,0.1111111111111111,0.11456023651145603,0.075,0,Low
0.6666666666666667,0.6842105263157894,0.132,0.8399999999999999,0.5714285714285714,0.15789473684210525,0.6896551724137931,0.0,0.08795269770879527,0.17,0,Low
0.5333333333333334,0.3157894736842105,0.666,0.732,1.0,0.6842105263157894,0.034482758620689655,0.1111111111111111,0.5469327420546934,0.505,1,Medium
0.6000000000000001,0.7894736842105263,0.20700000000000007,0.5800000000000001,1.0,1.0,0.034482758620689655,0.0,0.3296378418329638,0.51,1,Medium
0.0,0.894736842105263,0.03700000000000003,0.008000000000000007,1.0,0.7894736842105263,0.8620689655172413,0.5555555555555556,0.06060606060606061,0.89,1,Medium
0.0,0.47368421052631576,0.31200000000000006,0.43399999999999994,0.5714285714285714,0.0,0.6896551724137931,0.3333333333333333,0.42424242424242425,0.675,0,Low
0.8,0.10526315789473684,0.499,0.8140000000000001,0.7142857142857142,0.10526315789473684,0.8275862068965517,0.0,0.607538802660754,0.435,0,Low
0.8666666666666669,0.2631578947368421,0.19800000000000006,0.276,0.14285714285714285,0.631578947368421,0.41379310344827586,0.3333333333333333,0.15742793791574278,0.375,1,Medium
0.6666666666666667,0.8421052631578947,0.7340000000000001,0.7140000000000002,0.8571428571428571,0.7368421052631579,0.5862068965517241,0.2222222222222222,0.8122690317812269,0.82,1,Medium
0.4666666666666668,0.47368421052631576,0.7740000000000001,0.4970000000000001,0.0,0.6842105263157894,0.8275862068965517,0.1111111111111111,0.7095343680709536,0.825,1,Medium
0.4666666666666668,1.0,0.9460000000000001,0.17200000000000004,0.14285714285714285,0.8421052631578947,0.06896551724137931,0.4444444444444444,0.9541759053954177,0.785,2,High
0.7333333333333332,0.15789473684210525,0.682,0.33599999999999985,1.0,0.05263157894736842,0.6551724137931034,0.4444444444444444,0.5617147080561715,0.88,1,Medium
0.40000000000000013,0.3684210526315789,0.555,0.5980000000000001,0.2857142857142857,0.3157894736842105,0.24137931034482757,0.6666666666666666,0.516629711751663,0.06,1,Medium
0.9333333333333333,0.0,0.253,0.236,0.7142857142857142,0.42105263157894735,0.20689655172413793,1.0,0.1781226903178123,0.98,1,Medium
0.7333333333333332,0.2631578947368421,0.384,0.956,0.14285714285714285,0.47368421052631576,1.0,0.5555555555555556,0.45750184774575026,0.73,1,Medium
0.6666666666666667,0.21052631578947367,0.35,0.40800000000000014,0.14285714285714285,0.47368421052631576,0.24137931034482757,0.1111111111111111,0.49002217294900235,0.24,1,Medium
0.9333333333333333,0.8421052631578947,0.5060000000000001,0.9339999999999999,0.7142857142857142,0.05263157894736842,0.41379310344827586,0.0,0.590539541759054,0.46,0,Low
0.3333333333333335,0.3684210526315789,0.2230000000000001,0.9100000000000001,0.0,0.5789473684210527,0.06896551724137931,0.1111111111111111,0.19068736141906878,0.365,0,Low
0.7333333333333332,0.10526315789473684,0.31700000000000006,0.244,0.42857142857142855,0.894736842105263,0.6896551724137931,0.3333333333333333,0.4811529933481154,0.61,1,Medium
0.4666666666666668,0.7368421052631579,0.4960000000000001,0.28600000000000003,0.42857142857142855,0.47368421052631576,0.034482758620689655,0.0,0.8152254249815225,0.39,1,Medium
0.8,0.8421052631578947,0.395,0.76,0.42857142857142855,1.0,0.27586206896551724,0.5555555555555556,0.41980783444198094,0.685,2,High
0.8666666666666669,0.2631578947368421,0.703,0.6960000000000002,0.7142857142857142,0.631578947368421,0.0,0.7777777777777777,0.7834441980783446,0.415,2,High
0.1333333333333333,0.0,0.09699999999999998,0.4970000000000001,0.0,0.2631578947368421,0.48275862068965514,0.2222222222222222,0.32076866223207695,0.505,0,Low
0.6666666666666667,0.894736842105263,0.906,0.764,0.5714285714285714,0.7894736842105263,0.7241379310344828,0.1111111111111111,0.8507021433850703,0.59,2,High
0.40000000000000013,0.3684210526315789,0.05700000000000005,0.9640000000000002,0.5714285714285714,0.47368421052631576,0.5862068965517241,0.6666666666666666,0.04804138950480413,0.505,0,Low
0.0,0.3157894736842105,0.749,0.9140000000000001,0.2857142857142857,0.3157894736842105,0.6551724137931034,0.0,0.7649667405764968,0.8,0,Low
0.1333333333333333,0.47368421052631576,0.18399999999999994,0.952,0.8571428571428571,0.894736842105263,0.4482758620689655,0.5555555555555556,0.23651145602365115,0.16,0,Low
0.40000000000000013,0.7894736842105263,0.20700000000000007,0.264,0.42857142857142855,0.8421052631578947,0.7241379310344828,0.2222222222222222,0.1921655580192166,0.72,1,Medium
0.26666666666666683,0.47368421052631576,0.4800000000000001,0.736,0.8571428571428571,0.5263157894736842,0.3103448275862069,0.7777777777777777,0.4316334072431635,0.585,1,Medium
0.26666666666666683,0.6842105263157894,0.347,0.6599999999999999,0.8571428571428571,0.05263157894736842,0.7931034482758621,0.5555555555555556,0.35476718403547675,0.05,0,Low
1.0000000000000002,0.7368421052631579,0.07900000000000001,0.41400000000000015,0.5714285714285714,0.05263157894736842,0.5862068965517241,0.0,0.2645971914264597,0.105,0,Low
0.0,0.47368421052631576,0.007000000000000006,0.9920000000000002,0.42857142857142855,0.9473684210526315,0.5862068965517241,0.5555555555555556,0.17147080561714717,0.655,1,Medium
0.0,0.8421052631578947,0.527,0.019999999999999907,0.42857142857142855,0.5263157894736842,0.6896551724137931,0.0,0.6341463414634148,0.41,1,Medium
0.6000000000000001,0.15789473684210525,0.27,0.20399999999999996,1.0,0.7894736842105263,0.5862068965517241,0.2222222222222222,0.38433111603843323,0.05,1,Medium
1.0000000000000002,0.9473684210526315,0.8370000000000001,0.14600000000000013,0.42857142857142855,0.5789473684210527,0.4482758620689655,0.5555555555555556,0.5018477457501849,0.665,2,High
0.7333333333333332,0.3157894736842105,0.8550000000000001,0.43000000000000016,0.8571428571428571,0.2631578947368421,0.24137931034482757,0.5555555555555556,0.6977087952697709,0.01,2,High
0.4666666666666668,0.7368421052631579,0.249,0.9199999999999999,0.0,0.2631578947368421,0.8620689655172413,1.0,0.38433111603843323,0.22,0,Low
0.4666666666666668,0.894736842105263,0.5519999999999999,0.692,0.5714285714285714,0.05263157894736842,0.3448275862068966,0.6666666666666666,0.6304508499630452,0.05,1,Medium
0.8,0.47368421052631576,0.8570000000000001,0.6539999999999999,1.0,0.21052631578947367,0.9310344827586207,1.0,0.8396156688839618,0.385,2,High
0.06666666666666665,0.47368421052631576,0.5720000000000001,0.998,0.0,0.21052631578947367,0.41379310344827586,0.1111111111111111,0.45232815964523293,0.61,0,Low
0.26666666666666683,0.6842105263157894,0.256,0.734,0.5714285714285714,0.2631578947368421,0.10344827586206896,0.0,0.3673318551367332,0.61,1,Medium
0.0,0.631578947368421,0.17400000000000004,0.544,0.7142857142857142,0.3157894736842105,0.06896551724137931,0.6666666666666666,0.3104212860310422,0.455,1,Medium
0.6000000000000001,0.631578947368421,0.8160000000000002,0.52,0.14285714285714285,0.8421052631578947,0.27586206896551724,0.1111111111111111,0.7856614929785664,0.555,1,Medium
0.5333333333333334,0.894736842105263,0.57,0.8379999999999999,0.8571428571428571,0.631578947368421,0.24137931034482757,0.0,0.4116777531411678,0.95,1,Medium
0.7333333333333332,1.0,0.9400000000000001,0.5680000000000001,0.14285714285714285,0.8421052631578947,0.7586206896551724,0.8888888888888888,0.8189209164818922,0.84,2,High
0.8666666666666669,0.7368421052631579,0.374,0.276,1.0,0.15789473684210525,0.5862068965517241,0.4444444444444444,0.30524759793052475,0.885,1,Medium
0.9333333333333333,0.3157894736842105,0.32599999999999996,0.27,0.7142857142857142,0.15789473684210525,0.9655172413793103,0.4444444444444444,0.515890613451589,0.795,0,Low
0.26666666666666683,0.47368421052631576,0.44299999999999995,0.10399999999999987,0.42857142857142855,0.8421052631578947,0.3103448275862069,0.8888888888888888,0.3458980044345899,0.135,2,High
0.9333333333333333,0.7368421052631579,0.23299999999999998,0.702,0.42857142857142855,0.21052631578947367,0.7241379310344828,0.5555555555555556,0.361419068736142,0.11,0,Low
1.0000000000000002,1.0,0.486,0.778,0.2857142857142857,0.7894736842105263,0.10344827586206896,0.7777777777777777,0.5491500369549152,0.525,2,High
0.26666666666666683,0.47368421052631576,0.07100000000000001,0.9260000000000002,0.7142857142857142,0.3157894736842105,0.10344827586206896,1.0,0.04434589800443456,0.695,1,Medium
0.26666666666666683,1.0,0.602,0.486,0.7142857142857142,0.9473684210526315,0.48275862068965514,0.0,0.4294161123429417,0.645,2,High
0.9333333333333333,0.894736842105263,0.3480000000000001,0.46799999999999997,0.5714285714285714,0.15789473684210525,0.0,0.4444444444444444,0.52549889135255,0.695,0,Low
0.6666666666666667,0.15789473684210525,0.4960000000000001,0.6279999999999999,0.7142857142857142,0.10526315789473684,0.9655172413793103,0.0,0.23503325942350345,0.47,0,Low
0.06666666666666665,0.631578947368421,0.892,0.31999999999999984,0.8571428571428571,0.10526315789473684,0.06896551724137931,0.0,0.7087952697708797,0.41,1,Medium
0.0,0.0,0.517,0.6080000000000001,0.14285714285714285,0.894736842105263,0.6206896551724138,0.6666666666666666,0.43828529194382865,0.445,1,Medium
0.8,0.42105263157894735,0.040000000000000036,0.8239999999999998,0.0,0.3684210526315789,0.48275862068965514,0.5555555555555556,0.1958610495195861,0.07,0,Low
0.6000000000000001,0.6842105263157894,0.747,0.5880000000000001,0.5714285714285714,0.2631578947368421,0.06896551724137931,0.0,0.6415373244641538,0.725,1,Medium
0.6666666666666667,0.5263157894736842,0.723,0.6800000000000002,0.14285714285714285,0.8421052631578947,0.4482758620689655,0.0,0.5321507760532151,0.575,1,Medium
0.1333333333333333,0.0,0.256,0.40600000000000014,1.0,0.6842105263157894,0.0,0.8888888888888888,0.3858093126385809,0.46,2,High
0.3333333333333335,0.894736842105263,0.273,0.26,0.42857142857142855,0.894736842105263,0.27586206896551724,0.6666666666666666,0.45602365114560256,0.03,2,High
0.6666666666666667,0.42105263157894735,0.932,0.40800000000000014,0.14285714285714285,0.05263157894736842,0.3103448275862069,0.4444444444444444,0.7036215816703624,1.0,1,Medium
0.6666666666666667,0.7894736842105263,0.402,0.26,0.7142857142857142,0.3684210526315789,0.20689655172413793,1.0,0.5018477457501849,0.985,1,Medium
0.19999999999999996,0.2631578947368421,0.652,0.518,0.14285714285714285,0.631578947368421,0.20689655172413793,0.3333333333333333,0.5668883961566891,0.97,1,Medium
0.26666666666666683,0.0,0.6650000000000001,0.9000000000000001,0.7142857142857142,0.05263157894736842,0.4482758620689655,1.0,0.4818920916481893,0.505,1,Medium
0.7333333333333332,0.7368421052631579,0.8880000000000002,0.23399999999999999,0.2857142857142857,0.3684210526315789,0.48275862068965514,0.8888888888888888,0.6947524020694753,0.82,2,High
0.1333333333333333,0.3157894736842105,0.6669999999999999,0.3859999999999999,0.42857142857142855,0.05263157894736842,0.7586206896551724,0.0,0.7058388765705839,0.1,1,Medium
0.40000000000000013,1.0,0.18700000000000006,0.736,0.8571428571428571,1.0,0.24137931034482757,0.2222222222222222,0.35402808573540284,0.25,1,Medium
0.6000000000000001,0.05263157894736842,0.936,0.016000000000000014,0.7142857142857142,0.7894736842105263,0.034482758620689655,0.8888888888888888,0.8662232076866225,0.905,2,High
0.19999999999999996,0.3157894736842105,0.5439999999999999,0.6759999999999999,0.14285714285714285,0.10526315789473684,0.3448275862068966,0.0,0.5594974131559498,0.24,0,Low
0.06666666666666665,0.8421052631578947,0.049000000000000044,0.4720000000000002,0.7142857142857142,0.15789473684210525,0.7586206896551724,1.0,0.12121212121212116,0.63,0,Low
0.4666666666666668,0.47368421052631576,0.693,0.03599999999999992,1.0,0.15789473684210525,0.5172413793103449,0.4444444444444444,0.7553584626755359,0.535,2,High
1.0000000000000002,0.6842105263157894,0.45199999999999996,0.09199999999999997,0.0,0.10526315789473684,0.1724137931034483,0.6666666666666666,0.3791574279379158,0.285,1,Medium
0.8,0.21052631578947367,0.15800000000000003,0.6240000000000001,0.5714285714285714,1.0,1.0,0.5555555555555556,0.23503325942350345,0.05,1,Medium
0.7333333333333332,0.21052631578947367,0.57,0.79,0.7142857142857142,0.7894736842105263,0.7931034482758621,0.7777777777777777,0.5624538063562454,0.2,2,High
1.0000000000000002,0.3157894736842105,0.122,0.4970000000000001,0.8571428571428571,0.3684210526315789,0.20689655172413793,0.1111111111111111,0.1433850702143385,0.545,0,Low
0.5333333333333334,0.7368421052631579,0.87,0.6199999999999999,0.8571428571428571,0.0,0.034482758620689655,0.7777777777777777,0.8329637841832964,0.46,2,High
0.26666666666666683,0.6842105263157894,0.10999999999999999,0.5720000000000001,0.2857142857142857,0.42105263157894735,0.41379310344827586,0.4444444444444444,0.1951219512195122,0.61,0,Low
0.4666666666666668,0.894736842105263,0.9880000000000001,0.35399999999999987,0.0,0.15789473684210525,0.5862068965517241,0.5555555555555556,0.8507021433850703,0.86,1,Medium
0.3333333333333335,0.9473684210526315,0.025999999999999968,0.6260000000000001,0.5714285714285714,0.3684210526315789,0.7586206896551724,0.5555555555555556,0.2926829268292684,0.335,0,Low
1.0000000000000002,0.10526315789473684,0.40800000000000003,0.774,1.0,0.5263157894736842,0.8275862068965517,0.1111111111111111,0.515890613451589,0.86,0,Low
0.26666666666666683,0.5263157894736842,0.803,0.3039999999999998,0.5714285714285714,1.0,0.5862068965517241,0.6666666666666666,0.6267553584626755,0.37,2,High
0.3333333333333335,0.47368421052631576,0.652,0.9199999999999999,0.7142857142857142,0.42105263157894735,0.8620689655172413,0.8888888888888888,0.4959349593495936,0.86,1,Medium
0.8,0.894736842105263,0.20599999999999996,0.9160000000000001,0.2857142857142857,0.42105263157894735,0.5517241379310345,0.2222222222222222,0.36954915003695504,0.095,0,Low
0.06666666666666665,0.10526315789473684,0.17800000000000005,0.5760000000000001,1.0,0.8421052631578947,0.41379310344827586,1.0,0.13155949741315592,0.07,1,Medium
0.1333333333333333,0.10526315789473684,0.7640000000000001,0.8960000000000001,0.2857142857142857,0.7894736842105263,0.6896551724137931,0.5555555555555556,0.6430155210643016,0.315,2,High
0.9333333333333333,0.7894736842105263,0.43599999999999994,0.030000000000000027,0.8571428571428571,0.894736842105263,0.5862068965517241,1.0,0.45306725794530683,0.065,2,High
0.8,0.8421052631578947,0.32999999999999996,0.12200000000000011,0.5714285714285714,0.5263157894736842,0.9655172413793103,0.2222222222222222,0.3259423503325943,0.935,0,Low
0.3333333333333335,0.05263157894736842,0.051999999999999935,0.984,0.2857142857142857,0.6842105263157894,0.9655172413793103,0.8888888888888888,0.1263858093126386,0.335,1,Medium
0.40000000000000013,0.3684210526315789,0.131,0.97,0.42857142857142855,0.894736842105263,0.3793103448275862,0.4444444444444444,0.30598669623059865,0.155,1,Medium
0.1333333333333333,0.631578947368421,0.767,0.9120000000000001,0.5714285714285714,0.42105263157894735,0.9655172413793103,0.6666666666666666,0.8085735402808574,0.34,1,Medium
0.8666666666666669,0.631578947368421,0.593,0.476,1.0,0.3684210526315789,0.9310344827586207,1.0,0.640059127864006,0.805,2,High
0.0,0.21052631578947367,0.6509999999999999,0.3039999999999998,0.42857142857142855,0.6842105263157894,0.7586206896551724,0.7777777777777777,0.5971914264597191,0.18,2,High
0.0,0.5789473684210527,0.29700000000000004,0.41600000000000015,0.7142857142857142,0.21052631578947367,0.8275862068965517,0.2222222222222222,0.40206947524020703,0.565,0,Low
0.7333333333333332,0.5263157894736842,0.8119999999999999,0.6839999999999999,0.8571428571428571,0.5263157894736842,0.6206896551724138,0.2222222222222222,0.6016260162601628,0.02,1,Medium
0.4666666666666668,0.5789473684210527,0.534,0.08800000000000008,0.8571428571428571,0.3684210526315789,0.1724137931034483,0.7777777777777777,0.5210643015521066,0.405,2,High
0.6000000000000001,0.3157894736842105,0.033999999999999975,0.1060000000000001,0.42857142857142855,0.631578947368421,0.896551724137931,0.7777777777777777,0.5018477457501849,0.645,1,Medium
0.7333333333333332,0.7368421052631579,0.32500000000000007,0.9019999999999999,1.0,0.7368421052631579,0.24137931034482757,0.8888888888888888,0.3835920177383593,0.28,2,High
0.6000000000000001,0.47368421052631576,0.17500000000000004,0.724,0.2857142857142857,0.894736842105263,0.8620689655172413,0.8888888888888888,0.17294900221729487,0.235,2,High
0.8,0.47368421052631576,0.9310000000000002,0.6820000000000002,0.5714285714285714,0.6842105263157894,0.7931034482758621,1.0,0.8418329637841835,0.84,2,High
0.26666666666666683,0.42105263157894735,0.8460000000000002,0.3939999999999999,0.14285714285714285,0.9473684210526315,0.0,0.0,0.8181818181818183,0.785,1,Medium
0.6000000000000001,0.3684210526315789,0.4960000000000001,0.4970000000000001,0.14285714285714285,0.9473684210526315,0.20689655172413793,0.2222222222222222,0.8100517368810054,0.855,1,Medium
0.9333333333333333,1.0,0.539,0.08200000000000007,1.0,0.7368421052631579,0.5862068965517241,0.8888888888888888,0.6696230598669624,0.95,1,Medium
0.26666666666666683,0.3684210526315789,0.45899999999999996,0.4970000000000001,0.8571428571428571,0.9473684210526315,0.034482758620689655,0.8888888888888888,0.4781966001478198,0.515,2,High
0.4666666666666668,0.7894736842105263,0.8630000000000001,0.22199999999999998,1.0,0.9473684210526315,0.6206896551724138,0.8888888888888888,0.8314855875831488,0.08,2,High
0.3333333333333335,0.5789473684210527,0.11599999999999999,0.812,0.42857142857142855,0.0,0.20689655172413793,0.4444444444444444,0.262379896526238,0.73,0,Low
0.1333333333333333,0.7894736842105263,0.10699999999999998,0.31000000000000005,0.14285714285714285,1.0,0.48275862068965514,0.5555555555555556,0.31189948263119,0.365,1,Medium
0.7333333333333332,0.894736842105263,0.40800000000000003,0.30600000000000005,1.0,0.47368421052631576,0.3793103448275862,0.7777777777777777,0.45676274944567635,0.685,1,Medium
0.1333333333333333,1.0,0.22099999999999997,0.10999999999999999,0.42857142857142855,0.5789473684210527,0.034482758620689655,0.8888888888888888,0.2461197339246119,0.035,1,Medium
0.26666666666666683,0.0,0.765,0.08599999999999997,0.8571428571428571,0.5263157894736842,0.41379310344827586,0.0,0.5565410199556542,0.18,1,Medium
0.19999999999999996,0.7368421052631579,0.26,0.756,0.2857142857142857,0.5789473684210527,0.5172413793103449,0.8888888888888888,0.33407243163340733,0.82,0,Low
0.6666666666666667,0.42105263157894735,0.31100000000000005,0.18000000000000005,0.14285714285714285,0.2631578947368421,0.1724137931034483,0.2222222222222222,0.2749445676274945,0.755,1,Medium
1.0000000000000002,0.42105263157894735,0.42300000000000004,0.10999999999999999,0.42857142857142855,0.2631578947368421,0.3793103448275862,0.2222222222222222,0.3148558758314857,0.63,1,Medium
0.26666666666666683,0.631578947368421,0.89,0.24,1.0,0.15789473684210525,0.034482758620689655,0.3333333333333333,0.8226164079822618,0.03,2,High
0.3333333333333335,0.47368421052631576,0.6449999999999999,0.8180000000000001,0.0,0.9473684210526315,0.6206896551724138,0.0,0.6304508499630452,0.98,1,Medium
0.26666666666666683,0.0,0.4970000000000001,0.5840000000000001,0.8571428571428571,0.10526315789473684,1.0,0.5555555555555556,0.393939393939394,0.805,1,Medium
0.9333333333333333,0.3157894736842105,0.731,0.982,0.8571428571428571,0.3157894736842105,0.41379310344827586,0.6666666666666666,0.8152254249815225,0.205,1,Medium
0.1333333333333333,0.894736842105263,0.273,0.9480000000000002,0.14285714285714285,0.5789473684210527,0.3793103448275862,0.1111111111111111,0.212860310421286,0.82,0,Low
0.9333333333333333,0.47368421052631576,0.033999999999999975,0.1519999999999999,0.42857142857142855,0.3684210526315789,0.896551724137931,0.2222222222222222,0.20177383592017745,0.1,0,Low
0.4666666666666668,0.7368421052631579,0.7180000000000001,0.9239999999999999,0.0,0.5263157894736842,0.034482758620689655,0.2222222222222222,0.7413155949741317,0.31,1,Medium
1.0000000000000002,0.5789473684210527,0.4960000000000001,0.3039999999999998,0.7142857142857142,0.5263157894736842,0.8620689655172413,0.2222222222222222,0.4501108647450112,0.315,1,Medium
0.06666666666666665,0.5789473684210527,0.45399999999999996,0.952,0.2857142857142857,0.3684210526315789,0.6206896551724138,0.6666666666666666,0.5055432372505544,0.51,1,Medium
0.9333333333333333,0.47368421052631576,0.547,0.8140000000000001,0.2857142857142857,0.8421052631578947,0.7931034482758621,0.2222222222222222,0.6023651145602367,0.905,1,Medium
0.0,0.2631578947368421,0.6710000000000002,0.7220000000000002,0.42857142857142855,0.15789473684210525,0.5517241379310345,0.7777777777777777,0.6600147819660016,0.33,1,Medium
0.6666666666666667,0.5263157894736842,0.257,0.474,0.0,0.3157894736842105,0.48275862068965514,0.6666666666666666,0.3813747228381375,0.49,0,Low
0.8,0.0,0.9560000000000001,0.8920000000000001,0.2857142857142857,0.42105263157894735,0.3103448275862069,0.1111111111111111,0.8765705838876572,0.725,1,Medium
0.1333333333333333,0.10526315789473684,0.009999999999999953,0.6119999999999999,0.2857142857142857,0.5263157894736842,0.24137931034482757,0.5555555555555556,0.2749445676274945,0.615,0,Low
0.40000000000000013,0.0,0.5439999999999999,0.03599999999999992,0.42857142857142855,0.2631578947368421,0.41379310344827586,0.6666666666666666,0.5018477457501849,0.105,1,Medium
0.40000000000000013,0.894736842105263,0.719,0.798,0.42857142857142855,0.47368421052631576,0.4482758620689655,1.0,0.5365853658536588,0.725,2,High
0.40000000000000013,0.10526315789473684,0.783,0.708,1.0,0.42105263157894735,0.5517241379310345,0.4444444444444444,0.7930524759793054,0.56,2,High
0.9333333333333333,0.2631578947368421,0.8910000000000001,0.09399999999999997,0.7142857142857142,0.9473684210526315,0.896551724137931,0.8888888888888888,0.8920916481892094,0.475,2,High
0.8,0.47368421052631576,0.07,0.8920000000000001,0.7142857142857142,0.5263157894736842,0.3448275862068966,0.7777777777777777,0.16481892091648193,0.565,0,Low
0.19999999999999996,0.631578947368421,0.07100000000000001,0.6599999999999999,0.5714285714285714,0.7894736842105263,0.5172413793103449,0.8888888888888888,0.20473022912047306,0.035,1,Medium
0.5333333333333334,0.3684210526315789,0.8949999999999999,0.3039999999999998,0.5714285714285714,0.7368421052631579,0.3103448275862069,0.4444444444444444,0.9209164818920919,0.02,2,High
0.06666666666666665,0.2631578947368421,0.136,0.522,1.0,0.10526315789473684,0.5862068965517241,0.2222222222222222,0.3806356245380636,0.535,0,Low
1.0000000000000002,0.42105263157894735,0.616,0.3880000000000001,0.5714285714285714,0.6842105263157894,0.20689655172413793,0.7777777777777777,0.575018477457502,0.13,2,High
0.7333333333333332,0.8421052631578947,0.5060000000000001,0.10399999999999987,0.0,0.5789473684210527,0.0,0.8888888888888888,0.6274944567627494,0.025,2,High
0.7333333333333332,0.631578947368421,0.664,0.6500000000000001,0.0,0.7368421052631579,0.20689655172413793,0.0,0.7036215816703624,0.305,1,Medium
0.5333333333333334,0.7368421052631579,0.8890000000000001,0.10999999999999999,0.0,0.15789473684210525,0.5862068965517241,0.8888888888888888,0.7487065779748707,0.225,1,Medium
0.6000000000000001,0.05263157894736842,0.9269999999999999,0.476,0.0,0.21052631578947367,0.27586206896551724,0.5555555555555556,0.861049519586105,0.315,1,Medium
0.1333333333333333,0.15789473684210525,0.9380000000000001,0.4480000000000002,0.2857142857142857,0.894736842105263,0.3103448275862069,0.7777777777777777,0.8019216555801922,0.27,2,High
0.0,1.0,0.648,0.07400000000000007,0.0,0.2631578947368421,0.4482758620689655,0.0,0.5757575757575759,0.79,1,Medium
0.1333333333333333,0.47368421052631576,0.263,0.708,0.8571428571428571,0.7368421052631579,0.7931034482758621,0.1111111111111111,0.2276422764227642,0.445,1,Medium
0.6666666666666667,0.5789473684210527,0.18899999999999995,0.9960000000000002,0.5714285714285714,0.3684210526315789,0.4482758620689655,1.0,0.2823355506282335,0.595,1,Medium
0.1333333333333333,0.6842105263157894,0.21200000000000008,0.5920000000000001,0.0,0.3684210526315789,0.5862068965517241,0.0,0.22172949002217307,0.92,0,Low
0.8,0.3157894736842105,0.31100000000000005,0.6519999999999999,0.2857142857142857,0.3684210526315789,0.0,1.0,0.3104212860310422,0.53,1,Medium
0.26666666666666683,0.15789473684210525,0.618,0.8879999999999999,0.5714285714285714,0.7894736842105263,0.3448275862068966,0.1111111111111111,0.7339246119733926,0.52,1,Medium
0.9333333333333333,0.9473684210526315,0.017000000000000015,0.019999999999999907,0.0,0.894736842105263,0.3793103448275862,1.0,0.028085735402808565,0.33,1,Medium
0.8,0.10526315789473684,0.92,0.5740000000000001,0.8571428571428571,1.0,0.3448275862068966,0.5555555555555556,0.7730968218773098,0.19,2,High
0.3333333333333335,0.2631578947368421,0.41300000000000014,0.958,0.14285714285714285,0.3684210526315789,0.9655172413793103,0.4444444444444444,0.4951958610495197,0.485,0,Low
0.6000000000000001,0.05263157894736842,0.9010000000000001,0.5720000000000001,1.0,0.6842105263157894,0.034482758620689655,0.1111111111111111,0.746489283074649,0.16,2,High
0.5333333333333334,0.6842105263157894,0.6900000000000001,0.712,0.42857142857142855,0.42105263157894735,0.6206896551724138,1.0,0.6208425720620843,0.545,2,High
0.3333333333333335,0.15789473684210525,0.9010000000000001,0.5800000000000001,0.5714285714285714,0.47368421052631576,0.9310344827586207,0.7777777777777777,0.8455284552845528,0.905,2,High
0.8666666666666669,0.0,0.10399999999999998,0.4800000000000002,0.14285714285714285,0.3684210526315789,0.7241379310344828,0.8888888888888888,0.06504065040650403,0.335,0,Low
0.5333333333333334,0.8421052631578947,0.6669999999999999,0.3340000000000001,0.7142857142857142,0.42105263157894735,0.27586206896551724,0.3333333333333333,0.7583148558758317,0.67,1,Medium
0.4666666666666668,0.0,0.09599999999999997,0.14600000000000013,0.8571428571428571,0.7368421052631579,0.3103448275862069,0.7777777777777777,0.15668883961566887,0.1,2,High
0.4666666666666668,0.7368421052631579,0.02699999999999997,0.6180000000000001,0.0,0.2631578947368421,0.034482758620689655,1.0,0.022912047302291183,0.085,1,Medium
0.6666666666666667,0.42105263157894735,0.03799999999999998,0.8280000000000001,0.0,0.7368421052631579,0.034482758620689655,0.2222222222222222,0.13008130081300812,0.955,0,Low
0.8666666666666669,0.2631578947368421,0.62,0.6980000000000002,0.7142857142857142,0.42105263157894735,0.4482758620689655,0.5555555555555556,0.4759793052475981,0.485,1,Medium
0.40000000000000013,0.05263157894736842,0.22099999999999997,0.7380000000000002,0.5714285714285714,0.21052631578947367,0.6896551724137931,0.5555555555555556,0.4116777531411678,0.325,0,Low
0.8666666666666669,0.894736842105263,0.2230000000000001,0.42599999999999993,0.7142857142857142,0.3157894736842105,0.13793103448275862,0.4444444444444444,0.26829268292682934,0.485,0,Low
0.4666666666666668,0.0,0.7300000000000001,0.1140000000000001,0.0,0.15789473684210525,0.6551724137931034,1.0,0.5631929046563193,0.35,2,High
0.1333333333333333,0.5789473684210527,0.399,0.061999999999999944,0.7142857142857142,0.6842105263157894,0.9655172413793103,0.4444444444444444,0.42128603104212864,0.61,2,High
0.06666666666666665,0.05263157894736842,0.32400000000000007,0.18200000000000005,0.14285714285714285,0.7368421052631579,0.06896551724137931,0.1111111111111111,0.31855136733185513,0.075,1,Medium
0.8,0.15789473684210525,0.10499999999999998,0.54,0.2857142857142857,0.10526315789473684,0.0,1.0,0.07095343680709532,0.44,0,Low
0.7333333333333332,0.894736842105263,0.41500000000000004,0.8420000000000003,0.7142857142857142,0.6842105263157894,0.24137931034482757,0.3333333333333333,0.5469327420546934,0.775,1,Medium
0.3333333333333335,0.10526315789473684,0.03899999999999998,0.28,0.8571428571428571,0.3157894736842105,0.13793103448275862,0.5555555555555556,0.22394678492239467,0.41,1,Medium
0.6000000000000001,0.5789473684210527,0.21500000000000008,0.26,0.2857142857142857,0.6842105263157894,0.5172413793103449,0.4444444444444444,0.2439024390243903,0.58,1,Medium
0.5333333333333334,1.0,0.8460000000000002,0.8840000000000001,0.2857142857142857,0.9473684210526315,0.27586206896551724,0.4444444444444444,0.8477457501847747,0.7,2,High
0.4666666666666668,0.5263157894736842,0.32300000000000006,0.8399999999999999,0.14285714285714285,0.7368421052631579,0.06896551724137931,0.6666666666666666,0.34072431633407246,0.895,1,Medium
0.4666666666666668,0.9473684210526315,0.07599999999999996,0.10999999999999999,0.8571428571428571,0.5263157894736842,0.3793103448275862,0.7777777777777777,0.09090909090909094,0.235,2,High
0.0,0.10526315789473684,0.8610000000000001,0.010000000000000009,0.5714285714285714,0.05263157894736842,0.034482758620689655,0.2222222222222222,0.8011825572801183,0.755,1,Medium
0.6666666666666667,0.05263157894736842,0.8910000000000001,0.498,0.14285714285714285,0.631578947368421,0.48275862068965514,0.2222222222222222,0.6770140428677014,0.55,1,Medium
1.0000000000000002,1.0,0.41700000000000004,0.7380000000000002,0.2857142857142857,0.894736842105263,0.27586206896551724,0.5555555555555556,0.4109386548410939,0.71,1,Medium
0.06666666666666665,0.631578947368421,0.389,0.238,0.0,0.2631578947368421,0.896551724137931,0.2222222222222222,0.3628972653362897,0.875,0,Low
0.7333333333333332,0.0,0.31900000000000006,0.7220000000000002,0.14285714285714285,0.42105263157894735,0.9655172413793103,0.7777777777777777,0.4974131559497414,0.16,0,Low
0.40000000000000013,0.894736842105263,0.021999999999999964,0.44399999999999995,0.7142857142857142,1.0,0.3103448275862069,0.6666666666666666,0.229859571322986,0.405,1,Medium
0.1333333333333333,0.2631578947368421,0.8210000000000001,0.6880000000000002,0.8571428571428571,0.894736842105263,0.3793103448275862,1.0,0.8861788617886179,0.5,2,High
0.7333333333333332,1.0,0.967,0.8660000000000001,0.2857142857142857,0.10526315789473684,0.6896551724137931,0.4444444444444444,0.7605321507760534,0.01,1,Medium
0.6000000000000001,0.15789473684210525,0.22899999999999998,0.3759999999999999,0.8571428571428571,0.5263157894736842,1.0,0.3333333333333333,0.22542498152254248,0.305,1,Medium
0.06666666666666665,0.894736842105263,0.555,0.5840000000000001,0.5714285714285714,0.631578947368421,0.7586206896551724,0.5555555555555556,0.46045824094604587,0.47,2,High
0.0,0.10526315789473684,0.059,0.10999999999999999,0.5714285714285714,0.7894736842105263,0.9655172413793103,0.0,0.04434589800443456,0.685,1,Medium
0.40000000000000013,0.7368421052631579,0.551,0.774,0.7142857142857142,0.7894736842105263,0.7241379310344828,0.3333333333333333,0.6171470805617147,0.6,1,Medium
0.9333333333333333,0.6842105263157894,0.9920000000000001,0.42400000000000015,0.5714285714285714,0.5263157894736842,0.896551724137931,0.7777777777777777,0.7893569844789359,0.91,2,High
0.1333333333333333,0.2631578947368421,0.9970000000000002,0.43599999999999994,0.14285714285714285,0.10526315789473684,0.20689655172413793,0.0,0.9320029563932004,0.97,0,Low
0.6000000000000001,0.3684210526315789,0.356,0.6160000000000001,0.2857142857142857,0.8421052631578947,0.48275862068965514,0.5555555555555556,0.44419807834442,0.88,1,Medium
0.3333333333333335,0.5263157894736842,0.5630000000000001,0.528,0.5714285714285714,0.6842105263157894,0.7931034482758621,0.3333333333333333,0.5018477457501849,0.68,1,Medium
0.0,0.8421052631578947,0.8890000000000001,0.10999999999999999,0.5714285714285714,0.15789473684210525,0.3793103448275862,0.4444444444444444,0.7087952697708797,0.41,1,Medium
0.19999999999999996,0.47368421052631576,0.384,0.09000000000000008,0.8571428571428571,0.7368421052631579,0.6206896551724138,1.0,0.4124168514412417,0.655,2,High
0.7333333333333332,0.21052631578947367,0.5730000000000001,0.16199999999999992,0.14285714285714285,0.7368421052631579,0.7586206896551724,0.5555555555555556,0.4294161123429417,0.705,2,High
0.0,0.8421052631578947,0.29700000000000004,0.758,1.0,0.42105263157894735,0.3793103448275862,0.4444444444444444,0.37102734663710285,0.245,1,Medium
0.1333333333333333,0.15789473684210525,0.626,0.21999999999999997,0.14285714285714285,0.2631578947368421,0.7931034482758621,0.4444444444444444,0.7184035476718404,0.69,1,Medium
0.40000000000000013,0.0,0.21500000000000008,0.118,0.2857142857142857,0.47368421052631576,0.48275862068965514,0.5555555555555556,0.28455284552845533,0.505,0,Low
0.1333333333333333,0.47368421052631576,0.355,0.21399999999999997,0.7142857142857142,0.05263157894736842,0.6206896551724138,0.5555555555555556,0.3791574279379158,0.505,0,Low
0.8,0.05263157894736842,0.983,0.542,0.7142857142857142,0.5789473684210527,0.41379310344827586,0.5555555555555556,0.8329637841832964,0.08,2,High
0.8666666666666669,0.2631578947368421,0.6890000000000002,0.772,0.0,0.7368421052631579,0.9310344827586207,0.4444444444444444,0.5018477457501849,0.875,1,Medium
0.7333333333333332,0.5263157894736842,0.6310000000000001,0.21399999999999997,0.8571428571428571,1.0,0.06896551724137931,0.4444444444444444,0.6792313377679233,0.435,2,High
0.26666666666666683,1.0,0.01799999999999996,0.772,0.42857142857142855,1.0,0.48275862068965514,0.5555555555555556,0.08056171470805618,0.415,0,Low
0.5333333333333334,0.5789473684210527,0.7119999999999999,0.6300000000000001,0.0,1.0,0.3793103448275862,1.0,0.5402808573540281,0.87,2,High
0.3333333333333335,0.7368421052631579,0.14100000000000001,0.19999999999999996,0.0,0.10526315789473684,0.896551724137931,0.6666666666666666,0.18107908351810792,0.935,0,Low
0.6000000000000001,0.9473684210526315,0.04199999999999998,0.278,0.8571428571428571,0.10526315789473684,0.5172413793103449,0.8888888888888888,0.20029563932002964,0.995,0,Low
0.6666666666666667,0.6842105263157894,0.7519999999999999,0.3640000000000001,0.7142857142857142,0.5789473684210527,0.3793103448275862,1.0,0.5668883961566891,0.555,2,High
1.0000000000000002,0.0,0.122,0.08399999999999996,0.5714285714285714,0.2631578947368421,0.5172413793103449,0.1111111111111111,0.33924611973392477,0.305,0,Low
0.26666666666666683,0.5263157894736842,0.5650000000000001,0.8,0.2857142857142857,0.7894736842105263,0.41379310344827586,0.2222222222222222,0.6674057649667406,0.275,1,Medium
0.9333333333333333,0.05263157894736842,0.07999999999999996,0.31400000000000006,0.5714285714285714,0.3157894736842105,0.20689655172413793,0.4444444444444444,0.13155949741315592,0.615,0,Low
0.06666666666666665,0.7368421052631579,0.5880000000000001,0.9219999999999999,1.0,0.0,0.24137931034482757,0.2222222222222222,0.6178861788617886,0.155,0,Low
0.0,0.3157894736842105,0.03899999999999998,0.516,0.8571428571428571,0.7368421052631579,0.06896551724137931,1.0,0.03252032520325204,0.82,1,Medium
0.06666666666666665,0.0,0.08300000000000002,0.46199999999999997,0.7142857142857142,0.21052631578947367,0.06896551724137931,0.0,0.23577235772357724,0.765,0,Low
0.8,0.6842105263157894,0.628,0.5960000000000001,0.8571428571428571,0.9473684210526315,0.3448275862068966,0.5555555555555556,0.5624538063562454,0.56,2,High
0.06666666666666665,0.5263157894736842,0.91,0.4560000000000002,0.42857142857142855,0.10526315789473684,0.4482758620689655,0.3333333333333333,0.8470066518847008,0.245,1,Medium
0.26666666666666683,0.42105263157894735,0.8060000000000002,0.478,0.2857142857142857,1.0,0.5862068965517241,0.1111111111111111,0.6962305986696231,0.505,1,Medium
0.4666666666666668,0.47368421052631576,0.10699999999999998,0.008000000000000007,0.2857142857142857,0.7894736842105263,0.6551724137931034,0.8888888888888888,0.2113821138211383,0.5,1,Medium
0.6000000000000001,0.6842105263157894,0.969,0.5660000000000001,0.7142857142857142,0.9473684210526315,0.10344827586206896,0.7777777777777777,0.8536585365853662,0.27,2,High
0.1333333333333333,0.9473684210526315,0.4960000000000001,0.79,0.8571428571428571,0.3157894736842105,1.0,0.2222222222222222,0.6156688839615669,0.3,1,Medium
0.0,0.0,0.68,0.6660000000000001,0.42857142857142855,0.21052631578947367,0.5172413793103449,0.0,0.5055432372505544,0.91,0,Low
0.26666666666666683,0.631578947368421,0.10499999999999998,0.46799999999999997,0.7142857142857142,0.47368421052631576,0.1724137931034483,1.0,0.1456023651145602,0.695,1,Medium
0.3333333333333335,0.0,0.686,0.46599999999999997,0.0,0.42105263157894735,0.3448275862068966,0.0,0.6762749445676275,0.395,2,High
0.40000000000000013,0.47368421052631576,0.57,0.474,0.2857142857142857,0.6842105263157894,0.5517241379310345,0.7777777777777777,0.672579453067258,0.595,2,High
0.40000000000000013,0.2631578947368421,0.4960000000000001,0.724,0.5714285714285714,0.7368421052631579,0.06896551724137931,0.1111111111111111,0.8691796008869179,0.915,2,High
1.0000000000000002,0.21052631578947367,0.86,0.9460000000000002,0.42857142857142855,0.47368421052631576,0.9655172413793103,0.2222222222222222,0.7575757575757578,0.7,0,Low
1.0000000000000002,0.5263157894736842,0.479,0.19199999999999995,0.14285714285714285,0.2631578947368421,0.41379310344827586,0.5555555555555556,0.37028824833702895,0.76,1,Medium
0.1333333333333333,0.894736842105263,0.03700000000000003,0.07200000000000006,0.2857142857142857,0.2631578947368421,0.0,0.7777777777777777,0.10347376201034741,0.86,0,Low
0.06666666666666665,0.47368421052631576,0.8560000000000002,0.728,0.14285714285714285,0.8421052631578947,0.13793103448275862,0.0,0.6533628972653365,0.355,2,High
0.19999999999999996,0.631578947368421,0.09500000000000003,0.3619999999999999,0.8571428571428571,0.7368421052631579,0.10344827586206896,0.6666666666666666,0.1419068736141907,0.635,1,Medium
0.26666666666666683,0.631578947368421,0.020000000000000018,0.8699999999999999,1.0,0.6842105263157894,0.7241379310344828,0.2222222222222222,0.2099039172209905,0.47,0,Low
0.6666666666666667,0.9473684210526315,0.09500000000000003,0.46199999999999997,0.2857142857142857,0.47368421052631576,0.20689655172413793,0.7777777777777777,0.15816703621581668,0.51,0,Low
0.7333333333333332,0.47368421052631576,0.2400000000000001,0.19600000000000006,0.5714285714285714,0.10526315789473684,0.06896551724137931,0.2222222222222222,0.2291204730229121,0.595,0,Low
0.6000000000000001,0.9473684210526315,0.021999999999999964,0.26,0.0,0.3684210526315789,0.48275862068965514,0.5555555555555556,0.212860310421286,0.09,1,Medium
0.6666666666666667,0.3157894736842105,0.9940000000000001,0.508,0.5714285714285714,0.05263157894736842,0.06896551724137931,0.7777777777777777,0.7235772357723578,0.84,2,High
1.0000000000000002,0.631578947368421,0.485,0.982,1.0,0.894736842105263,0.13793103448275862,1.0,0.518107908351811,0.69,2,High
0.4666666666666668,0.47368421052631576,0.252,0.5660000000000001,0.2857142857142857,0.631578947368421,0.8620689655172413,1.0,0.24907612712490762,0.705,1,Medium
0.6666666666666667,0.3157894736842105,0.35,0.010000000000000009,0.5714285714285714,0.42105263157894735,0.7241379310344828,0.8888888888888888,0.4796747967479675,0.025,2,High
0.1333333333333333,0.8421052631578947,0.040000000000000036,0.972,0.5714285714285714,0.10526315789473684,0.41379310344827586,0.6666666666666666,0.28750923872875095,0.395,0,Low
0.9333333333333333,0.47368421052631576,0.747,0.958,0.8571428571428571,0.2631578947368421,0.13793103448275862,0.1111111111111111,0.6267553584626755,0.625,1,Medium
0.1333333333333333,0.05263157894736842,0.17900000000000005,0.45999999999999996,1.0,0.631578947368421,0.896551724137931,0.8888888888888888,0.3096821877309683,0.915,1,Medium
0.3333333333333335,0.3157894736842105,0.14400000000000002,0.3939999999999999,1.0,0.0,0.9655172413793103,0.5555555555555556,0.1936437546193644,0.285,0,Low
0.8666666666666669,0.3157894736842105,0.19500000000000006,0.482,0.5714285714285714,0.6842105263157894,0.10344827586206896,0.4444444444444444,0.3082039911308205,0.505,1,Medium
0.8666666666666669,0.3157894736842105,0.14100000000000001,0.3859999999999999,0.5714285714285714,1.0,0.1724137931034483,0.3333333333333333,0.11603843311160383,0.52,1,Medium
0.8,0.7368421052631579,0.14800000000000002,0.272,0.14285714285714285,0.7894736842105263,0.5862068965517241,1.0,0.33555062823355514,0.215,1,Medium
0.8,1.0,0.785,0.14600000000000013,0.42857142857142855,0.7894736842105263,0.1724137931034483,0.8888888888888888,0.8603104212860313,0.03,2,High
0.06666666666666665,0.6842105263157894,0.253,0.4970000000000001,0.5714285714285714,1.0,0.8620689655172413,0.5555555555555556,0.3303769401330377,0.015,1,Medium
0.26666666666666683,0.5789473684210527,0.45500000000000007,0.45999999999999996,0.0,0.7894736842105263,0.7241379310344828,0.6666666666666666,0.37102734663710285,0.29,1,Medium
1.0000000000000002,0.15789473684210525,0.16300000000000003,0.10999999999999999,0.42857142857142855,0.3157894736842105,0.3103448275862069,0.0,0.3628972653362897,0.01,0,Low
0.9333333333333333,0.6842105263157894,0.28200000000000003,0.08599999999999997,1.0,0.7894736842105263,0.3103448275862069,0.5555555555555556,0.42054693274205485,0.48,2,High
0.5333333333333334,0.7894736842105263,0.9550000000000002,0.766,0.5714285714285714,0.631578947368421,0.7931034482758621,0.8888888888888888,0.7073170731707317,0.135,2,High
0.6000000000000001,0.2631578947368421,0.634,0.06799999999999995,1.0,0.15789473684210525,0.5862068965517241,0.4444444444444444,0.5513673318551369,0.525,1,Medium
0.3333333333333335,0.42105263157894735,0.8430000000000001,0.532,0.0,0.3157894736842105,0.5172413793103449,0.0,0.7745750184774576,0.435,1,Medium
0.9333333333333333,0.5789473684210527,0.9150000000000001,0.11199999999999988,0.2857142857142857,1.0,0.034482758620689655,0.3333333333333333,0.8876570583887657,0.485,2,High
0.7333333333333332,0.7368421052631579,0.23099999999999998,0.1140000000000001,0.8571428571428571,0.7368421052631579,0.1724137931034483,0.1111111111111111,0.2786400591278641,0.175,1,Medium
0.5333333333333334,0.3684210526315789,0.402,0.71,0.42857142857142855,0.05263157894736842,0.20689655172413793,0.3333333333333333,0.37398373983739835,0.665,0,Low
0.40000000000000013,0.10526315789473684,0.9210000000000002,0.06400000000000006,0.42857142857142855,0.10526315789473684,0.7586206896551724,0.8888888888888888,0.771618625277162,0.215,1,Medium
0.06666666666666665,0.47368421052631576,0.352,0.8059999999999998,0.7142857142857142,0.05263157894736842,0.7241379310344828,0.6666666666666666,0.37102734663710285,0.6,0,Low
0.8,0.10526315789473684,0.8190000000000001,0.29400000000000004,0.5714285714285714,0.15789473684210525,0.13793103448275862,0.0,0.8654841093865486,0.135,1,Medium
0.7333333333333332,0.47368421052631576,0.393,0.254,0.14285714285714285,0.21052631578947367,0.7241379310344828,0.8888888888888888,0.532889874353289,0.145,1,Medium
0.40000000000000013,0.5789473684210527,0.09400000000000003,0.9120000000000001,0.8571428571428571,0.15789473684210525,0.5172413793103449,0.4444444444444444,0.24833702882483372,0.73,0,Low
0.3333333333333335,0.8421052631578947,0.8240000000000002,0.07599999999999996,0.5714285714285714,0.3157894736842105,0.6206896551724138,0.3333333333333333,0.7065779748706578,0.22,1,Medium
0.4666666666666668,0.2631578947368421,0.503,0.71,0.5714285714285714,0.42105263157894735,0.48275862068965514,0.6666666666666666,0.36881005173688103,0.06,1,Medium
0.9333333333333333,0.3684210526315789,0.07900000000000001,0.8699999999999999,0.7142857142857142,0.05263157894736842,0.48275862068965514,0.7777777777777777,0.5018477457501849,0.94,1,Medium
0.8666666666666669,1.0,0.09999999999999998,0.45999999999999996,0.5714285714285714,0.7368421052631579,0.5172413793103449,0.1111111111111111,0.2638580931263858,0.395,0,Low
0.6000000000000001,0.5789473684210527,0.29300000000000004,0.4119999999999999,0.5714285714285714,0.10526315789473684,0.8620689655172413,0.5555555555555556,0.31929046563192903,0.0,1,Medium
0.0,0.47368421052631576,0.672,0.019999999999999907,1.0,0.2631578947368421,0.0,0.8888888888888888,0.7073170731707317,0.77,1,Medium
0.7333333333333332,0.10526315789473684,0.9440000000000001,0.6000000000000001,0.5714285714285714,0.894736842105263,0.48275862068965514,0.2222222222222222,0.7161862527716187,0.31,2,High
1.0000000000000002,0.631578947368421,0.254,0.5900000000000001,0.0,0.7368421052631579,0.7241379310344828,0.2222222222222222,0.5018477457501849,0.48,0,Low
0.8666666666666669,0.0,0.21900000000000008,0.53,0.0,0.7368421052631579,0.1724137931034483,0.3333333333333333,0.3932002956393201,0.735,0,Low
1.0000000000000002,0.894736842105263,0.10199999999999998,0.6160000000000001,0.42857142857142855,0.47368421052631576,0.48275862068965514,0.8888888888888888,0.12269031781226908,0.9,1,Medium
0.9333333333333333,0.9473684210526315,0.10099999999999998,0.29600000000000004,0.5714285714285714,0.42105263157894735,0.06896551724137931,0.3333333333333333,0.5018477457501849,0.34,0,Low
0.4666666666666668,0.7894736842105263,0.729,0.8239999999999998,0.42857142857142855,0.7368421052631579,0.24137931034482757,0.2222222222222222,0.565410199556541,0.885,1,Medium
0.6000000000000001,0.7368421052631579,0.30000000000000004,0.33599999999999985,0.5714285714285714,0.47368421052631576,0.4482758620689655,0.2222222222222222,0.22172949002217307,0.045,1,Medium
0.9333333333333333,0.21052631578947367,0.44499999999999995,0.732,0.2857142857142857,0.42105263157894735,0.0,0.5555555555555556,0.5070214338507022,0.565,0,Low
0.9333333333333333,0.05263157894736842,0.6,0.0039999999999998925,0.7142857142857142,0.894736842105263,0.48275862068965514,0.5555555555555556,0.5779748706577976,0.905,2,High
0.19999999999999996,0.21052631578947367,0.6150000000000001,0.8200000000000001,0.5714285714285714,0.47368421052631576,0.41379310344827586,0.0,0.5432372505543239,0.24,0,Low
0.9333333333333333,0.9473684210526315,0.45600000000000007,0.4039999999999999,0.0,0.7368421052631579,0.5517241379310345,1.0,0.5550628233555064,0.655,1,Medium
0.7333333333333332,0.3157894736842105,0.8390000000000001,0.10199999999999998,1.0,1.0,0.034482758620689655,0.3333333333333333,0.8100517368810054,0.89,2,High
0.26666666666666683,0.631578947368421,0.09999999999999998,0.23399999999999999,0.0,0.6842105263157894,0.896551724137931,0.3333333333333333,0.2978566149297857,0.78,0,Low
0.3333333333333335,0.47368421052631576,0.8210000000000001,0.34399999999999986,0.7142857142857142,1.0,0.10344827586206896,1.0,0.8603104212860313,0.925,2,High
0.19999999999999996,0.3684210526315789,0.646,0.0,0.14285714285714285,0.894736842105263,0.9655172413793103,0.1111111111111111,0.7073170731707317,0.89,1,Medium
0.40000000000000013,0.05263157894736842,0.31799999999999995,0.9940000000000002,0.14285714285714285,0.5263157894736842,0.3103448275862069,0.0,0.47080561714708064,0.405,0,Low
0.5333333333333334,0.7368421052631579,0.9960000000000001,0.4970000000000001,1.0,0.5263157894736842,0.034482758620689655,0.1111111111111111,0.7450110864745012,0.91,1,Medium
0.6666666666666667,0.6842105263157894,0.261,0.1519999999999999,0.14285714285714285,0.7894736842105263,0.4482758620689655,0.2222222222222222,0.3436807095343681,0.76,1,Medium
0.0,0.7368421052631579,0.016000000000000014,0.45199999999999996,0.5714285714285714,0.15789473684210525,0.5172413793103449,0.3333333333333333,0.14855875831485582,0.025,0,Low
1.0000000000000002,0.7894736842105263,0.4960000000000001,0.956,0.7142857142857142,0.15789473684210525,0.7241379310344828,0.7777777777777777,0.4501108647450112,0.075,1,Medium
0.19999999999999996,0.3157894736842105,0.2360000000000001,0.772,0.7142857142857142,0.15789473684210525,0.5862068965517241,0.4444444444444444,0.43976348854397646,0.21,0,Low
0.19999999999999996,0.631578947368421,0.28600000000000003,0.53,0.2857142857142857,0.10526315789473684,0.8620689655172413,0.5555555555555556,0.30524759793052475,0.24,0,Low
0.3333333333333335,0.3684210526315789,0.32100000000000006,0.4970000000000001,0.0,0.2631578947368421,0.6206896551724138,0.5555555555555556,0.29490022172949,0.005,0,Low
0.26666666666666683,0.7894736842105263,0.892,0.8460000000000001,0.7142857142857142,0.05263157894736842,0.1724137931034483,0.2222222222222222,0.9320029563932004,0.945,0,Low
0.19999999999999996,0.7894736842105263,0.979,0.5860000000000001,1.0,0.3684210526315789,0.6206896551724138,0.7777777777777777,0.960088691796009,0.405,2,High
0.06666666666666665,0.3684210526315789,0.265,0.772,0.0,0.47368421052631576,0.24137931034482757,0.5555555555555556,0.27050997782705094,0.14,1,Medium
0.26666666666666683,0.2631578947368421,0.01100000000000001,0.21799999999999997,0.8571428571428571,0.9473684210526315,0.6551724137931034,0.3333333333333333,0.1426459719142646,0.445,1,Medium
0.8666666666666669,0.631578947368421,0.6170000000000001,0.32799999999999985,0.42857142857142855,1.0,0.48275862068965514,0.2222222222222222,0.4974131559497414,0.355,2,High
0.6000000000000001,0.5789473684210527,0.959,0.14200000000000002,0.42857142857142855,0.2631578947368421,0.5517241379310345,0.8888888888888888,0.7524020694752402,0.45,2,High
0.4666666666666668,0.7368421052631579,0.43100000000000005,0.28600000000000003,0.0,1.0,0.8620689655172413,0.4444444444444444,0.3651145602365115,0.11,2,High
0.8,0.9473684210526315,0.33499999999999996,0.45799999999999996,0.5714285714285714,0.7894736842105263,1.0,0.0,0.38507021433850713,0.255,1,Medium
0.0,0.3684210526315789,0.6550000000000001,0.494,0.14285714285714285,0.5789473684210527,0.6896551724137931,0.2222222222222222,0.607538802660754,0.42,1,Medium
0.5333333333333334,0.15789473684210525,0.503,0.538,0.7142857142857142,0.2631578947368421,0.8620689655172413,0.8888888888888888,0.37102734663710285,0.785,1,Medium
0.0,0.9473684210526315,0.555,0.8219999999999998,0.0,0.2631578947368421,0.48275862068965514,0.3333333333333333,0.5971914264597191,0.18,0,Low
0.40000000000000013,0.894736842105263,0.7039999999999998,0.3619999999999999,0.14285714285714285,0.631578947368421,0.5517241379310345,0.2222222222222222,0.7472283813747229,0.045,1,Medium
0.1333333333333333,0.5263157894736842,0.132,0.6340000000000001,0.14285714285714285,0.47368421052631576,0.48275862068965514,0.3333333333333333,0.12416851441241689,0.505,0,Low
0.26666666666666683,0.10526315789473684,0.8310000000000001,0.31199999999999983,0.5714285714285714,0.7368421052631579,0.9655172413793103,0.0,0.6467110125646713,0.81,1,Medium
0.19999999999999996,0.15789473684210525,0.668,0.016000000000000014,0.2857142857142857,0.15789473684210525,0.48275862068965514,0.1111111111111111,0.5964523281596452,0.885,0,Low
0.3333333333333335,0.21052631578947367,0.894,0.05399999999999994,0.2857142857142857,0.3157894736842105,0.034482758620689655,0.5555555555555556,0.8980044345898006,0.405,2,High
0.1333333333333333,0.9473684210526315,0.18899999999999995,0.126,0.14285714285714285,0.8421052631578947,0.5517241379310345,0.1111111111111111,0.34146341463414637,0.695,1,Medium
0.40000000000000013,0.3157894736842105,0.1519999999999999,0.5740000000000001,0.8571428571428571,0.21052631578947367,0.1724137931034483,0.1111111111111111,0.37250554323725066,0.5,0,Low
0.8666666666666669,0.0,0.39,0.45799999999999996,0.0,0.3684210526315789,0.3103448275862069,0.5555555555555556,0.43828529194382865,0.485,1,Medium
1.0000000000000002,0.47368421052631576,0.11699999999999999,0.8719999999999999,0.7142857142857142,1.0,0.7931034482758621,0.7777777777777777,0.1788617886178862,0.62,1,Medium
0.7333333333333332,0.8421052631578947,0.4960000000000001,0.6839999999999999,0.2857142857142857,0.05263157894736842,0.48275862068965514,0.2222222222222222,0.3680709534368071,0.185,0,Low
0.4666666666666668,1.0,0.21100000000000008,0.18399999999999994,0.8571428571428571,0.6842105263157894,0.1724137931034483,0.5555555555555556,0.23577235772357724,0.825,1,Medium
0.8666666666666669,0.3684210526315789,0.3610000000000001,0.4880000000000002,0.2857142857142857,0.8421052631578947,0.6206896551724138,0.7777777777777777,0.5195861049519588,0.595,2,High
0.1333333333333333,0.7368421052631579,0.9090000000000001,0.9239999999999999,0.8571428571428571,0.42105263157894735,0.3103448275862069,0.8888888888888888,0.6991869918699187,0.715,1,Medium
0.6666666666666667,0.2631578947368421,0.04400000000000004,0.6960000000000002,0.7142857142857142,0.47368421052631576,0.27586206896551724,0.5555555555555556,0.030303030303030276,0.065,1,Medium
0.8,0.8421052631578947,0.523,0.20399999999999996,0.2857142857142857,0.7894736842105263,0.8275862068965517,0.5555555555555556,0.3806356245380636,0.415,1,Medium
0.1333333333333333,0.3157894736842105,0.017000000000000015,0.558,0.7142857142857142,0.894736842105263,0.8275862068965517,0.5555555555555556,0.13377679231337763,0.355,2,High
0.1333333333333333,0.3684210526315789,0.41800000000000004,0.9460000000000002,0.5714285714285714,0.7368421052631579,0.8620689655172413,0.7777777777777777,0.45750184774575026,0.295,1,Medium
0.0,0.21052631578947367,0.594,0.16799999999999993,0.14285714285714285,0.6842105263157894,0.8620689655172413,0.0,0.6925351071692536,0.14,1,Medium
0.9333333333333333,0.3157894736842105,0.618,0.6560000000000001,0.14285714285714285,0.2631578947368421,0.3448275862068966,0.2222222222222222,0.7184035476718404,0.22,1,Medium
0.6666666666666667,0.7368421052631579,0.606,0.44199999999999995,0.2857142857142857,0.10526315789473684,0.3103448275862069,0.5555555555555556,0.48854397634885455,0.09,1,Medium
0.5333333333333334,0.894736842105263,0.04800000000000004,0.04399999999999993,0.5714285714285714,0.894736842105263,0.13793103448275862,0.3333333333333333,0.0687361419068736,0.41,1,Medium
0.7333333333333332,0.5263157894736842,0.608,0.22599999999999998,1.0,0.3157894736842105,0.5517241379310345,0.5555555555555556,0.6873614190687363,0.53,1,Medium
0.4666666666666668,0.0,0.644,0.9940000000000002,0.2857142857142857,0.894736842105263,0.5862068965517241,0.0,0.6755358462675536,0.28,1,Medium
0.26666666666666683,0.05263157894736842,0.7519999999999999,0.41400000000000015,0.0,0.2631578947368421,0.24137931034482757,0.5555555555555556,0.6511456023651145,0.35,1,Medium
0.8,0.6842105263157894,0.3360000000000001,0.9059999999999999,0.7142857142857142,0.5263157894736842,0.27586206896551724,0.5555555555555556,0.45824094604582416,0.575,1,Medium
0.26666666666666683,0.894736842105263,0.614,0.0020000000000000018,0.0,0.894736842105263,0.48275862068965514,0.3333333333333333,0.5432372505543239,0.46,2,High
1.0000000000000002,0.21052631578947367,0.9860000000000001,0.28400000000000003,0.5714285714285714,0.631578947368421,0.10344827586206896,0.5555555555555556,0.8152254249815225,0.655,2,High
0.9333333333333333,0.0,0.8210000000000001,0.8280000000000001,1.0,0.5789473684210527,0.0,0.7777777777777777,0.8647450110864747,0.765,1,Medium
0.8,0.2631578947368421,0.4960000000000001,0.134,0.8571428571428571,0.3157894736842105,0.20689655172413793,1.0,0.13377679231337763,0.515,1,Medium
0.8666666666666669,0.05263157894736842,0.4960000000000001,0.704,1.0,0.42105263157894735,1.0,0.4444444444444444,0.8617886178861791,0.92,1,Medium
1.0000000000000002,0.15789473684210525,0.18700000000000006,0.42200000000000015,0.42857142857142855,0.894736842105263,0.7931034482758621,0.8888888888888888,0.2978566149297857,0.545,2,High
0.6666666666666667,0.7894736842105263,0.31100000000000005,0.4970000000000001,0.42857142857142855,0.21052631578947367,0.3793103448275862,0.2222222222222222,0.3333333333333334,0.57,1,Medium
0.3333333333333335,0.9473684210526315,0.30999999999999994,0.788,0.0,0.631578947368421,0.27586206896551724,0.8888888888888888,0.4619364375461938,0.24,1,Medium
0.3333333333333335,0.47368421052631576,0.852,0.17599999999999993,1.0,0.894736842105263,0.9310344827586207,0.2222222222222222,0.8314855875831488,0.245,2,High
0.6000000000000001,0.21052631578947367,0.64,0.508,0.42857142857142855,0.7894736842105263,0.41379310344827586,0.1111111111111111,0.6267553584626755,0.72,1,Medium
0.8,0.5789473684210527,0.8460000000000002,0.40800000000000014,1.0,0.10526315789473684,0.27586206896551724,0.0,0.6489283074648928,0.23,1,Medium
0.06666666666666665,0.7894736842105263,0.20400000000000007,0.18599999999999994,0.7142857142857142,0.05263157894736842,0.06896551724137931,0.3333333333333333,0.4146341463414635,0.35,0,Low
0.40000000000000013,1.0,0.539,0.3660000000000001,0.7142857142857142,0.3157894736842105,0.6551724137931034,0.7777777777777777,0.5003695491500371,0.445,1,Medium
0.0,0.3684210526315789,0.40800000000000003,0.11599999999999999,0.7142857142857142,0.9473684210526315,0.10344827586206896,0.1111111111111111,0.42424242424242425,0.725,2,High
0.4666666666666668,0.3157894736842105,0.07999999999999996,0.31199999999999983,0.2857142857142857,0.3684210526315789,0.10344827586206896,0.0,0.31929046563192903,0.07,0,Low
0.19999999999999996,0.47368421052631576,0.8210000000000001,0.09000000000000008,0.2857142857142857,0.7894736842105263,0.1724137931034483,1.0,0.6289726533628974,0.895,2,High
0.26666666666666683,1.0,0.4810000000000001,0.7380000000000002,0.5714285714285714,0.894736842105263,0.7586206896551724,0.2222222222222222,0.5358462675535849,0.815,1,Medium
0.3333333333333335,0.15789473684210525,0.803,0.11599999999999999,0.5714285714285714,0.42105263157894735,0.896551724137931,0.7777777777777777,0.6489283074648928,0.81,1,Medium
0.3333333333333335,0.3157894736842105,0.10299999999999998,0.4460000000000002,1.0,0.5263157894736842,0.13793103448275862,0.3333333333333333,0.2572062084257207,0.255,1,Medium
0.7333333333333332,0.631578947368421,0.245,0.09600000000000009,1.0,0.5263157894736842,0.5862068965517241,0.0,0.21951219512195125,0.095,1,Medium
0.06666666666666665,0.3157894736842105,0.255,0.21599999999999997,0.5714285714285714,0.05263157894736842,0.0,1.0,0.22616407982261638,0.9,1,Medium
0.7333333333333332,0.10526315789473684,0.904,0.726,0.14285714285714285,0.05263157894736842,0.4482758620689655,0.2222222222222222,0.9164818920916482,0.9,1,Medium
0.1333333333333333,0.8421052631578947,0.916,0.75,0.14285714285714285,0.2631578947368421,0.7586206896551724,0.8888888888888888,0.7524020694752402,0.335,1,Medium
0.5333333333333334,0.894736842105263,0.5820000000000001,0.16999999999999993,0.7142857142857142,0.05263157894736842,0.41379310344827586,0.8888888888888888,0.4759793052475981,0.605,1,Medium
0.06666666666666665,0.5789473684210527,0.41000000000000003,0.46199999999999997,1.0,0.5263157894736842,0.9310344827586207,0.0,0.35772357723577247,0.84,1,Medium
0.4666666666666668,0.21052631578947367,0.17400000000000004,0.3619999999999999,0.8571428571428571,0.9473684210526315,0.48275862068965514,0.8888888888888888,0.25498891352549896,0.685,2,High
0.06666666666666665,0.894736842105263,0.28900000000000003,0.758,0.42857142857142855,0.894736842105263,0.896551724137931,0.6666666666666666,0.3791574279379158,0.065,2,High
0.7333333333333332,0.15789473684210525,0.392,0.8059999999999998,0.2857142857142857,0.5263157894736842,0.896551724137931,0.6666666666666666,0.3998521803399852,0.835,1,Medium
1.0000000000000002,0.47368421052631576,0.4,0.43800000000000017,1.0,0.5263157894736842,0.6896551724137931,1.0,0.4308943089430895,0.42,2,High
0.19999999999999996,0.894736842105263,0.6010000000000001,0.22799999999999998,0.7142857142857142,0.8421052631578947,0.7241379310344828,0.3333333333333333,0.575018477457502,0.055,2,High
0.6000000000000001,0.894736842105263,0.259,0.492,0.8571428571428571,0.894736842105263,0.3448275862068966,0.8888888888888888,0.4611973392461198,0.49,2,High
0.40000000000000013,0.3684210526315789,0.7439999999999999,0.506,0.2857142857142857,0.9473684210526315,0.0,0.1111111111111111,0.6696230598669624,0.005,2,High
0.06666666666666665,1.0,0.912,0.4970000000000001,0.2857142857142857,0.6842105263157894,0.3103448275862069,0.7777777777777777,0.7243163340724317,0.075,2,High
0.8666666666666669,0.7368421052631579,0.6070000000000001,0.14,1.0,0.47368421052631576,0.7931034482758621,0.3333333333333333,0.6045824094604584,0.955,1,Medium
0.1333333333333333,0.10526315789473684,0.8510000000000001,0.3740000000000001,0.0,0.3684210526315789,0.5517241379310345,0.5555555555555556,0.7191426459719144,0.05,1,Medium
1.0000000000000002,0.9473684210526315,0.17000000000000004,0.9059999999999999,0.14285714285714285,0.5263157894736842,0.4482758620689655,1.0,0.2904656319290467,0.325,1,Medium
0.7333333333333332,0.9473684210526315,0.3650000000000001,0.526,0.7142857142857142,0.47368421052631576,0.5862068965517241,0.4444444444444444,0.45898004434589806,0.38,1,Medium
0.06666666666666665,0.894736842105263,0.793,0.796,0.8571428571428571,0.0,0.5172413793103449,0.1111111111111111,0.6681448632668145,0.545,1,Medium
1.0000000000000002,0.5263157894736842,0.67,0.8620000000000001,0.7142857142857142,0.8421052631578947,0.7586206896551724,0.6666666666666666,0.6045824094604584,0.04,2,High
0.0,0.7368421052631579,0.249,0.5760000000000001,0.42857142857142855,0.9473684210526315,0.3448275862068966,1.0,0.3651145602365115,0.035,1,Medium
0.19999999999999996,0.7894736842105263,0.5460000000000002,0.544,0.42857142857142855,0.7368421052631579,0.7586206896551724,0.0,0.5890613451589062,0.605,1,Medium
0.8,0.3684210526315789,0.256,0.4480000000000002,0.8571428571428571,0.47368421052631576,0.1724137931034483,0.6666666666666666,0.3436807095343681,0.76,1,Medium
0.40000000000000013,1.0,0.41899999999999993,0.43800000000000017,0.0,0.21052631578947367,0.3103448275862069,0.6666666666666666,0.5195861049519588,0.61,0,Low
0.8666666666666669,0.631578947368421,0.793,0.33599999999999985,0.2857142857142857,0.5263157894736842,0.9655172413793103,0.4444444444444444,0.6526237989652623,0.965,1,Medium
0.06666666666666665,0.21052631578947367,0.6849999999999999,0.08599999999999997,0.42857142857142855,1.0,0.3103448275862069,0.4444444444444444,0.7516629711751666,0.66,2,High
0.6000000000000001,0.05263157894736842,0.46199999999999997,0.5800000000000001,0.8571428571428571,0.5263157894736842,0.9310344827586207,0.7777777777777777,0.5646711012564671,0.96,1,Medium
0.8666666666666669,0.15789473684210525,0.9680000000000001,0.20199999999999996,0.14285714285714285,0.6842105263157894,0.3793103448275862,0.0,0.9416112342941612,0.87,1,Medium
0.40000000000000013,0.8421052631578947,0.395,0.9100000000000001,0.8571428571428571,0.47368421052631576,0.48275862068965514,0.0,0.5447154471544717,0.07,0,Low
0.0,0.894736842105263,0.366,0.4970000000000001,0.8571428571428571,1.0,0.24137931034482757,0.4444444444444444,0.5365853658536588,0.56,2,High
0.19999999999999996,0.0,0.507,0.43000000000000016,0.42857142857142855,0.3157894736842105,0.6206896551724138,0.7777777777777777,0.4981522542498153,0.435,1,Medium
0.9333333333333333,0.7894736842105263,0.118,0.4800000000000002,0.8571428571428571,0.15789473684210525,0.9655172413793103,0.5555555555555556,0.20029563932002964,0.775,0,Low
0.26666666666666683,0.9473684210526315,0.09500000000000003,0.792,0.2857142857142857,0.2631578947368421,0.24137931034482757,0.4444444444444444,0.2653362897265337,0.985,0,Low
1.0000000000000002,0.2631578947368421,0.9310000000000002,0.6740000000000002,0.7142857142857142,0.0,0.7931034482758621,0.1111111111111111,0.7708795269770881,0.075,1,Medium
0.7333333333333332,0.5263157894736842,0.652,0.04800000000000004,1.0,0.0,0.27586206896551724,0.2222222222222222,0.6836659275683667,0.25,1,Medium
0.6000000000000001,0.47368421052631576,0.11599999999999999,0.8500000000000001,0.2857142857142857,0.8421052631578947,0.3103448275862069,0.7777777777777777,0.32150776053215085,0.93,1,Medium
0.1333333333333333,0.9473684210526315,0.372,0.6839999999999999,0.0,0.5789473684210527,0.8620689655172413,0.1111111111111111,0.2971175166297118,0.97,0,Low
0.7333333333333332,0.631578947368421,0.128,0.8980000000000001,0.42857142857142855,0.15789473684210525,0.0,0.3333333333333333,0.22542498152254248,0.15,0,Low
0.3333333333333335,0.47368421052631576,0.07100000000000001,0.03200000000000003,0.8571428571428571,0.7894736842105263,0.7586206896551724,0.7777777777777777,0.20694752402069477,1.0,1,Medium
0.8666666666666669,0.21052631578947367,0.5619999999999999,0.29600000000000004,0.0,0.6842105263157894,0.8620689655172413,0.8888888888888888,0.5232815964523283,0.4,1,Medium
0.9333333333333333,0.631578947368421,0.6289999999999999,0.3720000000000001,0.5714285714285714,0.7368421052631579,0.034482758620689655,0.7777777777777777,0.5728011825572803,0.53,1,Medium
0.6666666666666667,0.15789473684210525,0.9289999999999999,0.732,0.0,0.3684210526315789,0.48275862068965514,1.0,0.7198817442719883,0.99,1,Medium
0.4666666666666668,0.5789473684210527,0.549,0.6199999999999999,0.2857142857142857,0.631578947368421,0.48275862068965514,0.2222222222222222,0.6474501108647452,0.775,1,Medium
0.8,1.0,0.07500000000000001,0.4970000000000001,0.42857142857142855,0.5263157894736842,0.6206896551724138,0.4444444444444444,0.04065040650406504,0.755,1,Medium
0.6000000000000001,0.3157894736842105,0.532,0.43800000000000017,0.42857142857142855,0.631578947368421,0.0,0.5555555555555556,0.6178861788617886,0.875,1,Medium
0.19999999999999996,0.7894736842105263,0.904,0.278,0.0,0.631578947368421,0.6551724137931034,0.4444444444444444,0.8640059127864006,0.995,2,High
0.9333333333333333,1.0,0.03899999999999998,0.22799999999999998,0.8571428571428571,0.05263157894736842,0.13793103448275862,0.2222222222222222,0.1618625277161863,0.325,0,Low
0.06666666666666665,0.42105263157894735,0.6609999999999999,0.9420000000000002,0.7142857142857142,0.3684210526315789,0.41379310344827586,1.0,0.7560975609756098,0.155,1,Medium
0.5333333333333334,0.894736842105263,0.132,0.050000000000000044,0.5714285714285714,0.7894736842105263,1.0,0.4444444444444444,0.3000739098300074,0.675,1,Medium
0.8,0.3684210526315789,0.6920000000000001,0.3839999999999999,0.42857142857142855,0.3157894736842105,0.5517241379310345,0.1111111111111111,0.5528455284552847,0.885,1,Medium
0.5333333333333334,0.10526315789473684,0.139,0.07200000000000006,1.0,0.8421052631578947,0.6896551724137931,0.0,0.1788617886178862,0.29,1,Medium
0.6666666666666667,0.8421052631578947,0.21299999999999997,0.04800000000000004,0.5714285714285714,1.0,0.06896551724137931,0.5555555555555556,0.2978566149297857,0.8,1,Medium
0.19999999999999996,0.6842105263157894,0.797,0.9920000000000002,0.8571428571428571,0.9473684210526315,0.48275862068965514,0.8888888888888888,0.7427937915742795,0.56,2,High
0.8666666666666669,0.7368421052631579,0.5130000000000001,0.23199999999999998,0.0,0.0,0.48275862068965514,0.5555555555555556,0.6245380635624538,0.865,0,Low
0.06666666666666665,0.42105263157894735,0.4720000000000001,0.542,0.8571428571428571,0.2631578947368421,0.24137931034482757,0.7777777777777777,0.5787139689578715,0.66,1,Medium
0.5333333333333334,0.5789473684210527,0.03200000000000003,0.6900000000000002,0.5714285714285714,0.15789473684210525,0.6206896551724138,0.8888888888888888,0.03252032520325204,0.795,0,Low
0.5333333333333334,0.631578947368421,0.924,0.744,0.8571428571428571,0.5263157894736842,0.6896551724137931,0.1111111111111111,0.8499630450849964,0.315,2,High
0.0,0.0,0.7619999999999999,0.712,0.0,0.9473684210526315,0.8275862068965517,1.0,0.7524020694752402,0.46,2,High
0.3333333333333335,1.0,0.898,0.19399999999999995,0.7142857142857142,0.7894736842105263,0.41379310344827586,0.3333333333333333,0.7723577235772359,0.61,2,High
0.40000000000000013,0.7368421052631579,0.11199999999999999,0.982,0.7142857142857142,0.894736842105263,0.27586206896551724,0.7777777777777777,0.2113821138211383,0.155,1,Medium
0.26666666666666683,0.10526315789473684,0.16300000000000003,0.45999999999999996,0.14285714285714285,1.0,0.3103448275862069,0.8888888888888888,0.37176644493717675,0.68,2,High
0.3333333333333335,0.7894736842105263,0.07400000000000001,0.516,0.14285714285714285,0.7368421052631579,0.3793103448275862,0.0,0.1603843311160384,0.86,0,Low
0.1333333333333333,1.0,0.4960000000000001,0.8859999999999999,0.8571428571428571,0.9473684210526315,0.3103448275862069,0.4444444444444444,0.6674057649667406,0.035,2,High
0.6666666666666667,0.3684210526315789,0.4960000000000001,0.982,0.0,0.5789473684210527,0.5517241379310345,1.0,0.19142645971914268,0.48,1,Medium
0.4666666666666668,0.9473684210526315,0.9630000000000002,0.546,0.2857142857142857,0.3684210526315789,0.3103448275862069,0.0,0.8115299334811532,0.515,1,Medium
0.1333333333333333,0.631578947368421,0.6900000000000001,0.1439999999999999,0.5714285714285714,0.0,0.034482758620689655,0.8888888888888888,0.7738359201773837,0.385,1,Medium
0.40000000000000013,0.47368421052631576,0.33499999999999996,0.3320000000000001,0.7142857142857142,0.3157894736842105,0.6896551724137931,0.3333333333333333,0.50849963045085,0.285,1,Medium
0.5333333333333334,0.3684210526315789,0.509,0.4880000000000002,0.14285714285714285,0.9473684210526315,0.06896551724137931,0.0,0.3821138211382115,0.23,1,Medium
0.9333333333333333,1.0,0.717,0.8859999999999999,1.0,0.3684210526315789,0.3793103448275862,0.4444444444444444,0.7612712490761273,0.035,2,High
0.7333333333333332,0.05263157894736842,0.43400000000000005,0.1359999999999999,0.5714285714285714,0.631578947368421,0.9310344827586207,0.1111111111111111,0.5986696230598672,0.445,1,Medium
0.6000000000000001,0.3684210526315789,0.916,0.05399999999999994,0.2857142857142857,0.0,0.7241379310344828,0.1111111111111111,0.7560975609756098,0.625,2,High
0.8666666666666669,0.0,0.09000000000000002,0.3340000000000001,0.14285714285714285,0.05263157894736842,0.4482758620689655,0.8888888888888888,0.14855875831485582,0.435,0,Low
0.19999999999999996,0.42105263157894735,0.642,0.766,0.14285714285714285,0.10526315789473684,0.896551724137931,0.1111111111111111,0.5070214338507022,0.45,0,Low
0.6000000000000001,0.10526315789473684,0.9230000000000002,0.6980000000000002,0.42857142857142855,0.42105263157894735,0.27586206896551724,0.8888888888888888,0.9379157427937916,0.95,2,High
0.7333333333333332,0.47368421052631576,0.936,0.13000000000000012,0.0,0.6842105263157894,0.7931034482758621,0.8888888888888888,0.8654841093865486,0.055,2,High
0.4666666666666668,0.631578947368421,0.46099999999999997,0.118,0.2857142857142857,0.47368421052631576,0.13793103448275862,0.7777777777777777,0.5055432372505544,0.37,1,Medium
0.0,0.5789473684210527,0.355,0.04200000000000004,1.0,0.631578947368421,0.5172413793103449,0.6666666666666666,0.5151515151515151,0.03,2,High
0.7333333333333332,0.894736842105263,0.765,0.7,0.0,0.631578947368421,0.4482758620689655,0.8888888888888888,0.6156688839615669,0.345,2,High
0.40000000000000013,0.05263157894736842,0.2280000000000001,0.8160000000000001,0.14285714285714285,0.9473684210526315,0.034482758620689655,0.7777777777777777,0.20325203252032525,0.435,1,Medium
0.6666666666666667,0.894736842105263,0.9380000000000001,0.22999999999999998,0.7142857142857142,1.0,0.7241379310344828,0.8888888888888888,0.6799704360679972,1.0,2,High
0.1333333333333333,0.21052631578947367,0.549,0.4099999999999999,0.42857142857142855,0.7368421052631579,0.13793103448275862,0.4444444444444444,0.5321507760532151,0.91,1,Medium
0.19999999999999996,0.15789473684210525,0.6150000000000001,0.26,1.0,0.3157894736842105,0.3103448275862069,0.8888888888888888,0.4818920916481893,0.36,2,High
0.0,0.894736842105263,0.246,0.09199999999999997,0.14285714285714285,0.15789473684210525,1.0,0.0,0.33407243163340733,0.74,0,Low
0.9333333333333333,0.0,0.8530000000000001,1.0,0.8571428571428571,0.3157894736842105,1.0,0.0,0.8883961566888399,0.945,1,Medium
0.40000000000000013,0.05263157894736842,0.383,0.14,0.7142857142857142,0.3684210526315789,0.3103448275862069,0.8888888888888888,0.4641537324464155,0.55,2,High
0.7333333333333332,0.3157894736842105,0.478,0.07799999999999996,0.7142857142857142,0.05263157894736842,0.48275862068965514,0.5555555555555556,0.6164079822616408,0.47,1,Medium
0.8,0.47368421052631576,0.6250000000000001,0.15000000000000002,0.5714285714285714,0.7894736842105263,0.6206896551724138,0.5555555555555556,0.5550628233555064,0.87,2,High
0.5333333333333334,0.5789473684210527,0.8119999999999999,0.014000000000000012,0.8571428571428571,0.7894736842105263,0.4482758620689655,0.8888888888888888,0.8447893569844791,0.285,2,High
0.9333333333333333,0.2631578947368421,0.476,0.5900000000000001,0.8571428571428571,0.21052631578947367,0.6206896551724138,0.3333333333333333,0.5942350332594237,0.205,1,Medium
0.6666666666666667,0.6842105263157894,0.7759999999999999,0.6260000000000001,0.14285714285714285,0.47368421052631576,0.27586206896551724,0.2222222222222222,0.8499630450849964,0.015,2,High
0.8666666666666669,0.2631578947368421,0.793,0.5860000000000001,0.14285714285714285,0.05263157894736842,0.13793103448275862,1.0,0.6430155210643016,0.43,1,Medium
0.19999999999999996,0.894736842105263,0.6769999999999999,0.6100000000000001,1.0,0.0,0.3103448275862069,1.0,0.4951958610495197,0.185,1,Medium
0.9333333333333333,0.9473684210526315,0.749,0.5720000000000001,0.5714285714285714,0.3684210526315789,0.034482758620689655,1.0,0.5971914264597191,0.79,2,High
0.6666666666666667,0.2631578947368421,0.013999999999999957,0.8859999999999999,0.0,0.47368421052631576,0.6206896551724138,0.1111111111111111,0.22246858832224697,0.6,0,Low
0.5333333333333334,0.3157894736842105,0.8510000000000001,0.118,0.14285714285714285,0.894736842105263,0.3448275862068966,0.8888888888888888,0.8292682926829269,0.715,2,High
0.19999999999999996,0.15789473684210525,0.516,0.43200000000000016,1.0,0.47368421052631576,0.6551724137931034,0.5555555555555556,0.6600147819660016,0.495,1,Medium
0.7333333333333332,1.0,0.131,0.758,0.5714285714285714,0.5263157894736842,0.8620689655172413,0.8888888888888888,0.20325203252032525,0.325,1,Medium
0.6666666666666667,0.42105263157894735,0.884,0.14,0.8571428571428571,0.7894736842105263,0.3103448275862069,1.0,0.6518847006651884,0.63,2,High
0.0,0.8421052631578947,0.7240000000000001,0.6260000000000001,0.8571428571428571,0.15789473684210525,0.5517241379310345,0.0,0.5779748706577976,0.93,0,Low
0.5333333333333334,0.8421052631578947,0.19900000000000007,0.9199999999999999,0.7142857142857142,0.7894736842105263,0.9310344827586207,0.4444444444444444,0.24094604582409468,0.68,0,Low
0.26666666666666683,0.7368421052631579,0.42300000000000004,0.14600000000000013,0.0,0.8421052631578947,0.0,0.4444444444444444,0.4855875831485588,0.505,1,Medium
0.19999999999999996,0.8421052631578947,0.9310000000000002,0.31600000000000006,0.7142857142857142,0.15789473684210525,0.4482758620689655,0.1111111111111111,0.8107908351810791,0.05,1,Medium
0.26666666666666683,0.05263157894736842,0.387,0.4039999999999999,0.5714285714285714,0.0,0.20689655172413793,0.0,0.5624538063562454,0.395,0,Low
0.3333333333333335,0.7368421052631579,0.276,0.29400000000000004,0.2857142857142857,0.8421052631578947,0.27586206896551724,0.3333333333333333,0.5018477457501849,0.05,1,Medium
0.26666666666666683,0.10526315789473684,0.8490000000000001,0.4970000000000001,0.8571428571428571,0.15789473684210525,0.5517241379310345,0.4444444444444444,0.631929046563193,0.505,1,Medium
1.0000000000000002,0.9473684210526315,0.9780000000000001,0.19999999999999996,0.5714285714285714,0.47368421052631576,0.5517241379310345,0.5555555555555556,0.9268292682926831,0.21,2,High
0.6000000000000001,0.894736842105263,0.16200000000000003,0.6660000000000001,0.0,0.631578947368421,0.7931034482758621,0.3333333333333333,0.1958610495195861,0.565,0,Low
0.26666666666666683,0.15789473684210525,0.9840000000000001,0.274,1.0,0.7894736842105263,0.1724137931034483,1.0,0.5018477457501849,0.875,2,High
0.26666666666666683,0.9473684210526315,0.2440000000000001,0.274,1.0,0.7894736842105263,0.24137931034482757,0.8888888888888888,0.229859571322986,0.48,2,High
1.0000000000000002,0.894736842105263,0.347,0.18800000000000006,0.14285714285714285,0.3157894736842105,0.48275862068965514,0.5555555555555556,0.48928307464892845,0.685,1,Medium
0.8,0.631578947368421,0.21100000000000008,0.11999999999999988,0.0,0.15789473684210525,0.1724137931034483,0.5555555555555556,0.2971175166297118,0.155,0,Low
0.1333333333333333,0.47368421052631576,0.45500000000000007,0.42799999999999994,1.0,0.10526315789473684,0.9655172413793103,0.6666666666666666,0.5772357723577237,0.02,1,Medium
0.6666666666666667,0.05263157894736842,0.4109999999999999,0.8960000000000001,0.7142857142857142,0.3157894736842105,0.6896551724137931,0.7777777777777777,0.5092387287509239,0.15,1,Medium
0.8,0.47368421052631576,0.271,0.786,0.7142857142857142,0.5789473684210527,0.7586206896551724,0.8888888888888888,0.25572801182557287,0.38,1,Medium
0.8,0.631578947368421,0.7039999999999998,0.0119999999999999,0.14285714285714285,0.0,0.06896551724137931,0.6666666666666666,0.6489283074648928,0.805,1,Medium
0.5333333333333334,1.0,0.133,0.4640000000000002,1.0,0.5263157894736842,0.3103448275862069,0.0,0.15151515151515155,0.475,0,Low
0.26666666666666683,0.3684210526315789,0.4039999999999999,0.6439999999999999,0.2857142857142857,0.894736842105263,0.06896551724137931,1.0,0.38507021433850713,0.55,1,Medium
0.6000000000000001,0.8421052631578947,0.682,0.8780000000000001,0.14285714285714285,0.894736842105263,0.1724137931034483,0.0,0.7235772357723578,0.17,1,Medium
0.9333333333333333,0.10526315789473684,0.09800000000000003,0.8579999999999999,0.5714285714285714,0.10526315789473684,0.5517241379310345,0.6666666666666666,0.1943828529194383,0.445,0,Low
0.0,0.42105263157894735,0.32999999999999996,0.11599999999999999,0.2857142857142857,0.10526315789473684,0.13793103448275862,0.6666666666666666,0.3318551367331855,0.92,0,Low
0.4666666666666668,0.631578947368421,0.15800000000000003,0.8780000000000001,0.0,0.21052631578947367,0.3103448275862069,0.3333333333333333,0.3141167775314118,0.295,0,Low
0.6000000000000001,0.9473684210526315,0.02100000000000002,0.4099999999999999,0.0,0.3684210526315789,0.48275862068965514,0.7777777777777777,0.2143385070214338,0.915,0,Low
0.4666666666666668,0.3684210526315789,0.36,0.21599999999999997,1.0,0.9473684210526315,0.8275862068965517,0.7777777777777777,0.3429416112342942,0.005,2,High
0.26666666666666683,0.3157894736842105,0.17400000000000004,0.3839999999999999,0.0,0.7894736842105263,0.13793103448275862,0.0,0.13895048041389507,0.23,0,Low
0.9333333333333333,0.10526315789473684,0.21600000000000008,0.20399999999999996,0.7142857142857142,0.894736842105263,0.13793103448275862,0.2222222222222222,0.41980783444198094,0.865,1,Medium
0.8,0.05263157894736842,0.646,0.492,0.0,0.8421052631578947,0.6206896551724138,1.0,0.5521064301552108,0.66,1,Medium
0.4666666666666668,0.3157894736842105,0.4960000000000001,0.8200000000000001,0.7142857142857142,0.9473684210526315,0.27586206896551724,0.5555555555555556,0.8580931263858094,0.37,2,High
0.19999999999999996,0.05263157894736842,0.5650000000000001,0.788,0.42857142857142855,0.47368421052631576,0.3448275862068966,0.2222222222222222,0.6422764227642277,0.59,0,Low
0.19999999999999996,0.5263157894736842,0.41600000000000004,0.29200000000000004,1.0,0.05263157894736842,0.6206896551724138,0.3333333333333333,0.5314116777531412,0.595,0,Low
0.1333333333333333,0.894736842105263,0.719,0.6420000000000001,0.5714285714285714,0.47368421052631576,0.0,0.6666666666666666,0.7642276422764229,0.91,1,Medium
0.6666666666666667,0.15789473684210525,0.914,0.952,0.5714285714285714,0.3157894736842105,0.5862068965517241,1.0,0.7309682187730968,0.755,1,Medium
0.8,0.47368421052631576,0.44399999999999995,0.9000000000000001,0.42857142857142855,0.42105263157894735,0.9655172413793103,0.8888888888888888,0.5705838876570586,0.89,1,Medium
0.4666666666666668,0.631578947368421,0.275,0.0119999999999999,0.8571428571428571,0.9473684210526315,0.5862068965517241,0.4444444444444444,0.22246858832224697,0.61,1,Medium
0.6666666666666667,0.21052631578947367,0.85,0.772,0.2857142857142857,0.6842105263157894,0.13793103448275862,0.6666666666666666,0.6984478935698448,0.08,2,High
0.1333333333333333,1.0,0.43200000000000005,0.6699999999999999,0.7142857142857142,0.10526315789473684,0.3448275862068966,0.0,0.5454545454545456,0.235,0,Low
0.26666666666666683,0.0,0.2240000000000001,0.19600000000000006,0.8571428571428571,0.9473684210526315,0.7586206896551724,0.1111111111111111,0.15594974131559497,0.695,2,High
1.0000000000000002,0.894736842105263,0.381,0.027999999999999914,0.7142857142857142,0.3157894736842105,0.48275862068965514,0.2222222222222222,0.26607538802660763,0.48,1,Medium
1.0000000000000002,0.3684210526315789,0.6940000000000001,0.558,0.5714285714285714,0.8421052631578947,0.8620689655172413,0.7777777777777777,0.7723577235772359,0.7,2,High
0.8,0.05263157894736842,0.8330000000000001,0.6460000000000001,1.0,0.6842105263157894,0.7931034482758621,0.6666666666666666,0.7627494456762749,0.505,1,Medium
0.4666666666666668,0.7368421052631579,0.399,0.8260000000000003,0.8571428571428571,0.5263157894736842,0.6551724137931034,0.8888888888888888,0.4663710273466372,0.41,1,Medium
0.7333333333333332,0.5789473684210527,0.03200000000000003,0.8200000000000001,0.42857142857142855,0.0,0.6896551724137931,0.5555555555555556,0.16334072431633412,0.225,0,Low
0.8,0.21052631578947367,0.7060000000000001,0.8680000000000001,0.8571428571428571,0.631578947368421,0.41379310344827586,0.5555555555555556,0.5528455284552847,0.51,2,High
0.9333333333333333,0.3684210526315789,0.7779999999999999,0.014000000000000012,0.2857142857142857,0.2631578947368421,0.896551724137931,0.3333333333333333,0.5735402808573542,0.585,1,Medium
0.19999999999999996,0.2631578947368421,0.32199999999999995,0.40600000000000014,0.8571428571428571,0.6842105263157894,0.48275862068965514,0.5555555555555556,0.2645971914264597,0.68,1,Medium
0.06666666666666665,0.6842105263157894,0.4630000000000001,0.6340000000000001,1.0,1.0,0.10344827586206896,0.0,0.5358462675535849,0.99,2,High
0.1333333333333333,0.9473684210526315,0.383,0.4460000000000002,0.8571428571428571,0.3157894736842105,1.0,0.0,0.41906873614190704,0.475,1,Medium
0.8,0.5263157894736842,0.32699999999999996,0.42400000000000015,0.5714285714285714,0.42105263157894735,0.8620689655172413,0.5555555555555556,0.5077605321507761,0.845,0,Low
0.8,0.5263157894736842,0.862,0.29200000000000004,1.0,0.6842105263157894,0.20689655172413793,0.5555555555555556,0.5018477457501849,0.505,2,High
0.8666666666666669,0.3684210526315789,0.259,0.8280000000000001,0.2857142857142857,0.894736842105263,0.5862068965517241,0.7777777777777777,0.3983739837398374,0.795,1,Medium
0.40000000000000013,0.5263157894736842,0.684,0.09399999999999997,0.5714285714285714,0.8421052631578947,0.5172413793103449,0.8888888888888888,0.5018477457501849,0.715,2,High
0.4666666666666668,0.10526315789473684,0.987,0.938,0.0,0.7894736842105263,0.3793103448275862,0.6666666666666666,0.9645232815964526,0.04,1,Medium
0.6000000000000001,0.47368421052631576,0.547,0.238,0.7142857142857142,0.631578947368421,0.6206896551724138,0.6666666666666666,0.6267553584626755,0.33,2,High
0.40000000000000013,0.42105263157894735,0.715,0.5640000000000001,0.2857142857142857,0.6842105263157894,0.7931034482758621,0.3333333333333333,0.6178861788617886,0.9,1,Medium
0.8666666666666669,0.8421052631578947,0.15999999999999992,0.06999999999999995,0.0,0.10526315789473684,0.3103448275862069,0.0,0.28529194382852924,0.445,0,Low
0.40000000000000013,0.8421052631578947,0.8230000000000001,0.3900000000000001,0.42857142857142855,0.47368421052631576,0.7586206896551724,0.4444444444444444,0.7014042867701404,0.005,1,Medium
0.8,0.5263157894736842,0.534,0.32600000000000007,0.0,0.0,0.6551724137931034,0.3333333333333333,0.4434589800443461,0.235,1,Medium
0.9333333333333333,0.7894736842105263,0.262,0.44999999999999996,0.8571428571428571,0.47368421052631576,0.896551724137931,0.8888888888888888,0.44124168514412426,0.88,1,Medium
0.1333333333333333,0.47368421052631576,0.3490000000000001,0.17799999999999994,0.8571428571428571,0.7368421052631579,0.6551724137931034,0.2222222222222222,0.3481152993348116,0.22,2,High
1.0000000000000002,0.3684210526315789,0.936,0.21999999999999997,0.7142857142857142,0.5263157894736842,0.7586206896551724,0.3333333333333333,0.6903178122690319,0.9,2,High
0.3333333333333335,0.0,0.372,0.6800000000000002,0.8571428571428571,0.10526315789473684,0.8620689655172413,1.0,0.4759793052475981,0.56,1,Medium
0.7333333333333332,0.7368421052631579,0.886,0.16600000000000004,0.5714285714285714,1.0,0.10344827586206896,0.8888888888888888,0.8728750923872877,0.86,2,High
0.19999999999999996,0.6842105263157894,0.44900000000000007,0.712,1.0,0.631578947368421,0.6551724137931034,0.2222222222222222,0.32446415373244647,0.44,2,High
0.0,0.3157894736842105,0.684,0.716,0.8571428571428571,0.631578947368421,0.8620689655172413,0.4444444444444444,0.7775314116777532,0.955,1,Medium
0.3333333333333335,0.42105263157894735,0.3450000000000001,0.19199999999999995,0.5714285714285714,0.42105263157894735,0.27586206896551724,0.4444444444444444,0.5018477457501849,0.475,1,Medium
0.26666666666666683,0.3684210526315789,0.943,0.9120000000000001,0.7142857142857142,0.7894736842105263,0.24137931034482757,0.6666666666666666,0.5018477457501849,0.495,2,High
0.4666666666666668,0.8421052631578947,0.22099999999999997,0.8920000000000001,0.5714285714285714,0.15789473684210525,0.9310344827586207,0.8888888888888888,0.3155949741315596,0.08,0,Low
0.8,0.47368421052631576,0.46099999999999997,0.9160000000000001,0.42857142857142855,0.8421052631578947,0.3448275862068966,1.0,0.3976348854397635,0.315,2,High
0.9333333333333333,1.0,0.626,0.0119999999999999,1.0,1.0,0.24137931034482757,0.4444444444444444,0.6348854397634887,0.265,2,High
0.3333333333333335,0.21052631578947367,0.8350000000000001,0.1279999999999999,0.14285714285714285,0.47368421052631576,0.1724137931034483,0.4444444444444444,0.7191426459719144,0.585,1,Medium
0.1333333333333333,0.05263157894736842,0.256,0.5800000000000001,0.2857142857142857,0.3157894736842105,0.7241379310344828,0.1111111111111111,0.2446415373244642,0.68,0,Low
0.1333333333333333,0.5789473684210527,0.4820000000000001,0.6480000000000001,0.42857142857142855,0.42105263157894735,0.10344827586206896,0.4444444444444444,0.5602365114560237,0.55,1,Medium
0.5333333333333334,0.5789473684210527,0.6689999999999999,0.8600000000000001,0.5714285714285714,0.5789473684210527,0.034482758620689655,0.4444444444444444,0.592017738359202,0.665,1,Medium
0.26666666666666683,0.6842105263157894,0.8350000000000001,0.22799999999999998,0.42857142857142855,1.0,1.0,0.6666666666666666,0.7065779748706578,0.805,2,High
0.40000000000000013,0.05263157894736842,0.33899999999999997,0.802,0.42857142857142855,0.42105263157894735,0.10344827586206896,0.6666666666666666,0.24833702882483372,0.16,1,Medium
1.0000000000000002,1.0,0.41800000000000004,0.702,1.0,0.7368421052631579,0.6206896551724138,0.4444444444444444,0.5705838876570586,0.49,1,Medium
0.6666666666666667,0.6842105263157894,0.745,0.278,0.0,0.47368421052631576,0.9310344827586207,0.4444444444444444,0.754619364375462,0.765,1,Medium
0.4666666666666668,0.6842105263157894,0.32300000000000006,0.9480000000000002,0.0,0.05263157894736842,0.6896551724137931,0.3333333333333333,0.24981522542498152,0.21,0,Low
0.4666666666666668,0.0,0.576,0.41999999999999993,1.0,0.2631578947368421,0.0,0.6666666666666666,0.47524020694752417,0.775,1,Medium
0.40000000000000013,0.631578947368421,0.4960000000000001,0.6699999999999999,0.42857142857142855,0.21052631578947367,0.7241379310344828,0.2222222222222222,0.2801182557280119,0.34,0,Low
0.3333333333333335,0.3684210526315789,0.587,0.4099999999999999,0.8571428571428571,0.894736842105263,0.6551724137931034,0.2222222222222222,0.43976348854397646,0.695,1,Medium
0.0,0.631578947368421,0.32300000000000006,0.126,0.0,0.8421052631578947,0.3103448275862069,1.0,0.38507021433850713,0.525,2,High
0.1333333333333333,0.47368421052631576,0.263,0.18200000000000005,0.8571428571428571,0.7368421052631579,0.8275862068965517,0.2222222222222222,0.2586844050258686,0.02,1,Medium
0.40000000000000013,1.0,0.7039999999999998,0.482,0.5714285714285714,0.10526315789473684,0.3103448275862069,0.1111111111111111,0.7235772357723578,0.26,1,Medium
0.8,0.15789473684210525,0.44900000000000007,0.05800000000000005,0.8571428571428571,0.5789473684210527,0.896551724137931,0.7777777777777777,0.5107169253510717,0.15,2,High
0.3333333333333335,0.5789473684210527,0.501,0.9260000000000002,0.5714285714285714,0.21052631578947367,0.06896551724137931,0.0,0.5587583148558759,0.815,0,Low
0.26666666666666683,1.0,0.2440000000000001,0.4970000000000001,0.7142857142857142,0.10526315789473684,0.6551724137931034,1.0,0.3621581670362158,0.045,1,Medium
0.6666666666666667,0.9473684210526315,0.4109999999999999,0.04399999999999993,0.5714285714285714,0.05263157894736842,0.8620689655172413,1.0,0.45528455284552843,0.2,0,Low
0.8,0.0,0.16399999999999992,0.78,0.5714285714285714,0.0,0.41379310344827586,0.3333333333333333,0.11603843311160383,0.325,0,Low
0.06666666666666665,0.5263157894736842,0.57,0.02400000000000002,0.7142857142857142,0.0,0.8275862068965517,0.5555555555555556,0.6341463414634148,0.725,1,Medium
0.06666666666666665,0.3684210526315789,0.4970000000000001,0.22999999999999998,1.0,0.8421052631578947,0.9310344827586207,0.8888888888888888,0.5720620842572062,0.135,2,High
0.5333333333333334,0.8421052631578947,0.252,0.6080000000000001,0.14285714285714285,0.47368421052631576,0.5517241379310345,0.3333333333333333,0.3481152993348116,0.93,0,Low
0.7333333333333332,0.0,0.18700000000000006,0.0119999999999999,0.7142857142857142,0.631578947368421,0.27586206896551724,0.7777777777777777,0.19807834441980782,0.535,1,Medium
0.40000000000000013,0.894736842105263,0.42699999999999994,0.544,0.5714285714285714,0.8421052631578947,0.1724137931034483,0.5555555555555556,0.37176644493717675,0.9,2,High
0.3333333333333335,0.2631578947368421,0.9700000000000001,0.9000000000000001,0.2857142857142857,0.15789473684210525,1.0,0.8888888888888888,0.779009608277901,0.25,1,Medium
0.5333333333333334,0.3157894736842105,0.18399999999999994,0.8480000000000001,0.42857142857142855,0.05263157894736842,0.7931034482758621,0.8888888888888888,0.40428677014042874,0.5,0,Low
0.3333333333333335,0.2631578947368421,0.00599999999999995,0.16400000000000003,0.7142857142857142,0.3684210526315789,0.034482758620689655,0.1111111111111111,0.12047302291204726,0.175,0,Low
0.4666666666666668,0.47368421052631576,0.6150000000000001,0.7300000000000002,1.0,0.6842105263157894,0.8275862068965517,0.6666666666666666,0.6607538802660755,0.785,1,Medium
0.40000000000000013,0.47368421052631576,0.8789999999999999,0.31999999999999984,0.42857142857142855,0.15789473684210525,0.5862068965517241,0.2222222222222222,0.7590539541759056,0.85,1,Medium
0.3333333333333335,0.3684210526315789,0.008000000000000007,0.3859999999999999,0.14285714285714285,0.5789473684210527,0.4482758620689655,0.3333333333333333,0.046563192904656325,0.665,0,Low
0.4666666666666668,0.5263157894736842,0.0010000000000000009,0.8960000000000001,0.0,0.15789473684210525,0.5862068965517241,0.2222222222222222,0.03621581670362156,0.205,0,Low
0.9333333333333333,0.05263157894736842,0.6900000000000001,0.1519999999999999,0.8571428571428571,0.631578947368421,0.41379310344827586,0.0,0.753880266075388,0.42,1,Medium
0.6000000000000001,0.3157894736842105,0.87,0.3560000000000001,1.0,0.7894736842105263,0.5517241379310345,0.0,0.73909830007391,0.105,2,High
0.4666666666666668,0.7368421052631579,0.733,0.8059999999999998,0.8571428571428571,0.05263157894736842,0.5862068965517241,0.8888888888888888,0.7368810051736883,0.92,1,Medium
0.1333333333333333,0.10526315789473684,0.31799999999999995,0.6039999999999999,0.2857142857142857,0.631578947368421,0.0,0.3333333333333333,0.34072431633407246,0.34,1,Medium
0.5333333333333334,0.7894736842105263,0.64,0.8680000000000001,0.0,0.6842105263157894,0.4482758620689655,0.8888888888888888,0.5269770879526978,0.19,1,Medium
0.06666666666666665,0.894736842105263,0.4890000000000001,0.08000000000000007,0.14285714285714285,0.8421052631578947,0.6551724137931034,0.3333333333333333,0.5565410199556542,0.11,2,High
0.06666666666666665,0.8421052631578947,0.5449999999999999,0.7300000000000002,1.0,1.0,0.41379310344827586,0.7777777777777777,0.6807095343680711,0.575,2,High
0.06666666666666665,0.15789473684210525,0.509,0.8100000000000003,0.5714285714285714,0.2631578947368421,0.10344827586206896,0.4444444444444444,0.5402808573540281,0.655,0,Low
0.8,0.7368421052631579,0.785,0.752,0.5714285714285714,0.2631578947368421,0.034482758620689655,0.1111111111111111,0.7649667405764968,0.185,1,Medium
0.1333333333333333,0.5263157894736842,0.4960000000000001,0.8579999999999999,1.0,0.5263157894736842,0.7931034482758621,0.5555555555555556,0.7398373983739839,0.2,1,Medium
0.40000000000000013,0.47368421052631576,0.8080000000000002,0.732,0.8571428571428571,0.05263157894736842,0.6206896551724138,0.1111111111111111,0.7509238728750924,0.6,1,Medium
0.1333333333333333,0.5789473684210527,0.10399999999999998,0.5760000000000001,1.0,0.9473684210526315,0.5517241379310345,0.3333333333333333,0.20399113082039916,0.705,1,Medium
0.0,0.05263157894736842,0.602,0.5760000000000001,0.5714285714285714,0.10526315789473684,0.06896551724137931,0.3333333333333333,0.5757575757575759,0.07,1,Medium
0.8,0.631578947368421,0.723,0.29200000000000004,0.8571428571428571,0.5789473684210527,0.5862068965517241,0.2222222222222222,0.7664449371766446,0.345,1,Medium
0.6000000000000001,0.05263157894736842,0.6829999999999999,0.6220000000000001,0.14285714285714285,0.5789473684210527,0.5862068965517241,0.3333333333333333,0.518107908351811,0.62,1,Medium
0.8666666666666669,0.15789473684210525,0.18799999999999994,0.40000000000000013,0.8571428571428571,0.631578947368421,0.06896551724137931,0.3333333333333333,0.23725055432372505,0.925,1,Medium
0.06666666666666665,0.5789473684210527,0.8880000000000002,0.09800000000000009,0.7142857142857142,0.42105263157894735,1.0,0.2222222222222222,0.8706577974870657,0.195,2,High
0.7333333333333332,0.3157894736842105,0.8350000000000001,0.752,0.42857142857142855,0.15789473684210525,0.5517241379310345,0.4444444444444444,0.6452328159645233,0.425,1,Medium
0.8,0.21052631578947367,0.8160000000000002,0.42400000000000015,0.42857142857142855,0.15789473684210525,0.9655172413793103,0.3333333333333333,0.8255728011825574,0.335,1,Medium
0.40000000000000013,0.3157894736842105,0.07699999999999996,0.776,0.0,0.7368421052631579,0.06896551724137931,0.5555555555555556,0.1929046563192905,0.46,0,Low
0.40000000000000013,0.5263157894736842,0.494,0.53,0.5714285714285714,0.10526315789473684,0.5172413793103449,0.4444444444444444,0.44124168514412426,0.84,1,Medium
0.6000000000000001,0.6842105263157894,0.18700000000000006,0.544,0.2857142857142857,0.15789473684210525,0.7241379310344828,0.1111111111111111,0.35772357723577247,0.25,0,Low
0.8,0.8421052631578947,0.8789999999999999,0.5680000000000001,0.8571428571428571,0.5789473684210527,0.5517241379310345,0.8888888888888888,0.7287509238728751,0.17,2,High
1.0000000000000002,0.47368421052631576,0.10599999999999998,0.3660000000000001,0.5714285714285714,0.2631578947368421,0.3103448275862069,0.3333333333333333,0.20546932742054697,0.9,0,Low
0.0,0.7894736842105263,0.22999999999999998,0.49,1.0,0.42105263157894735,0.896551724137931,0.1111111111111111,0.16999260901699925,0.89,0,Low
0.4666666666666668,0.7894736842105263,0.7839999999999999,0.954,0.42857142857142855,0.47368421052631576,0.6206896551724138,0.7777777777777777,0.6201034737620104,0.195,1,Medium
0.26666666666666683,0.05263157894736842,0.8949999999999999,0.026000000000000023,0.2857142857142857,0.5789473684210527,0.7931034482758621,0.3333333333333333,0.9172209903917223,0.295,2,High
0.1333333333333333,0.0,0.932,0.09000000000000008,0.0,0.5789473684210527,0.6551724137931034,0.6666666666666666,0.7575757575757578,0.995,1,Medium
0.06666666666666665,0.8421052631578947,0.05999999999999994,0.31400000000000006,0.5714285714285714,0.0,0.5517241379310345,0.7777777777777777,0.20842572062084258,0.83,0,Low
0.19999999999999996,1.0,0.266,0.9219999999999999,0.8571428571428571,0.21052631578947367,0.8620689655172413,0.4444444444444444,0.30672579453067256,0.965,0,Low
0.6666666666666667,0.6842105263157894,0.906,0.0039999999999998925,1.0,0.21052631578947367,0.7586206896551724,1.0,0.7021433850702146,0.375,2,High
0.40000000000000013,0.2631578947368421,0.05399999999999999,0.53,0.0,0.47368421052631576,0.6896551724137931,0.2222222222222222,0.15003695491500374,0.91,0,Low
0.26666666666666683,0.5789473684210527,0.398,0.76,0.42857142857142855,0.10526315789473684,0.10344827586206896,1.0,0.49150036954915005,0.125,1,Medium
0.8,0.42105263157894735,0.34199999999999997,0.18599999999999994,1.0,0.21052631578947367,1.0,0.6666666666666666,0.4626755358462677,0.935,1,Medium
0.8666666666666669,0.2631578947368421,0.246,0.988,0.7142857142857142,0.6842105263157894,0.896551724137931,0.0,0.44419807834442,0.325,0,Low
0.3333333333333335,0.15789473684210525,0.257,0.6160000000000001,0.0,0.7894736842105263,0.9655172413793103,0.5555555555555556,0.23133776792313382,0.2,1,Medium
0.19999999999999996,0.05263157894736842,0.00599999999999995,0.8980000000000001,0.5714285714285714,0.3157894736842105,0.20689655172413793,0.4444444444444444,0.2771618625277163,0.28,1,Medium
0.7333333333333332,0.3684210526315789,0.2480000000000001,0.20399999999999996,0.2857142857142857,1.0,0.13793103448275862,0.6666666666666666,0.3133776792313378,0.76,1,Medium
0.06666666666666665,0.7894736842105263,0.30199999999999994,0.97,0.7142857142857142,0.15789473684210525,0.48275862068965514,0.5555555555555556,0.30672579453067256,0.375,0,Low
0.6666666666666667,0.5789473684210527,0.377,0.278,0.42857142857142855,0.47368421052631576,0.20689655172413793,0.6666666666666666,0.476718403547672,0.93,1,Medium
0.8,0.9473684210526315,0.30000000000000004,0.15600000000000003,0.0,0.9473684210526315,0.7241379310344828,0.1111111111111111,0.451589061345159,0.45,1,Medium
0.8666666666666669,0.10526315789473684,0.0010000000000000009,0.8399999999999999,0.42857142857142855,0.631578947368421,0.896551724137931,0.6666666666666666,0.0665188470066519,0.05,1,Medium
0.06666666666666665,0.894736842105263,0.28,0.794,1.0,0.0,0.3793103448275862,0.1111111111111111,0.3274205469327422,0.545,0,Low
0.19999999999999996,0.3157894736842105,0.524,0.6420000000000001,0.2857142857142857,0.631578947368421,0.9310344827586207,0.2222222222222222,0.6297117516629713,0.425,1,Medium
0.19999999999999996,1.0,0.2360000000000001,0.31800000000000006,0.14285714285714285,0.15789473684210525,0.48275862068965514,0.8888888888888888,0.2453806356245381,0.62,1,Medium
1.0000000000000002,1.0,0.44700000000000006,0.256,1.0,0.6842105263157894,0.9310344827586207,1.0,0.4353288987435329,0.095,2,High
1.0000000000000002,0.7894736842105263,0.3610000000000001,0.502,0.5714285714285714,0.5789473684210527,0.7241379310344828,0.2222222222222222,0.28750923872875095,0.305,1,Medium
0.26666666666666683,0.47368421052631576,0.378,0.1439999999999999,0.2857142857142857,0.47368421052631576,0.6896551724137931,0.5555555555555556,0.451589061345159,0.01,1,Medium
0.0,0.5263157894736842,0.2360000000000001,0.5980000000000001,0.5714285714285714,0.05263157894736842,0.896551724137931,0.1111111111111111,0.4286770140428678,0.185,0,Low
0.1333333333333333,0.0,0.5300000000000001,0.8379999999999999,0.7142857142857142,0.21052631578947367,0.24137931034482757,0.0,0.48928307464892845,0.495,0,Low
0.7333333333333332,0.5263157894736842,0.136,0.6000000000000001,0.5714285714285714,1.0,0.5862068965517241,0.0,0.11751662971175164,0.015,1,Medium
0.9333333333333333,0.42105263157894735,0.05599999999999994,0.6759999999999999,0.0,0.47368421052631576,0.5862068965517241,0.5555555555555556,0.08277900960827789,0.13,1,Medium
0.8,0.9473684210526315,0.6769999999999999,0.5780000000000001,0.8571428571428571,0.5789473684210527,0.3448275862068966,0.3333333333333333,0.5609756097560976,0.57,1,Medium
0.8,0.21052631578947367,0.32599999999999996,0.8760000000000001,0.14285714285714285,0.0,0.034482758620689655,0.0,0.5048041389504805,0.92,0,Low
0.9333333333333333,0.21052631578947367,0.8789999999999999,0.20199999999999996,0.8571428571428571,0.7894736842105263,0.8620689655172413,0.6666666666666666,0.6511456023651145,0.905,2,High
0.4666666666666668,1.0,0.9890000000000002,0.272,0.8571428571428571,0.05263157894736842,0.6896551724137931,0.2222222222222222,0.9660014781966004,0.16,1,Medium
0.06666666666666665,0.05263157894736842,0.386,0.8879999999999999,0.0,0.9473684210526315,0.20689655172413793,0.6666666666666666,0.42498152254249827,0.495,1,Medium
0.06666666666666665,0.2631578947368421,0.20700000000000007,0.8739999999999999,0.0,1.0,0.7241379310344828,0.8888888888888888,0.3769401330376941,0.9,1,Medium
0.5333333333333334,0.47368421052631576,0.278,0.05399999999999994,0.7142857142857142,0.5789473684210527,0.10344827586206896,0.3333333333333333,0.4781966001478198,0.77,1,Medium
0.0,0.9473684210526315,0.945,0.32600000000000007,0.8571428571428571,0.631578947368421,0.10344827586206896,0.3333333333333333,0.78640059127864,0.555,2,High
0.26666666666666683,0.7368421052631579,0.32699999999999996,0.708,0.7142857142857142,0.15789473684210525,0.8620689655172413,0.6666666666666666,0.40650406504065056,0.155,1,Medium
0.19999999999999996,0.8421052631578947,0.19000000000000006,0.09000000000000008,0.0,0.3157894736842105,0.0,0.6666666666666666,0.21729490022172954,0.465,0,Low
1.0000000000000002,0.47368421052631576,0.7859999999999999,0.22599999999999998,0.0,0.42105263157894735,0.6551724137931034,0.3333333333333333,0.8056171470805618,0.4,1,Medium
0.5333333333333334,0.5789473684210527,0.23299999999999998,0.3640000000000001,0.5714285714285714,0.42105263157894735,0.1724137931034483,0.4444444444444444,0.43828529194382865,0.55,1,Medium
0.3333333333333335,1.0,0.951,0.476,1.0,0.6842105263157894,0.6896551724137931,0.6666666666666666,0.7331855136733187,0.915,2,High
0.40000000000000013,0.3684210526315789,0.44700000000000006,0.8059999999999998,0.2857142857142857,1.0,0.9655172413793103,0.1111111111111111,0.5018477457501849,0.76,1,Medium
0.1333333333333333,0.05263157894736842,0.618,0.34399999999999986,0.5714285714285714,0.21052631578947367,0.48275862068965514,0.6666666666666666,0.5927568366592759,0.515,1,Medium
0.1333333333333333,0.6842105263157894,0.273,0.09999999999999998,0.8571428571428571,0.2631578947368421,0.7241379310344828,0.3333333333333333,0.37102734663710285,0.025,1,Medium
0.8666666666666669,0.47368421052631576,0.868,0.522,0.0,0.6842105263157894,0.6206896551724138,0.2222222222222222,0.796008869179601,0.065,2,High
0.0,0.894736842105263,0.20800000000000007,0.562,0.42857142857142855,1.0,0.896551724137931,0.7777777777777777,0.38950480413895056,0.835,2,High
0.0,0.9473684210526315,0.21500000000000008,0.8800000000000001,0.14285714285714285,0.8421052631578947,0.3448275862068966,0.1111111111111111,0.4286770140428678,0.85,0,Low
0.5333333333333334,0.05263157894736842,0.14500000000000002,0.6080000000000001,0.7142857142857142,0.3684210526315789,0.6551724137931034,0.0,0.25794530672579447,0.155,0,Low
0.8666666666666669,0.05263157894736842,0.3480000000000001,0.974,0.7142857142857142,0.894736842105263,0.9310344827586207,0.5555555555555556,0.49002217294900235,0.915,1,Medium
0.19999999999999996,0.3157894736842105,0.067,0.40800000000000014,0.14285714285714285,0.6842105263157894,0.034482758620689655,0.5555555555555556,0.15816703621581668,0.505,0,Low
0.06666666666666665,0.9473684210526315,0.773,0.13800000000000012,0.8571428571428571,0.05263157894736842,0.3448275862068966,1.0,0.7413155949741317,0.675,2,High
0.19999999999999996,0.9473684210526315,0.31100000000000005,0.29000000000000004,0.2857142857142857,0.3684210526315789,0.48275862068965514,0.6666666666666666,0.35550628233555065,0.575,1,Medium
0.6666666666666667,0.05263157894736842,0.691,0.242,0.14285714285714285,0.05263157894736842,0.5517241379310345,1.0,0.6518847006651884,0.475,1,Medium
0.9333333333333333,0.9473684210526315,0.666,0.248,0.8571428571428571,0.9473684210526315,0.7241379310344828,1.0,0.5964523281596452,0.445,2,High
0.26666666666666683,0.9473684210526315,0.8240000000000002,0.31000000000000005,0.7142857142857142,0.42105263157894735,0.6551724137931034,0.3333333333333333,0.599408721359941,0.83,1,Medium
0.5333333333333334,0.894736842105263,0.666,0.268,0.0,0.894736842105263,0.10344827586206896,1.0,0.7701404286770142,0.27,2,High
0.9333333333333333,0.7368421052631579,0.123,0.512,0.42857142857142855,0.42105263157894735,0.5862068965517241,0.0,0.20620842572062087,0.495,0,Low
0.8,0.47368421052631576,0.908,0.39600000000000013,0.42857142857142855,0.05263157894736842,0.13793103448275862,0.5555555555555556,0.8869179600886921,0.21,1,Medium
0.7333333333333332,0.0,0.769,0.6180000000000001,0.5714285714285714,0.8421052631578947,0.48275862068965514,0.7777777777777777,0.5838876570583889,0.255,2,High
0.3333333333333335,0.3684210526315789,0.4960000000000001,0.18200000000000005,0.7142857142857142,0.47368421052631576,0.27586206896551724,0.5555555555555556,0.7058388765705839,0.505,2,High
0.19999999999999996,0.7368421052631579,0.43000000000000005,0.8980000000000001,1.0,0.5263157894736842,0.10344827586206896,0.2222222222222222,0.5484109386548413,0.595,1,Medium
0.4666666666666668,0.05263157894736842,0.127,0.6859999999999999,1.0,0.5789473684210527,0.20689655172413793,0.2222222222222222,0.19142645971914268,0.44,1,Medium
1.0000000000000002,0.6842105263157894,0.6330000000000001,0.484,0.14285714285714285,0.47368421052631576,0.896551724137931,0.4444444444444444,0.5365853658536588,0.675,1,Medium
0.40000000000000013,0.631578947368421,0.6330000000000001,0.09000000000000008,0.2857142857142857,0.5789473684210527,0.13793103448275862,0.1111111111111111,0.7287509238728751,0.07,1,Medium
0.26666666666666683,0.6842105263157894,0.7380000000000001,0.5680000000000001,0.5714285714285714,0.05263157894736842,0.5517241379310345,0.3333333333333333,0.6622320768662233,0.085,1,Medium
0.26666666666666683,0.42105263157894735,0.8670000000000001,0.16199999999999992,0.0,0.3157894736842105,0.27586206896551724,0.6666666666666666,0.8987435328898745,0.985,2,High
0.5333333333333334,1.0,0.46799999999999997,0.35399999999999987,0.2857142857142857,0.47368421052631576,0.27586206896551724,0.6666666666666666,0.5048041389504805,0.61,1,Medium
0.5333333333333334,0.05263157894736842,0.8800000000000002,0.952,1.0,0.7894736842105263,0.3448275862068966,0.7777777777777777,0.7516629711751666,0.995,2,High
0.5333333333333334,0.6842105263157894,0.02699999999999997,0.272,0.7142857142857142,0.0,0.6551724137931034,0.5555555555555556,0.05691056910569109,0.885,0,Low
0.19999999999999996,0.2631578947368421,0.45199999999999996,0.9019999999999999,0.0,0.10526315789473684,0.0,0.5555555555555556,0.33850702143385075,0.43,0,Low
0.8,0.9473684210526315,0.8960000000000002,0.3619999999999999,0.8571428571428571,0.6842105263157894,0.4482758620689655,0.5555555555555556,0.8728750923872877,0.95,1,Medium
0.19999999999999996,0.47368421052631576,0.755,0.508,0.8571428571428571,0.15789473684210525,0.24137931034482757,0.0,0.7095343680709536,0.52,1,Medium
0.1333333333333333,0.3157894736842105,0.7560000000000001,0.5740000000000001,0.2857142857142857,0.3684210526315789,0.10344827586206896,0.5555555555555556,0.8152254249815225,0.7,1,Medium
0.9333333333333333,0.7368421052631579,0.07300000000000006,0.3699999999999999,0.7142857142857142,0.05263157894736842,0.20689655172413793,0.5555555555555556,0.12121212121212116,0.57,0,Low
0.26666666666666683,0.21052631578947367,0.4960000000000001,0.5720000000000001,0.8571428571428571,0.9473684210526315,0.27586206896551724,0.8888888888888888,0.5846267553584628,0.49,2,High
0.7333333333333332,0.05263157894736842,0.43300000000000005,0.39600000000000013,1.0,0.5789473684210527,0.8620689655172413,0.1111111111111111,0.5284552845528456,0.115,1,Medium
1.0000000000000002,1.0,0.28500000000000003,0.54,0.8571428571428571,0.5263157894736842,0.896551724137931,0.8888888888888888,0.2276422764227642,0.54,1,Medium
0.9333333333333333,0.5789473684210527,0.43000000000000005,0.28600000000000003,0.14285714285714285,0.0,0.9310344827586207,0.8888888888888888,0.54249815225425,0.25,0,Low
0.8666666666666669,0.5789473684210527,0.21100000000000008,0.16199999999999992,0.14285714285714285,0.2631578947368421,0.13793103448275862,0.1111111111111111,0.28677014042867705,0.16,1,Medium
0.3333333333333335,0.631578947368421,0.4960000000000001,0.9920000000000002,0.42857142857142855,0.7894736842105263,1.0,0.7777777777777777,0.8972653362897267,0.92,2,High
0.06666666666666665,0.6842105263157894,0.31600000000000006,0.3640000000000001,0.14285714285714285,0.9473684210526315,0.9655172413793103,0.6666666666666666,0.22690317812269029,0.165,2,High
1.0000000000000002,0.894736842105263,0.40700000000000003,0.6220000000000001,0.42857142857142855,0.894736842105263,0.27586206896551724,0.5555555555555556,0.4471544715447155,0.03,1,Medium
0.7333333333333332,0.7894736842105263,0.6869999999999999,0.3480000000000001,0.7142857142857142,0.15789473684210525,0.3793103448275862,0.2222222222222222,0.5299334811529934,0.56,1,Medium
0.9333333333333333,0.47368421052631576,0.29800000000000004,0.3580000000000001,0.8571428571428571,0.05263157894736842,0.7586206896551724,0.5555555555555556,0.2645971914264597,0.645,1,Medium
1.0000000000000002,0.8421052631578947,0.771,0.8340000000000001,0.0,0.47368421052631576,0.9310344827586207,0.0,0.6112342941611235,0.945,0,Low
0.8,0.2631578947368421,0.761,0.556,1.0,0.47368421052631576,0.8275862068965517,0.3333333333333333,0.6452328159645233,0.41,1,Medium
0.5333333333333334,0.10526315789473684,0.251,0.71,0.5714285714285714,0.5263157894736842,0.10344827586206896,0.8888888888888888,0.45232815964523293,0.385,1,Medium
0.5333333333333334,0.6842105263157894,0.5990000000000001,0.5940000000000001,0.8571428571428571,0.10526315789473684,0.06896551724137931,0.0,0.7058388765705839,0.67,1,Medium
0.4666666666666668,0.21052631578947367,0.5449999999999999,0.118,0.14285714285714285,0.2631578947368421,0.4482758620689655,0.4444444444444444,0.6164079822616408,0.84,0,Low
0.5333333333333334,0.9473684210526315,0.41800000000000004,0.3800000000000001,0.2857142857142857,0.3157894736842105,0.034482758620689655,0.6666666666666666,0.49223946784922396,0.57,1,Medium
0.4666666666666668,0.15789473684210525,0.4960000000000001,0.6599999999999999,0.8571428571428571,0.8421052631578947,0.9310344827586207,0.2222222222222222,0.43754619364375474,0.345,1,Medium
0.9333333333333333,0.47368421052631576,0.02400000000000002,0.8739999999999999,0.42857142857142855,0.6842105263157894,0.4482758620689655,0.3333333333333333,0.24168514412416858,0.695,1,Medium
0.4666666666666668,0.10526315789473684,0.9570000000000002,0.5820000000000001,0.2857142857142857,0.47368421052631576,0.06896551724137931,1.0,0.9837398373983741,0.42,2,High
0.3333333333333335,0.47368421052631576,0.7519999999999999,0.4970000000000001,0.8571428571428571,0.2631578947368421,0.10344827586206896,0.2222222222222222,0.8085735402808574,0.015,1,Medium
0.5333333333333334,0.05263157894736842,0.7560000000000001,0.15399999999999991,0.5714285714285714,0.42105263157894735,0.48275862068965514,0.0,0.7442719881744273,0.19,1,Medium
0.6666666666666667,0.3684210526315789,0.43000000000000005,0.08399999999999996,0.5714285714285714,0.7368421052631579,0.8620689655172413,0.6666666666666666,0.4257206208425722,0.8,2,High
1.0000000000000002,0.5263157894736842,0.28700000000000003,0.4970000000000001,0.7142857142857142,0.5263157894736842,0.41379310344827586,0.6666666666666666,0.4648928307464894,0.645,1,Medium
0.06666666666666665,0.631578947368421,0.558,0.754,0.2857142857142857,0.9473684210526315,0.13793103448275862,0.4444444444444444,0.5306725794530673,0.275,1,Medium
0.7333333333333332,0.05263157894736842,0.4980000000000001,0.132,1.0,0.05263157894736842,0.0,0.1111111111111111,0.45380635624538074,0.36,1,Medium
1.0000000000000002,0.3684210526315789,0.29300000000000004,0.31800000000000006,0.14285714285714285,0.15789473684210525,0.3793103448275862,0.4444444444444444,0.2609016999260902,0.575,0,Low
0.6666666666666667,0.894736842105263,0.916,0.278,0.42857142857142855,0.0,0.10344827586206896,0.3333333333333333,0.6821877309682187,0.29,1,Medium
0.19999999999999996,0.3157894736842105,0.07400000000000001,0.75,1.0,0.5263157894736842,0.3448275862068966,0.4444444444444444,0.2801182557280119,0.085,1,Medium
1.0000000000000002,0.3684210526315789,0.252,0.5820000000000001,0.2857142857142857,0.631578947368421,0.1724137931034483,0.1111111111111111,0.3858093126385809,0.765,0,Low
0.06666666666666665,0.8421052631578947,0.8869999999999999,0.33000000000000007,0.2857142857142857,0.05263157894736842,0.034482758620689655,0.4444444444444444,0.6444937176644494,0.46,1,Medium
1.0000000000000002,0.9473684210526315,0.5460000000000002,0.132,1.0,0.5263157894736842,0.5517241379310345,0.0,0.5979305247597932,0.64,1,Medium
0.06666666666666665,0.894736842105263,0.6710000000000002,0.35399999999999987,0.8571428571428571,0.0,0.48275862068965514,0.0,0.7723577235772359,0.245,1,Medium
0.8666666666666669,0.42105263157894735,0.9460000000000001,0.3619999999999999,0.14285714285714285,0.8421052631578947,0.5172413793103449,0.6666666666666666,0.9541759053954177,0.095,2,High
0.06666666666666665,0.0,0.125,0.1359999999999999,0.0,0.3684210526315789,0.034482758620689655,0.6666666666666666,0.09977827050997778,0.685,0,Low
0.4666666666666668,0.10526315789473684,0.7240000000000001,0.43599999999999994,0.8571428571428571,0.631578947368421,0.7586206896551724,0.2222222222222222,0.689578713968958,0.525,2,High
0.0,0.631578947368421,0.991,0.03200000000000003,0.2857142857142857,0.10526315789473684,0.7586206896551724,0.5555555555555556,0.754619364375462,0.45,1,Medium
0.4666666666666668,0.10526315789473684,0.3480000000000001,0.552,0.0,0.10526315789473684,0.6551724137931034,0.4444444444444444,0.5018477457501849,0.955,0,Low
0.5333333333333334,0.2631578947368421,0.346,0.504,0.8571428571428571,0.47368421052631576,0.48275862068965514,0.2222222222222222,0.5343680709534369,0.705,1,Medium
0.9333333333333333,0.0,0.0030000000000000027,0.3340000000000001,0.8571428571428571,0.2631578947368421,0.10344827586206896,0.1111111111111111,0.21803399852180344,0.63,0,Low
0.06666666666666665,0.7368421052631579,0.656,0.6839999999999999,0.5714285714285714,0.6842105263157894,0.896551724137931,0.5555555555555556,0.5890613451589062,0.11,2,High
0.8,0.5263157894736842,0.5599999999999999,0.6820000000000002,1.0,0.8421052631578947,0.9310344827586207,0.3333333333333333,0.664449371766445,0.385,1,Medium
0.19999999999999996,0.2631578947368421,0.862,0.24,0.2857142857142857,0.21052631578947367,0.8620689655172413,0.3333333333333333,0.6733185513673319,0.625,1,Medium
0.4666666666666668,1.0,0.06799999999999995,0.772,0.14285714285714285,0.7368421052631579,0.3448275862068966,0.0,0.08573540280857356,0.98,0,Low
0.4666666666666668,0.21052631578947367,0.402,0.3919999999999999,0.5714285714285714,0.10526315789473684,0.6206896551724138,0.1111111111111111,0.467110125646711,0.93,0,Low
0.4666666666666668,0.05263157894736842,0.43300000000000005,0.712,0.0,0.05263157894736842,0.7586206896551724,0.5555555555555556,0.42202512934220254,0.59,1,Medium
0.8666666666666669,0.8421052631578947,0.5910000000000001,0.23199999999999998,0.14285714285714285,0.894736842105263,0.0,0.6666666666666666,0.6023651145602367,0.26,2,High
1.0000000000000002,0.7368421052631579,0.025000000000000022,0.4119999999999999,0.8571428571428571,0.05263157894736842,0.3448275862068966,0.4444444444444444,0.2978566149297857,0.21,0,Low
0.19999999999999996,0.3157894736842105,0.9440000000000001,0.06999999999999995,0.7142857142857142,0.3157894736842105,0.0,0.6666666666666666,0.8706577974870657,0.23,2,High
0.9333333333333333,0.5789473684210527,0.32400000000000007,0.18399999999999994,0.42857142857142855,0.15789473684210525,0.8620689655172413,0.0,0.43754619364375474,0.63,1,Medium
0.8666666666666669,0.05263157894736842,0.6250000000000001,0.32600000000000007,0.0,0.631578947368421,0.9310344827586207,0.4444444444444444,0.6038433111603845,0.22,1,Medium
0.5333333333333334,0.631578947368421,0.676,0.542,0.14285714285714285,0.8421052631578947,0.20689655172413793,0.6666666666666666,0.49223946784922396,0.575,2,High
0.4666666666666668,0.9473684210526315,0.6829999999999999,0.3820000000000001,0.2857142857142857,0.3684210526315789,0.5517241379310345,0.2222222222222222,0.7405764966740578,0.35,1,Medium
0.6000000000000001,1.0,0.33799999999999997,0.478,0.8571428571428571,0.47368421052631576,0.41379310344827586,0.5555555555555556,0.28381374722838143,0.615,1,Medium
0.19999999999999996,0.47368421052631576,0.256,0.974,0.7142857142857142,0.21052631578947367,0.7586206896551724,0.7777777777777777,0.4264597191426461,0.66,0,Low
0.6666666666666667,0.894736842105263,0.4960000000000001,0.1060000000000001,0.7142857142857142,0.9473684210526315,0.6551724137931034,0.0,0.6067997043606801,0.115,2,High
0.5333333333333334,0.6842105263157894,0.686,0.06400000000000006,0.0,0.2631578947368421,0.48275862068965514,0.5555555555555556,0.5646711012564671,0.12,1,Medium
0.0,1.0,0.761,0.24,0.7142857142857142,0.5263157894736842,0.5517241379310345,0.2222222222222222,0.6023651145602367,0.415,1,Medium
0.6666666666666667,0.21052631578947367,0.31799999999999995,0.5840000000000001,1.0,0.05263157894736842,0.7241379310344828,0.4444444444444444,0.2919438285291945,0.505,1,Medium
0.19999999999999996,0.10526315789473684,0.767,0.34399999999999986,0.0,0.10526315789473684,0.3448275862068966,0.7777777777777777,0.7819660014781966,0.51,1,Medium
0.0,0.5789473684210527,0.3320000000000001,0.8440000000000001,0.7142857142857142,0.7894736842105263,0.034482758620689655,0.8888888888888888,0.5225424981522544,0.485,1,Medium
0.9333333333333333,0.6842105263157894,0.4960000000000001,0.006000000000000005,0.7142857142857142,0.10526315789473684,0.6206896551724138,1.0,0.44124168514412426,0.77,1,Medium
0.40000000000000013,0.47368421052631576,0.2240000000000001,0.768,0.14285714285714285,0.5263157894736842,0.9310344827586207,0.8888888888888888,0.19955654101995574,0.575,0,Low
0.8,0.631578947368421,0.902,0.742,0.8571428571428571,0.15789473684210525,0.8275862068965517,0.7777777777777777,0.6836659275683667,0.365,1,Medium
0.0,0.05263157894736842,0.9710000000000002,0.6539999999999999,0.0,0.0,0.9655172413793103,0.5555555555555556,0.8677014042867701,0.415,1,Medium
0.06666666666666665,0.894736842105263,0.8690000000000001,0.956,1.0,0.7368421052631579,0.034482758620689655,0.5555555555555556,0.7767923133776793,0.255,2,High
0.1333333333333333,0.3684210526315789,0.8380000000000002,0.02200000000000002,0.14285714285714285,0.7368421052631579,0.9655172413793103,0.4444444444444444,0.607538802660754,0.895,2,High
0.06666666666666665,0.5263157894736842,0.5650000000000001,0.17200000000000004,1.0,0.0,0.034482758620689655,0.3333333333333333,0.5609756097560976,0.415,1,Medium
0.7333333333333332,0.631578947368421,0.136,0.8379999999999999,1.0,0.7894736842105263,0.9310344827586207,0.5555555555555556,0.3798965262379897,0.225,1,Medium
0.26666666666666683,0.631578947368421,0.769,0.754,1.0,0.0,0.3793103448275862,1.0,0.5728011825572803,0.08,2,High
0.1333333333333333,0.9473684210526315,0.256,0.6859999999999999,0.14285714285714285,0.0,0.48275862068965514,0.4444444444444444,0.22394678492239467,0.465,0,Low
0.0,0.3684210526315789,0.6250000000000001,0.22799999999999998,0.14285714285714285,0.7894736842105263,0.896551724137931,1.0,0.5949741315594974,0.965,2,High
0.19999999999999996,0.5789473684210527,0.32699999999999996,0.4640000000000002,1.0,0.9473684210526315,0.3793103448275862,0.5555555555555556,0.4656319290465633,0.04,2,High
0.06666666666666665,0.3684210526315789,0.701,0.8180000000000001,0.5714285714285714,0.894736842105263,0.3103448275862069,0.3333333333333333,0.5838876570583889,0.295,2,High
0.06666666666666665,0.21052631578947367,0.8170000000000001,0.694,1.0,0.47368421052631576,0.13793103448275862,0.3333333333333333,0.6134515890613452,0.74,1,Medium
0.6000000000000001,0.7894736842105263,0.21600000000000008,0.954,0.2857142857142857,0.894736842105263,0.034482758620689655,0.1111111111111111,0.2912047302291206,0.685,0,Low
0.1333333333333333,0.6842105263157894,0.904,0.532,0.8571428571428571,0.21052631578947367,0.5172413793103449,0.2222222222222222,0.9113082039911309,0.54,1,Medium
0.7333333333333332,0.5789473684210527,0.9269999999999999,0.792,0.0,0.47368421052631576,0.06896551724137931,0.8888888888888888,0.8913525498891353,0.82,1,Medium
0.0,0.7894736842105263,0.7240000000000001,0.3919999999999999,0.5714285714285714,0.5789473684210527,0.034482758620689655,0.5555555555555556,0.7184035476718404,0.72,1,Medium
0.19999999999999996,0.9473684210526315,0.37,0.6020000000000001,0.8571428571428571,0.7368421052631579,0.5172413793103449,0.8888888888888888,0.4434589800443461,0.065,2,High
0.40000000000000013,0.7894736842105263,0.016000000000000014,0.998,0.14285714285714285,0.7368421052631579,0.3103448275862069,1.0,0.23355506282335553,0.34,1,Medium
1.0000000000000002,0.2631578947368421,0.9349999999999999,0.272,1.0,0.7894736842105263,0.6206896551724138,0.8888888888888888,0.9534368070953438,0.885,2,High
0.5333333333333334,0.47368421052631576,0.64,0.3880000000000001,0.14285714285714285,0.3684210526315789,0.7931034482758621,0.7777777777777777,0.5617147080561715,0.0,1,Medium
0.6666666666666667,0.05263157894736842,0.9580000000000001,0.744,0.0,0.47368421052631576,0.24137931034482757,0.7777777777777777,0.8595713229859572,0.395,2,High
0.40000000000000013,0.7368421052631579,0.15500000000000003,0.8440000000000001,0.42857142857142855,0.05263157894736842,0.7586206896551724,0.0,0.3621581670362158,0.505,0,Low
0.6666666666666667,0.0,0.7420000000000001,0.1439999999999999,0.5714285714285714,0.47368421052631576,0.8275862068965517,0.8888888888888888,0.575018477457502,0.99,2,High
0.4666666666666668,0.9473684210526315,0.30599999999999994,0.5640000000000001,0.5714285714285714,0.2631578947368421,0.3448275862068966,0.3333333333333333,0.4353288987435329,0.205,0,Low
0.26666666666666683,0.5789473684210527,0.8720000000000002,0.18800000000000006,0.14285714285714285,0.42105263157894735,0.06896551724137931,0.3333333333333333,0.7132298595713231,0.685,1,Medium
0.5333333333333334,0.5263157894736842,0.09400000000000003,0.038000000000000034,0.8571428571428571,0.05263157894736842,0.1724137931034483,0.8888888888888888,0.24020694752402078,0.05,1,Medium
0.8,0.6842105263157894,0.478,0.8879999999999999,0.42857142857142855,0.0,0.8620689655172413,0.7777777777777777,0.5964523281596452,0.895,0,Low
0.06666666666666665,0.5789473684210527,0.7439999999999999,0.19600000000000006,0.42857142857142855,0.7894736842105263,0.4482758620689655,0.4444444444444444,0.5713229859571323,0.68,2,High
0.0,0.894736842105263,0.14300000000000002,0.798,0.14285714285714285,0.8421052631578947,0.7241379310344828,0.7777777777777777,0.32446415373244647,0.92,1,Medium
0.6666666666666667,0.47368421052631576,0.9680000000000001,0.06400000000000006,0.0,0.8421052631578947,0.1724137931034483,0.8888888888888888,0.9696969696969697,0.565,2,High
0.9333333333333333,0.3684210526315789,0.868,0.44000000000000017,0.5714285714285714,1.0,0.3448275862068966,0.4444444444444444,0.6592756836659277,0.845,2,High
1.0000000000000002,0.3157894736842105,0.17900000000000005,0.764,0.7142857142857142,1.0,1.0,0.0,0.35107169253510734,0.185,1,Medium
0.5333333333333334,0.631578947368421,0.34299999999999997,0.16600000000000004,1.0,0.6842105263157894,0.0,0.7777777777777777,0.3178122690317812,0.395,1,Medium
0.9333333333333333,0.5263157894736842,0.791,0.09999999999999998,0.42857142857142855,0.894736842105263,0.7241379310344828,0.6666666666666666,0.6237989652623801,0.825,2,High
0.4666666666666668,0.894736842105263,0.6189999999999999,0.35399999999999987,0.14285714285714285,0.8421052631578947,0.6896551724137931,0.1111111111111111,0.5624538063562454,0.88,1,Medium
0.5333333333333334,0.47368421052631576,0.4900000000000001,0.7140000000000002,0.7142857142857142,0.47368421052631576,0.3793103448275862,0.0,0.5018477457501849,0.3,1,Medium
0.5333333333333334,0.9473684210526315,0.8850000000000001,0.42200000000000015,0.8571428571428571,0.6842105263157894,0.48275862068965514,0.6666666666666666,0.878048780487805,0.745,2,High
1.0000000000000002,0.7894736842105263,0.664,0.28,1.0,0.5789473684210527,0.0,0.3333333333333333,0.6977087952697709,0.335,1,Medium
0.8666666666666669,0.6842105263157894,0.20499999999999996,0.9920000000000002,0.0,0.5263157894736842,0.9655172413793103,0.2222222222222222,0.27346637102734667,0.95,0,Low
0.8,0.47368421052631576,0.383,0.79,0.8571428571428571,0.21052631578947367,0.9655172413793103,0.0,0.5402808573540281,0.8,0,Low
1.0000000000000002,0.9473684210526315,0.387,0.8100000000000003,0.42857142857142855,0.6842105263157894,0.3793103448275862,0.5555555555555556,0.5018477457501849,0.245,1,Medium
0.8666666666666669,0.10526315789473684,0.40800000000000003,0.19600000000000006,1.0,0.15789473684210525,0.5517241379310345,0.8888888888888888,0.28972653362897277,0.07,1,Medium
0.5333333333333334,0.21052631578947367,0.4,0.5920000000000001,0.2857142857142857,0.3157894736842105,0.41379310344827586,0.3333333333333333,0.47228381374722844,0.175,0,Low
0.7333333333333332,0.3684210526315789,0.6289999999999999,0.9600000000000002,0.5714285714285714,0.05263157894736842,0.7241379310344828,0.7777777777777777,0.5003695491500371,0.59,1,Medium
0.26666666666666683,0.7894736842105263,0.8930000000000001,0.8480000000000001,0.14285714285714285,0.21052631578947367,0.24137931034482757,0.7777777777777777,0.9076127124907614,0.835,1,Medium
0.0,0.3157894736842105,0.11699999999999999,0.764,0.2857142857142857,0.6842105263157894,0.5862068965517241,0.8888888888888888,0.2616407982261641,0.805,1,Medium
0.0,0.10526315789473684,0.12,0.8920000000000001,0.14285714285714285,0.631578947368421,0.24137931034482757,0.8888888888888888,0.25498891352549896,0.81,0,Low
0.06666666666666665,0.15789473684210525,0.07400000000000001,0.94,0.0,0.7894736842105263,0.48275862068965514,0.5555555555555556,0.212860310421286,0.19,0,Low
0.3333333333333335,0.10526315789473684,0.6130000000000001,0.6800000000000002,0.5714285714285714,0.7368421052631579,0.8275862068965517,0.7777777777777777,0.6237989652623801,0.07,2,High
0.9333333333333333,0.7894736842105263,0.493,0.07200000000000006,0.0,0.47368421052631576,0.8275862068965517,0.3333333333333333,0.39172209903917227,0.465,0,Low
0.19999999999999996,1.0,0.19100000000000006,0.6800000000000002,0.5714285714285714,0.15789473684210525,0.7931034482758621,0.2222222222222222,0.38728750923872873,0.165,0,Low
0.26666666666666683,0.3684210526315789,0.3610000000000001,0.010000000000000009,0.0,0.47368421052631576,0.41379310344827586,0.7777777777777777,0.45824094604582416,0.5,1,Medium
0.8,0.9473684210526315,0.593,0.43000000000000016,0.5714285714285714,0.3684210526315789,0.3448275862068966,0.1111111111111111,0.5247597930524761,0.92,1,Medium
0.6000000000000001,0.0,0.6,0.4099999999999999,0.14285714285714285,0.21052631578947367,0.6896551724137931,0.4444444444444444,0.6407982261640799,0.2,1,Medium
0.5333333333333334,0.9473684210526315,0.45000000000000007,0.7060000000000002,0.42857142857142855,0.894736842105263,0.41379310344827586,0.4444444444444444,0.32224685883222476,0.78,1,Medium
1.0000000000000002,0.7894736842105263,0.4570000000000001,0.6500000000000001,0.5714285714285714,0.10526315789473684,0.3448275862068966,0.4444444444444444,0.4464153732446416,0.37,0,Low
0.06666666666666665,0.6842105263157894,0.45600000000000007,0.504,0.5714285714285714,0.631578947368421,0.24137931034482757,0.4444444444444444,0.4471544715447155,0.135,1,Medium
0.8,0.3684210526315789,0.42699999999999994,0.6300000000000001,0.2857142857142857,0.3157894736842105,1.0,0.2222222222222222,0.4648928307464894,0.695,0,Low
0.3333333333333335,0.5789473684210527,0.45399999999999996,0.22799999999999998,0.5714285714285714,0.15789473684210525,0.8275862068965517,0.7777777777777777,0.40354767184035484,0.265,1,Medium
0.6666666666666667,0.47368421052631576,0.9640000000000001,0.0039999999999998925,0.8571428571428571,0.894736842105263,0.27586206896551724,0.6666666666666666,0.830007390983001,0.735,2,High
0.8,0.631578947368421,0.9440000000000001,0.32400000000000007,0.7142857142857142,0.631578947368421,0.13793103448275862,0.5555555555555556,0.8181818181818183,0.62,2,High
1.0000000000000002,0.3684210526315789,0.8039999999999999,0.56,0.2857142857142857,0.6842105263157894,0.5862068965517241,0.4444444444444444,0.8203991130820398,0.025,2,High
0.0,0.894736842105263,0.15900000000000003,0.5680000000000001,0.2857142857142857,0.42105263157894735,0.13793103448275862,0.7777777777777777,0.2446415373244642,0.77,0,Low
0.40000000000000013,0.5263157894736842,0.912,0.8500000000000001,0.14285714285714285,0.2631578947368421,0.9655172413793103,1.0,0.7723577235772359,0.585,1,Medium
0.26666666666666683,0.631578947368421,0.668,0.6140000000000001,0.14285714285714285,1.0,0.7586206896551724,0.2222222222222222,0.6504065040650406,0.555,1,Medium
0.1333333333333333,0.5263157894736842,0.238,0.19399999999999995,0.7142857142857142,0.42105263157894735,0.20689655172413793,0.3333333333333333,0.2461197339246119,0.765,0,Low
0.1333333333333333,0.0,0.40500000000000014,0.9940000000000002,0.8571428571428571,0.7894736842105263,0.3103448275862069,0.1111111111111111,0.345158906134516,0.52,1,Medium
0.3333333333333335,0.8421052631578947,0.483,0.8620000000000001,0.7142857142857142,0.47368421052631576,0.8620689655172413,0.3333333333333333,0.4286770140428678,0.08,1,Medium
0.5333333333333334,0.894736842105263,0.8380000000000002,0.5700000000000001,0.14285714285714285,0.8421052631578947,0.5172413793103449,0.7777777777777777,0.6407982261640799,0.925,2,High
0.4666666666666668,0.42105263157894735,0.479,0.966,0.5714285714285714,0.21052631578947367,0.48275862068965514,0.8888888888888888,0.5025868440502588,0.45,1,Medium
0.9333333333333333,0.42105263157894735,0.375,0.256,0.2857142857142857,0.3684210526315789,0.7586206896551724,0.3333333333333333,0.43754619364375474,0.925,0,Low
0.19999999999999996,0.7368421052631579,0.5359999999999999,0.21399999999999997,0.7142857142857142,0.3157894736842105,0.6896551724137931,0.5555555555555556,0.40724316334072447,0.79,1,Medium
0.19999999999999996,0.8421052631578947,0.11499999999999999,0.10999999999999999,0.7142857142857142,0.7368421052631579,0.7586206896551724,1.0,0.16407982261640802,0.96,2,High
0.19999999999999996,0.7368421052631579,0.8470000000000001,0.13800000000000012,0.2857142857142857,0.0,0.3793103448275862,0.2222222222222222,0.8965262379896528,0.0,1,Medium
0.8666666666666669,0.8421052631578947,0.8949999999999999,0.14600000000000013,0.7142857142857142,0.7368421052631579,0.3793103448275862,0.6666666666666666,0.6666666666666667,0.65,2,High
1.0000000000000002,0.21052631578947367,0.979,0.7140000000000002,0.14285714285714285,1.0,0.8620689655172413,0.8888888888888888,0.9083518107908353,0.81,2,High
0.6666666666666667,0.7894736842105263,0.7919999999999999,0.8,0.14285714285714285,0.894736842105263,0.48275862068965514,0.8888888888888888,0.7228381374722839,0.89,2,High
0.06666666666666665,1.0,0.584,0.3619999999999999,1.0,0.10526315789473684,0.8620689655172413,0.4444444444444444,0.5964523281596452,0.415,1,Medium
0.6000000000000001,0.6842105263157894,0.45899999999999996,0.0119999999999999,0.42857142857142855,0.894736842105263,0.24137931034482757,1.0,0.5099778270509978,0.89,2,High
0.26666666666666683,0.5263157894736842,0.507,0.15399999999999991,0.0,0.2631578947368421,0.7241379310344828,0.2222222222222222,0.5934959349593498,0.72,0,Low
0.19999999999999996,0.0,0.8730000000000001,0.35199999999999987,0.2857142857142857,0.3157894736842105,0.896551724137931,0.3333333333333333,0.8677014042867701,0.265,2,High
0.8666666666666669,0.5789473684210527,0.526,0.32600000000000007,0.5714285714285714,0.47368421052631576,0.1724137931034483,0.3333333333333333,0.5018477457501849,0.625,1,Medium
0.4666666666666668,0.7894736842105263,0.40700000000000003,0.03400000000000003,1.0,0.47368421052631576,0.9310344827586207,0.6666666666666666,0.5151515151515151,0.95,2,High
0.06666666666666665,0.5263157894736842,0.8690000000000001,0.08200000000000007,0.5714285714285714,0.9473684210526315,0.10344827586206896,0.1111111111111111,0.7775314116777532,0.39,2,High
0.8,0.5789473684210527,0.0019999999999999463,0.6140000000000001,0.7142857142857142,0.7894736842105263,0.20689655172413793,0.7777777777777777,0.2771618625277163,0.19,1,Medium
0.26666666666666683,0.15789473684210525,0.652,0.6679999999999999,0.5714285714285714,0.6842105263157894,0.5172413793103449,0.8888888888888888,0.5617147080561715,0.59,2,High
0.6000000000000001,0.3157894736842105,0.9520000000000001,0.132,0.7142857142857142,0.5789473684210527,0.20689655172413793,0.1111111111111111,0.8373983739837398,0.63,1,Medium
0.9333333333333333,0.05263157894736842,0.401,0.94,0.5714285714285714,1.0,0.20689655172413793,0.7777777777777777,0.3968957871396897,0.395,2,High
0.3333333333333335,0.42105263157894735,0.00599999999999995,0.9059999999999999,0.8571428571428571,0.47368421052631576,0.0,0.5555555555555556,0.15668883961566887,0.685,0,Low
0.3333333333333335,0.10526315789473684,0.22099999999999997,0.40800000000000014,0.8571428571428571,1.0,0.8275862068965517,0.5555555555555556,0.23798965262379895,0.05,1,Medium
0.8666666666666669,0.3157894736842105,0.23099999999999998,0.019999999999999907,0.14285714285714285,0.9473684210526315,0.06896551724137931,0.5555555555555556,0.39246119733924617,0.98,1,Medium
0.40000000000000013,0.2631578947368421,0.402,0.9620000000000002,1.0,0.9473684210526315,0.4482758620689655,0.6666666666666666,0.32076866223207695,0.86,1,Medium
1.0000000000000002,0.5789473684210527,0.3360000000000001,0.266,0.42857142857142855,0.5263157894736842,0.7931034482758621,0.3333333333333333,0.30376940133037705,0.885,0,Low
0.7333333333333332,1.0,0.4880000000000001,0.15800000000000003,0.0,0.3684210526315789,0.6896551724137931,0.3333333333333333,0.6201034737620104,0.97,0,Low
0.1333333333333333,0.10526315789473684,0.9840000000000001,0.724,0.5714285714285714,0.5789473684210527,0.06896551724137931,0.2222222222222222,0.771618625277162,0.235,2,High
0.8666666666666669,0.894736842105263,0.882,0.702,0.0,0.7368421052631579,0.13793103448275862,0.4444444444444444,0.8603104212860313,0.88,1,Medium
0.1333333333333333,0.0,0.45099999999999996,0.79,0.8571428571428571,0.47368421052631576,0.13793103448275862,0.6666666666666666,0.5277161862527717,0.94,1,Medium
0.6000000000000001,0.10526315789473684,0.30100000000000005,0.972,0.42857142857142855,0.2631578947368421,0.6896551724137931,0.3333333333333333,0.2446415373244642,0.595,0,Low
0.6000000000000001,0.7894736842105263,0.17000000000000004,0.748,0.14285714285714285,0.5789473684210527,0.0,1.0,0.15816703621581668,0.565,1,Medium
0.4666666666666668,0.15789473684210525,0.38,0.39800000000000013,0.0,0.05263157894736842,0.24137931034482757,0.3333333333333333,0.34072431633407246,0.47,0,Low
0.9333333333333333,1.0,0.033999999999999975,0.4800000000000002,0.42857142857142855,0.3684210526315789,0.6551724137931034,0.2222222222222222,0.05469327420546932,0.175,0,Low
0.6666666666666667,0.631578947368421,0.5670000000000001,0.29600000000000004,1.0,0.631578947368421,0.41379310344827586,0.3333333333333333,0.50849963045085,0.19,2,High
0.40000000000000013,1.0,0.4710000000000001,0.35399999999999987,0.42857142857142855,0.5789473684210527,0.5517241379310345,0.5555555555555556,0.6104951958610496,0.17,2,High
0.1333333333333333,0.3157894736842105,0.836,0.254,0.7142857142857142,0.9473684210526315,0.5862068965517241,0.2222222222222222,0.6393200295639321,0.375,2,High
0.40000000000000013,0.15789473684210525,0.01200000000000001,0.11999999999999988,0.2857142857142857,0.6842105263157894,0.48275862068965514,0.6666666666666666,0.25351071692535115,0.095,1,Medium
0.19999999999999996,0.21052631578947367,0.8650000000000001,0.6140000000000001,1.0,0.2631578947368421,0.4482758620689655,0.7777777777777777,0.7102734663710275,0.045,2,High
0.19999999999999996,0.21052631578947367,0.46699999999999997,0.6420000000000001,0.8571428571428571,0.7368421052631579,0.41379310344827586,0.4444444444444444,0.4153732446415374,0.62,1,Medium
0.9333333333333333,0.47368421052631576,0.47,0.8719999999999999,1.0,0.5263157894736842,0.27586206896551724,0.7777777777777777,0.35772357723577247,0.65,1,Medium
0.8666666666666669,0.42105263157894735,0.030999999999999972,0.28400000000000003,0.7142857142857142,0.47368421052631576,0.9310344827586207,0.3333333333333333,0.06504065040650403,0.31,1,Medium
0.3333333333333335,0.5789473684210527,0.92,0.1359999999999999,0.42857142857142855,0.8421052631578947,0.8620689655172413,0.8888888888888888,0.8662232076866225,0.69,2,High
1.0000000000000002,0.2631578947368421,0.686,0.258,0.5714285714285714,0.15789473684210525,0.6206896551724138,0.7777777777777777,0.5971914264597191,0.755,1,Medium
0.40000000000000013,1.0,0.5890000000000001,0.766,0.8571428571428571,0.15789473684210525,0.27586206896551724,0.2222222222222222,0.6164079822616408,0.885,1,Medium
0.0,0.3157894736842105,0.31900000000000006,0.4970000000000001,0.42857142857142855,0.3684210526315789,0.7241379310344828,0.0,0.30524759793052475,0.66,0,Low
0.4666666666666668,0.3157894736842105,0.531,0.692,0.7142857142857142,0.42105263157894735,0.9310344827586207,0.3333333333333333,0.4789356984478936,0.035,1,Medium
0.5333333333333334,0.7894736842105263,0.17699999999999994,0.07200000000000006,0.8571428571428571,0.5789473684210527,0.7586206896551724,0.7777777777777777,0.3141167775314118,0.815,1,Medium
0.8666666666666669,0.3157894736842105,0.44600000000000006,0.712,0.5714285714285714,0.05263157894736842,0.1724137931034483,1.0,0.4279379157427939,0.95,1,Medium
0.9333333333333333,0.8421052631578947,0.6189999999999999,0.134,1.0,0.7894736842105263,0.20689655172413793,0.6666666666666666,0.5861049519586106,0.995,2,High
0.3333333333333335,0.10526315789473684,0.2400000000000001,0.984,0.42857142857142855,0.10526315789473684,0.24137931034482757,0.8888888888888888,0.26607538802660763,0.96,0,Low
0.06666666666666665,1.0,0.769,0.3500000000000001,0.0,1.0,0.8275862068965517,0.7777777777777777,0.5868440502586845,0.89,2,High
0.9333333333333333,0.15789473684210525,0.051999999999999935,0.6039999999999999,0.5714285714285714,1.0,0.5862068965517241,0.4444444444444444,0.16407982261640802,0.55,1,Medium
0.19999999999999996,0.3684210526315789,0.579,0.752,0.2857142857142857,0.47368421052631576,0.8275862068965517,0.0,0.43680709534368073,0.02,1,Medium
0.7333333333333332,0.631578947368421,0.16500000000000004,0.3599999999999999,1.0,0.42105263157894735,0.8620689655172413,1.0,0.18773096821877316,0.735,1,Medium
0.9333333333333333,0.47368421052631576,0.654,0.30800000000000005,0.8571428571428571,0.2631578947368421,0.5517241379310345,1.0,0.5247597930524761,0.955,2,High
0.1333333333333333,0.3684210526315789,0.541,0.07400000000000007,0.14285714285714285,0.7894736842105263,0.3103448275862069,0.0,0.6555801921655582,0.985,1,Medium
0.5333333333333334,0.894736842105263,0.7260000000000001,0.8180000000000001,0.14285714285714285,0.47368421052631576,0.24137931034482757,0.1111111111111111,0.6947524020694753,0.235,1,Medium
0.9333333333333333,0.894736842105263,0.8410000000000001,0.46199999999999997,0.2857142857142857,0.631578947368421,0.9655172413793103,0.5555555555555556,0.8536585365853662,0.435,2,High
0.4666666666666668,0.2631578947368421,0.555,0.10399999999999987,0.0,0.47368421052631576,0.06896551724137931,1.0,0.4153732446415374,0.45,1,Medium
0.9333333333333333,0.9473684210526315,0.368,0.6020000000000001,0.5714285714285714,0.15789473684210525,0.7586206896551724,0.6666666666666666,0.2749445676274945,0.545,0,Low
0.1333333333333333,0.5789473684210527,0.932,0.256,0.7142857142857142,0.8421052631578947,0.3793103448275862,0.2222222222222222,0.926090169992609,0.985,2,High
0.40000000000000013,0.894736842105263,0.6390000000000001,0.5720000000000001,0.5714285714285714,0.15789473684210525,0.3103448275862069,0.4444444444444444,0.5609756097560976,0.845,1,Medium
0.26666666666666683,0.894736842105263,0.4960000000000001,0.968,0.5714285714285714,0.5789473684210527,0.6896551724137931,0.2222222222222222,0.4501108647450112,0.955,0,Low
1.0000000000000002,0.3157894736842105,0.4720000000000001,0.44000000000000017,0.14285714285714285,0.8421052631578947,0.9310344827586207,0.4444444444444444,0.5986696230598672,0.9,1,Medium
0.1333333333333333,0.6842105263157894,0.42400000000000004,0.9440000000000002,0.14285714285714285,0.2631578947368421,0.8275862068965517,0.7777777777777777,0.45750184774575026,0.985,0,Low
0.7333333333333332,0.05263157894736842,0.8910000000000001,0.752,0.5714285714285714,0.631578947368421,0.896551724137931,0.6666666666666666,0.8248337028824835,0.805,2,High
0.9333333333333333,0.05263157894736842,0.9900000000000001,0.32200000000000006,0.14285714285714285,0.7368421052631579,0.3793103448275862,0.1111111111111111,0.8373983739837398,0.085,2,High
0.1333333333333333,0.21052631578947367,0.14700000000000002,0.22799999999999998,1.0,0.8421052631578947,0.6551724137931034,0.6666666666666666,0.2121212121212121,0.65,1,Medium
0.8,0.47368421052631576,0.703,0.4970000000000001,0.0,0.2631578947368421,0.7931034482758621,0.6666666666666666,0.5314116777531412,0.635,1,Medium
0.4666666666666668,0.42105263157894735,0.04199999999999998,0.986,0.5714285714285714,0.9473684210526315,0.5517241379310345,0.8888888888888888,0.11382113821138212,0.585,1,Medium
0.19999999999999996,0.2631578947368421,0.6330000000000001,0.9440000000000002,0.2857142857142857,0.47368421052631576,0.5172413793103449,0.8888888888888888,0.4826311899482632,0.365,1,Medium
0.5333333333333334,0.9473684210526315,0.3330000000000001,0.6880000000000002,0.14285714285714285,0.21052631578947367,0.9655172413793103,1.0,0.2645971914264597,0.885,0,Low
0.26666666666666683,0.10526315789473684,0.9840000000000001,0.3699999999999999,0.14285714285714285,0.894736842105263,0.9655172413793103,0.1111111111111111,0.7989652623798966,0.795,1,Medium
0.4666666666666668,0.15789473684210525,0.92,0.6519999999999999,0.0,0.15789473684210525,0.3448275862068966,0.4444444444444444,0.779009608277901,0.82,1,Medium
0.19999999999999996,0.9473684210526315,0.5449999999999999,0.762,0.42857142857142855,0.631578947368421,0.6206896551724138,0.6666666666666666,0.4818920916481893,0.18,2,High
0.1333333333333333,0.15789473684210525,0.007000000000000006,0.9219999999999999,0.5714285714285714,0.5263157894736842,0.3793103448275862,0.6666666666666666,0.016260162601625994,0.165,0,Low
0.8,0.631578947368421,0.5529999999999999,0.6420000000000001,0.2857142857142857,0.3157894736842105,0.5862068965517241,0.4444444444444444,0.5898004434589801,0.87,1,Medium
0.06666666666666665,0.7894736842105263,0.894,0.0020000000000000018,1.0,0.3684210526315789,0.5172413793103449,0.2222222222222222,0.8078344419807837,0.45,2,High
0.6000000000000001,0.6842105263157894,0.14,0.804,0.8571428571428571,0.8421052631578947,0.8275862068965517,0.6666666666666666,0.2926829268292684,0.225,1,Medium
0.9333333333333333,0.10526315789473684,0.874,0.774,1.0,0.894736842105263,0.5517241379310345,0.7777777777777777,0.8787878787878791,0.965,2,High
0.4666666666666668,0.42105263157894735,0.527,0.3580000000000001,0.8571428571428571,0.894736842105263,1.0,0.2222222222222222,0.607538802660754,0.365,2,High
0.26666666666666683,0.5789473684210527,0.242,0.6839999999999999,0.42857142857142855,0.21052631578947367,1.0,0.2222222222222222,0.22690317812269029,0.565,0,Low
0.19999999999999996,0.631578947368421,0.7619999999999999,0.524,0.5714285714285714,0.5789473684210527,0.5517241379310345,0.3333333333333333,0.5698447893569847,0.98,1,Medium
0.0,0.7368421052631579,0.4119999999999999,0.966,1.0,0.3684210526315789,0.3448275862068966,0.0,0.3481152993348116,0.24,0,Low
0.1333333333333333,0.7368421052631579,0.9210000000000002,0.4970000000000001,1.0,1.0,0.034482758620689655,0.5555555555555556,0.7272727272727275,0.78,2,High
0.1333333333333333,0.15789473684210525,0.128,0.534,0.7142857142857142,0.42105263157894735,0.8620689655172413,0.1111111111111111,0.2786400591278641,0.255,0,Low
0.6666666666666667,0.5789473684210527,0.246,0.972,0.7142857142857142,0.3157894736842105,0.27586206896551724,0.5555555555555556,0.3178122690317812,0.31,0,Low
0.06666666666666665,0.631578947368421,0.4650000000000001,0.1140000000000001,0.42857142857142855,0.6842105263157894,0.6206896551724138,1.0,0.4493717664449372,0.405,2,High
0.7333333333333332,0.5789473684210527,0.515,0.27,0.0,0.21052631578947367,0.6896551724137931,0.5555555555555556,0.42276422764227645,0.91,1,Medium
1.0000000000000002,0.2631578947368421,0.16600000000000004,0.8920000000000001,1.0,0.3684210526315789,0.1724137931034483,0.1111111111111111,0.18551367331855134,0.75,0,Low
1.0000000000000002,0.42105263157894735,0.254,0.09000000000000008,0.7142857142857142,0.7368421052631579,0.27586206896551724,1.0,0.4279379157427939,0.72,2,High
0.6666666666666667,0.9473684210526315,0.32100000000000006,0.9079999999999999,0.7142857142857142,1.0,0.9655172413793103,0.6666666666666666,0.5062823355506283,0.58,1,Medium
0.7333333333333332,0.5789473684210527,0.378,0.9600000000000002,0.14285714285714285,1.0,0.5517241379310345,0.6666666666666666,0.31189948263119,0.895,1,Medium
0.26666666666666683,0.0,0.8410000000000001,0.31199999999999983,0.7142857142857142,0.10526315789473684,0.0,0.0,0.6533628972653365,0.96,0,Low
0.6000000000000001,0.10526315789473684,0.533,0.15600000000000003,1.0,0.5789473684210527,0.48275862068965514,0.6666666666666666,0.45602365114560256,0.02,2,High
0.19999999999999996,0.42105263157894735,0.595,0.546,0.42857142857142855,0.7894736842105263,0.8620689655172413,0.4444444444444444,0.4611973392461198,0.9,2,High
0.6000000000000001,0.2631578947368421,0.45199999999999996,0.9280000000000002,0.2857142857142857,0.631578947368421,0.5172413793103449,0.3333333333333333,0.40280857354028093,0.76,1,Medium
0.3333333333333335,0.7368421052631579,0.17500000000000004,0.952,0.42857142857142855,0.894736842105263,0.20689655172413793,0.7777777777777777,0.13377679231337763,0.355,2,High
0.9333333333333333,0.05263157894736842,0.14500000000000002,0.19600000000000006,0.42857142857142855,0.21052631578947367,0.41379310344827586,0.2222222222222222,0.20177383592017745,0.925,1,Medium
0.8666666666666669,0.10526315789473684,0.133,0.9920000000000002,0.7142857142857142,0.42105263157894735,0.24137931034482757,0.7777777777777777,0.1766444937176645,0.04,1,Medium
0.40000000000000013,0.3684210526315789,0.368,0.8140000000000001,0.2857142857142857,0.42105263157894735,0.5517241379310345,1.0,0.36954915003695504,0.59,1,Medium
0.4666666666666668,0.5789473684210527,0.269,0.10399999999999987,0.2857142857142857,0.7894736842105263,0.6206896551724138,0.8888888888888888,0.28972653362897277,0.185,2,High
1.0000000000000002,0.8421052631578947,0.5050000000000001,0.06600000000000006,0.7142857142857142,0.0,0.3448275862068966,0.5555555555555556,0.5484109386548413,0.635,1,Medium
0.26666666666666683,0.631578947368421,0.44800000000000006,0.95,0.7142857142857142,0.894736842105263,0.6551724137931034,0.0,0.3858093126385809,0.365,1,Medium
0.19999999999999996,0.2631578947368421,0.15100000000000002,0.4019999999999999,0.7142857142857142,0.3157894736842105,0.20689655172413793,0.1111111111111111,0.25424981522542506,0.29,1,Medium
0.06666666666666665,0.5789473684210527,0.020000000000000018,0.1140000000000001,0.14285714285714285,0.3684210526315789,0.48275862068965514,0.3333333333333333,0.19955654101995574,0.225,0,Low
0.1333333333333333,1.0,0.579,0.3380000000000001,0.7142857142857142,0.3157894736842105,0.0,0.5555555555555556,0.6252771618625277,0.675,1,Medium
0.8,0.894736842105263,0.5599999999999999,0.788,1.0,0.47368421052631576,0.8275862068965517,0.0,0.5062823355506283,0.315,1,Medium
0.8666666666666669,0.42105263157894735,0.18600000000000005,0.31800000000000006,0.5714285714285714,0.21052631578947367,0.7931034482758621,0.7777777777777777,0.19660014781966,0.48,0,Low
0.1333333333333333,0.47368421052631576,0.951,0.5940000000000001,0.7142857142857142,0.05263157894736842,0.5172413793103449,0.6666666666666666,0.8122690317812269,0.845,1,Medium
0.5333333333333334,0.6842105263157894,0.733,0.9920000000000002,0.2857142857142857,0.5263157894736842,0.4482758620689655,0.8888888888888888,0.6925351071692536,0.43,2,High
0.5333333333333334,0.2631578947368421,0.015000000000000013,0.798,0.7142857142857142,0.894736842105263,0.9655172413793103,0.7777777777777777,0.19807834441980782,0.27,1,Medium
0.40000000000000013,0.2631578947368421,0.30400000000000005,0.8360000000000001,0.5714285714285714,0.10526315789473684,0.8275862068965517,1.0,0.36954915003695504,0.235,1,Medium
0.8666666666666669,0.05263157894736842,0.9520000000000001,0.742,0.5714285714285714,0.3157894736842105,0.896551724137931,0.2222222222222222,0.7923133776792315,0.3,1,Medium
0.26666666666666683,0.05263157894736842,0.799,0.05399999999999994,0.5714285714285714,0.9473684210526315,0.8275862068965517,0.5555555555555556,0.6223207686622323,0.265,2,High
0.06666666666666665,0.15789473684210525,0.387,0.8460000000000001,0.8571428571428571,0.47368421052631576,0.41379310344827586,0.1111111111111111,0.3828529194382854,0.0,1,Medium
0.9333333333333333,0.42105263157894735,0.749,0.15600000000000003,0.5714285714285714,0.9473684210526315,0.7241379310344828,0.5555555555555556,0.6999260901699926,0.11,2,High
0.0,0.631578947368421,0.9650000000000002,0.6460000000000001,1.0,0.5789473684210527,0.20689655172413793,0.7777777777777777,0.9364375461936438,0.69,2,High
0.0,0.42105263157894735,0.359,0.40800000000000014,0.14285714285714285,0.21052631578947367,0.8275862068965517,0.4444444444444444,0.4486326681448633,0.345,0,Low
0.19999999999999996,0.7894736842105263,0.912,0.8480000000000001,0.5714285714285714,0.0,0.3448275862068966,0.5555555555555556,0.6799704360679972,0.14,1,Medium
0.3333333333333335,0.8421052631578947,0.29100000000000004,0.558,0.2857142857142857,0.0,0.48275862068965514,1.0,0.2631189948263119,0.03,1,Medium
0.6666666666666667,0.05263157894736842,0.256,0.3640000000000001,0.2857142857142857,0.15789473684210525,0.9310344827586207,0.2222222222222222,0.3104212860310422,0.68,1,Medium
0.9333333333333333,0.5789473684210527,0.5119999999999999,0.13800000000000012,0.14285714285714285,0.9473684210526315,0.7931034482758621,0.0,0.5535846267553586,0.825,1,Medium
0.6000000000000001,0.3157894736842105,0.5220000000000001,0.8859999999999999,0.7142857142857142,0.8421052631578947,0.034482758620689655,0.5555555555555556,0.6437546193643755,0.285,1,Medium
0.0,0.8421052631578947,0.366,0.998,0.5714285714285714,1.0,1.0,0.4444444444444444,0.28898743532889876,0.685,1,Medium
0.26666666666666683,0.3684210526315789,0.06799999999999995,0.08000000000000007,1.0,0.21052631578947367,0.41379310344827586,0.0,0.04951958610495194,0.045,0,Low
0.3333333333333335,0.8421052631578947,0.8460000000000002,0.030000000000000027,0.7142857142857142,0.3157894736842105,0.24137931034482757,0.5555555555555556,0.8255728011825574,0.12,2,High
0.19999999999999996,1.0,0.5830000000000001,0.9460000000000002,0.7142857142857142,0.10526315789473684,0.8620689655172413,1.0,0.4774575018477459,0.585,1,Medium
0.06666666666666665,1.0,0.524,0.518,0.8571428571428571,0.8421052631578947,0.5172413793103449,0.1111111111111111,0.5018477457501849,0.5,1,Medium
0.6666666666666667,0.7894736842105263,0.05999999999999994,0.556,0.8571428571428571,0.631578947368421,0.06896551724137931,0.4444444444444444,0.2963784183296379,0.38,1,Medium
0.26666666666666683,0.42105263157894735,0.384,0.552,0.2857142857142857,0.5789473684210527,0.9655172413793103,0.4444444444444444,0.27346637102734667,0.65,1,Medium
0.5333333333333334,1.0,0.28600000000000003,0.3720000000000001,0.2857142857142857,0.2631578947368421,0.8620689655172413,0.2222222222222222,0.2276422764227642,0.02,0,Low
0.8666666666666669,0.7368421052631579,0.5529999999999999,0.04399999999999993,0.7142857142857142,0.15789473684210525,0.48275862068965514,0.8888888888888888,0.42498152254249827,0.025,2,High
0.6666666666666667,0.21052631578947367,0.6390000000000001,0.41999999999999993,1.0,0.5263157894736842,0.13793103448275862,0.2222222222222222,0.5934959349593498,0.81,1,Medium
0.7333333333333332,0.10526315789473684,0.6940000000000001,0.18599999999999994,0.2857142857142857,0.6842105263157894,0.7586206896551724,0.7777777777777777,0.7324464153732446,0.97,2,High
1.0000000000000002,0.631578947368421,0.09299999999999997,0.5780000000000001,0.8571428571428571,0.10526315789473684,0.06896551724137931,0.5555555555555556,0.07834441980783441,0.695,0,Low
0.6666666666666667,0.05263157894736842,0.28500000000000003,0.494,0.2857142857142857,0.7894736842105263,0.896551724137931,0.1111111111111111,0.43828529194382865,0.48,1,Medium
0.06666666666666665,0.894736842105263,0.07599999999999996,0.3560000000000001,0.42857142857142855,0.894736842105263,0.3793103448275862,0.0,0.28455284552845533,0.755,1,Medium
0.06666666666666665,0.21052631578947367,0.9480000000000001,0.778,0.7142857142857142,0.6842105263157894,0.48275862068965514,0.1111111111111111,0.7376201034737622,0.895,1,Medium
0.40000000000000013,0.47368421052631576,0.07300000000000006,0.3500000000000001,0.42857142857142855,0.21052631578947367,0.5517241379310345,0.3333333333333333,0.28750923872875095,0.64,0,Low
0.6666666666666667,0.7368421052631579,0.45500000000000007,0.9280000000000002,0.42857142857142855,0.15789473684210525,0.8275862068965517,0.6666666666666666,0.4789356984478936,0.49,0,Low
0.1333333333333333,0.5263157894736842,0.494,0.040000000000000036,0.5714285714285714,0.631578947368421,0.48275862068965514,0.8888888888888888,0.5942350332594237,0.505,1,Medium
0.0,0.7368421052631579,0.272,0.07799999999999996,0.5714285714285714,0.6842105263157894,0.896551724137931,0.5555555555555556,0.3104212860310422,0.8,1,Medium
0.1333333333333333,0.47368421052631576,0.584,0.9140000000000001,0.42857142857142855,0.3157894736842105,0.48275862068965514,0.0,0.5513673318551369,0.15,1,Medium
0.4666666666666668,0.5789473684210527,0.11299999999999999,0.23399999999999999,0.7142857142857142,0.0,0.6896551724137931,0.3333333333333333,0.33702882483370294,0.915,0,Low
0.1333333333333333,0.5789473684210527,0.707,0.972,0.14285714285714285,0.7368421052631579,0.3103448275862069,0.2222222222222222,0.6999260901699926,0.855,1,Medium
0.8666666666666669,0.894736842105263,0.534,0.75,0.14285714285714285,0.3157894736842105,0.06896551724137931,0.2222222222222222,0.533628972653363,0.505,0,Low
0.9333333333333333,0.3157894736842105,0.21299999999999997,0.716,0.8571428571428571,0.631578947368421,0.13793103448275862,0.5555555555555556,0.3170731707317073,0.47,1,Medium
0.6000000000000001,0.42105263157894735,0.15000000000000002,0.134,0.42857142857142855,0.3684210526315789,0.1724137931034483,0.2222222222222222,0.1589061345158907,0.13,1,Medium
0.1333333333333333,0.3157894736842105,0.04500000000000004,0.34399999999999986,0.8571428571428571,0.21052631578947367,0.0,0.5555555555555556,0.05395417590539542,0.27,0,Low
0.6000000000000001,0.47368421052631576,0.243,0.09199999999999997,1.0,0.9473684210526315,0.5517241379310345,0.7777777777777777,0.39024390243902446,0.25,2,High
0.0,0.3157894736842105,0.8970000000000001,0.46199999999999997,0.42857142857142855,0.894736842105263,0.5172413793103449,0.4444444444444444,0.7967479674796749,0.28,2,High
1.0000000000000002,0.7894736842105263,0.061000000000000054,0.522,0.8571428571428571,0.5789473684210527,0.7586206896551724,1.0,0.19807834441980782,0.685,1,Medium
0.19999999999999996,0.3157894736842105,0.6429999999999999,0.45799999999999996,1.0,0.2631578947368421,0.7586206896551724,0.2222222222222222,0.49076127124907615,0.645,1,Medium
0.9333333333333333,0.8421052631578947,0.8930000000000001,0.05600000000000005,0.0,0.21052631578947367,0.5862068965517241,0.7777777777777777,0.9297856614929787,0.745,1,Medium
0.4666666666666668,0.21052631578947367,0.4890000000000001,0.534,0.7142857142857142,0.3684210526315789,0.034482758620689655,0.7777777777777777,0.5927568366592759,0.3,1,Medium
0.1333333333333333,0.42105263157894735,0.9500000000000001,0.31999999999999984,0.2857142857142857,0.3157894736842105,1.0,0.4444444444444444,0.8965262379896528,0.535,1,Medium
0.5333333333333334,1.0,0.15100000000000002,0.04600000000000004,1.0,0.8421052631578947,0.1724137931034483,0.6666666666666666,0.2912047302291206,0.505,1,Medium
0.6666666666666667,0.47368421052631576,0.902,0.6100000000000001,0.8571428571428571,0.3684210526315789,0.7586206896551724,0.2222222222222222,0.9246119733924612,0.0,1,Medium
0.9333333333333333,0.5789473684210527,0.8080000000000002,0.6699999999999999,0.14285714285714285,0.10526315789473684,0.034482758620689655,0.1111111111111111,0.7309682187730968,0.67,1,Medium
0.19999999999999996,1.0,0.701,0.732,0.2857142857142857,0.15789473684210525,0.10344827586206896,0.5555555555555556,0.5099778270509978,0.435,1,Medium
0.40000000000000013,0.3157894736842105,0.19900000000000007,0.764,0.0,0.15789473684210525,1.0,0.7777777777777777,0.4146341463414635,0.71,0,Low
0.3333333333333335,1.0,0.6449999999999999,0.554,0.5714285714285714,0.894736842105263,0.9310344827586207,0.0,0.7361419068736144,0.595,1,Medium
0.06666666666666665,0.0,0.31799999999999995,0.18200000000000005,1.0,0.894736842105263,0.034482758620689655,0.8888888888888888,0.4944567627494458,0.285,2,High
0.26666666666666683,0.21052631578947367,0.9900000000000001,0.6839999999999999,0.8571428571428571,0.7894736842105263,0.06896551724137931,0.1111111111111111,0.917960088691796,0.905,2,High
1.0000000000000002,0.10526315789473684,0.124,0.75,0.0,0.3157894736842105,0.1724137931034483,0.1111111111111111,0.17368810051736877,0.06,0,Low
0.6000000000000001,0.0,0.842,0.7300000000000002,0.5714285714285714,0.0,0.3103448275862069,0.3333333333333333,0.8787878787878791,0.845,1,Medium
0.19999999999999996,0.631578947368421,0.08099999999999996,0.19399999999999995,0.14285714285714285,0.3157894736842105,0.3448275862068966,0.2222222222222222,0.10569105691056907,0.8,0,Low
1.0000000000000002,0.631578947368421,0.4029999999999999,0.7380000000000002,0.5714285714285714,0.6842105263157894,0.24137931034482757,0.1111111111111111,0.40502586844050265,0.69,0,Low
0.06666666666666665,0.7368421052631579,0.16600000000000004,0.71,1.0,0.2631578947368421,0.48275862068965514,0.8888888888888888,0.3155949741315596,0.32,0,Low
0.40000000000000013,0.47368421052631576,0.29400000000000004,0.952,0.42857142857142855,0.2631578947368421,0.10344827586206896,0.8888888888888888,0.4434589800443461,0.95,0,Low
0.6666666666666667,0.5789473684210527,0.030999999999999972,0.44000000000000017,0.5714285714285714,0.7368421052631579,0.10344827586206896,0.5555555555555556,0.1426459719142646,0.355,1,Medium
0.40000000000000013,0.3684210526315789,0.23099999999999998,0.952,0.8571428571428571,0.3684210526315789,0.3793103448275862,0.0,0.3584626755358464,0.27,1,Medium
0.40000000000000013,0.0,0.9890000000000002,0.758,0.0,0.0,0.0,0.8888888888888888,0.9623059866962307,0.135,1,Medium
0.8,0.6842105263157894,0.672,0.1279999999999999,0.42857142857142855,0.3684210526315789,0.1724137931034483,0.3333333333333333,0.7420546932742056,0.17,1,Medium
0.7333333333333332,0.894736842105263,0.6509999999999999,0.718,0.42857142857142855,0.7894736842105263,0.41379310344827586,0.4444444444444444,0.6962305986696231,0.505,2,High
0.6000000000000001,0.3684210526315789,0.9970000000000002,0.8379999999999999,0.2857142857142857,0.3157894736842105,0.6206896551724138,1.0,0.7982261640798229,0.68,1,Medium
0.3333333333333335,0.9473684210526315,0.17100000000000004,0.5860000000000001,1.0,0.8421052631578947,0.3103448275862069,0.2222222222222222,0.1426459719142646,0.225,1,Medium
0.6000000000000001,1.0,0.8119999999999999,0.15399999999999991,0.7142857142857142,0.15789473684210525,0.3793103448275862,0.4444444444444444,0.6821877309682187,0.8,1,Medium
0.0,0.3157894736842105,0.842,0.14200000000000002,0.0,0.2631578947368421,0.27586206896551724,0.2222222222222222,0.5018477457501849,0.385,2,High
0.1333333333333333,0.5789473684210527,0.47,0.23199999999999998,0.14285714285714285,0.42105263157894735,0.5517241379310345,0.4444444444444444,0.45676274944567635,0.275,1,Medium
0.6666666666666667,0.8421052631578947,0.608,0.5940000000000001,1.0,0.7894736842105263,0.13793103448275862,0.7777777777777777,0.6156688839615669,0.415,2,High
0.1333333333333333,0.2631578947368421,0.18099999999999994,0.52,0.14285714285714285,0.42105263157894735,0.48275862068965514,0.7777777777777777,0.4087213599408723,0.21,0,Low
0.40000000000000013,0.6842105263157894,0.8869999999999999,0.5800000000000001,0.2857142857142857,0.42105263157894735,0.4482758620689655,0.3333333333333333,0.9098300073909831,0.015,1,Medium
0.06666666666666665,0.21052631578947367,0.041000000000000036,0.558,0.7142857142857142,0.5263157894736842,0.9655172413793103,0.2222222222222222,0.11234294161123431,0.205,0,Low
1.0000000000000002,0.21052631578947367,0.41000000000000003,0.21599999999999997,0.42857142857142855,0.9473684210526315,0.3448275862068966,0.5555555555555556,0.49002217294900235,0.53,1,Medium
0.1333333333333333,1.0,0.46199999999999997,0.546,0.8571428571428571,0.10526315789473684,0.06896551724137931,0.7777777777777777,0.5742793791574281,0.92,1,Medium
0.40000000000000013,0.5789473684210527,0.9460000000000001,0.5780000000000001,0.8571428571428571,0.10526315789473684,0.6206896551724138,0.3333333333333333,0.6881005173688102,0.135,1,Medium
0.06666666666666665,0.47368421052631576,0.5619999999999999,0.5680000000000001,0.5714285714285714,0.05263157894736842,0.7241379310344828,0.7777777777777777,0.5631929046563193,0.215,0,Low
0.40000000000000013,0.7368421052631579,0.6010000000000001,0.524,0.42857142857142855,0.5263157894736842,0.8620689655172413,0.2222222222222222,0.6962305986696231,0.305,1,Medium
0.1333333333333333,0.9473684210526315,0.7080000000000001,0.476,0.2857142857142857,0.9473684210526315,0.5172413793103449,0.8888888888888888,0.5188470066518849,0.99,2,High
0.3333333333333335,0.9473684210526315,0.44399999999999995,0.8539999999999999,0.7142857142857142,0.2631578947368421,0.7931034482758621,0.2222222222222222,0.3274205469327422,0.635,0,Low
0.6000000000000001,0.3684210526315789,0.6890000000000002,0.998,0.2857142857142857,0.7368421052631579,0.6551724137931034,0.8888888888888888,0.5358462675535849,0.11,1,Medium
0.19999999999999996,0.2631578947368421,0.18700000000000006,0.28800000000000003,0.42857142857142855,0.47368421052631576,0.3448275862068966,0.8888888888888888,0.3983739837398374,0.12,1,Medium
0.3333333333333335,0.15789473684210525,0.05300000000000005,0.246,0.2857142857142857,0.5789473684210527,0.41379310344827586,0.0,0.05764966740576499,0.585,0,Low
0.5333333333333334,0.0,0.4029999999999999,0.3640000000000001,0.42857142857142855,0.0,0.48275862068965514,0.5555555555555556,0.33702882483370294,0.88,0,Low
0.19999999999999996,0.05263157894736842,0.395,0.8420000000000003,0.0,0.15789473684210525,0.06896551724137931,0.5555555555555556,0.2985957132298596,0.305,0,Low
0.6000000000000001,0.3684210526315789,0.5119999999999999,0.244,0.2857142857142857,0.631578947368421,0.24137931034482757,0.8888888888888888,0.44271988174427207,0.245,2,High
0.6666666666666667,0.894736842105263,0.16700000000000004,0.22199999999999998,1.0,1.0,0.5517241379310345,0.6666666666666666,0.15447154471544716,0.61,2,High
0.5333333333333334,0.3157894736842105,0.34299999999999997,0.6699999999999999,1.0,0.2631578947368421,0.6896551724137931,0.5555555555555556,0.31929046563192903,0.29,0,Low
1.0000000000000002,0.6842105263157894,0.11699999999999999,0.536,0.8571428571428571,0.3684210526315789,0.48275862068965514,0.4444444444444444,0.3141167775314118,0.495,0,Low
0.19999999999999996,0.15789473684210525,0.8290000000000001,0.506,0.14285714285714285,0.10526315789473684,0.20689655172413793,0.8888888888888888,0.614929785661493,0.79,1,Medium
0.6000000000000001,0.15789473684210525,0.133,0.6300000000000001,0.8571428571428571,0.3157894736842105,0.7586206896551724,0.4444444444444444,0.3584626755358464,0.225,0,Low
0.1333333333333333,0.631578947368421,0.594,0.6619999999999999,0.7142857142857142,0.0,0.8620689655172413,1.0,0.70509977827051,0.56,1,Medium
0.4666666666666668,0.0,0.658,0.6560000000000001,0.42857142857142855,0.8421052631578947,0.20689655172413793,0.8888888888888888,0.6548410938654843,0.695,2,High
0.8,0.7894736842105263,0.779,0.8420000000000003,0.0,0.05263157894736842,0.7586206896551724,0.4444444444444444,0.6430155210643016,0.71,1,Medium
0.9333333333333333,0.42105263157894735,0.8990000000000001,0.3740000000000001,0.42857142857142855,0.05263157894736842,0.3448275862068966,0.0,0.8011825572801183,0.85,1,Medium
0.06666666666666665,0.47368421052631576,0.33499999999999996,0.3800000000000001,0.42857142857142855,0.631578947368421,0.0,0.2222222222222222,0.5240206947524022,0.64,1,Medium
0.4666666666666668,0.42105263157894735,0.2280000000000001,0.8160000000000001,0.14285714285714285,0.05263157894736842,0.3103448275862069,0.3333333333333333,0.3458980044345899,0.195,0,Low
0.1333333333333333,0.7894736842105263,0.249,0.4800000000000002,0.8571428571428571,0.05263157894736842,0.20689655172413793,0.2222222222222222,0.3288987435328899,0.775,0,Low
0.19999999999999996,0.5789473684210527,0.15400000000000003,0.708,0.14285714285714285,0.9473684210526315,0.3448275862068966,0.8888888888888888,0.12269031781226908,0.655,1,Medium
0.06666666666666665,0.47368421052631576,0.392,0.6880000000000002,0.7142857142857142,0.7368421052631579,0.3103448275862069,0.5555555555555556,0.4789356984478936,0.435,2,High
0.26666666666666683,0.42105263157894735,0.737,0.764,0.8571428571428571,0.47368421052631576,0.7931034482758621,0.1111111111111111,0.590539541759054,0.09,1,Medium
1.0000000000000002,0.47368421052631576,0.626,0.762,0.5714285714285714,0.0,0.9310344827586207,0.5555555555555556,0.6999260901699926,0.635,0,Low
0.4666666666666668,0.894736842105263,0.801,0.4970000000000001,0.2857142857142857,0.3157894736842105,0.4482758620689655,0.5555555555555556,0.592017738359202,0.535,1,Medium
0.9333333333333333,0.7368421052631579,0.904,0.31199999999999983,0.7142857142857142,0.6842105263157894,0.5172413793103449,0.8888888888888888,0.7553584626755359,0.74,2,High
0.26666666666666683,0.6842105263157894,0.7380000000000001,0.708,0.8571428571428571,0.05263157894736842,0.7931034482758621,0.8888888888888888,0.6829268292682926,0.315,1,Medium
0.5333333333333334,0.8421052631578947,0.8390000000000001,0.3320000000000001,0.0,0.6842105263157894,0.3793103448275862,0.2222222222222222,0.7169253510716926,0.7,1,Medium
0.3333333333333335,0.6842105263157894,0.3330000000000001,0.3839999999999999,0.8571428571428571,0.3157894736842105,0.7241379310344828,0.0,0.40798226164079837,0.79,0,Low
0.19999999999999996,0.894736842105263,0.20599999999999996,0.3599999999999999,0.8571428571428571,0.7894736842105263,0.034482758620689655,0.5555555555555556,0.1603843311160384,0.06,1,Medium
0.6666666666666667,0.5789473684210527,0.057999999999999996,0.09600000000000009,0.42857142857142855,0.42105263157894735,0.3793103448275862,0.0,0.1419068736141907,0.245,0,Low
0.0,0.21052631578947367,0.9520000000000001,0.16400000000000003,0.5714285714285714,0.6842105263157894,0.6551724137931034,0.4444444444444444,0.9379157427937916,0.01,2,High
0.9333333333333333,0.631578947368421,0.4039999999999999,0.3380000000000001,0.8571428571428571,0.47368421052631576,0.3793103448275862,0.6666666666666666,0.3858093126385809,0.175,1,Medium
0.40000000000000013,0.5789473684210527,0.23399999999999999,0.4970000000000001,0.5714285714285714,0.7894736842105263,0.48275862068965514,0.5555555555555556,0.18847006651884707,0.21,1,Medium
1.0000000000000002,0.3684210526315789,0.264,0.39800000000000013,0.8571428571428571,0.631578947368421,0.48275862068965514,0.4444444444444444,0.2934220251293422,0.36,1,Medium
0.7333333333333332,1.0,0.4960000000000001,0.8239999999999998,1.0,0.6842105263157894,0.10344827586206896,0.8888888888888888,0.4826311899482632,0.08,2,High
1.0000000000000002,0.0,0.969,0.05800000000000005,0.7142857142857142,0.9473684210526315,0.10344827586206896,0.7777777777777777,0.73909830007391,0.835,2,High
0.6666666666666667,0.7368421052631579,0.4960000000000001,0.6560000000000001,0.0,0.8421052631578947,0.10344827586206896,0.3333333333333333,0.5018477457501849,0.925,1,Medium
0.6666666666666667,0.42105263157894735,0.3530000000000001,0.278,0.2857142857142857,0.3157894736842105,0.24137931034482757,0.8888888888888888,0.3628972653362897,0.78,1,Medium
0.8666666666666669,0.47368421052631576,0.5199999999999999,0.051999999999999935,0.8571428571428571,0.42105263157894735,0.06896551724137931,0.4444444444444444,0.4648928307464894,0.405,1,Medium
0.8666666666666669,0.21052631578947367,0.695,0.45199999999999996,0.42857142857142855,0.9473684210526315,0.24137931034482757,0.4444444444444444,0.5018477457501849,0.645,1,Medium
0.6000000000000001,0.47368421052631576,0.41800000000000004,0.132,0.7142857142857142,0.0,0.27586206896551724,1.0,0.3311160384331116,0.52,1,Medium
0.9333333333333333,0.894736842105263,0.549,0.6480000000000001,0.8571428571428571,0.3684210526315789,0.3448275862068966,0.0,0.5306725794530673,0.71,1,Medium
0.3333333333333335,0.21052631578947367,0.7599999999999999,0.6720000000000002,0.42857142857142855,0.05263157894736842,0.3448275862068966,0.6666666666666666,0.7280118255728014,0.59,1,Medium
0.8666666666666669,0.05263157894736842,0.274,0.39800000000000013,0.42857142857142855,0.6842105263157894,0.41379310344827586,0.8888888888888888,0.3133776792313378,0.4,2,High
0.3333333333333335,0.47368421052631576,0.8460000000000002,0.702,0.8571428571428571,0.894736842105263,0.5862068965517241,0.3333333333333333,0.878048780487805,0.285,2,High
0.0,0.7894736842105263,0.7660000000000001,0.4880000000000002,0.7142857142857142,0.5789473684210527,0.24137931034482757,0.3333333333333333,0.5787139689578715,0.505,2,High
0.6666666666666667,0.5263157894736842,0.40900000000000003,0.32799999999999985,0.2857142857142857,0.6842105263157894,0.1724137931034483,1.0,0.4138950480413896,0.445,1,Medium
0.4666666666666668,0.5789473684210527,0.29400000000000004,0.744,0.2857142857142857,0.0,0.27586206896551724,0.0,0.2283813747228382,0.16,0,Low
0.0,0.21052631578947367,0.04400000000000004,0.6060000000000001,0.2857142857142857,0.7894736842105263,0.41379310344827586,0.6666666666666666,0.3000739098300074,0.465,1,Medium
1.0000000000000002,0.9473684210526315,0.4980000000000001,0.0119999999999999,0.42857142857142855,0.5789473684210527,0.896551724137931,0.0,0.6282335550628235,0.305,1,Medium
0.7333333333333332,0.47368421052631576,0.5119999999999999,0.13000000000000012,0.14285714285714285,0.631578947368421,0.10344827586206896,0.4444444444444444,0.37398373983739835,0.65,1,Medium
0.06666666666666665,0.9473684210526315,0.23099999999999998,0.22199999999999998,0.0,0.15789473684210525,0.6206896551724138,0.2222222222222222,0.3148558758314857,0.295,0,Low
0.3333333333333335,0.21052631578947367,0.9700000000000001,0.8379999999999999,0.5714285714285714,0.7368421052631579,0.6551724137931034,0.8888888888888888,0.8558758314855877,0.98,2,High
0.19999999999999996,0.5263157894736842,0.09999999999999998,0.53,0.8571428571428571,0.7894736842105263,0.7931034482758621,1.0,0.09386548410938655,0.0,1,Medium
0.26666666666666683,0.05263157894736842,0.28600000000000003,0.8160000000000001,0.5714285714285714,0.21052631578947367,0.7241379310344828,0.2222222222222222,0.33924611973392477,0.405,0,Low
0.06666666666666665,0.3157894736842105,0.049000000000000044,0.42799999999999994,0.8571428571428571,0.2631578947368421,0.034482758620689655,0.8888888888888888,0.05986696230598665,0.27,0,Low
0.8666666666666669,0.894736842105263,0.9980000000000001,0.21399999999999997,0.7142857142857142,0.21052631578947367,0.5172413793103449,0.3333333333333333,0.7487065779748707,0.51,1,Medium
0.0,0.2631578947368421,0.247,0.3720000000000001,0.5714285714285714,0.8421052631578947,0.7931034482758621,0.3333333333333333,0.4611973392461198,0.77,1,Medium
0.1333333333333333,0.15789473684210525,0.547,0.242,1.0,0.21052631578947367,0.8620689655172413,0.4444444444444444,0.6504065040650406,0.45,1,Medium
0.5333333333333334,0.47368421052631576,0.478,0.9480000000000002,0.5714285714285714,0.15789473684210525,0.6896551724137931,0.5555555555555556,0.5957132298595713,0.085,0,Low
0.06666666666666665,0.894736842105263,0.4800000000000001,0.06600000000000006,0.5714285714285714,0.6842105263157894,0.48275862068965514,0.2222222222222222,0.5602365114560237,0.45,1,Medium
0.3333333333333335,1.0,0.693,0.29800000000000004,0.0,0.631578947368421,0.20689655172413793,0.0,0.6496674057649667,0.09,1,Medium
0.0,0.47368421052631576,0.118,0.952,0.5714285714285714,1.0,0.13793103448275862,0.8888888888888888,0.33702882483370294,0.6,1,Medium
1.0000000000000002,0.2631578947368421,0.9269999999999999,0.33599999999999985,1.0,0.5263157894736842,0.27586206896551724,0.1111111111111111,0.7782705099778271,0.38,2,High
0.8,0.7368421052631579,0.501,0.14200000000000002,0.0,0.15789473684210525,0.6551724137931034,0.5555555555555556,0.49223946784922396,0.22,0,Low
0.19999999999999996,0.0,0.45399999999999996,0.6220000000000001,0.42857142857142855,0.05263157894736842,0.8275862068965517,0.2222222222222222,0.5291943828529195,0.855,0,Low
1.0000000000000002,0.5789473684210527,0.9920000000000001,0.04800000000000004,0.42857142857142855,0.5789473684210527,0.7586206896551724,0.5555555555555556,0.8314855875831488,0.6,2,High
0.7333333333333332,0.0,0.13,0.0020000000000000018,0.8571428571428571,0.5789473684210527,0.034482758620689655,0.0,0.30376940133037705,0.54,0,Low
0.4666666666666668,0.15789473684210525,0.8630000000000001,0.6359999999999999,0.0,0.10526315789473684,0.7931034482758621,1.0,0.6223207686622323,0.52,1,Medium
0.40000000000000013,0.21052631578947367,0.7080000000000001,0.734,0.8571428571428571,0.47368421052631576,0.7586206896551724,0.7777777777777777,0.6718403547671841,0.63,2,High
0.0,0.5263157894736842,0.31100000000000005,0.08800000000000008,0.14285714285714285,0.3684210526315789,0.034482758620689655,0.7777777777777777,0.47154471544715454,0.58,1,Medium
0.26666666666666683,0.0,0.743,0.19000000000000006,0.5714285714285714,0.47368421052631576,0.7586206896551724,0.1111111111111111,0.7878787878787878,0.73,2,High
0.19999999999999996,0.21052631578947367,0.32400000000000007,0.126,1.0,0.10526315789473684,0.3103448275862069,0.6666666666666666,0.5144124168514412,0.65,1,Medium
0.9333333333333333,0.631578947368421,0.785,0.6480000000000001,1.0,0.2631578947368421,0.8275862068965517,0.2222222222222222,0.7575757575757578,0.705,1,Medium
0.8666666666666669,1.0,0.951,0.1439999999999999,0.14285714285714285,0.5263157894736842,0.896551724137931,0.0,0.830007390983001,0.86,2,High
0.19999999999999996,0.8421052631578947,0.013999999999999957,0.31999999999999984,0.5714285714285714,0.47368421052631576,0.3448275862068966,0.5555555555555556,0.0,0.18,0,Low
0.7333333333333332,0.2631578947368421,0.568,0.9140000000000001,0.5714285714285714,0.7368421052631579,0.6551724137931034,0.5555555555555556,0.5018477457501849,0.75,1,Medium
0.7333333333333332,0.47368421052631576,0.8270000000000001,0.050000000000000044,0.2857142857142857,0.15789473684210525,0.896551724137931,0.3333333333333333,0.7982261640798229,0.475,1,Medium
0.8,0.42105263157894735,0.6130000000000001,0.22199999999999998,0.14285714285714285,0.47368421052631576,0.896551724137931,0.8888888888888888,0.6740576496674058,0.85,1,Medium
0.6666666666666667,0.9473684210526315,0.9650000000000002,0.3939999999999999,0.14285714285714285,0.47368421052631576,0.3793103448275862,0.3333333333333333,0.8654841093865486,0.27,2,High
0.06666666666666665,0.0,0.133,0.6539999999999999,0.2857142857142857,0.47368421052631576,0.6206896551724138,0.2222222222222222,0.22246858832224697,0.125,0,Low
0.9333333333333333,0.6842105263157894,0.723,0.3779999999999999,0.14285714285714285,0.42105263157894735,0.7586206896551724,0.8888888888888888,0.696969696969697,0.18,1,Medium
0.26666666666666683,0.0,0.5670000000000001,0.06799999999999995,0.42857142857142855,0.5789473684210527,0.4482758620689655,0.6666666666666666,0.6770140428677014,0.815,1,Medium
0.26666666666666683,0.9473684210526315,0.41700000000000004,0.14200000000000002,1.0,0.631578947368421,0.48275862068965514,0.3333333333333333,0.518107908351811,0.605,1,Medium
0.19999999999999996,0.0,0.6829999999999999,0.556,0.5714285714285714,0.8421052631578947,0.6206896551724138,0.6666666666666666,0.6762749445676275,0.49,2,High
0.1333333333333333,0.7368421052631579,0.22499999999999998,0.6460000000000001,1.0,0.8421052631578947,0.3103448275862069,0.2222222222222222,0.5018477457501849,0.405,0,Low
0.7333333333333332,0.894736842105263,0.356,0.754,0.5714285714285714,0.5789473684210527,0.034482758620689655,0.0,0.3303769401330377,0.48,0,Low
0.9333333333333333,0.42105263157894735,0.5539999999999999,0.006000000000000005,0.42857142857142855,0.42105263157894735,0.48275862068965514,0.8888888888888888,0.6592756836659277,0.105,2,High
0.4666666666666668,0.47368421052631576,0.45500000000000007,0.118,0.14285714285714285,0.15789473684210525,0.0,0.5555555555555556,0.45971914264597197,0.76,0,Low
0.5333333333333334,1.0,0.6310000000000001,0.9140000000000001,0.14285714285714285,0.631578947368421,0.7241379310344828,0.8888888888888888,0.6156688839615669,0.375,1,Medium
0.40000000000000013,0.21052631578947367,0.28600000000000003,0.026000000000000023,0.14285714285714285,0.894736842105263,0.7241379310344828,1.0,0.3976348854397635,0.355,2,High
0.26666666666666683,1.0,0.397,0.8300000000000001,0.7142857142857142,0.7368421052631579,0.5862068965517241,0.3333333333333333,0.3599408721359942,0.43,1,Medium
0.26666666666666683,0.8421052631578947,0.51,0.43000000000000016,0.14285714285714285,0.47368421052631576,0.06896551724137931,1.0,0.3998521803399852,0.285,2,High
0.26666666666666683,0.05263157894736842,0.42699999999999994,0.248,0.42857142857142855,0.5789473684210527,0.20689655172413793,0.7777777777777777,0.30155210643015523,0.92,1,Medium
0.8666666666666669,1.0,0.7919999999999999,0.3919999999999999,0.8571428571428571,0.7894736842105263,0.20689655172413793,0.7777777777777777,0.7753141167775315,0.865,2,High
0.3333333333333335,1.0,0.65,0.548,0.5714285714285714,0.7368421052631579,0.5172413793103449,0.5555555555555556,0.6215816703621582,0.325,1,Medium
0.3333333333333335,0.42105263157894735,0.4960000000000001,0.29600000000000004,0.0,0.2631578947368421,1.0,0.1111111111111111,0.5861049519586106,0.105,0,Low
0.40000000000000013,1.0,0.7100000000000001,0.45399999999999996,1.0,0.8421052631578947,0.9310344827586207,0.0,0.7590539541759056,0.86,2,High
0.06666666666666665,0.6842105263157894,0.21900000000000008,0.05800000000000005,0.42857142857142855,0.7368421052631579,0.7931034482758621,0.3333333333333333,0.2475979305247598,0.45,0,Low
0.06666666666666665,0.6842105263157894,0.35,0.4970000000000001,0.5714285714285714,0.15789473684210525,0.10344827586206896,0.6666666666666666,0.4996304508499632,0.035,1,Medium
0.4666666666666668,0.0,0.9980000000000001,0.76,0.7142857142857142,0.21052631578947367,0.24137931034482757,1.0,0.9453067257945309,0.61,2,High
0.9333333333333333,0.3684210526315789,0.648,0.23399999999999999,0.0,0.3684210526315789,0.5172413793103449,0.1111111111111111,0.5395417590539542,1.0,1,Medium
0.40000000000000013,0.42105263157894735,0.02699999999999997,0.3859999999999999,1.0,0.15789473684210525,0.9310344827586207,0.2222222222222222,0.25424981522542506,0.3,0,Low
1.0000000000000002,0.47368421052631576,0.17199999999999993,0.11999999999999988,0.42857142857142855,0.47368421052631576,0.8275862068965517,0.5555555555555556,0.3303769401330377,0.675,0,Low
0.6000000000000001,0.5263157894736842,0.14900000000000002,0.7060000000000002,0.14285714285714285,0.7368421052631579,0.9310344827586207,1.0,0.11899482631189956,0.5,0,Low
0.7333333333333332,0.10526315789473684,0.9740000000000001,0.526,0.7142857142857142,0.0,0.5862068965517241,0.5555555555555556,0.796008869179601,0.455,1,Medium
0.4666666666666668,0.42105263157894735,0.6890000000000002,0.55,0.42857142857142855,1.0,0.6896551724137931,0.2222222222222222,0.5898004434589801,0.53,2,High
0.5333333333333334,0.21052631578947367,0.3370000000000001,0.6580000000000001,0.5714285714285714,0.42105263157894735,0.5172413793103449,1.0,0.4301552106430156,0.745,1,Medium
0.19999999999999996,0.894736842105263,0.395,0.14200000000000002,0.7142857142857142,0.5789473684210527,0.6206896551724138,0.5555555555555556,0.3288987435328899,0.02,2,High
0.0,0.42105263157894735,0.8910000000000001,0.4970000000000001,0.5714285714285714,0.9473684210526315,0.7931034482758621,0.2222222222222222,0.6474501108647452,0.83,2,High
0.06666666666666665,0.2631578947368421,0.975,0.798,0.42857142857142855,0.3684210526315789,0.24137931034482757,0.7777777777777777,0.9105691056910572,0.9,2,High
0.4666666666666668,0.3157894736842105,0.009000000000000008,0.32600000000000007,0.42857142857142855,0.21052631578947367,0.6896551724137931,0.1111111111111111,0.5018477457501849,0.29,0,Low
0.8,0.8421052631578947,0.8039999999999999,0.5940000000000001,0.42857142857142855,0.7894736842105263,0.9310344827586207,1.0,0.830007390983001,0.465,2,High
0.0,0.8421052631578947,0.4960000000000001,0.742,0.2857142857142857,1.0,0.5517241379310345,0.7777777777777777,0.5099778270509978,0.135,2,High
0.7333333333333332,0.9473684210526315,0.3490000000000001,0.804,0.42857142857142855,1.0,1.0,0.4444444444444444,0.40798226164079837,0.805,0,Low
0.8,0.7894736842105263,0.9720000000000001,0.3699999999999999,0.5714285714285714,0.42105263157894735,0.20689655172413793,0.4444444444444444,0.5018477457501849,0.705,2,High
0.5333333333333334,0.15789473684210525,0.4710000000000001,0.4960000000000002,0.2857142857142857,1.0,0.3103448275862069,0.7777777777777777,0.5388026607538803,0.495,2,High
0.8,0.7368421052631579,0.6550000000000001,0.776,0.8571428571428571,0.631578947368421,0.6551724137931034,0.3333333333333333,0.6467110125646713,0.035,1,Medium
0.06666666666666665,0.6842105263157894,0.5300000000000001,0.5900000000000001,0.5714285714285714,0.3684210526315789,0.3103448275862069,0.6666666666666666,0.582409460458241,0.335,1,Medium
0.4666666666666668,0.3157894736842105,0.47,0.8780000000000001,0.5714285714285714,0.3157894736842105,0.5517241379310345,0.2222222222222222,0.3680709534368071,0.865,0,Low
0.6666666666666667,1.0,0.495,0.4970000000000001,0.0,0.47368421052631576,0.5862068965517241,0.7777777777777777,0.3821138211382115,0.87,1,Medium
0.4666666666666668,0.6842105263157894,0.951,0.732,0.0,0.3684210526315789,0.8620689655172413,0.8888888888888888,0.9623059866962307,0.46,2,High
0.1333333333333333,0.3157894736842105,0.20499999999999996,0.7300000000000002,0.7142857142857142,0.21052631578947367,0.5862068965517241,0.8888888888888888,0.3769401330376941,0.545,1,Medium
0.8,0.9473684210526315,0.93,0.6500000000000001,0.5714285714285714,0.9473684210526315,0.8620689655172413,0.1111111111111111,0.8107908351810791,0.145,2,High
0.0,0.47368421052631576,0.584,0.3679999999999999,0.42857142857142855,0.5789473684210527,0.48275862068965514,0.8888888888888888,0.41906873614190704,0.225,2,High
0.06666666666666665,0.0,0.4960000000000001,0.4800000000000002,0.14285714285714285,0.47368421052631576,0.034482758620689655,0.6666666666666666,0.33628972653362904,0.095,1,Medium
0.0,0.0,0.30000000000000004,0.43200000000000016,0.7142857142857142,0.21052631578947367,0.0,0.4444444444444444,0.37028824833702895,0.41,1,Medium
0.0,0.5789473684210527,0.517,0.4970000000000001,0.2857142857142857,0.05263157894736842,0.5862068965517241,0.7777777777777777,0.5883222468588323,0.175,1,Medium
0.8666666666666669,0.631578947368421,0.926,0.8140000000000001,0.2857142857142857,0.7368421052631579,0.41379310344827586,0.2222222222222222,0.8824833702882484,0.615,1,Medium
0.5333333333333334,0.631578947368421,0.376,0.4039999999999999,0.42857142857142855,0.7368421052631579,0.6551724137931034,0.1111111111111111,0.4331116038433112,0.305,1,Medium
0.7333333333333332,0.3684210526315789,0.533,0.526,1.0,0.3684210526315789,0.3448275862068966,0.3333333333333333,0.6696230598669624,0.86,1,Medium
0.0,0.9473684210526315,0.632,0.742,0.42857142857142855,0.3157894736842105,0.10344827586206896,0.8888888888888888,0.47376201034737625,0.575,1,Medium
0.1333333333333333,0.42105263157894735,0.2230000000000001,0.11599999999999999,0.5714285714285714,0.8421052631578947,0.3793103448275862,0.2222222222222222,0.21951219512195125,0.985,1,Medium
0.0,0.0,0.15800000000000003,0.9780000000000002,0.5714285714285714,0.15789473684210525,0.06896551724137931,1.0,0.18403547671840353,0.215,1,Medium
0.7333333333333332,0.3157894736842105,0.8990000000000001,0.8640000000000001,0.42857142857142855,0.7894736842105263,0.24137931034482757,0.1111111111111111,0.8876570583887657,0.745,1,Medium
0.3333333333333335,0.6842105263157894,0.6970000000000002,0.42599999999999993,0.8571428571428571,0.6842105263157894,0.10344827586206896,0.3333333333333333,0.590539541759054,0.225,2,High
0.8,0.0,0.977,0.4099999999999999,0.8571428571428571,0.15789473684210525,0.6551724137931034,0.5555555555555556,0.7206208425720622,0.5,2,High
0.7333333333333332,0.894736842105263,0.33899999999999997,0.6900000000000002,0.0,0.7894736842105263,0.48275862068965514,0.3333333333333333,0.2609016999260902,0.505,0,Low
0.8666666666666669,1.0,0.259,0.3580000000000001,1.0,1.0,0.8620689655172413,0.7777777777777777,0.4286770140428678,0.975,2,High
0.06666666666666665,0.21052631578947367,0.6289999999999999,0.798,0.5714285714285714,0.631578947368421,0.6551724137931034,0.6666666666666666,0.7257945306725795,0.65,1,Medium
0.8,0.7368421052631579,0.259,0.15000000000000002,0.14285714285714285,0.47368421052631576,0.034482758620689655,0.0,0.37324464153732456,0.815,0,Low
0.7333333333333332,0.7368421052631579,0.55,0.11599999999999999,1.0,1.0,0.9655172413793103,0.2222222222222222,0.6245380635624538,0.22,2,High
1.0000000000000002,0.7894736842105263,0.884,0.15000000000000002,0.0,0.2631578947368421,0.06896551724137931,0.8888888888888888,0.9098300073909831,0.025,2,High
0.19999999999999996,0.05263157894736842,0.7300000000000001,0.4970000000000001,0.42857142857142855,0.3684210526315789,0.4482758620689655,1.0,0.6511456023651145,0.485,1,Medium
0.8,0.8421052631578947,0.89,0.966,0.8571428571428571,0.3157894736842105,0.6206896551724138,1.0,0.6703621581670363,0.015,2,High
0.40000000000000013,0.894736842105263,0.21100000000000008,0.6900000000000002,0.7142857142857142,0.10526315789473684,0.8620689655172413,0.2222222222222222,0.5018477457501849,0.3,0,Low
0.6666666666666667,0.3684210526315789,0.6980000000000001,0.9620000000000002,0.14285714285714285,0.2631578947368421,0.6551724137931034,0.6666666666666666,0.7649667405764968,0.795,1,Medium
0.06666666666666665,0.7368421052631579,0.4900000000000001,0.958,0.5714285714285714,0.8421052631578947,0.896551724137931,0.7777777777777777,0.5188470066518849,0.01,1,Medium
0.40000000000000013,0.15789473684210525,0.5960000000000001,0.4460000000000002,0.14285714285714285,0.47368421052631576,0.3793103448275862,0.7777777777777777,0.47376201034737625,0.385,1,Medium
0.26666666666666683,0.47368421052631576,0.03899999999999998,0.05999999999999994,0.5714285714285714,0.47368421052631576,0.6896551724137931,0.4444444444444444,0.06430155210643013,0.585,1,Medium
0.9333333333333333,0.47368421052631576,0.6210000000000001,0.734,0.8571428571428571,0.8421052631578947,0.9655172413793103,0.1111111111111111,0.607538802660754,0.6,2,High
0.8,0.21052631578947367,0.809,0.984,0.14285714285714285,1.0,0.0,0.0,0.7110125646711014,0.54,2,High
0.8,0.42105263157894735,0.751,0.1140000000000001,0.8571428571428571,0.9473684210526315,0.6896551724137931,0.5555555555555556,0.6481892091648189,0.875,2,High
0.6000000000000001,0.21052631578947367,0.5660000000000001,0.4460000000000002,0.42857142857142855,0.05263157894736842,0.10344827586206896,0.2222222222222222,0.6430155210643016,0.11,1,Medium
0.8666666666666669,0.42105263157894735,0.124,0.8579999999999999,0.0,0.05263157894736842,0.034482758620689655,0.1111111111111111,0.12490761271249079,0.8,0,Low
0.1333333333333333,0.3157894736842105,0.8570000000000001,0.8579999999999999,1.0,0.631578947368421,0.0,0.3333333333333333,0.8322246858832225,0.815,2,High
1.0000000000000002,0.21052631578947367,0.11699999999999999,0.28600000000000003,0.0,0.3157894736842105,0.896551724137931,0.5555555555555556,0.25498891352549896,0.49,0,Low
0.6666666666666667,0.2631578947368421,0.9250000000000002,0.6400000000000001,0.2857142857142857,1.0,0.10344827586206896,0.2222222222222222,0.804138950480414,0.13,1,Medium
0.3333333333333335,0.7894736842105263,0.5130000000000001,0.6400000000000001,0.42857142857142855,0.7368421052631579,0.896551724137931,0.3333333333333333,0.6541019955654104,0.39,1,Medium
0.8,0.7368421052631579,0.703,0.3880000000000001,0.5714285714285714,0.0,0.034482758620689655,0.4444444444444444,0.6282335550628235,0.31,1,Medium
0.4666666666666668,0.21052631578947367,0.31600000000000006,0.278,1.0,0.10526315789473684,0.6896551724137931,0.5555555555555556,0.47006651884700673,0.245,1,Medium
0.40000000000000013,0.5789473684210527,0.763,0.9059999999999999,0.42857142857142855,0.47368421052631576,0.034482758620689655,0.0,0.7597930524759795,0.505,1,Medium
0.3333333333333335,0.6842105263157894,0.492,0.76,0.5714285714285714,0.8421052631578947,0.7241379310344828,1.0,0.35107169253510734,0.75,1,Medium
0.4666666666666668,0.10526315789473684,0.376,0.508,0.5714285714285714,0.7368421052631579,0.41379310344827586,0.5555555555555556,0.5018477457501849,0.56,1,Medium
0.6000000000000001,0.7894736842105263,0.382,0.742,0.42857142857142855,0.3684210526315789,0.6206896551724138,0.1111111111111111,0.3961566888396158,0.63,0,Low
0.8,0.7368421052631579,0.263,0.32400000000000007,0.14285714285714285,0.5789473684210527,0.896551724137931,1.0,0.4478935698447894,0.86,1,Medium
0.5333333333333334,0.3684210526315789,0.57,0.16199999999999992,0.0,0.5789473684210527,0.06896551724137931,0.4444444444444444,0.5018477457501849,1.0,1,Medium
0.8666666666666669,0.05263157894736842,0.8610000000000001,0.254,0.8571428571428571,0.42105263157894735,0.6206896551724138,0.5555555555555556,0.7620103473762012,0.14,1,Medium
1.0000000000000002,0.0,0.44200000000000006,0.6279999999999999,0.5714285714285714,0.5789473684210527,0.6206896551724138,0.4444444444444444,0.44419807834442,0.69,0,Low
0.40000000000000013,0.3157894736842105,0.602,0.6500000000000001,0.14285714285714285,0.47368421052631576,0.9310344827586207,0.3333333333333333,0.6577974870657797,0.25,0,Low
0.1333333333333333,0.42105263157894735,0.42799999999999994,0.28800000000000003,1.0,0.3684210526315789,0.8275862068965517,0.6666666666666666,0.4996304508499632,0.48,1,Medium
0.6666666666666667,0.5263157894736842,0.29200000000000004,0.8820000000000001,0.5714285714285714,0.3157894736842105,0.10344827586206896,0.8888888888888888,0.39098300073909836,0.71,1,Medium
0.6000000000000001,0.5263157894736842,0.09100000000000003,0.736,0.7142857142857142,0.8421052631578947,0.7586206896551724,0.3333333333333333,0.17368810051736877,0.78,0,Low
0.8,0.42105263157894735,0.009999999999999953,0.8539999999999999,0.8571428571428571,0.8421052631578947,0.4482758620689655,0.5555555555555556,0.04804138950480413,0.785,0,Low
0.26666666666666683,1.0,0.4660000000000001,0.41400000000000015,0.0,0.15789473684210525,0.48275862068965514,1.0,0.5875831485587584,0.425,1,Medium
0.7333333333333332,0.0,0.127,0.506,1.0,0.3684210526315789,0.41379310344827586,0.3333333333333333,0.2645971914264597,0.235,0,Low
0.8,0.3157894736842105,0.3650000000000001,0.732,0.42857142857142855,0.9473684210526315,0.896551724137931,0.5555555555555556,0.45528455284552843,0.33,2,High
0.1333333333333333,0.10526315789473684,0.42500000000000004,0.5,0.5714285714285714,1.0,0.6896551724137931,0.7777777777777777,0.583148558758315,0.09,2,High
0.06666666666666665,0.5263157894736842,0.8890000000000001,0.027999999999999914,0.8571428571428571,0.5789473684210527,0.48275862068965514,0.2222222222222222,0.7989652623798966,0.7,2,High
0.9333333333333333,0.42105263157894735,0.961,0.9019999999999999,0.7142857142857142,0.5263157894736842,0.5172413793103449,0.3333333333333333,0.8447893569844791,0.12,1,Medium
0.7333333333333332,0.05263157894736842,0.8990000000000001,0.0020000000000000018,1.0,0.2631578947368421,0.9655172413793103,0.6666666666666666,0.7524020694752402,0.73,2,High
0.6000000000000001,0.0,0.519,0.35199999999999987,0.5714285714285714,0.05263157894736842,0.034482758620689655,0.8888888888888888,0.5861049519586106,0.68,1,Medium
0.3333333333333335,0.9473684210526315,0.523,0.272,0.8571428571428571,0.9473684210526315,0.6206896551724138,0.8888888888888888,0.38950480413895056,0.125,2,High
1.0000000000000002,0.05263157894736842,0.7160000000000001,0.552,0.14285714285714285,0.6842105263157894,0.4482758620689655,0.0,0.6577974870657797,0.005,2,High
0.0,0.10526315789473684,0.765,0.44999999999999996,0.5714285714285714,0.9473684210526315,0.3103448275862069,1.0,0.844050258684405,0.41,2,High
1.0000000000000002,0.7368421052631579,0.6890000000000002,0.3679999999999999,0.42857142857142855,0.2631578947368421,0.5862068965517241,0.0,0.7657058388765707,0.055,1,Medium
0.6666666666666667,0.894736842105263,0.568,0.1439999999999999,0.2857142857142857,0.42105263157894735,0.8620689655172413,0.5555555555555556,0.48706577974870674,0.56,1,Medium
0.40000000000000013,0.9473684210526315,0.6470000000000001,0.974,0.7142857142857142,1.0,0.0,0.2222222222222222,0.52549889135255,0.88,2,High
0.6000000000000001,0.15789473684210525,0.387,0.5680000000000001,0.7142857142857142,0.3684210526315789,0.6896551724137931,1.0,0.5543237250554325,0.435,1,Medium
0.19999999999999996,1.0,0.508,0.8100000000000003,0.14285714285714285,0.3157894736842105,0.896551724137931,0.8888888888888888,0.50849963045085,0.365,1,Medium
0.1333333333333333,0.894736842105263,0.595,0.708,0.5714285714285714,0.7894736842105263,0.7586206896551724,0.0,0.5070214338507022,0.57,1,Medium
0.06666666666666665,0.05263157894736842,0.9900000000000001,0.3660000000000001,0.14285714285714285,0.42105263157894735,0.034482758620689655,0.8888888888888888,0.8226164079822618,0.735,2,High
0.3333333333333335,0.15789473684210525,0.265,0.4970000000000001,0.42857142857142855,0.05263157894736842,0.5862068965517241,1.0,0.22320768662232088,0.505,1,Medium
0.6666666666666667,0.10526315789473684,0.8290000000000001,0.798,0.7142857142857142,0.21052631578947367,0.1724137931034483,0.6666666666666666,0.6016260162601628,0.595,1,Medium
1.0000000000000002,0.894736842105263,0.6230000000000001,0.8820000000000001,0.7142857142857142,0.05263157894736842,0.1724137931034483,0.8888888888888888,0.5883222468588323,0.595,0,Low
0.4666666666666668,0.8421052631578947,0.43200000000000005,0.8760000000000001,0.14285714285714285,0.0,0.7241379310344828,0.8888888888888888,0.47376201034737625,0.41,0,Low
0.9333333333333333,0.894736842105263,0.267,0.482,1.0,0.21052631578947367,0.034482758620689655,0.8888888888888888,0.2963784183296379,0.035,1,Medium
0.06666666666666665,1.0,0.516,0.6180000000000001,0.2857142857142857,0.3157894736842105,0.10344827586206896,0.5555555555555556,0.5912786400591281,0.745,1,Medium
0.0,0.9473684210526315,0.123,0.20799999999999996,0.7142857142857142,0.10526315789473684,0.6551724137931034,0.1111111111111111,0.28972653362897277,0.09,0,Low
0.0,0.10526315789473684,0.648,0.702,0.42857142857142855,0.7368421052631579,0.5172413793103449,0.1111111111111111,0.6422764227642277,0.11,1,Medium
0.26666666666666683,0.0,0.41500000000000004,0.06999999999999995,0.14285714285714285,0.7368421052631579,0.6551724137931034,0.8888888888888888,0.5491500369549152,0.545,1,Medium
0.40000000000000013,0.7894736842105263,0.926,0.8660000000000001,0.8571428571428571,0.6842105263157894,0.13793103448275862,1.0,0.8795269770879528,0.735,2,High
0.8666666666666669,0.7894736842105263,0.5609999999999999,0.762,0.42857142857142855,0.15789473684210525,0.5862068965517241,0.1111111111111111,0.4641537324464155,0.895,0,Low
0.6666666666666667,0.5789473684210527,0.44600000000000006,0.040000000000000036,0.8571428571428571,0.8421052631578947,0.27586206896551724,0.0,0.5794530672579454,0.72,1,Medium
0.4666666666666668,0.8421052631578947,0.622,0.266,1.0,0.631578947368421,0.06896551724137931,0.5555555555555556,0.5284552845528456,0.225,1,Medium
0.8666666666666669,0.10526315789473684,0.5359999999999999,0.6439999999999999,0.5714285714285714,0.21052631578947367,0.9310344827586207,0.7777777777777777,0.599408721359941,0.145,1,Medium
0.0,0.47368421052631576,0.6449999999999999,0.54,0.5714285714285714,0.894736842105263,0.5172413793103449,0.3333333333333333,0.6903178122690319,0.095,2,High
0.40000000000000013,0.9473684210526315,0.874,0.6900000000000002,0.5714285714285714,0.7894736842105263,0.896551724137931,0.4444444444444444,0.6393200295639321,0.565,2,High
0.1333333333333333,0.3157894736842105,0.9970000000000002,0.9960000000000002,0.5714285714285714,0.9473684210526315,0.5862068965517241,0.6666666666666666,0.8847006651884701,0.09,2,High
0.3333333333333335,0.5263157894736842,0.483,0.9199999999999999,0.2857142857142857,0.894736842105263,0.06896551724137931,0.0,0.4508499630450851,0.835,0,Low
0.3333333333333335,0.05263157894736842,0.3490000000000001,0.9420000000000002,0.5714285714285714,0.0,0.7931034482758621,1.0,0.4678492239467849,0.82,0,Low
0.4666666666666668,0.0,0.5800000000000001,0.3820000000000001,0.8571428571428571,0.6842105263157894,0.5862068965517241,0.4444444444444444,0.4486326681448633,0.54,1,Medium
0.06666666666666665,0.10526315789473684,0.882,0.8600000000000001,0.5714285714285714,0.5789473684210527,0.6896551724137931,0.2222222222222222,0.8566149297856616,0.33,1,Medium
0.0,0.47368421052631576,0.377,0.19800000000000006,0.14285714285714285,0.9473684210526315,0.4482758620689655,0.2222222222222222,0.40724316334072447,0.32,2,High
0.26666666666666683,0.2631578947368421,0.844,0.016000000000000014,1.0,0.5263157894736842,1.0,0.6666666666666666,0.713968957871397,0.89,2,High
0.8,0.631578947368421,0.6189999999999999,0.778,0.8571428571428571,0.8421052631578947,0.13793103448275862,0.2222222222222222,0.5565410199556542,0.17,2,High
0.8666666666666669,0.3684210526315789,0.9210000000000002,0.782,0.2857142857142857,0.2631578947368421,0.7241379310344828,0.0,0.6784922394678494,0.635,1,Medium
0.9333333333333333,0.21052631578947367,0.533,0.274,0.0,0.0,0.8620689655172413,1.0,0.3835920177383593,0.785,1,Medium
0.26666666666666683,0.2631578947368421,0.16200000000000003,0.15600000000000003,0.42857142857142855,0.8421052631578947,0.27586206896551724,0.5555555555555556,0.14855875831485582,0.31,1,Medium
0.4666666666666668,0.631578947368421,0.6960000000000001,0.9339999999999999,0.14285714285714285,0.8421052631578947,0.06896551724137931,0.0,0.7708795269770881,0.01,1,Medium
0.06666666666666665,0.5789473684210527,0.7560000000000001,0.3340000000000001,0.2857142857142857,0.05263157894736842,0.4482758620689655,0.6666666666666666,0.8063562453806359,0.04,2,High
0.5333333333333334,1.0,0.41700000000000004,0.11599999999999999,1.0,0.894736842105263,0.13793103448275862,0.3333333333333333,0.4456762749445677,0.14,1,Medium
0.9333333333333333,0.7894736842105263,0.19000000000000006,0.030000000000000027,0.0,0.47368421052631576,0.3793103448275862,1.0,0.20029563932002964,0.54,1,Medium
0.6666666666666667,0.894736842105263,0.040000000000000036,0.5640000000000001,0.42857142857142855,0.7894736842105263,0.41379310344827586,0.6666666666666666,0.016260162601625994,0.39,1,Medium
0.3333333333333335,1.0,0.7699999999999999,0.08599999999999997,0.14285714285714285,0.7894736842105263,0.7931034482758621,0.5555555555555556,0.7472283813747229,0.555,1,Medium
0.6000000000000001,0.3684210526315789,0.5,0.9359999999999999,0.14285714285714285,0.6842105263157894,0.1724137931034483,0.3333333333333333,0.5018477457501849,0.085,0,Low
0.06666666666666665,0.8421052631578947,0.07300000000000006,0.6720000000000002,0.7142857142857142,0.3157894736842105,0.41379310344827586,0.4444444444444444,0.1093865484109387,0.965,0,Low
0.7333333333333332,0.05263157894736842,0.43499999999999994,0.8520000000000001,0.14285714285714285,0.5263157894736842,0.24137931034482757,0.0,0.5033259423503327,0.805,0,Low
0.4666666666666668,0.631578947368421,0.709,0.8480000000000001,0.0,0.9473684210526315,0.48275862068965514,0.7777777777777777,0.6444937176644494,0.005,2,High
1.0000000000000002,0.0,0.02699999999999997,0.09399999999999997,0.2857142857142857,0.05263157894736842,0.8275862068965517,0.3333333333333333,0.2113821138211383,0.78,0,Low
0.3333333333333335,0.2631578947368421,0.9380000000000001,0.5920000000000001,0.7142857142857142,1.0,0.6551724137931034,1.0,0.9186991869918701,0.505,2,High
0.8666666666666669,0.2631578947368421,0.20800000000000007,0.4970000000000001,0.42857142857142855,0.0,0.3448275862068966,0.0,0.2941611234294161,0.465,0,Low
0.3333333333333335,0.15789473684210525,0.09199999999999997,0.494,0.42857142857142855,0.5789473684210527,0.8275862068965517,0.8888888888888888,0.11603843311160383,0.34,1,Medium
0.06666666666666665,0.3684210526315789,0.33399999999999996,0.718,1.0,0.42105263157894735,0.27586206896551724,0.2222222222222222,0.38876570583887665,0.5,1,Medium
0.8666666666666669,0.47368421052631576,0.019000000000000017,0.9940000000000002,0.14285714285714285,0.7368421052631579,0.48275862068965514,0.3333333333333333,0.09756097560975613,0.7,0,Low
0.19999999999999996,0.631578947368421,0.8590000000000001,0.46599999999999997,1.0,0.0,0.41379310344827586,0.8888888888888888,0.6467110125646713,0.385,2,High
0.0,0.5263157894736842,0.17500000000000004,0.07799999999999996,1.0,0.8421052631578947,0.5172413793103449,0.0,0.18699186991869926,0.61,1,Medium
0.8666666666666669,0.3157894736842105,0.977,0.692,1.0,0.3157894736842105,0.48275862068965514,0.0,0.7893569844789359,0.375,1,Medium
0.1333333333333333,0.47368421052631576,0.7060000000000001,0.30000000000000004,1.0,0.6842105263157894,0.10344827586206896,0.1111111111111111,0.5683665927568369,0.74,1,Medium
0.5333333333333334,0.7368421052631579,0.4,0.45999999999999996,0.8571428571428571,0.9473684210526315,0.10344827586206896,0.7777777777777777,0.377679231337768,0.465,2,High
0.8,0.21052631578947367,0.8640000000000002,0.8559999999999999,0.0,0.894736842105263,0.10344827586206896,0.5555555555555556,0.6740576496674058,0.01,2,High
0.6666666666666667,0.2631578947368421,0.547,0.40600000000000014,0.8571428571428571,1.0,0.5517241379310345,0.7777777777777777,0.3991130820399113,0.81,2,High
0.3333333333333335,0.3157894736842105,0.122,0.04800000000000004,0.5714285714285714,0.10526315789473684,0.20689655172413793,0.3333333333333333,0.2099039172209905,0.79,0,Low
1.0000000000000002,0.5263157894736842,0.42300000000000004,0.33000000000000007,0.14285714285714285,0.42105263157894735,0.7241379310344828,0.8888888888888888,0.2971175166297118,0.245,1,Medium
0.0,0.3157894736842105,0.5830000000000001,0.7,0.5714285714285714,0.5263157894736842,0.6206896551724138,0.6666666666666666,0.46045824094604587,0.465,2,High
1.0000000000000002,0.5789473684210527,0.558,0.498,0.42857142857142855,0.05263157894736842,0.0,1.0,0.6910569105691058,0.735,1,Medium
0.8,0.8421052631578947,0.11199999999999999,0.32799999999999985,0.8571428571428571,0.2631578947368421,0.10344827586206896,0.1111111111111111,0.3104212860310422,0.225,0,Low
0.6666666666666667,0.42105263157894735,0.759,0.08000000000000007,0.2857142857142857,1.0,0.5862068965517241,0.7777777777777777,0.6659275683665928,0.88,2,High
0.4666666666666668,0.5263157894736842,0.29700000000000004,0.6800000000000002,0.7142857142857142,0.8421052631578947,0.10344827586206896,1.0,0.42054693274205485,0.49,2,High
0.8,0.2631578947368421,0.8630000000000001,0.06999999999999995,0.42857142857142855,0.2631578947368421,0.034482758620689655,0.8888888888888888,0.6607538802660755,0.47,2,High
0.9333333333333333,0.47368421052631576,0.2360000000000001,0.19800000000000006,0.8571428571428571,0.6842105263157894,0.3448275862068966,0.2222222222222222,0.2099039172209905,0.7,2,High
0.1333333333333333,0.6842105263157894,0.7340000000000001,0.9219999999999999,0.7142857142857142,0.631578947368421,0.48275862068965514,1.0,0.6104951958610496,0.435,2,High
0.06666666666666665,0.21052631578947367,0.9650000000000002,0.8719999999999999,0.5714285714285714,0.9473684210526315,0.7241379310344828,0.5555555555555556,0.855136733185514,0.41,2,High
0.9333333333333333,0.3157894736842105,0.04400000000000004,0.692,0.5714285714285714,0.3157894736842105,0.896551724137931,0.1111111111111111,0.04582409460458242,0.58,0,Low
0.06666666666666665,0.6842105263157894,0.8290000000000001,0.3880000000000001,0.5714285714285714,0.6842105263157894,0.7241379310344828,0.3333333333333333,0.788617886178862,0.93,1,Medium
0.6000000000000001,0.9473684210526315,0.19599999999999995,0.8859999999999999,0.14285714285714285,0.7368421052631579,0.3793103448275862,0.2222222222222222,0.28824833702882485,0.31,0,Low
0.5333333333333334,0.5263157894736842,0.398,0.008000000000000007,0.5714285714285714,0.0,0.9310344827586207,0.6666666666666666,0.3488543976348855,0.605,1,Medium
0.6000000000000001,0.2631578947368421,0.33899999999999997,0.31600000000000006,0.14285714285714285,0.10526315789473684,0.13793103448275862,0.4444444444444444,0.3584626755358464,0.385,0,Low
0.26666666666666683,0.5789473684210527,0.9349999999999999,0.4970000000000001,0.2857142857142857,0.42105263157894735,0.8275862068965517,0.2222222222222222,0.9704360679970438,0.22,1,Medium
0.5333333333333334,0.8421052631578947,0.28300000000000003,0.3720000000000001,1.0,0.10526315789473684,0.20689655172413793,0.4444444444444444,0.4486326681448633,0.26,1,Medium
0.4666666666666668,0.5263157894736842,0.11599999999999999,0.762,1.0,0.42105263157894735,0.9655172413793103,0.8888888888888888,0.17442719881744279,0.79,1,Medium
0.8,0.10526315789473684,0.33799999999999997,0.3900000000000001,1.0,0.5789473684210527,0.6551724137931034,0.1111111111111111,0.5262379896526239,0.64,1,Medium
0.26666666666666683,0.9473684210526315,0.987,0.43599999999999994,0.7142857142857142,1.0,0.06896551724137931,0.6666666666666666,0.7775314116777532,0.675,2,High
0.4666666666666668,0.5789473684210527,0.32699999999999996,0.95,0.42857142857142855,0.05263157894736842,0.41379310344827586,0.6666666666666666,0.48780487804878064,0.355,0,Low
0.6000000000000001,0.0,0.367,0.038000000000000034,1.0,0.8421052631578947,0.13793103448275862,0.5555555555555556,0.5299334811529934,0.27,2,High
0.0,0.5263157894736842,0.6349999999999999,0.09999999999999998,0.14285714285714285,0.3684210526315789,0.7586206896551724,0.6666666666666666,0.4804138950480415,0.01,2,High
0.1333333333333333,0.10526315789473684,0.51,0.4800000000000002,0.7142857142857142,0.15789473684210525,0.5172413793103449,0.4444444444444444,0.4471544715447155,0.37,0,Low
0.0,1.0,0.9369999999999999,0.42799999999999994,1.0,0.7368421052631579,0.1724137931034483,0.0,0.9334811529933482,0.435,2,High
0.9333333333333333,0.5263157894736842,0.6529999999999999,0.09800000000000009,0.7142857142857142,0.47368421052631576,0.9310344827586207,0.0,0.47006651884700673,0.315,1,Medium
0.4666666666666668,0.5789473684210527,0.016000000000000014,0.264,0.5714285714285714,0.42105263157894735,0.48275862068965514,0.2222222222222222,0.0931263858093126,0.8,0,Low
0.1333333333333333,0.8421052631578947,0.378,0.77,0.7142857142857142,0.0,0.896551724137931,0.6666666666666666,0.35698447893569846,0.52,0,Low
0.6666666666666667,0.0,0.5140000000000001,0.31999999999999984,0.5714285714285714,0.2631578947368421,0.7931034482758621,0.7777777777777777,0.599408721359941,0.935,1,Medium
0.3333333333333335,0.47368421052631576,0.8750000000000001,0.53,0.5714285714285714,0.5789473684210527,0.6206896551724138,0.5555555555555556,0.7354028085735405,0.84,2,High
0.5333333333333334,0.05263157894736842,0.127,0.6460000000000001,0.14285714285714285,0.6842105263157894,1.0,0.6666666666666666,0.17368810051736877,0.195,0,Low
0.3333333333333335,0.21052631578947367,0.03600000000000003,0.7460000000000002,0.14285714285714285,0.5789473684210527,0.1724137931034483,0.6666666666666666,0.09682187730968217,0.925,0,Low
0.0,0.21052631578947367,0.3530000000000001,0.31400000000000006,0.14285714285714285,0.7894736842105263,0.7241379310344828,0.3333333333333333,0.2823355506282335,0.4,1,Medium
0.06666666666666665,0.7894736842105263,0.32400000000000007,0.8180000000000001,0.2857142857142857,0.5263157894736842,0.896551724137931,0.5555555555555556,0.24094604582409468,0.28,1,Medium
0.8666666666666669,0.7368421052631579,0.7279999999999999,0.954,0.2857142857142857,0.894736842105263,0.8620689655172413,0.6666666666666666,0.7346637102734666,0.885,1,Medium
0.4666666666666668,0.05263157894736842,0.541,0.3619999999999999,0.7142857142857142,0.3684210526315789,0.5862068965517241,0.7777777777777777,0.45380635624538074,0.875,1,Medium
0.1333333333333333,0.631578947368421,0.0030000000000000027,0.20199999999999996,0.7142857142857142,0.3684210526315789,0.41379310344827586,0.0,0.2431633407243164,0.47,0,Low
0.6000000000000001,0.05263157894736842,0.30700000000000005,0.8300000000000001,0.2857142857142857,0.8421052631578947,0.20689655172413793,1.0,0.4974131559497414,0.02,1,Medium
0.1333333333333333,0.2631578947368421,0.499,0.6759999999999999,0.5714285714285714,0.47368421052631576,0.5172413793103449,0.3333333333333333,0.47302291204730235,0.505,0,Low
0.3333333333333335,0.5263157894736842,0.8930000000000001,0.04200000000000004,0.7142857142857142,0.05263157894736842,0.3103448275862069,0.6666666666666666,0.9327420546932743,0.15,1,Medium
0.9333333333333333,0.6842105263157894,0.263,0.4880000000000002,0.14285714285714285,0.7894736842105263,0.8275862068965517,0.6666666666666666,0.4301552106430156,0.465,1,Medium
0.3333333333333335,0.10526315789473684,0.034999999999999976,0.16600000000000004,0.14285714285714285,0.8421052631578947,0.7931034482758621,0.4444444444444444,0.2446415373244642,0.99,1,Medium
0.3333333333333335,0.42105263157894735,0.5990000000000001,0.982,0.5714285714285714,0.8421052631578947,0.13793103448275862,0.2222222222222222,0.72209903917221,0.605,1,Medium
0.7333333333333332,0.0,0.569,0.7220000000000002,0.0,0.631578947368421,0.3103448275862069,0.2222222222222222,0.5277161862527717,0.505,1,Medium
0.9333333333333333,0.21052631578947367,0.945,0.9280000000000002,0.42857142857142855,0.5789473684210527,0.0,0.4444444444444444,0.8011825572801183,0.46,2,High
0.26666666666666683,0.8421052631578947,0.22499999999999998,0.9320000000000002,0.7142857142857142,0.47368421052631576,0.27586206896551724,0.8888888888888888,0.2653362897265337,0.65,0,Low
0.3333333333333335,0.3157894736842105,0.41600000000000004,0.54,0.14285714285714285,0.42105263157894735,0.8620689655172413,0.3333333333333333,0.43976348854397646,0.925,0,Low
0.6666666666666667,0.0,0.7359999999999999,0.476,0.8571428571428571,0.3684210526315789,0.034482758620689655,0.2222222222222222,0.7427937915742795,0.375,2,High
0.5333333333333334,0.10526315789473684,0.525,0.7380000000000002,0.5714285714285714,0.05263157894736842,0.8620689655172413,0.2222222222222222,0.6407982261640799,0.045,0,Low
0.7333333333333332,0.2631578947368421,0.33799999999999997,0.03200000000000003,1.0,0.6842105263157894,1.0,0.1111111111111111,0.515890613451589,0.465,1,Medium
0.3333333333333335,0.15789473684210525,0.15900000000000003,0.21599999999999997,0.0,0.21052631578947367,0.0,0.7777777777777777,0.30229120473022925,0.525,1,Medium
0.8,0.9473684210526315,0.397,0.264,0.7142857142857142,0.8421052631578947,0.5862068965517241,0.6666666666666666,0.31633407243163353,0.99,1,Medium
0.0,0.15789473684210525,0.08499999999999996,0.4970000000000001,0.5714285714285714,0.631578947368421,0.7931034482758621,0.7777777777777777,0.20029563932002964,0.51,1,Medium
0.40000000000000013,0.3157894736842105,0.765,0.516,0.2857142857142857,0.5789473684210527,0.13793103448275862,0.5555555555555556,0.5602365114560237,0.49,1,Medium
0.4666666666666668,0.7894736842105263,0.5220000000000001,0.246,0.8571428571428571,0.42105263157894735,0.0,0.2222222222222222,0.37472283813747226,0.605,1,Medium
0.4666666666666668,0.5263157894736842,0.638,0.9019999999999999,0.14285714285714285,0.2631578947368421,0.41379310344827586,0.2222222222222222,0.6230598669623062,0.595,0,Low
0.0,0.47368421052631576,0.46099999999999997,0.06600000000000006,0.0,0.6842105263157894,0.6896551724137931,0.6666666666666666,0.4013303769401331,0.55,1,Medium
0.6000000000000001,0.0,0.19000000000000006,0.09000000000000008,0.14285714285714285,0.3157894736842105,0.24137931034482757,1.0,0.2291204730229121,0.24,1,Medium
0.19999999999999996,0.10526315789473684,0.8530000000000001,0.51,0.2857142857142857,1.0,0.06896551724137931,0.7777777777777777,0.6385809312638582,0.935,2,High
0.26666666666666683,0.5263157894736842,0.43300000000000005,0.3500000000000001,0.2857142857142857,0.8421052631578947,0.41379310344827586,0.1111111111111111,0.5979305247597932,0.505,1,Medium
0.8666666666666669,0.0,0.15400000000000003,0.45399999999999996,0.7142857142857142,0.0,0.9655172413793103,0.4444444444444444,0.2616407982261641,0.945,0,Low
0.6666666666666667,0.894736842105263,0.09400000000000003,0.22599999999999998,0.0,1.0,0.8275862068965517,0.1111111111111111,0.1751662971175167,0.835,1,Medium
1.0000000000000002,0.8421052631578947,0.4800000000000001,0.958,0.8571428571428571,0.0,0.9310344827586207,0.3333333333333333,0.4781966001478198,0.125,0,Low
0.9333333333333333,0.2631578947368421,0.8430000000000001,0.974,0.7142857142857142,0.42105263157894735,0.9310344827586207,0.5555555555555556,0.8270509977827052,0.36,1,Medium
0.06666666666666665,0.7368421052631579,0.7340000000000001,0.792,0.7142857142857142,1.0,0.5172413793103449,0.7777777777777777,0.6637102734663711,0.925,2,High
0.06666666666666665,0.5789473684210527,0.06900000000000006,0.506,0.5714285714285714,0.9473684210526315,0.896551724137931,0.6666666666666666,0.09164818920916484,0.045,1,Medium
0.1333333333333333,0.05263157894736842,0.852,0.5640000000000001,0.5714285714285714,0.8421052631578947,0.20689655172413793,0.0,0.7767923133776793,0.65,2,High
1.0000000000000002,0.631578947368421,0.261,0.78,0.8571428571428571,1.0,0.24137931034482757,0.3333333333333333,0.3281596452328161,0.255,1,Medium
0.6000000000000001,0.3684210526315789,0.45299999999999996,0.716,0.42857142857142855,0.47368421052631576,0.10344827586206896,0.7777777777777777,0.5898004434589801,0.12,1,Medium
0.9333333333333333,0.7368421052631579,0.16200000000000003,0.79,0.5714285714285714,0.0,0.9655172413793103,1.0,0.19660014781966,0.81,1,Medium
0.6000000000000001,0.9473684210526315,0.398,0.9480000000000002,0.2857142857142857,0.6842105263157894,0.48275862068965514,0.1111111111111111,0.4434589800443461,0.985,0,Low
0.9333333333333333,0.3684210526315789,0.68,0.05600000000000005,0.14285714285714285,0.8421052631578947,0.6551724137931034,0.6666666666666666,0.7021433850702146,0.625,2,High
0.0,0.3157894736842105,0.753,0.476,1.0,0.42105263157894735,0.27586206896551724,0.0,0.8078344419807837,0.345,1,Medium
0.7333333333333332,1.0,0.9710000000000002,0.132,1.0,0.3684210526315789,0.9310344827586207,0.5555555555555556,0.9682187730968219,0.595,2,High
0.7333333333333332,0.3684210526315789,0.26,0.51,0.14285714285714285,0.9473684210526315,0.896551724137931,0.4444444444444444,0.45898004434589806,0.455,1,Medium
0.8666666666666669,0.42105263157894735,0.09800000000000003,0.274,0.14285714285714285,0.9473684210526315,0.13793103448275862,0.2222222222222222,0.25055432372505543,0.885,0,Low
0.1333333333333333,0.5789473684210527,0.18700000000000006,0.17799999999999994,1.0,0.631578947368421,0.27586206896551724,0.0,0.3791574279379158,0.305,1,Medium
0.26666666666666683,0.42105263157894735,0.44200000000000006,0.784,1.0,0.47368421052631576,0.7241379310344828,0.8888888888888888,0.4478935698447894,0.38,1,Medium
0.1333333333333333,0.3684210526315789,0.5289999999999999,0.3619999999999999,0.42857142857142855,0.47368421052631576,0.27586206896551724,0.4444444444444444,0.6518847006651884,0.86,1,Medium
0.3333333333333335,0.631578947368421,0.016000000000000014,0.13800000000000012,0.14285714285714285,0.9473684210526315,0.5862068965517241,0.1111111111111111,0.24168514412416858,0.98,0,Low
1.0000000000000002,0.3684210526315789,0.051999999999999935,0.3400000000000001,0.42857142857142855,0.15789473684210525,0.06896551724137931,0.2222222222222222,0.04212860310421285,0.85,0,Low
0.8,0.9473684210526315,0.6449999999999999,0.6180000000000001,0.14285714285714285,0.894736842105263,0.7586206896551724,0.2222222222222222,0.6489283074648928,0.52,1,Medium
0.8666666666666669,0.8421052631578947,0.125,0.506,0.7142857142857142,0.5263157894736842,0.9310344827586207,0.3333333333333333,0.2993348115299335,0.095,0,Low
0.40000000000000013,0.8421052631578947,0.9560000000000001,0.19800000000000006,0.8571428571428571,0.21052631578947367,0.7241379310344828,0.0,0.7649667405764968,0.9,1,Medium
0.4666666666666668,0.42105263157894735,0.38,0.13800000000000012,0.7142857142857142,0.47368421052631576,0.5172413793103449,0.1111111111111111,0.40650406504065056,0.57,0,Low
0.9333333333333333,0.7368421052631579,0.662,0.8300000000000001,0.42857142857142855,0.7368421052631579,0.3103448275862069,0.4444444444444444,0.5484109386548413,0.015,1,Medium
0.5333333333333334,0.6842105263157894,0.04999999999999999,0.33000000000000007,0.42857142857142855,0.2631578947368421,0.24137931034482757,0.8888888888888888,0.0931263858093126,0.325,1,Medium
0.6000000000000001,0.05263157894736842,0.7519999999999999,0.266,0.7142857142857142,0.7894736842105263,1.0,0.4444444444444444,0.7435328898743534,0.205,2,High
0.19999999999999996,0.5789473684210527,0.378,0.266,0.8571428571428571,0.7894736842105263,0.1724137931034483,0.8888888888888888,0.5439763488543978,0.77,2,High
0.06666666666666665,1.0,0.43200000000000005,0.3500000000000001,0.2857142857142857,0.10526315789473684,0.20689655172413793,0.1111111111111111,0.3858093126385809,0.91,0,Low
0.1333333333333333,0.631578947368421,0.771,0.41400000000000015,1.0,0.3157894736842105,0.20689655172413793,0.0,0.5971914264597191,0.77,1,Medium
0.06666666666666665,0.7894736842105263,0.55,0.0119999999999999,1.0,0.9473684210526315,0.7931034482758621,1.0,0.52549889135255,0.495,2,High
0.6000000000000001,0.0,0.9600000000000001,0.952,0.14285714285714285,0.0,0.27586206896551724,0.6666666666666666,0.8640059127864006,0.215,1,Medium
0.6666666666666667,0.2631578947368421,0.9380000000000001,0.3839999999999999,1.0,0.8421052631578947,0.3103448275862069,0.2222222222222222,0.8891352549889135,0.03,2,High
0.1333333333333333,0.5789473684210527,0.21399999999999997,0.236,1.0,0.9473684210526315,0.7931034482758621,0.5555555555555556,0.1589061345158907,0.34,1,Medium
1.0000000000000002,0.6842105263157894,0.793,0.6359999999999999,0.5714285714285714,0.894736842105263,0.20689655172413793,0.6666666666666666,0.7952697708795271,0.72,2,High
0.8666666666666669,0.42105263157894735,0.07400000000000001,0.276,0.8571428571428571,0.8421052631578947,0.7586206896551724,0.2222222222222222,0.21951219512195125,0.16,1,Medium
0.19999999999999996,0.0,0.765,0.8140000000000001,1.0,0.6842105263157894,0.6551724137931034,0.8888888888888888,0.6363636363636365,0.685,2,High
0.8666666666666669,0.15789473684210525,0.21200000000000008,0.712,0.2857142857142857,0.47368421052631576,0.5172413793103449,0.0,0.22616407982261638,0.61,1,Medium
0.6000000000000001,0.7894736842105263,0.119,0.702,0.8571428571428571,0.894736842105263,0.6896551724137931,0.6666666666666666,0.07390983000739099,0.345,1,Medium
0.26666666666666683,0.0,0.246,0.3340000000000001,0.0,0.0,0.9310344827586207,0.4444444444444444,0.35772357723577247,0.75,0,Low
0.6666666666666667,0.2631578947368421,0.274,0.9620000000000002,0.2857142857142857,1.0,0.034482758620689655,0.5555555555555556,0.1958610495195861,0.04,1,Medium
0.0,0.10526315789473684,0.8830000000000001,0.31199999999999983,0.14285714285714285,0.7368421052631579,0.1724137931034483,0.8888888888888888,0.7346637102734666,0.865,2,High
0.26666666666666683,0.8421052631578947,0.797,0.49,0.5714285714285714,0.7368421052631579,0.0,0.7777777777777777,0.5986696230598672,0.37,2,High
0.26666666666666683,0.7894736842105263,0.476,0.30200000000000005,0.8571428571428571,0.21052631578947367,0.6206896551724138,0.6666666666666666,0.35107169253510734,0.08,1,Medium
0.8666666666666669,0.15789473684210525,0.7900000000000001,0.7220000000000002,0.14285714285714285,0.05263157894736842,0.48275862068965514,0.8888888888888888,0.7841832963784185,0.175,1,Medium
0.06666666666666665,0.42105263157894735,0.9150000000000001,0.019999999999999907,0.8571428571428571,0.42105263157894735,0.896551724137931,0.3333333333333333,0.8810051736881006,0.625,2,High
0.26666666666666683,0.15789473684210525,0.4580000000000001,0.21999999999999997,0.0,0.0,0.5517241379310345,0.2222222222222222,0.5698447893569847,0.915,0,Low
0.19999999999999996,0.05263157894736842,0.5529999999999999,0.11999999999999988,0.5714285714285714,0.21052631578947367,0.7241379310344828,0.6666666666666666,0.44124168514412426,0.085,1,Medium
0.1333333333333333,0.7894736842105263,0.5060000000000001,0.478,0.0,0.5263157894736842,0.7931034482758621,0.7777777777777777,0.40280857354028093,0.17,1,Medium
0.26666666666666683,0.7368421052631579,0.551,0.35199999999999987,0.14285714285714285,0.10526315789473684,0.8620689655172413,0.8888888888888888,0.5742793791574281,0.025,0,Low
0.19999999999999996,0.894736842105263,0.18200000000000005,0.6519999999999999,0.42857142857142855,0.47368421052631576,0.6206896551724138,1.0,0.24094604582409468,0.63,1,Medium
0.0,0.7894736842105263,0.4820000000000001,0.244,0.42857142857142855,0.10526315789473684,0.7931034482758621,0.5555555555555556,0.6141906873614191,0.94,1,Medium
0.9333333333333333,0.6842105263157894,0.4650000000000001,0.0020000000000000018,0.42857142857142855,0.3684210526315789,0.6206896551724138,0.5555555555555556,0.37546193643754616,0.98,1,Medium
0.0,0.0,0.22899999999999998,0.18000000000000005,0.5714285714285714,0.9473684210526315,0.5172413793103449,0.6666666666666666,0.5018477457501849,0.18,2,High
0.4666666666666668,1.0,0.523,0.9960000000000002,0.7142857142857142,0.47368421052631576,0.6551724137931034,0.3333333333333333,0.4974131559497414,0.995,0,Low
0.7333333333333332,0.894736842105263,0.20800000000000007,0.732,0.14285714285714285,0.9473684210526315,0.9310344827586207,0.5555555555555556,0.3651145602365115,0.25,1,Medium
0.40000000000000013,0.42105263157894735,0.7619999999999999,0.4970000000000001,0.14285714285714285,0.6842105263157894,0.7241379310344828,0.2222222222222222,0.7694013303769403,0.52,1,Medium
0.19999999999999996,0.2631578947368421,0.836,0.8840000000000001,0.2857142857142857,0.10526315789473684,0.7241379310344828,0.2222222222222222,0.6674057649667406,0.735,1,Medium
0.1333333333333333,0.0,0.6829999999999999,0.6839999999999999,0.0,0.21052631578947367,0.48275862068965514,0.4444444444444444,0.6393200295639321,0.31,0,Low
0.8,1.0,0.5369999999999999,0.05600000000000005,0.8571428571428571,0.3157894736842105,0.27586206896551724,0.6666666666666666,0.4974131559497414,0.9,1,Medium
0.3333333333333335,0.5263157894736842,0.494,0.4970000000000001,0.7142857142857142,0.631578947368421,0.13793103448275862,0.5555555555555556,0.5321507760532151,0.895,2,High
0.40000000000000013,0.7368421052631579,0.7699999999999999,0.504,0.5714285714285714,0.9473684210526315,0.034482758620689655,0.1111111111111111,0.813008130081301,0.52,2,High
0.40000000000000013,0.10526315789473684,0.4960000000000001,0.9140000000000001,0.42857142857142855,0.05263157894736842,0.48275862068965514,0.1111111111111111,0.6851441241685146,0.2,1,Medium
0.3333333333333335,1.0,0.383,0.0119999999999999,0.8571428571428571,0.0,0.896551724137931,0.3333333333333333,0.4286770140428678,0.505,1,Medium
0.4666666666666668,0.05263157894736842,0.9130000000000001,0.3740000000000001,0.7142857142857142,0.10526315789473684,0.10344827586206896,0.3333333333333333,0.9238728750923875,0.555,1,Medium
0.8666666666666669,0.10526315789473684,0.8510000000000001,0.702,0.8571428571428571,0.7894736842105263,0.0,0.2222222222222222,0.7368810051736883,0.51,2,High
0.8,0.3157894736842105,0.487,0.8300000000000001,0.7142857142857142,0.05263157894736842,0.034482758620689655,0.5555555555555556,0.35181079083518124,0.2,0,Low
0.4666666666666668,0.05263157894736842,0.8850000000000001,0.6000000000000001,1.0,0.8421052631578947,0.48275862068965514,0.8888888888888888,0.7110125646711014,0.875,2,High
0.19999999999999996,1.0,0.5730000000000001,0.41600000000000015,0.42857142857142855,0.10526315789473684,0.8620689655172413,1.0,0.5343680709534369,0.745,1,Medium
0.0,0.894736842105263,0.17800000000000005,0.4970000000000001,0.14285714285714285,0.15789473684210525,0.5172413793103449,0.6666666666666666,0.16925351071692535,0.695,1,Medium
0.6000000000000001,0.3157894736842105,0.6960000000000001,0.7140000000000002,0.5714285714285714,0.894736842105263,0.1724137931034483,0.3333333333333333,0.5365853658536588,0.915,2,High
1.0000000000000002,0.10526315789473684,0.28300000000000003,0.43000000000000016,0.8571428571428571,0.15789473684210525,0.13793103448275862,0.2222222222222222,0.41019955654101997,0.28,0,Low
0.1333333333333333,0.3157894736842105,0.8019999999999999,0.9199999999999999,0.14285714285714285,0.7894736842105263,0.48275862068965514,0.1111111111111111,0.6740576496674058,0.61,1,Medium
0.5333333333333334,0.3157894736842105,0.584,0.051999999999999935,0.7142857142857142,0.2631578947368421,0.7241379310344828,1.0,0.6141906873614191,0.02,2,High
0.6000000000000001,0.15789473684210525,0.18399999999999994,0.6320000000000001,0.0,0.8421052631578947,0.5862068965517241,1.0,0.26829268292682934,0.69,1,Medium
0.19999999999999996,0.3157894736842105,0.266,0.09000000000000008,0.42857142857142855,0.5789473684210527,0.3448275862068966,0.5555555555555556,0.4286770140428678,0.9,1,Medium
0.9333333333333333,0.7368421052631579,0.6529999999999999,0.242,0.14285714285714285,0.0,0.48275862068965514,0.0,0.5646711012564671,0.405,0,Low
0.6666666666666667,0.0,0.3730000000000001,0.6599999999999999,0.0,0.6842105263157894,0.4482758620689655,0.8888888888888888,0.2912047302291206,0.84,1,Medium
0.1333333333333333,0.47368421052631576,0.046999999999999986,0.6679999999999999,1.0,0.3157894736842105,0.20689655172413793,0.5555555555555556,0.07390983000739099,0.505,0,Low
0.6000000000000001,0.5789473684210527,0.31200000000000006,0.6660000000000001,0.14285714285714285,0.3684210526315789,0.3103448275862069,0.2222222222222222,0.3148558758314857,0.425,1,Medium
0.19999999999999996,0.15789473684210525,0.41800000000000004,0.712,0.7142857142857142,0.8421052631578947,0.3103448275862069,0.6666666666666666,0.3429416112342942,0.24,1,Medium
0.5333333333333334,0.05263157894736842,0.19699999999999995,0.014000000000000012,0.0,1.0,0.6206896551724138,0.8888888888888888,0.2934220251293422,0.33,2,High
0.06666666666666665,0.7894736842105263,0.20599999999999996,0.3820000000000001,1.0,1.0,0.06896551724137931,0.6666666666666666,0.1766444937176645,0.365,2,High
0.06666666666666665,0.21052631578947367,0.32599999999999996,0.5680000000000001,0.5714285714285714,0.0,0.6206896551724138,0.2222222222222222,0.4301552106430156,0.685,0,Low
0.40000000000000013,0.47368421052631576,0.485,0.99,1.0,0.9473684210526315,0.13793103448275862,0.5555555555555556,0.48706577974870674,0.66,1,Medium
0.06666666666666665,0.6842105263157894,0.781,0.792,0.0,0.5263157894736842,0.3793103448275862,0.0,0.7590539541759056,0.165,0,Low
0.6000000000000001,0.5789473684210527,0.648,0.52,0.8571428571428571,0.5263157894736842,0.3103448275862069,0.3333333333333333,0.7324464153732446,0.675,1,Medium
0.7333333333333332,0.7368421052631579,0.383,0.8100000000000003,1.0,0.631578947368421,0.6551724137931034,0.5555555555555556,0.467110125646711,0.61,1,Medium
0.06666666666666665,0.21052631578947367,0.606,0.1279999999999999,0.42857142857142855,0.3157894736842105,0.7931034482758621,0.2222222222222222,0.6097560975609757,0.42,1,Medium
0.26666666666666683,0.15789473684210525,0.034999999999999976,0.6220000000000001,0.14285714285714285,0.8421052631578947,1.0,0.5555555555555556,0.21655580192165563,0.945,0,Low
0.06666666666666665,0.8421052631578947,0.892,0.474,1.0,0.631578947368421,0.48275862068965514,0.8888888888888888,0.8721359940872138,0.77,2,High
0.26666666666666683,0.8421052631578947,0.495,0.44399999999999995,0.14285714285714285,0.47368421052631576,0.1724137931034483,0.0,0.3621581670362158,0.87,1,Medium
0.5333333333333334,0.0,0.7180000000000001,0.05600000000000005,0.42857142857142855,0.5789473684210527,0.48275862068965514,0.1111111111111111,0.5388026607538803,0.415,1,Medium
0.19999999999999996,0.21052631578947367,0.254,0.6779999999999999,0.5714285714285714,0.6842105263157894,0.6896551724137931,0.2222222222222222,0.20620842572062087,0.725,1,Medium
0.40000000000000013,0.2631578947368421,0.347,0.4640000000000002,0.5714285714285714,0.5789473684210527,0.20689655172413793,0.0,0.361419068736142,0.255,0,Low
1.0000000000000002,0.3157894736842105,0.5750000000000001,0.02200000000000002,0.5714285714285714,0.15789473684210525,0.7586206896551724,0.5555555555555556,0.4981522542498153,0.795,1,Medium
0.8666666666666669,0.894736842105263,0.5060000000000001,0.6340000000000001,1.0,0.21052631578947367,0.10344827586206896,0.5555555555555556,0.5306725794530673,0.96,1,Medium
0.19999999999999996,0.2631578947368421,0.30199999999999994,0.4480000000000002,0.14285714285714285,0.47368421052631576,0.896551724137931,0.7777777777777777,0.2424242424242425,0.655,0,Low
0.19999999999999996,0.7368421052631579,0.953,0.8899999999999999,0.42857142857142855,0.3157894736842105,0.3448275862068966,0.2222222222222222,0.9364375461936438,0.61,1,Medium
0.4666666666666668,0.15789473684210525,0.20700000000000007,0.20999999999999996,1.0,0.47368421052631576,0.5862068965517241,0.5555555555555556,0.3858093126385809,0.965,1,Medium
0.26666666666666683,1.0,0.987,0.16999999999999993,0.8571428571428571,0.0,0.6206896551724138,0.6666666666666666,0.9800443458980046,0.99,2,High
0.26666666666666683,0.631578947368421,0.945,0.524,0.8571428571428571,0.7368421052631579,0.8275862068965517,0.3333333333333333,0.753880266075388,0.43,2,High
0.06666666666666665,0.21052631578947367,0.124,0.0039999999999998925,0.2857142857142857,0.9473684210526315,0.48275862068965514,0.0,0.2143385070214338,0.615,1,Medium
0.1333333333333333,0.0,0.799,0.262,0.14285714285714285,0.42105263157894735,0.9310344827586207,0.3333333333333333,0.7110125646711014,0.7,1,Medium
0.4666666666666668,0.47368421052631576,0.5539999999999999,0.9440000000000002,0.5714285714285714,0.10526315789473684,0.3448275862068966,0.6666666666666666,0.6459719142645972,0.88,0,Low
1.0000000000000002,0.9473684210526315,0.979,0.20399999999999996,0.2857142857142857,0.8421052631578947,0.8620689655172413,1.0,0.9490022172949004,0.88,2,High
0.26666666666666683,0.5263157894736842,0.5359999999999999,0.39600000000000013,0.14285714285714285,0.3684210526315789,0.3793103448275862,1.0,0.4286770140428678,0.125,2,High
0.5333333333333334,0.6842105263157894,0.05399999999999999,0.528,0.8571428571428571,0.5263157894736842,0.0,0.6666666666666666,0.3148558758314857,0.075,1,Medium
1.0000000000000002,0.42105263157894735,0.741,0.42599999999999993,1.0,0.42105263157894735,0.9310344827586207,0.0,0.6947524020694753,0.75,1,Medium
0.06666666666666665,0.05263157894736842,0.783,0.4039999999999999,0.8571428571428571,0.6842105263157894,0.06896551724137931,0.2222222222222222,0.5742793791574281,0.79,2,High
0.6000000000000001,0.0,0.028000000000000025,0.010000000000000009,0.5714285714285714,0.8421052631578947,0.896551724137931,0.2222222222222222,0.229859571322986,0.535,1,Medium
0.4666666666666668,0.8421052631578947,0.10699999999999998,0.5880000000000001,0.42857142857142855,0.7368421052631579,0.13793103448275862,0.5555555555555556,0.12269031781226908,0.265,1,Medium
0.7333333333333332,0.42105263157894735,0.128,0.018000000000000016,0.42857142857142855,0.47368421052631576,0.896551724137931,0.5555555555555556,0.2801182557280119,0.05,1,Medium
0.8666666666666669,0.0,0.985,0.3839999999999999,0.42857142857142855,0.15789473684210525,0.034482758620689655,0.8888888888888888,0.9667405764966741,0.895,2,High
0.3333333333333335,0.631578947368421,0.469,0.6980000000000002,0.2857142857142857,0.10526315789473684,0.3103448275862069,0.7777777777777777,0.5986696230598672,0.605,0,Low
0.7333333333333332,0.3684210526315789,0.44900000000000007,0.20799999999999996,1.0,0.6842105263157894,0.48275862068965514,0.8888888888888888,0.3178122690317812,0.26,2,High
0.1333333333333333,0.631578947368421,0.6429999999999999,0.712,0.14285714285714285,0.05263157894736842,0.3103448275862069,0.8888888888888888,0.49076127124907615,0.255,1,Medium
0.6666666666666667,0.2631578947368421,0.707,0.708,0.7142857142857142,0.15789473684210525,0.5862068965517241,0.8888888888888888,0.5018477457501849,0.585,1,Medium
0.8666666666666669,1.0,0.664,0.09600000000000009,1.0,0.47368421052631576,0.6551724137931034,0.7777777777777777,0.565410199556541,0.08,2,High
0.40000000000000013,0.0,0.399,0.6300000000000001,0.8571428571428571,1.0,0.1724137931034483,0.6666666666666666,0.40650406504065056,0.6,2,High
0.9333333333333333,0.7368421052631579,0.658,0.984,1.0,0.3157894736842105,1.0,1.0,0.6127124907612713,0.175,2,High
0.4666666666666668,0.47368421052631576,0.654,0.52,0.5714285714285714,0.8421052631578947,1.0,0.3333333333333333,0.6821877309682187,0.09,2,High
0.8666666666666669,0.21052631578947367,0.19299999999999995,0.19600000000000006,1.0,0.2631578947368421,0.9655172413793103,0.0,0.37102734663710285,0.45,0,Low
0.7333333333333332,0.5263157894736842,0.009999999999999953,0.6300000000000001,0.42857142857142855,0.10526315789473684,0.8620689655172413,0.5555555555555556,0.04951958610495194,0.2,0,Low
0.4666666666666668,0.5263157894736842,0.16900000000000004,0.8300000000000001,0.2857142857142857,0.3157894736842105,0.8620689655172413,0.8888888888888888,0.22542498152254248,0.86,0,Low
0.7333333333333332,0.894736842105263,0.29700000000000004,0.19399999999999995,0.5714285714285714,0.894736842105263,0.5172413793103449,0.1111111111111111,0.4656319290465633,0.56,1,Medium
0.19999999999999996,0.05263157894736842,0.781,0.246,0.8571428571428571,0.05263157894736842,0.9655172413793103,0.0,0.821138211382114,0.415,0,Low
0.8666666666666669,0.8421052631578947,0.045999999999999985,0.8699999999999999,0.7142857142857142,0.42105263157894735,0.034482758620689655,0.0,0.2475979305247598,0.33,0,Low
0.9333333333333333,0.15789473684210525,0.5820000000000001,0.19199999999999995,0.42857142857142855,0.6842105263157894,0.3103448275862069,0.2222222222222222,0.50849963045085,0.73,1,Medium
0.6000000000000001,0.05263157894736842,0.05499999999999999,0.9239999999999999,0.0,0.3157894736842105,0.13793103448275862,0.7777777777777777,0.03621581670362156,0.34,0,Low
0.4666666666666668,0.0,0.5710000000000001,0.52,1.0,0.8421052631578947,0.7241379310344828,0.2222222222222222,0.5957132298595713,0.335,2,High
0.8666666666666669,0.47368421052631576,0.30000000000000004,0.4039999999999999,0.7142857142857142,0.21052631578947367,0.48275862068965514,0.0,0.49002217294900235,0.855,0,Low
0.7333333333333332,0.2631578947368421,0.757,0.998,0.7142857142857142,1.0,0.7241379310344828,0.7777777777777777,0.6038433111603845,0.975,2,High
0.8,0.0,0.034999999999999976,0.9059999999999999,0.14285714285714285,0.7368421052631579,0.41379310344827586,0.4444444444444444,0.18994826311899488,0.585,0,Low
0.1333333333333333,0.05263157894736842,0.5369999999999999,0.06999999999999995,0.14285714285714285,0.7368421052631579,0.7931034482758621,0.7777777777777777,0.45306725794530683,0.05,2,High
0.4666666666666668,0.47368421052631576,0.7519999999999999,0.484,0.0,0.7368421052631579,0.41379310344827586,1.0,0.6703621581670363,0.335,2,High
0.26666666666666683,0.3684210526315789,0.9230000000000002,0.3660000000000001,0.5714285714285714,0.3684210526315789,0.896551724137931,0.7777777777777777,0.835920177383592,0.425,2,High
1.0000000000000002,0.894736842105263,0.392,0.8239999999999998,0.7142857142857142,0.5789473684210527,0.7586206896551724,0.6666666666666666,0.35254988913525503,0.075,1,Medium
0.3333333333333335,0.42105263157894735,0.526,0.6320000000000001,0.0,0.47368421052631576,0.8620689655172413,0.3333333333333333,0.377679231337768,0.84,0,Low
0.5333333333333334,0.3157894736842105,0.654,0.45999999999999996,0.14285714285714285,0.7368421052631579,0.6206896551724138,0.3333333333333333,0.5107169253510717,0.255,2,High
0.19999999999999996,0.0,0.4960000000000001,0.1359999999999999,0.0,0.7894736842105263,0.8275862068965517,0.6666666666666666,0.6770140428677014,0.63,2,High
0.6666666666666667,0.7894736842105263,0.632,0.10399999999999987,0.5714285714285714,0.21052631578947367,1.0,0.7777777777777777,0.7450110864745012,0.39,1,Medium
0.19999999999999996,0.7894736842105263,0.20899999999999996,0.798,0.7142857142857142,0.05263157894736842,0.7241379310344828,0.7777777777777777,0.16407982261640802,0.58,0,Low
0.26666666666666683,1.0,0.21399999999999997,0.34399999999999986,1.0,0.3684210526315789,0.6551724137931034,0.5555555555555556,0.2276422764227642,0.355,1,Medium
0.7333333333333332,0.5263157894736842,0.16799999999999993,0.23199999999999998,0.14285714285714285,0.3157894736842105,0.5862068965517241,0.3333333333333333,0.27420546932742057,0.905,0,Low
0.8666666666666669,0.0,0.61,0.6080000000000001,0.5714285714285714,0.3157894736842105,0.13793103448275862,0.4444444444444444,0.689578713968958,0.945,1,Medium
0.6666666666666667,0.3684210526315789,0.7519999999999999,0.19399999999999995,0.0,0.8421052631578947,0.41379310344827586,0.4444444444444444,0.5683665927568369,0.7,2,High
0.1333333333333333,0.15789473684210525,0.785,0.9780000000000002,0.0,0.5263157894736842,0.3103448275862069,0.5555555555555556,0.6622320768662233,0.055,1,Medium
0.8666666666666669,0.47368421052631576,0.7050000000000002,0.7380000000000002,0.5714285714285714,0.894736842105263,0.4482758620689655,0.8888888888888888,0.6378418329637843,0.89,2,High
0.1333333333333333,0.47368421052631576,0.8910000000000001,0.6100000000000001,1.0,0.15789473684210525,0.6896551724137931,0.0,0.6541019955654104,0.755,1,Medium
1.0000000000000002,0.47368421052631576,0.892,0.8399999999999999,0.2857142857142857,0.894736842105263,0.5172413793103449,0.6666666666666666,0.7583148558758317,0.42,2,High
0.6000000000000001,1.0,0.6890000000000002,0.132,0.2857142857142857,1.0,0.034482758620689655,0.1111111111111111,0.5535846267553586,0.185,1,Medium
0.0,0.5789473684210527,0.4960000000000001,0.42400000000000015,0.5714285714285714,0.47368421052631576,0.4482758620689655,0.0,0.5979305247597932,0.145,1,Medium
0.0,0.3157894736842105,0.699,0.256,0.42857142857142855,0.3157894736842105,0.3793103448275862,0.8888888888888888,0.7272727272727275,0.91,2,High
0.40000000000000013,0.3157894736842105,0.9560000000000001,0.4960000000000002,0.7142857142857142,1.0,0.8620689655172413,0.3333333333333333,0.7161862527716187,0.065,2,High
0.4666666666666668,0.10526315789473684,0.04199999999999998,0.4099999999999999,0.8571428571428571,0.7894736842105263,0.6551724137931034,0.8888888888888888,0.24907612712490762,0.335,1,Medium
0.06666666666666665,0.2631578947368421,0.8130000000000001,0.061999999999999944,0.5714285714285714,0.42105263157894735,0.034482758620689655,0.7777777777777777,0.861049519586105,0.65,1,Medium
0.7333333333333332,0.15789473684210525,0.6689999999999999,0.06999999999999995,0.5714285714285714,0.21052631578947367,0.8620689655172413,0.5555555555555556,0.6067997043606801,0.69,1,Medium
0.7333333333333332,0.47368421052631576,0.266,0.41400000000000015,0.8571428571428571,0.47368421052631576,0.6551724137931034,0.4444444444444444,0.393939393939394,0.69,1,Medium
0.7333333333333332,0.9473684210526315,0.45199999999999996,0.6420000000000001,0.42857142857142855,0.631578947368421,0.24137931034482757,0.5555555555555556,0.4005912786400592,0.935,2,High
0.26666666666666683,0.9473684210526315,0.6529999999999999,0.6279999999999999,1.0,0.0,0.8275862068965517,0.2222222222222222,0.6629711751662972,0.125,0,Low
0.1333333333333333,0.42105263157894735,0.21299999999999997,0.118,1.0,0.0,0.20689655172413793,0.1111111111111111,0.15816703621581668,0.145,0,Low
0.1333333333333333,0.7894736842105263,0.017000000000000015,0.4960000000000002,0.7142857142857142,0.3157894736842105,0.6206896551724138,0.5555555555555556,0.059127864005912745,0.705,0,Low
0.6666666666666667,0.6842105263157894,0.9660000000000001,0.09800000000000009,0.0,0.42105263157894735,0.06896551724137931,0.0,0.8462675535846269,0.025,1,Medium
0.6000000000000001,1.0,0.9550000000000002,0.3320000000000001,0.7142857142857142,0.8421052631578947,0.41379310344827586,0.8888888888888888,0.9053954175905397,0.8,2,High
0.1333333333333333,0.47368421052631576,0.4960000000000001,0.42400000000000015,0.7142857142857142,0.42105263157894735,0.3793103448275862,0.5555555555555556,0.44050258684405036,0.48,1,Medium
0.0,0.0,0.9640000000000001,0.3900000000000001,0.42857142857142855,0.21052631578947367,0.24137931034482757,0.2222222222222222,0.9283074648928309,0.27,1,Medium
0.8,0.5263157894736842,0.07199999999999995,0.522,0.42857142857142855,0.10526315789473684,0.06896551724137931,0.3333333333333333,0.06577974870657793,0.275,0,Low
1.0000000000000002,0.6842105263157894,0.7679999999999999,0.9300000000000002,0.14285714285714285,0.47368421052631576,0.27586206896551724,0.4444444444444444,0.7597930524759795,0.66,1,Medium
0.9333333333333333,0.8421052631578947,0.033999999999999975,0.6740000000000002,0.5714285714285714,0.631578947368421,0.3793103448275862,0.6666666666666666,0.02439024390243899,0.5,1,Medium
0.6666666666666667,0.2631578947368421,0.9800000000000001,0.39800000000000013,0.14285714285714285,0.5789473684210527,0.5172413793103449,0.0,0.9150036954915004,0.38,1,Medium
0.40000000000000013,0.9473684210526315,0.4730000000000001,0.07799999999999996,0.0,0.05263157894736842,0.6206896551724138,0.6666666666666666,0.41019955654101997,0.075,1,Medium
0.40000000000000013,0.894736842105263,0.928,0.17400000000000004,1.0,1.0,0.48275862068965514,0.0,0.7974870657797488,0.225,2,High
0.0,1.0,0.16100000000000003,0.6759999999999999,0.42857142857142855,0.5263157894736842,0.3103448275862069,0.6666666666666666,0.3141167775314118,0.32,1,Medium
0.4666666666666668,0.2631578947368421,0.121,0.4970000000000001,0.7142857142857142,0.3684210526315789,0.6551724137931034,0.8888888888888888,0.1936437546193644,0.725,0,Low
0.40000000000000013,0.15789473684210525,0.269,0.30200000000000005,0.8571428571428571,0.42105263157894735,0.8620689655172413,0.2222222222222222,0.45380635624538074,0.785,0,Low
0.8,0.894736842105263,0.7880000000000001,0.244,0.0,1.0,0.6206896551724138,0.8888888888888888,0.8144863266814488,0.73,2,High
0.0,0.47368421052631576,0.894,0.8500000000000001,0.42857142857142855,0.3684210526315789,0.13793103448275862,0.5555555555555556,0.8891352549889135,0.88,1,Medium
0.8666666666666669,0.10526315789473684,0.033999999999999975,0.10999999999999999,0.2857142857142857,1.0,0.5862068965517241,1.0,0.30450849963045096,0.28,2,High
0.0,0.21052631578947367,0.509,0.548,1.0,0.8421052631578947,0.6896551724137931,0.0,0.4996304508499632,0.36,1,Medium
0.06666666666666665,0.21052631578947367,0.62,0.5960000000000001,0.5714285714285714,0.3157894736842105,0.6896551724137931,0.2222222222222222,0.5639320029563932,0.575,1,Medium
0.7333333333333332,0.631578947368421,0.22499999999999998,0.6439999999999999,0.0,0.3684210526315789,0.10344827586206896,0.5555555555555556,0.4138950480413896,0.375,0,Low
0.4666666666666668,0.2631578947368421,0.8350000000000001,0.43599999999999994,0.2857142857142857,0.5263157894736842,0.8620689655172413,0.7777777777777777,0.7376201034737622,0.055,2,High
0.9333333333333333,0.47368421052631576,0.17699999999999994,0.0020000000000000018,0.7142857142857142,0.47368421052631576,0.7241379310344828,0.7777777777777777,0.2978566149297857,0.43,2,High
0.1333333333333333,0.3157894736842105,0.757,0.3580000000000001,0.42857142857142855,0.47368421052631576,0.6551724137931034,1.0,0.821138211382114,0.815,1,Medium
0.5333333333333334,0.0,0.367,0.9000000000000001,0.0,0.0,0.3448275862068966,0.4444444444444444,0.45306725794530683,0.615,0,Low
0.19999999999999996,0.3684210526315789,0.8039999999999999,0.45999999999999996,0.42857142857142855,0.5263157894736842,0.7241379310344828,0.3333333333333333,0.7908351810790837,0.865,1,Medium
0.6000000000000001,0.3157894736842105,0.09500000000000003,0.6480000000000001,0.2857142857142857,0.47368421052631576,0.8620689655172413,0.5555555555555556,0.19660014781966,0.92,0,Low
0.4666666666666668,0.3684210526315789,0.557,0.8480000000000001,1.0,0.631578947368421,0.5862068965517241,0.0,0.6784922394678494,0.17,1,Medium
0.9333333333333333,0.42105263157894735,0.82,0.246,0.14285714285714285,0.3684210526315789,0.41379310344827586,0.5555555555555556,0.6371027346637104,0.6,2,High
0.4666666666666668,0.47368421052631576,0.8430000000000001,0.19199999999999995,0.7142857142857142,0.21052631578947367,0.3103448275862069,0.7777777777777777,0.8322246858832225,0.59,2,High
0.7333333333333332,0.3157894736842105,0.118,0.3740000000000001,0.5714285714285714,0.47368421052631576,0.4482758620689655,0.1111111111111111,0.16925351071692535,0.89,0,Low
0.5333333333333334,0.42105263157894735,0.733,0.4970000000000001,0.7142857142857142,0.42105263157894735,0.9655172413793103,0.0,0.6053215077605323,0.75,1,Medium
0.8,0.894736842105263,0.4730000000000001,0.8200000000000001,0.8571428571428571,1.0,0.8620689655172413,0.8888888888888888,0.3762010347376202,0.96,2,High
0.3333333333333335,0.5263157894736842,0.507,0.10799999999999998,0.7142857142857142,0.3684210526315789,0.5172413793103449,0.6666666666666666,0.5314116777531412,0.64,2,High
1.0000000000000002,0.7368421052631579,0.33799999999999997,0.528,0.42857142857142855,0.15789473684210525,0.0,0.2222222222222222,0.5018477457501849,0.24,1,Medium
0.1333333333333333,0.6842105263157894,0.135,0.14800000000000002,0.5714285714285714,0.7894736842105263,0.7241379310344828,0.3333333333333333,0.1781226903178123,0.505,1,Medium
0.1333333333333333,0.894736842105263,0.28300000000000003,0.24,0.2857142857142857,0.0,0.9310344827586207,0.1111111111111111,0.212860310421286,0.16,0,Low
0.4666666666666668,0.5789473684210527,0.355,0.08200000000000007,0.7142857142857142,0.3157894736842105,0.7931034482758621,0.2222222222222222,0.43976348854397646,0.99,0,Low
0.8666666666666669,0.7894736842105263,0.8960000000000002,0.6820000000000002,0.42857142857142855,0.631578947368421,0.0,0.1111111111111111,0.7841832963784185,0.42,1,Medium
0.5333333333333334,0.3157894736842105,0.9620000000000001,0.958,0.14285714285714285,0.894736842105263,0.48275862068965514,0.4444444444444444,0.9719142645971914,0.94,1,Medium
0.19999999999999996,0.47368421052631576,0.548,0.9199999999999999,0.5714285714285714,0.10526315789473684,0.0,0.2222222222222222,0.5018477457501849,0.85,0,Low
0.8666666666666669,0.05263157894736842,0.936,0.538,0.42857142857142855,0.2631578947368421,0.3793103448275862,1.0,0.9445676274944568,0.525,2,High
0.3333333333333335,0.6842105263157894,0.253,0.744,0.8571428571428571,0.7368421052631579,0.1724137931034483,1.0,0.4146341463414635,0.63,1,Medium
0.4666666666666668,0.894736842105263,0.11699999999999999,0.0020000000000000018,0.14285714285714285,0.3157894736842105,0.3103448275862069,1.0,0.15816703621581668,0.08,1,Medium
0.6000000000000001,0.47368421052631576,0.977,0.8960000000000001,0.2857142857142857,0.15789473684210525,0.034482758620689655,0.2222222222222222,0.8425720620842574,0.345,1,Medium
0.40000000000000013,0.10526315789473684,0.9010000000000001,0.8420000000000003,0.2857142857142857,0.5789473684210527,0.41379310344827586,0.7777777777777777,0.7694013303769403,0.17,2,High
0.3333333333333335,0.894736842105263,0.45500000000000007,0.21399999999999997,0.7142857142857142,0.21052631578947367,0.5517241379310345,0.6666666666666666,0.565410199556541,0.87,0,Low
0.06666666666666665,0.5789473684210527,0.5890000000000001,0.8539999999999999,0.2857142857142857,0.10526315789473684,0.10344827586206896,0.4444444444444444,0.5195861049519588,0.63,0,Low
0.40000000000000013,0.3684210526315789,0.527,0.04600000000000004,0.14285714285714285,0.10526315789473684,0.5517241379310345,1.0,0.4316334072431635,0.2,1,Medium
1.0000000000000002,1.0,0.7720000000000001,0.798,0.0,0.6842105263157894,0.6896551724137931,0.7777777777777777,0.6252771618625277,0.415,1,Medium
0.9333333333333333,0.5789473684210527,0.9210000000000002,0.3380000000000001,0.14285714285714285,0.2631578947368421,0.9655172413793103,1.0,0.7989652623798966,0.605,2,High
0.06666666666666665,0.7894736842105263,0.6029999999999999,0.4970000000000001,0.2857142857142857,0.8421052631578947,0.1724137931034483,0.2222222222222222,0.6637102734663711,0.555,1,Medium
0.3333333333333335,0.15789473684210525,0.42200000000000004,0.29600000000000004,0.42857142857142855,0.10526315789473684,0.20689655172413793,0.3333333333333333,0.45898004434589806,0.01,0,Low
0.6666666666666667,0.9473684210526315,0.2480000000000001,0.8559999999999999,0.5714285714285714,0.3157894736842105,0.8275862068965517,0.7777777777777777,0.19660014781966,0.19,0,Low
0.1333333333333333,0.3684210526315789,0.366,0.21599999999999997,0.14285714285714285,0.7368421052631579,0.06896551724137931,0.5555555555555556,0.5151515151515151,0.07,1,Medium
0.3333333333333335,0.3157894736842105,0.767,0.6340000000000001,0.42857142857142855,0.9473684210526315,0.27586206896551724,1.0,0.6489283074648928,0.04,2,High
0.26666666666666683,0.47368421052631576,0.267,0.027999999999999914,0.5714285714285714,0.15789473684210525,0.10344827586206896,0.3333333333333333,0.476718403547672,0.31,1,Medium
0.26666666666666683,0.05263157894736842,0.03700000000000003,0.05800000000000005,0.0,0.0,0.4482758620689655,0.8888888888888888,0.28603104212860314,0.445,0,Low
0.7333333333333332,0.8421052631578947,0.908,0.20599999999999996,0.8571428571428571,0.0,0.6551724137931034,0.6666666666666666,0.9105691056910572,0.895,2,High
0.40000000000000013,0.6842105263157894,0.273,0.4970000000000001,0.2857142857142857,1.0,0.9655172413793103,0.0,0.3281596452328161,0.385,1,Medium
0.7333333333333332,0.42105263157894735,0.20499999999999996,0.9440000000000002,1.0,0.8421052631578947,0.24137931034482757,0.2222222222222222,0.4294161123429417,0.415,1,Medium
0.9333333333333333,0.2631578947368421,0.6410000000000001,0.6160000000000001,0.14285714285714285,0.7368421052631579,0.9655172413793103,0.5555555555555556,0.6991869918699187,0.77,1,Medium
0.7333333333333332,0.7894736842105263,0.30999999999999994,0.3500000000000001,1.0,0.10526315789473684,0.3448275862068966,0.7777777777777777,0.24833702882483372,0.485,1,Medium
0.9333333333333333,0.0,0.15599999999999992,0.39600000000000013,1.0,0.05263157894736842,0.4482758620689655,0.2222222222222222,0.39098300073909836,0.13,0,Low
0.7333333333333332,0.05263157894736842,0.35,0.008000000000000007,0.14285714285714285,0.05263157894736842,0.8620689655172413,0.1111111111111111,0.5358462675535849,0.795,0,Low
0.5333333333333334,0.7368421052631579,0.569,0.4019999999999999,0.0,0.47368421052631576,0.06896551724137931,0.4444444444444444,0.5764966740576498,0.055,1,Medium
0.06666666666666665,0.15789473684210525,0.03300000000000003,0.5700000000000001,0.8571428571428571,0.47368421052631576,0.10344827586206896,0.6666666666666666,0.09608277900960827,0.315,1,Medium
0.3333333333333335,0.0,0.136,0.15999999999999992,0.5714285714285714,1.0,0.06896551724137931,0.0,0.13821138211382117,0.095,1,Medium
0.19999999999999996,0.6842105263157894,0.09699999999999998,0.19600000000000006,0.2857142857142857,0.21052631578947367,0.5517241379310345,0.3333333333333333,0.345158906134516,0.735,0,Low
0.6000000000000001,0.9473684210526315,0.57,0.15600000000000003,0.42857142857142855,0.47368421052631576,0.3793103448275862,0.7777777777777777,0.5735402808573542,0.805,1,Medium
0.6000000000000001,0.3684210526315789,0.743,0.9460000000000002,1.0,0.8421052631578947,0.13793103448275862,0.1111111111111111,0.54249815225425,0.25,1,Medium
0.6666666666666667,0.631578947368421,0.20199999999999996,0.5720000000000001,1.0,0.05263157894736842,0.27586206896551724,1.0,0.22394678492239467,0.555,1,Medium
0.0,0.21052631578947367,0.593,0.16400000000000003,0.0,1.0,0.5517241379310345,0.3333333333333333,0.6134515890613452,0.58,2,High
0.8666666666666669,0.2631578947368421,0.8880000000000002,0.702,0.5714285714285714,0.21052631578947367,0.5517241379310345,0.3333333333333333,0.6733185513673319,0.155,1,Medium
0.19999999999999996,0.9473684210526315,0.4960000000000001,0.33599999999999985,0.0,0.7368421052631579,0.9655172413793103,1.0,0.4486326681448633,0.655,1,Medium
0.1333333333333333,0.631578947368421,0.4960000000000001,0.44000000000000017,0.5714285714285714,0.21052631578947367,0.48275862068965514,1.0,0.8337028824833703,0.3,1,Medium
0.4666666666666668,0.6842105263157894,0.486,0.008000000000000007,0.14285714285714285,0.3684210526315789,0.3103448275862069,0.8888888888888888,0.3858093126385809,0.975,1,Medium
0.6000000000000001,0.894736842105263,0.9820000000000001,0.9940000000000002,0.2857142857142857,0.6842105263157894,0.6551724137931034,0.3333333333333333,0.7923133776792315,0.6,1,Medium
0.9333333333333333,0.3684210526315789,0.4960000000000001,0.256,0.8571428571428571,0.7368421052631579,0.24137931034482757,0.8888888888888888,0.22542498152254248,0.0,1,Medium
0.0,1.0,0.7340000000000001,0.17400000000000004,0.42857142857142855,0.8421052631578947,0.7241379310344828,0.6666666666666666,0.7834441980783446,0.43,2,High
0.40000000000000013,0.5263157894736842,0.484,0.776,0.7142857142857142,0.47368421052631576,0.27586206896551724,0.4444444444444444,0.4456762749445677,0.195,1,Medium
0.6666666666666667,0.47368421052631576,0.991,0.19399999999999995,0.5714285714285714,0.42105263157894735,0.20689655172413793,1.0,0.7302291204730229,0.095,2,High
0.4666666666666668,1.0,0.17999999999999994,0.4970000000000001,0.14285714285714285,0.631578947368421,0.5862068965517241,0.4444444444444444,0.3000739098300074,0.085,1,Medium
0.6666666666666667,0.7894736842105263,0.5210000000000001,0.8660000000000001,0.14285714285714285,0.42105263157894735,0.10344827586206896,0.8888888888888888,0.42350332594235035,0.865,0,Low
0.5333333333333334,0.5789473684210527,0.4980000000000001,0.28600000000000003,0.5714285714285714,0.7894736842105263,0.5862068965517241,0.4444444444444444,0.45824094604582416,0.76,1,Medium
0.8,0.47368421052631576,0.1519999999999999,0.5920000000000001,0.8571428571428571,0.2631578947368421,0.48275862068965514,0.3333333333333333,0.23281596452328163,0.635,0,Low
0.1333333333333333,0.894736842105263,0.29900000000000004,0.5640000000000001,0.2857142857142857,0.21052631578947367,0.1724137931034483,0.8888888888888888,0.4789356984478936,0.5,1,Medium
0.8,0.42105263157894735,0.703,0.9120000000000001,1.0,0.9473684210526315,0.5172413793103449,0.8888888888888888,0.6112342941611235,0.735,2,High
0.4666666666666668,0.631578947368421,0.8630000000000001,0.9000000000000001,0.42857142857142855,0.2631578947368421,0.24137931034482757,0.8888888888888888,0.6851441241685146,0.14,1,Medium
0.40000000000000013,0.2631578947368421,0.382,0.3679999999999999,0.14285714285714285,0.894736842105263,0.41379310344827586,0.2222222222222222,0.3998521803399852,0.56,1,Medium
1.0000000000000002,0.9473684210526315,0.884,0.7380000000000002,0.14285714285714285,0.10526315789473684,0.41379310344827586,0.7777777777777777,0.6718403547671841,0.95,1,Medium
0.6666666666666667,0.8421052631578947,0.09800000000000003,0.6400000000000001,0.42857142857142855,0.6842105263157894,0.6206896551724138,0.3333333333333333,0.10421286031042132,0.765,0,Low
0.6000000000000001,0.05263157894736842,0.672,0.6660000000000001,0.0,0.05263157894736842,0.3448275862068966,1.0,0.7169253510716926,0.285,1,Medium
0.0,0.7368421052631579,0.6940000000000001,0.9780000000000002,0.8571428571428571,0.21052631578947367,0.5172413793103449,0.2222222222222222,0.5343680709534369,0.635,1,Medium
0.1333333333333333,0.10526315789473684,0.626,0.548,0.7142857142857142,0.15789473684210525,0.9310344827586207,0.7777777777777777,0.5528455284552847,0.5,1,Medium
0.8666666666666669,0.7894736842105263,0.356,0.728,0.14285714285714285,0.2631578947368421,0.6206896551724138,0.7777777777777777,0.26607538802660763,0.98,0,Low
0.40000000000000013,0.7368421052631579,0.9620000000000001,0.718,0.7142857142857142,0.3684210526315789,0.0,0.8888888888888888,0.9024390243902443,0.56,2,High
0.40000000000000013,0.631578947368421,0.908,0.3740000000000001,0.2857142857142857,0.42105263157894735,0.48275862068965514,0.2222222222222222,0.7479674796747968,0.025,2,High
0.8666666666666669,0.10526315789473684,0.15999999999999992,0.692,0.8571428571428571,0.5789473684210527,0.5517241379310345,0.3333333333333333,0.10569105691056907,0.415,0,Low
0.0,0.21052631578947367,0.386,0.8620000000000001,0.7142857142857142,0.0,0.4482758620689655,0.4444444444444444,0.3325942350332595,0.745,0,Low
0.9333333333333333,0.8421052631578947,0.30599999999999994,0.134,0.8571428571428571,0.5789473684210527,0.48275862068965514,0.8888888888888888,0.3643754619364376,0.43,2,High
1.0000000000000002,1.0,0.4960000000000001,0.8899999999999999,0.0,0.631578947368421,0.6896551724137931,0.4444444444444444,0.37324464153732456,0.915,0,Low
0.06666666666666665,0.3684210526315789,0.05999999999999994,0.9440000000000002,0.2857142857142857,0.47368421052631576,0.7931034482758621,1.0,0.17147080561714717,0.035,0,Low
0.8666666666666669,0.3157894736842105,0.07,0.7060000000000002,0.8571428571428571,0.47368421052631576,0.13793103448275862,0.2222222222222222,0.23355506282335553,0.8,1,Medium
0.19999999999999996,0.7368421052631579,0.4960000000000001,0.5720000000000001,0.14285714285714285,0.05263157894736842,0.6206896551724138,0.0,0.4656319290465633,0.085,0,Low
0.0,0.8421052631578947,0.9970000000000002,0.5820000000000001,0.7142857142857142,0.42105263157894735,1.0,0.6666666666666666,0.960088691796009,0.57,2,High
0.40000000000000013,0.631578947368421,0.32599999999999996,0.32200000000000006,1.0,1.0,0.7241379310344828,0.8888888888888888,0.3259423503325943,0.575,2,High
0.8666666666666669,0.894736842105263,0.8270000000000001,0.5740000000000001,0.5714285714285714,0.05263157894736842,1.0,0.6666666666666666,0.7620103473762012,0.855,1,Medium
0.19999999999999996,0.7894736842105263,0.18200000000000005,0.4970000000000001,0.8571428571428571,0.0,0.1724137931034483,0.8888888888888888,0.1419068736141907,0.69,0,Low
0.3333333333333335,0.7894736842105263,0.371,0.28400000000000003,0.2857142857142857,0.47368421052631576,0.7931034482758621,0.2222222222222222,0.50849963045085,0.08,0,Low
0.9333333333333333,0.9473684210526315,0.31200000000000006,0.1359999999999999,0.2857142857142857,0.3684210526315789,0.24137931034482757,1.0,0.2786400591278641,0.095,1,Medium
1.0000000000000002,0.3684210526315789,0.8960000000000002,0.546,0.14285714285714285,0.10526315789473684,0.5862068965517241,0.7777777777777777,0.9083518107908353,0.83,1,Medium
0.19999999999999996,0.05263157894736842,0.836,0.516,0.5714285714285714,0.9473684210526315,0.0,0.8888888888888888,0.7154471544715448,0.495,2,High
0.40000000000000013,0.8421052631578947,0.6789999999999999,0.8520000000000001,0.0,0.5263157894736842,0.5172413793103449,0.0,0.72209903917221,0.505,0,Low
0.06666666666666665,0.3157894736842105,0.715,0.768,0.7142857142857142,0.894736842105263,0.7586206896551724,0.2222222222222222,0.5461936437546195,0.13,2,High
0.8,0.7894736842105263,0.44399999999999995,0.29600000000000004,0.42857142857142855,0.5263157894736842,0.9655172413793103,0.0,0.3584626755358464,0.655,1,Medium
0.26666666666666683,0.7894736842105263,0.252,0.3460000000000001,1.0,0.05263157894736842,0.3448275862068966,0.4444444444444444,0.32150776053215085,0.86,1,Medium
0.19999999999999996,0.47368421052631576,0.27,0.556,1.0,0.05263157894736842,0.6551724137931034,0.7777777777777777,0.21951219512195125,0.855,1,Medium
0.6666666666666667,0.631578947368421,0.22099999999999997,0.6560000000000001,0.0,0.3157894736842105,0.5517241379310345,0.2222222222222222,0.3769401330376941,0.775,0,Low
0.5333333333333334,0.6842105263157894,0.31700000000000006,0.99,0.0,0.9473684210526315,0.9655172413793103,0.8888888888888888,0.4944567627494458,0.355,1,Medium
1.0000000000000002,0.8421052631578947,0.6849999999999999,0.236,0.2857142857142857,0.5789473684210527,0.896551724137931,0.4444444444444444,0.7568366592756837,0.615,1,Medium
0.40000000000000013,0.5789473684210527,0.33499999999999996,0.988,0.42857142857142855,0.2631578947368421,0.10344827586206896,0.0,0.42424242424242425,0.225,1,Medium
0.40000000000000013,0.47368421052631576,0.31200000000000006,0.40000000000000013,0.0,0.47368421052631576,0.27586206896551724,0.8888888888888888,0.45824094604582416,0.25,1,Medium
0.26666666666666683,0.05263157894736842,0.241,0.5720000000000001,0.2857142857142857,0.3684210526315789,0.7586206896551724,0.4444444444444444,0.42054693274205485,0.785,0,Low
0.9333333333333333,0.9473684210526315,0.912,0.554,1.0,0.7368421052631579,0.896551724137931,0.6666666666666666,0.8573540280857355,0.205,2,High
0.0,0.15789473684210525,0.03600000000000003,0.20199999999999996,0.42857142857142855,0.42105263157894735,0.3793103448275862,0.3333333333333333,0.13451589061345165,0.645,0,Low
0.6000000000000001,0.631578947368421,0.045999999999999985,0.506,1.0,0.3157894736842105,0.1724137931034483,0.5555555555555556,0.11234294161123431,0.315,1,Medium
0.3333333333333335,0.10526315789473684,0.4730000000000001,1.0,0.5714285714285714,0.6842105263157894,0.6551724137931034,0.8888888888888888,0.361419068736142,0.185,2,High
0.0,0.3684210526315789,0.477,0.6160000000000001,0.2857142857142857,0.7368421052631579,0.6206896551724138,0.1111111111111111,0.3673318551367332,0.62,1,Medium
0.3333333333333335,0.10526315789473684,0.07,0.492,0.14285714285714285,0.21052631578947367,0.7931034482758621,0.5555555555555556,0.3089430894308944,0.97,0,Low
0.19999999999999996,0.894736842105263,0.013000000000000012,0.45199999999999996,0.7142857142857142,0.3684210526315789,0.48275862068965514,0.4444444444444444,0.5018477457501849,0.835,0,Low
0.7333333333333332,0.3684210526315789,0.34199999999999997,0.744,0.0,0.21052631578947367,0.20689655172413793,0.8888888888888888,0.48706577974870674,0.555,0,Low
0.7333333333333332,0.6842105263157894,0.953,0.28400000000000003,0.7142857142857142,0.21052631578947367,1.0,1.0,0.746489283074649,0.53,2,High
0.1333333333333333,0.6842105263157894,0.2280000000000001,0.1359999999999999,0.14285714285714285,0.05263157894736842,0.8620689655172413,0.1111111111111111,0.25203252032520324,0.3,0,Low
1.0000000000000002,0.6842105263157894,0.8220000000000002,0.33599999999999985,0.42857142857142855,0.9473684210526315,0.6551724137931034,0.4444444444444444,0.8640059127864006,0.78,2,High
0.7333333333333332,0.3684210526315789,0.8910000000000001,0.0020000000000000018,0.5714285714285714,0.9473684210526315,0.4482758620689655,0.6666666666666666,0.6526237989652623,0.625,2,High
0.19999999999999996,0.15789473684210525,0.951,0.786,0.8571428571428571,0.6842105263157894,0.48275862068965514,0.6666666666666666,0.729490022172949,0.65,2,High
0.6000000000000001,0.5263157894736842,0.8320000000000002,0.736,1.0,0.10526315789473684,0.034482758620689655,0.5555555555555556,0.6881005173688102,0.075,1,Medium
0.5333333333333334,1.0,0.28900000000000003,0.56,0.7142857142857142,0.3684210526315789,0.06896551724137931,0.6666666666666666,0.23503325942350345,0.965,1,Medium
0.40000000000000013,0.8421052631578947,0.19500000000000006,0.061999999999999944,0.14285714285714285,0.42105263157894735,0.9655172413793103,0.1111111111111111,0.38433111603843323,0.62,0,Low
0.8,0.47368421052631576,0.21399999999999997,0.8899999999999999,0.7142857142857142,0.0,0.13793103448275862,0.5555555555555556,0.27050997782705094,0.42,0,Low
0.8,0.3157894736842105,0.127,0.3820000000000001,0.42857142857142855,0.0,0.3103448275862069,0.2222222222222222,0.21581670362158173,0.62,0,Low
0.06666666666666665,0.9473684210526315,0.6189999999999999,0.9179999999999999,0.0,0.5263157894736842,0.24137931034482757,0.5555555555555556,0.467110125646711,0.895,1,Medium
0.7333333333333332,0.05263157894736842,0.634,0.29600000000000004,0.14285714285714285,0.5263157894736842,0.13793103448275862,0.7777777777777777,0.4685883222468589,0.79,1,Medium
0.9333333333333333,0.3157894736842105,0.31700000000000006,0.03200000000000003,0.2857142857142857,0.5789473684210527,0.3448275862068966,0.6666666666666666,0.49150036954915005,0.415,2,High
0.6666666666666667,0.7894736842105263,0.17000000000000004,0.19600000000000006,1.0,0.8421052631578947,0.13793103448275862,0.6666666666666666,0.18625277161862536,0.555,1,Medium
0.19999999999999996,0.894736842105263,0.5539999999999999,0.46599999999999997,0.2857142857142857,0.9473684210526315,0.13793103448275862,0.4444444444444444,0.5373244641537325,0.91,1,Medium
0.40000000000000013,0.631578947368421,0.10199999999999998,0.534,0.2857142857142857,0.10526315789473684,0.48275862068965514,0.6666666666666666,0.25351071692535115,0.975,0,Low
0.26666666666666683,0.8421052631578947,0.9490000000000002,0.6160000000000001,0.5714285714285714,1.0,0.06896551724137931,0.6666666666666666,0.7849223946784925,0.195,2,High
0.3333333333333335,0.47368421052631576,0.35,0.40800000000000014,0.2857142857142857,0.7894736842105263,0.034482758620689655,1.0,0.4449371766444938,0.95,2,High
0.6666666666666667,1.0,0.6150000000000001,0.31999999999999984,0.42857142857142855,0.21052631578947367,0.3103448275862069,0.0,0.5099778270509978,0.48,1,Medium
0.06666666666666665,0.05263157894736842,0.8450000000000001,0.52,0.2857142857142857,0.5263157894736842,0.6896551724137931,0.5555555555555556,0.6533628972653365,0.315,1,Medium
0.40000000000000013,0.42105263157894735,0.19800000000000006,0.9039999999999999,1.0,0.3157894736842105,0.9310344827586207,1.0,0.37102734663710285,0.89,1,Medium
0.6000000000000001,0.21052631578947367,0.6189999999999999,0.3820000000000001,0.5714285714285714,0.3684210526315789,0.5862068965517241,1.0,0.7073170731707317,0.05,1,Medium
0.8666666666666669,0.3684210526315789,0.32900000000000007,0.134,0.42857142857142855,0.2631578947368421,0.034482758620689655,0.5555555555555556,0.3961566888396158,0.77,0,Low
0.6000000000000001,0.42105263157894735,0.04500000000000004,0.8899999999999999,0.7142857142857142,0.10526315789473684,0.896551724137931,0.2222222222222222,0.20103473762010343,0.01,0,Low
1.0000000000000002,0.0,0.057999999999999996,0.16600000000000004,0.42857142857142855,0.42105263157894735,0.3793103448275862,0.7777777777777777,0.15742793791574278,0.57,0,Low
0.8,0.7894736842105263,0.242,0.548,0.8571428571428571,1.0,0.13793103448275862,0.2222222222222222,0.40502586844050265,0.555,1,Medium
0.06666666666666665,0.5263157894736842,0.17500000000000004,0.30000000000000004,0.8571428571428571,0.631578947368421,0.6551724137931034,1.0,0.29490022172949,0.575,1,Medium
0.9333333333333333,0.10526315789473684,0.42400000000000004,0.562,0.5714285714285714,0.7894736842105263,0.3103448275862069,1.0,0.3673318551367332,0.455,2,High
0.9333333333333333,0.6842105263157894,0.013999999999999957,0.41400000000000015,0.42857142857142855,0.3157894736842105,0.3448275862068966,0.6666666666666666,0.05173688100517371,0.63,1,Medium
0.7333333333333332,0.10526315789473684,0.6920000000000001,0.6720000000000002,0.2857142857142857,0.7368421052631579,0.20689655172413793,0.4444444444444444,0.746489283074649,0.35,1,Medium
0.1333333333333333,0.47368421052631576,0.07900000000000001,0.09999999999999998,0.0,0.3157894736842105,0.7586206896551724,1.0,0.20916481892091648,0.125,0,Low
0.40000000000000013,1.0,0.02699999999999997,0.54,0.2857142857142857,0.894736842105263,0.7931034482758621,0.2222222222222222,0.29490022172949,0.6,0,Low
0.19999999999999996,0.5263157894736842,0.4960000000000001,0.694,0.42857142857142855,0.15789473684210525,0.3793103448275862,0.2222222222222222,0.5594974131559498,0.005,0,Low
0.6000000000000001,1.0,0.25,0.9760000000000002,0.5714285714285714,0.5263157894736842,0.7586206896551724,0.1111111111111111,0.25498891352549896,0.49,0,Low
0.06666666666666665,0.05263157894736842,0.271,0.16400000000000003,0.42857142857142855,0.631578947368421,0.5517241379310345,0.5555555555555556,0.4331116038433112,0.635,1,Medium
0.6000000000000001,0.8421052631578947,0.775,0.8660000000000001,0.5714285714285714,0.894736842105263,0.48275862068965514,0.7777777777777777,0.8344419807834442,0.11,2,High
0.1333333333333333,0.5789473684210527,0.92,0.02200000000000002,0.0,0.2631578947368421,1.0,1.0,0.9231337767923136,0.03,2,High
0.9333333333333333,0.2631578947368421,0.587,0.6880000000000002,0.2857142857142857,0.3684210526315789,0.896551724137931,0.8888888888888888,0.5055432372505544,0.78,1,Medium
0.8666666666666669,0.42105263157894735,0.23299999999999998,0.30200000000000005,0.8571428571428571,0.5789473684210527,0.20689655172413793,0.8888888888888888,0.361419068736142,0.505,1,Medium
0.19999999999999996,0.42105263157894735,0.68,0.956,1.0,0.0,0.10344827586206896,0.3333333333333333,0.7324464153732446,0.33,1,Medium
0.6000000000000001,0.7894736842105263,0.049000000000000044,0.18200000000000005,1.0,0.9473684210526315,0.8620689655172413,0.4444444444444444,0.0509977827050998,0.86,1,Medium
0.6000000000000001,0.3157894736842105,0.0040000000000000036,0.5,0.42857142857142855,0.05263157894736842,0.06896551724137931,0.0,0.1441241685144124,0.27,0,Low
1.0000000000000002,0.7894736842105263,0.17500000000000004,0.6160000000000001,0.5714285714285714,0.47368421052631576,0.896551724137931,0.5555555555555556,0.2756836659275684,0.765,0,Low
0.1333333333333333,0.21052631578947367,0.525,0.5,0.2857142857142857,0.10526315789473684,0.48275862068965514,0.3333333333333333,0.393939393939394,0.18,0,Low
0.06666666666666665,0.3157894736842105,0.4960000000000001,0.05600000000000005,0.42857142857142855,0.21052631578947367,0.7931034482758621,0.6666666666666666,0.2586844050258686,0.31,1,Medium
0.06666666666666665,0.3684210526315789,0.21699999999999997,0.492,0.8571428571428571,0.42105263157894735,0.9655172413793103,0.2222222222222222,0.3991130820399113,0.58,0,Low
0.4666666666666668,0.0,0.781,0.9600000000000002,0.0,0.47368421052631576,0.8275862068965517,0.1111111111111111,0.6045824094604584,0.435,0,Low
0.26666666666666683,0.15789473684210525,0.9289999999999999,0.774,0.2857142857142857,0.3684210526315789,0.8620689655172413,0.1111111111111111,0.9290465631929048,0.655,1,Medium
0.8,0.7368421052631579,0.030999999999999972,0.8960000000000001,1.0,0.05263157894736842,0.0,0.3333333333333333,0.15077605321507764,0.395,0,Low
0.8666666666666669,0.8421052631578947,0.30000000000000004,0.788,0.0,0.21052631578947367,0.48275862068965514,0.6666666666666666,0.40502586844050265,0.04,0,Low
0.5333333333333334,0.3157894736842105,0.359,0.18399999999999994,0.8571428571428571,0.3157894736842105,0.10344827586206896,0.2222222222222222,0.3628972653362897,0.565,1,Medium
0.19999999999999996,0.7894736842105263,0.253,0.9440000000000002,0.8571428571428571,0.6842105263157894,0.41379310344827586,0.1111111111111111,0.37546193643754616,0.96,0,Low
0.4666666666666668,0.3157894736842105,0.32100000000000006,0.49,0.14285714285714285,0.05263157894736842,0.10344827586206896,0.2222222222222222,0.3252032520325204,0.47,0,Low
0.6666666666666667,0.10526315789473684,0.254,0.9039999999999999,0.7142857142857142,0.6842105263157894,0.8275862068965517,0.8888888888888888,0.18033998521803402,0.715,0,Low
0.26666666666666683,0.5789473684210527,0.07699999999999996,0.8200000000000001,0.8571428571428571,0.0,0.6551724137931034,0.2222222222222222,0.2106430155210644,0.74,0,Low
0.6000000000000001,0.15789473684210525,0.5300000000000001,0.3679999999999999,0.8571428571428571,0.47368421052631576,0.5172413793103449,0.5555555555555556,0.6053215077605323,0.825,1,Medium
0.6000000000000001,0.0,0.21100000000000008,0.988,0.5714285714285714,0.7894736842105263,0.06896551724137931,0.4444444444444444,0.37324464153732456,0.12,1,Medium
0.3333333333333335,0.6842105263157894,0.5650000000000001,0.09999999999999998,0.2857142857142857,0.47368421052631576,0.7586206896551724,0.4444444444444444,0.5528455284552847,0.24,2,High
0.5333333333333334,0.21052631578947367,0.68,0.3400000000000001,0.7142857142857142,0.7894736842105263,0.10344827586206896,0.0,0.6393200295639321,0.345,2,High
0.1333333333333333,0.6842105263157894,0.5300000000000001,0.9480000000000002,0.2857142857142857,0.47368421052631576,0.6896551724137931,0.4444444444444444,0.4138950480413896,0.86,0,Low
0.8,0.3684210526315789,0.247,0.5720000000000001,0.5714285714285714,0.5789473684210527,0.20689655172413793,0.6666666666666666,0.2645971914264597,0.145,0,Low
0.9333333333333333,0.05263157894736842,0.5720000000000001,0.28600000000000003,0.14285714285714285,0.2631578947368421,0.896551724137931,0.8888888888888888,0.5949741315594974,0.645,1,Medium
0.06666666666666665,0.0,0.787,0.31199999999999983,0.0,0.10526315789473684,0.034482758620689655,0.7777777777777777,0.7915742793791576,0.54,1,Medium
0.7333333333333332,0.10526315789473684,0.6390000000000001,0.268,1.0,0.9473684210526315,0.48275862068965514,0.0,0.5151515151515151,0.535,1,Medium
1.0000000000000002,0.9473684210526315,0.45600000000000007,0.532,0.8571428571428571,0.5263157894736842,0.5862068965517241,0.5555555555555556,0.3828529194382854,0.58,1,Medium
0.19999999999999996,0.7368421052631579,0.542,0.8100000000000003,1.0,0.3684210526315789,0.10344827586206896,0.2222222222222222,0.4818920916481893,0.215,1,Medium
0.4666666666666668,0.5263157894736842,0.279,0.6220000000000001,0.42857142857142855,0.42105263157894735,0.3103448275862069,0.8888888888888888,0.3089430894308944,0.34,0,Low
0.3333333333333335,0.9473684210526315,0.8990000000000001,0.246,0.42857142857142855,0.21052631578947367,0.13793103448275862,0.8888888888888888,0.657058388765706,0.895,1,Medium
0.5333333333333334,0.15789473684210525,0.8560000000000002,0.75,0.14285714285714285,0.3684210526315789,0.6206896551724138,1.0,0.830007390983001,0.61,1,Medium
0.6000000000000001,0.05263157894736842,0.5990000000000001,0.9219999999999999,0.14285714285714285,0.42105263157894735,0.8275862068965517,0.7777777777777777,0.6060606060606062,0.605,1,Medium
0.9333333333333333,0.8421052631578947,0.628,0.126,0.7142857142857142,0.8421052631578947,0.27586206896551724,0.5555555555555556,0.48928307464892845,0.63,2,High
0.8,0.3157894736842105,0.9700000000000001,0.726,0.14285714285714285,0.15789473684210525,0.034482758620689655,0.4444444444444444,0.9741315594974134,0.305,1,Medium
0.06666666666666665,0.9473684210526315,0.04500000000000004,0.0119999999999999,0.7142857142857142,1.0,0.3793103448275862,0.5555555555555556,0.5018477457501849,0.29,1,Medium
0.6666666666666667,0.5263157894736842,0.8230000000000001,0.9120000000000001,0.5714285714285714,0.7894736842105263,0.4482758620689655,0.3333333333333333,0.7427937915742795,0.4,1,Medium
0.19999999999999996,0.3157894736842105,0.9700000000000001,0.726,0.5714285714285714,0.631578947368421,0.06896551724137931,0.0,0.7782705099778271,0.11,2,High
0.6666666666666667,1.0,0.8290000000000001,0.4970000000000001,0.8571428571428571,0.6842105263157894,0.5517241379310345,1.0,0.6348854397634887,0.36,2,High
0.0,0.0,0.07699999999999996,0.77,0.5714285714285714,0.15789473684210525,0.6896551724137931,0.3333333333333333,0.18625277161862536,0.895,0,Low
0.7333333333333332,0.9473684210526315,0.377,0.248,0.14285714285714285,0.10526315789473684,0.27586206896551724,0.8888888888888888,0.5188470066518849,0.055,1,Medium
0.19999999999999996,0.8421052631578947,0.666,0.6320000000000001,0.7142857142857142,0.5789473684210527,0.7241379310344828,0.5555555555555556,0.6415373244641538,0.26,2,High
0.0,0.8421052631578947,0.761,0.6580000000000001,0.0,0.42105263157894735,0.6896551724137931,0.6666666666666666,0.6821877309682187,0.91,1,Medium
0.1333333333333333,0.3157894736842105,0.8190000000000001,0.45999999999999996,0.14285714285714285,0.7894736842105263,0.5172413793103449,0.1111111111111111,0.6407982261640799,0.885,2,High
1.0000000000000002,0.10526315789473684,0.45899999999999996,0.794,0.5714285714285714,0.2631578947368421,0.1724137931034483,0.3333333333333333,0.5757575757575759,0.62,0,Low
0.19999999999999996,0.10526315789473684,0.8570000000000001,0.016000000000000014,0.0,0.05263157894736842,0.06896551724137931,0.7777777777777777,0.6533628972653365,0.955,1,Medium
1.0000000000000002,0.894736842105263,0.4890000000000001,0.44399999999999995,0.2857142857142857,0.2631578947368421,0.034482758620689655,0.6666666666666666,0.567627494456763,0.08,1,Medium
0.1333333333333333,0.3157894736842105,0.17699999999999994,0.050000000000000044,1.0,0.05263157894736842,0.5172413793103449,1.0,0.3096821877309683,0.685,1,Medium
0.4666666666666668,0.8421052631578947,0.17699999999999994,0.4099999999999999,0.2857142857142857,0.05263157894736842,0.27586206896551724,1.0,0.1958610495195861,0.54,0,Low
0.6000000000000001,0.7894736842105263,0.29700000000000004,0.256,0.7142857142857142,0.8421052631578947,0.7241379310344828,0.3333333333333333,0.20473022912047306,0.12,1,Medium
0.8,0.15789473684210525,0.6330000000000001,0.726,0.0,0.42105263157894735,0.896551724137931,0.4444444444444444,0.6733185513673319,0.15,1,Medium
0.4666666666666668,0.47368421052631576,0.584,0.08399999999999996,0.2857142857142857,0.21052631578947367,0.24137931034482757,0.4444444444444444,0.4944567627494458,0.34,1,Medium
0.6666666666666667,0.0,0.129,0.6759999999999999,0.5714285714285714,1.0,0.6896551724137931,0.2222222222222222,0.24020694752402078,0.07,1,Medium
0.6000000000000001,0.9473684210526315,0.6310000000000001,0.562,0.0,0.7894736842105263,0.3448275862068966,0.2222222222222222,0.7450110864745012,0.995,1,Medium
1.0000000000000002,0.7894736842105263,0.061000000000000054,0.051999999999999935,0.14285714285714285,0.47368421052631576,0.034482758620689655,0.8888888888888888,0.15003695491500374,0.695,1,Medium
0.9333333333333333,0.7368421052631579,0.272,0.8780000000000001,0.8571428571428571,0.2631578947368421,0.1724137931034483,0.7777777777777777,0.2601626016260163,0.915,0,Low
0.4666666666666668,0.3157894736842105,0.8720000000000002,0.17799999999999994,0.2857142857142857,0.7894736842105263,1.0,0.1111111111111111,0.6474501108647452,0.46,1,Medium
0.6666666666666667,0.47368421052631576,0.42200000000000004,0.5940000000000001,0.14285714285714285,0.7894736842105263,0.27586206896551724,0.4444444444444444,0.3998521803399852,0.61,1,Medium
0.1333333333333333,0.8421052631578947,0.09199999999999997,0.5740000000000001,0.14285714285714285,0.3684210526315789,0.06896551724137931,0.2222222222222222,0.18033998521803402,0.945,0,Low
0.26666666666666683,0.05263157894736842,0.44900000000000007,0.734,0.5714285714285714,0.47368421052631576,0.06896551724137931,0.5555555555555556,0.52549889135255,0.105,1,Medium
0.8666666666666669,1.0,0.8300000000000002,0.5720000000000001,0.0,0.0,0.20689655172413793,0.5555555555555556,0.6023651145602367,0.69,1,Medium
0.7333333333333332,0.631578947368421,0.518,0.276,0.5714285714285714,0.21052631578947367,0.20689655172413793,0.6666666666666666,0.6090169992609018,0.485,1,Medium
0.6666666666666667,0.9473684210526315,0.6010000000000001,0.15600000000000003,0.42857142857142855,0.894736842105263,0.3448275862068966,0.6666666666666666,0.5018477457501849,0.81,2,High
0.26666666666666683,0.5263157894736842,0.7240000000000001,0.8840000000000001,1.0,0.3684210526315789,0.7241379310344828,0.8888888888888888,0.6711012564671102,0.285,2,High
0.3333333333333335,0.7894736842105263,0.8720000000000002,0.3759999999999999,0.14285714285714285,0.5789473684210527,0.6896551724137931,0.2222222222222222,0.8285291943828532,0.445,1,Medium
0.6666666666666667,0.894736842105263,0.898,0.21999999999999997,0.14285714285714285,0.9473684210526315,0.13793103448275862,0.8888888888888888,0.7346637102734666,0.945,2,High
1.0000000000000002,0.6842105263157894,0.9250000000000002,0.8859999999999999,0.0,0.9473684210526315,0.8275862068965517,0.7777777777777777,0.7974870657797488,0.35,2,High
0.8666666666666669,0.9473684210526315,0.10699999999999998,0.5900000000000001,0.42857142857142855,0.2631578947368421,0.3103448275862069,0.0,0.15742793791574278,0.04,0,Low
0.3333333333333335,0.5263157894736842,0.137,0.41400000000000015,0.0,0.15789473684210525,0.41379310344827586,0.0,0.12195121951219517,0.48,0,Low
1.0000000000000002,0.42105263157894735,0.5710000000000001,0.8559999999999999,0.8571428571428571,0.3157894736842105,0.7586206896551724,0.1111111111111111,0.5240206947524022,0.35,0,Low
0.8666666666666669,1.0,0.4960000000000001,0.6960000000000002,0.2857142857142857,0.631578947368421,0.6206896551724138,0.1111111111111111,0.8876570583887657,0.92,1,Medium
0.4666666666666668,0.10526315789473684,0.19000000000000006,0.5800000000000001,0.2857142857142857,0.0,0.9310344827586207,0.4444444444444444,0.24020694752402078,0.21,0,Low
0.5333333333333334,0.9473684210526315,0.14600000000000002,0.35199999999999987,0.42857142857142855,0.2631578947368421,0.06896551724137931,0.0,0.279379157427938,0.235,0,Low
0.5333333333333334,0.5263157894736842,0.9400000000000001,0.1359999999999999,0.2857142857142857,0.3157894736842105,0.27586206896551724,0.1111111111111111,0.8994826311899484,0.36,1,Medium
0.1333333333333333,0.3684210526315789,0.5449999999999999,0.22999999999999998,1.0,0.47368421052631576,0.5172413793103449,0.2222222222222222,0.40206947524020703,0.73,2,High
0.4666666666666668,1.0,0.634,0.20599999999999996,1.0,0.05263157894736842,0.41379310344827586,0.4444444444444444,0.696969696969697,0.24,1,Medium
0.1333333333333333,0.6842105263157894,0.017000000000000015,0.14,0.8571428571428571,0.47368421052631576,0.7931034482758621,0.6666666666666666,0.028085735402808565,0.705,1,Medium
0.5333333333333334,0.47368421052631576,0.723,0.8840000000000001,0.2857142857142857,0.47368421052631576,0.13793103448275862,0.6666666666666666,0.7479674796747968,0.4,1,Medium
0.06666666666666665,0.15789473684210525,0.123,0.8160000000000001,1.0,0.7368421052631579,0.9310344827586207,0.5555555555555556,0.12047302291204726,0.825,1,Medium
1.0000000000000002,0.2631578947368421,0.606,0.9219999999999999,0.42857142857142855,0.47368421052631576,0.5172413793103449,0.0,0.6688839615668885,0.855,0,Low
0.06666666666666665,0.8421052631578947,0.9289999999999999,0.796,0.0,0.7368421052631579,0.20689655172413793,0.8888888888888888,0.8662232076866225,0.5,2,High
0.06666666666666665,0.0,0.868,0.9059999999999999,0.7142857142857142,0.42105263157894735,0.6551724137931034,0.2222222222222222,0.6651884700665189,1.0,1,Medium
0.1333333333333333,1.0,0.753,0.76,0.42857142857142855,0.894736842105263,0.7586206896551724,0.8888888888888888,0.8019216555801922,0.415,2,High
0.4666666666666668,0.8421052631578947,0.5710000000000001,0.10999999999999999,0.0,0.7894736842105263,0.13793103448275862,0.3333333333333333,0.5121951219512197,0.07,2,High
0.06666666666666665,0.15789473684210525,0.945,0.6820000000000002,0.5714285714285714,0.8421052631578947,0.6206896551724138,0.5555555555555556,0.6925351071692536,0.685,2,High
0.06666666666666665,0.894736842105263,0.246,0.8399999999999999,0.2857142857142857,1.0,0.0,0.1111111111111111,0.3643754619364376,0.97,1,Medium
0.4666666666666668,0.3157894736842105,0.6429999999999999,0.774,0.2857142857142857,0.894736842105263,0.3448275862068966,0.3333333333333333,0.7132298595713231,0.72,2,High
0.9333333333333333,0.631578947368421,0.7240000000000001,0.47,0.2857142857142857,0.3684210526315789,0.10344827586206896,0.1111111111111111,0.7649667405764968,0.965,1,Medium
0.9333333333333333,0.2631578947368421,0.8099999999999999,0.484,0.14285714285714285,0.15789473684210525,0.10344827586206896,0.1111111111111111,0.6770140428677014,0.47,0,Low
0.40000000000000013,0.7368421052631579,0.8099999999999999,0.19600000000000006,0.8571428571428571,0.2631578947368421,0.13793103448275862,0.1111111111111111,0.5018477457501849,0.9,1,Medium
0.4666666666666668,0.631578947368421,0.0010000000000000009,0.5780000000000001,1.0,0.894736842105263,0.6206896551724138,0.6666666666666666,0.5018477457501849,0.57,1,Medium
0.0,0.2631578947368421,0.579,0.252,0.42857142857142855,0.6842105263157894,0.20689655172413793,0.8888888888888888,0.5070214338507022,0.47,2,High
0.6666666666666667,0.8421052631578947,0.42100000000000015,0.788,0.42857142857142855,0.7894736842105263,0.8620689655172413,1.0,0.5033259423503327,0.785,1,Medium
0.9333333333333333,0.15789473684210525,0.5670000000000001,0.9019999999999999,0.7142857142857142,0.21052631578947367,0.7241379310344828,1.0,0.4863266814486327,0.475,1,Medium
0.06666666666666665,0.631578947368421,0.7779999999999999,0.43000000000000016,0.14285714285714285,0.3684210526315789,0.6551724137931034,0.1111111111111111,0.5018477457501849,0.6,1,Medium
0.40000000000000013,0.21052631578947367,0.773,0.752,0.2857142857142857,0.631578947368421,0.24137931034482757,0.2222222222222222,0.8263118994826313,0.455,1,Medium
0.3333333333333335,0.10526315789473684,0.89,0.494,0.0,0.7368421052631579,0.0,0.6666666666666666,0.796008869179601,0.45,1,Medium
1.0000000000000002,0.47368421052631576,0.30100000000000005,0.16199999999999992,1.0,0.42105263157894735,1.0,0.6666666666666666,0.4944567627494458,0.94,1,Medium
0.4666666666666668,0.5789473684210527,0.836,0.6960000000000002,0.14285714285714285,0.5789473684210527,0.10344827586206896,0.2222222222222222,0.8691796008869179,0.115,1,Medium
0.6666666666666667,0.5789473684210527,0.4960000000000001,0.6619999999999999,0.0,0.3157894736842105,0.1724137931034483,0.2222222222222222,0.6348854397634887,0.06,1,Medium
0.8666666666666669,0.3157894736842105,0.508,0.9179999999999999,0.5714285714285714,0.10526315789473684,0.3793103448275862,0.0,0.4804138950480415,0.745,0,Low
1.0000000000000002,0.3684210526315789,0.874,0.3939999999999999,0.7142857142857142,0.5263157894736842,0.5172413793103449,0.4444444444444444,0.729490022172949,0.87,1,Medium
0.26666666666666683,0.5263157894736842,0.8830000000000001,0.8820000000000001,1.0,0.42105263157894735,0.7586206896551724,0.8888888888888888,0.5018477457501849,0.58,1,Medium
0.9333333333333333,0.3684210526315789,0.366,0.262,0.8571428571428571,0.3157894736842105,0.3448275862068966,0.2222222222222222,0.40576496674057655,0.23,1,Medium
0.1333333333333333,0.47368421052631576,0.43300000000000005,0.748,0.7142857142857142,0.15789473684210525,0.41379310344827586,0.5555555555555556,0.567627494456763,0.995,1,Medium
0.06666666666666665,0.10526315789473684,0.243,0.08599999999999997,0.42857142857142855,0.21052631578947367,0.41379310344827586,0.7777777777777777,0.2993348115299335,0.91,1,Medium
0.40000000000000013,0.8421052631578947,0.674,0.17200000000000004,0.8571428571428571,0.15789473684210525,0.4482758620689655,0.6666666666666666,0.6356245380635626,0.76,1,Medium
1.0000000000000002,0.631578947368421,0.16600000000000004,0.692,0.2857142857142857,0.15789473684210525,0.6896551724137931,0.7777777777777777,0.31929046563192903,0.535,0,Low
0.6666666666666667,0.05263157894736842,0.7859999999999999,0.09399999999999997,0.42857142857142855,0.5263157894736842,0.24137931034482757,0.2222222222222222,0.6681448632668145,0.295,2,High
0.26666666666666683,0.5789473684210527,0.532,0.6759999999999999,0.5714285714285714,0.5789473684210527,0.1724137931034483,0.5555555555555556,0.5129342202512936,0.545,1,Medium
0.7333333333333332,0.7894736842105263,0.46199999999999997,0.4970000000000001,0.14285714285714285,0.7894736842105263,0.06896551724137931,0.3333333333333333,0.3791574279379158,0.24,1,Medium
0.26666666666666683,0.21052631578947367,0.02400000000000002,0.4970000000000001,0.5714285714285714,0.9473684210526315,0.48275862068965514,0.8888888888888888,0.08795269770879527,0.98,1,Medium
0.19999999999999996,0.3684210526315789,0.8450000000000001,0.9359999999999999,0.0,0.05263157894736842,0.1724137931034483,0.1111111111111111,0.8019216555801922,0.155,0,Low
0.4666666666666668,0.42105263157894735,0.01100000000000001,0.956,0.0,0.10526315789473684,0.8620689655172413,0.1111111111111111,0.18699186991869926,0.44,0,Low
0.8,1.0,0.89,0.3720000000000001,0.0,0.15789473684210525,0.034482758620689655,0.2222222222222222,0.7745750184774576,0.015,1,Medium
0.3333333333333335,0.15789473684210525,0.268,0.9160000000000001,0.14285714285714285,0.15789473684210525,0.3793103448275862,0.2222222222222222,0.2904656319290467,0.28,0,Low
0.6000000000000001,0.05263157894736842,0.6509999999999999,0.4970000000000001,0.14285714285714285,0.894736842105263,0.5517241379310345,0.6666666666666666,0.5225424981522544,0.46,2,High
0.4666666666666668,0.15789473684210525,0.8019999999999999,0.29800000000000004,0.7142857142857142,0.7368421052631579,0.3103448275862069,0.5555555555555556,0.6637102734663711,0.11,1,Medium
0.9333333333333333,0.2631578947368421,0.36,0.99,0.5714285714285714,0.47368421052631576,0.7931034482758621,0.3333333333333333,0.5321507760532151,0.405,0,Low
0.5333333333333334,0.631578947368421,0.638,0.018000000000000016,0.42857142857142855,0.8421052631578947,0.20689655172413793,0.5555555555555556,0.6681448632668145,0.135,2,High
0.3333333333333335,0.9473684210526315,0.676,0.3500000000000001,0.5714285714285714,0.05263157894736842,0.034482758620689655,1.0,0.5114560236511458,0.64,1,Medium
0.9333333333333333,0.47368421052631576,0.8370000000000001,0.6500000000000001,0.8571428571428571,0.2631578947368421,0.5862068965517241,0.6666666666666666,0.8824833702882484,0.285,2,High
0.5333333333333334,0.5789473684210527,0.709,0.6580000000000001,0.0,0.631578947368421,0.0,0.1111111111111111,0.7945306725794532,0.965,1,Medium
0.1333333333333333,0.10526315789473684,0.02999999999999997,0.1060000000000001,0.14285714285714285,0.47368421052631576,0.5862068965517241,0.1111111111111111,0.25129342202512933,0.27,0,Low
0.4666666666666668,0.631578947368421,0.9,0.9480000000000002,0.0,0.47368421052631576,0.4482758620689655,0.5555555555555556,0.7243163340724317,0.12,0,Low
0.8666666666666669,0.3157894736842105,0.38,0.79,0.14285714285714285,0.10526315789473684,0.6551724137931034,1.0,0.33924611973392477,0.185,1,Medium
0.1333333333333333,0.42105263157894735,0.614,0.6859999999999999,0.7142857142857142,1.0,0.9655172413793103,1.0,0.4944567627494458,0.395,2,High
0.7333333333333332,0.05263157894736842,0.07500000000000001,0.31000000000000005,0.5714285714285714,0.42105263157894735,0.6551724137931034,0.5555555555555556,0.16555801921655583,0.355,0,Low
0.8,0.0,0.21100000000000008,0.43200000000000016,0.8571428571428571,0.3157894736842105,0.3793103448275862,0.8888888888888888,0.4168514412416852,0.79,1,Medium
0.4666666666666668,1.0,0.494,0.09399999999999997,0.5714285714285714,0.5789473684210527,0.896551724137931,0.7777777777777777,0.43754619364375474,0.82,1,Medium
0.8,0.0,0.8460000000000002,0.508,0.2857142857142857,0.6842105263157894,0.7931034482758621,0.0,0.8654841093865486,0.7,1,Medium
0.19999999999999996,0.8421052631578947,0.11299999999999999,0.6320000000000001,0.14285714285714285,0.9473684210526315,0.5862068965517241,0.0,0.345158906134516,0.075,1,Medium
0.8666666666666669,0.0,0.33099999999999996,0.10199999999999998,0.7142857142857142,0.47368421052631576,0.7586206896551724,0.4444444444444444,0.39246119733924617,0.465,1,Medium
0.06666666666666665,0.10526315789473684,0.608,0.6260000000000001,0.7142857142857142,0.7894736842105263,0.034482758620689655,0.1111111111111111,0.5979305247597932,0.835,1,Medium
0.9333333333333333,0.0,0.396,0.716,0.8571428571428571,0.21052631578947367,1.0,0.5555555555555556,0.4678492239467849,0.745,0,Low
0.1333333333333333,0.7368421052631579,0.511,0.4960000000000002,0.42857142857142855,0.7368421052631579,0.24137931034482757,0.2222222222222222,0.4959349593495936,0.17,1,Medium
0.1333333333333333,0.9473684210526315,0.51,0.74,0.2857142857142857,1.0,0.4482758620689655,0.3333333333333333,0.38507021433850713,0.25,2,High
0.0,0.631578947368421,0.29000000000000004,0.49,0.7142857142857142,0.21052631578947367,0.20689655172413793,0.1111111111111111,0.32076866223207695,0.79,0,Low
1.0000000000000002,0.15789473684210525,0.658,0.051999999999999935,1.0,0.10526315789473684,0.6551724137931034,0.0,0.48928307464892845,0.7,1,Medium
0.9333333333333333,0.3157894736842105,0.15599999999999992,0.238,0.7142857142857142,0.47368421052631576,0.3103448275862069,0.4444444444444444,0.16555801921655583,0.665,1,Medium
0.9333333333333333,0.42105263157894735,0.31500000000000006,0.6240000000000001,0.14285714285714285,0.10526315789473684,0.4482758620689655,0.0,0.2439024390243903,0.93,0,Low
0.8,0.10526315789473684,0.9580000000000001,0.17599999999999993,0.5714285714285714,0.9473684210526315,0.5172413793103449,0.4444444444444444,0.7080561714708056,0.88,2,High
0.26666666666666683,0.894736842105263,0.264,0.30000000000000004,0.42857142857142855,0.2631578947368421,0.27586206896551724,0.5555555555555556,0.2135994087213599,0.16,1,Medium
0.8,0.6842105263157894,0.395,0.19399999999999995,0.42857142857142855,0.631578947368421,0.7931034482758621,0.6666666666666666,0.3089430894308944,0.06,1,Medium
0.5333333333333334,0.05263157894736842,0.10199999999999998,0.23399999999999999,0.0,0.3157894736842105,0.3793103448275862,0.7777777777777777,0.2645971914264597,0.105,1,Medium
0.1333333333333333,0.631578947368421,0.14300000000000002,0.35199999999999987,1.0,0.47368421052631576,0.7241379310344828,0.4444444444444444,0.26903178122690324,0.405,1,Medium
0.4666666666666668,0.631578947368421,0.20999999999999996,0.6640000000000001,0.8571428571428571,0.3157894736842105,0.5172413793103449,1.0,0.2601626016260163,0.025,1,Medium
0.9333333333333333,0.5789473684210527,0.05300000000000005,0.8320000000000001,0.5714285714285714,0.894736842105263,0.48275862068965514,0.2222222222222222,0.25055432372505543,0.28,0,Low
0.1333333333333333,0.631578947368421,0.5650000000000001,0.03400000000000003,0.8571428571428571,0.6842105263157894,0.3448275862068966,1.0,0.6164079822616408,0.89,2,High
0.40000000000000013,0.894736842105263,0.243,0.43399999999999994,0.2857142857142857,0.3684210526315789,0.20689655172413793,0.5555555555555556,0.40946045824094607,0.95,1,Medium
0.0,0.10526315789473684,0.691,0.558,1.0,0.47368421052631576,0.1724137931034483,0.1111111111111111,0.713968957871397,0.64,1,Medium
0.6666666666666667,0.47368421052631576,0.17599999999999993,0.16199999999999992,0.14285714285714285,0.5263157894736842,0.1724137931034483,0.1111111111111111,0.13968957871396898,0.955,0,Low
0.7333333333333332,0.47368421052631576,0.45500000000000007,0.782,1.0,0.0,0.5172413793103449,0.3333333333333333,0.5971914264597191,0.415,0,Low
0.1333333333333333,0.42105263157894735,0.8019999999999999,0.3599999999999999,0.5714285714285714,0.0,0.7241379310344828,0.1111111111111111,0.6289726533628974,0.195,0,Low
0.6666666666666667,0.7368421052631579,0.3610000000000001,0.266,0.5714285714285714,0.2631578947368421,0.6206896551724138,0.5555555555555556,0.45380635624538074,0.845,1,Medium
0.26666666666666683,0.2631578947368421,0.17100000000000004,0.6300000000000001,0.5714285714285714,0.3684210526315789,0.20689655172413793,0.1111111111111111,0.2963784183296379,0.26,0,Low
0.8,1.0,0.22999999999999998,0.522,0.0,0.42105263157894735,0.20689655172413793,0.8888888888888888,0.44419807834442,0.845,0,Low
0.4666666666666668,0.8421052631578947,0.274,0.252,0.2857142857142857,0.2631578947368421,0.27586206896551724,0.8888888888888888,0.47228381374722844,0.485,1,Medium
0.9333333333333333,0.5789473684210527,0.4109999999999999,0.5860000000000001,0.2857142857142857,0.631578947368421,0.5517241379310345,0.2222222222222222,0.35328898743532894,0.905,0,Low
0.26666666666666683,0.10526315789473684,0.61,0.15399999999999991,0.8571428571428571,0.2631578947368421,0.48275862068965514,1.0,0.5912786400591281,0.63,1,Medium
0.4666666666666668,0.47368421052631576,0.9650000000000002,0.21199999999999997,0.0,0.0,0.20689655172413793,0.5555555555555556,0.9852180339985219,0.735,1,Medium
0.8,0.894736842105263,0.8370000000000001,0.256,0.8571428571428571,0.894736842105263,0.8620689655172413,1.0,0.8802660753880267,0.99,2,High
0.4666666666666668,0.15789473684210525,0.251,0.1279999999999999,1.0,0.7368421052631579,0.7931034482758621,0.7777777777777777,0.2601626016260163,0.13,2,High
0.40000000000000013,0.21052631578947367,0.16799999999999993,0.804,0.5714285714285714,0.9473684210526315,0.3793103448275862,0.6666666666666666,0.1766444937176645,0.215,1,Medium
0.06666666666666665,0.3684210526315789,0.9680000000000001,0.6660000000000001,0.14285714285714285,0.8421052631578947,0.06896551724137931,0.0,0.8743532889874355,0.465,2,High
0.19999999999999996,0.3684210526315789,0.7060000000000001,0.3599999999999999,0.7142857142857142,0.2631578947368421,0.3448275862068966,0.4444444444444444,0.5572801182557281,0.12,2,High
0.1333333333333333,0.9473684210526315,0.32400000000000007,0.40000000000000013,0.5714285714285714,0.3684210526315789,0.10344827586206896,0.7777777777777777,0.2572062084257207,0.77,1,Medium
0.3333333333333335,0.47368421052631576,0.16799999999999993,0.244,0.5714285714285714,0.21052631578947367,0.6551724137931034,0.1111111111111111,0.3932002956393201,0.255,0,Low
0.8666666666666669,0.3157894736842105,0.5720000000000001,0.019999999999999907,0.14285714285714285,0.15789473684210525,0.3448275862068966,0.8888888888888888,0.5092387287509239,0.785,2,High
0.7333333333333332,0.7368421052631579,0.8800000000000002,0.8600000000000001,0.2857142857142857,0.05263157894736842,0.13793103448275862,0.1111111111111111,0.8484848484848486,0.165,1,Medium
0.7333333333333332,0.15789473684210525,0.4580000000000001,0.8379999999999999,0.2857142857142857,0.5789473684210527,0.896551724137931,0.0,0.5964523281596452,0.005,0,Low
0.9333333333333333,0.47368421052631576,0.136,0.22599999999999998,1.0,0.894736842105263,0.6206896551724138,0.8888888888888888,0.15299334811529935,0.72,2,High
0.3333333333333335,0.631578947368421,0.09999999999999998,0.5700000000000001,1.0,0.7368421052631579,0.3793103448275862,0.6666666666666666,0.10864745011086474,0.935,1,Medium
0.19999999999999996,0.5263157894736842,0.28500000000000003,0.44399999999999995,0.5714285714285714,0.5263157894736842,0.7241379310344828,0.8888888888888888,0.33481152993348123,0.735,1,Medium
0.6666666666666667,0.8421052631578947,0.9010000000000001,0.7220000000000002,0.5714285714285714,0.47368421052631576,0.3103448275862069,0.8888888888888888,0.8787878787878791,0.07,2,High
0.8,0.894736842105263,0.15500000000000003,0.796,1.0,0.0,0.8620689655172413,0.6666666666666666,0.15003695491500374,0.745,0,Low
0.0,0.7894736842105263,0.751,0.18200000000000005,0.42857142857142855,0.10526315789473684,0.7931034482758621,0.8888888888888888,0.7036215816703624,0.82,2,High
0.0,0.5789473684210527,0.5720000000000001,0.18599999999999994,0.8571428571428571,0.894736842105263,0.41379310344827586,0.5555555555555556,0.45232815964523293,0.8,2,High
0.19999999999999996,0.8421052631578947,0.15700000000000003,0.716,1.0,0.21052631578947367,0.1724137931034483,0.2222222222222222,0.2283813747228382,0.085,0,Low
0.3333333333333335,0.3157894736842105,0.041000000000000036,0.15600000000000003,0.5714285714285714,0.3157894736842105,0.6206896551724138,0.4444444444444444,0.12121212121212116,0.425,0,Low
0.06666666666666665,0.7368421052631579,0.5369999999999999,0.06600000000000006,0.7142857142857142,0.9473684210526315,0.5172413793103449,0.8888888888888888,0.5683665927568369,0.33,2,High
0.8666666666666669,0.05263157894736842,0.041000000000000036,0.8340000000000001,0.8571428571428571,0.42105263157894735,0.7241379310344828,0.8888888888888888,0.14708056171470812,0.305,1,Medium
0.9333333333333333,0.10526315789473684,0.15100000000000002,0.21599999999999997,0.42857142857142855,1.0,0.5172413793103449,0.3333333333333333,0.14042867701404288,0.04,1,Medium
0.6666666666666667,0.15789473684210525,0.29900000000000004,0.8859999999999999,0.2857142857142857,0.5789473684210527,0.13793103448275862,0.6666666666666666,0.28381374722838143,0.575,1,Medium
0.3333333333333335,0.7894736842105263,0.377,0.516,0.0,0.0,0.1724137931034483,0.5555555555555556,0.47524020694752417,0.02,0,Low
0.40000000000000013,0.21052631578947367,0.9920000000000001,0.6599999999999999,0.5714285714285714,0.631578947368421,0.7931034482758621,0.0,0.8203991130820398,0.485,2,High
0.19999999999999996,0.3157894736842105,0.7000000000000001,0.5960000000000001,1.0,0.894736842105263,0.5517241379310345,0.0,0.515890613451589,0.27,2,High
0.4666666666666668,0.7894736842105263,0.511,0.6039999999999999,0.5714285714285714,0.15789473684210525,0.9310344827586207,0.3333333333333333,0.6016260162601628,0.845,1,Medium
0.3333333333333335,0.3157894736842105,0.9,0.954,0.42857142857142855,0.47368421052631576,0.896551724137931,0.8888888888888888,0.7590539541759056,0.005,1,Medium
0.3333333333333335,0.15789473684210525,0.20999999999999996,0.246,0.7142857142857142,0.5263157894736842,0.20689655172413793,0.1111111111111111,0.2830746489283074,0.635,1,Medium
0.06666666666666665,1.0,0.9520000000000001,0.41400000000000015,0.2857142857142857,0.631578947368421,0.4482758620689655,0.4444444444444444,0.9342202512934223,0.89,2,High
0.8666666666666669,0.7894736842105263,0.717,0.8160000000000001,0.7142857142857142,0.47368421052631576,0.5862068965517241,0.8888888888888888,0.7590539541759056,0.575,2,High
0.1333333333333333,0.8421052631578947,0.9230000000000002,0.1439999999999999,0.14285714285714285,0.3157894736842105,0.3103448275862069,0.6666666666666666,0.753880266075388,0.69,1,Medium
0.8,0.5789473684210527,0.678,0.4460000000000002,1.0,0.47368421052631576,0.27586206896551724,0.5555555555555556,0.5321507760532151,0.46,2,High
0.7333333333333332,0.3684210526315789,0.45600000000000007,0.10999999999999999,0.14285714285714285,0.05263157894736842,0.41379310344827586,0.3333333333333333,0.516629711751663,0.455,1,Medium
0.7333333333333332,0.42105263157894735,0.07100000000000001,0.16199999999999992,0.5714285714285714,0.5263157894736842,0.7586206896551724,0.4444444444444444,0.2431633407243164,0.985,0,Low
0.4666666666666668,0.631578947368421,0.31700000000000006,0.31000000000000005,0.7142857142857142,0.3684210526315789,0.41379310344827586,1.0,0.2601626016260163,0.005,1,Medium
0.3333333333333335,0.47368421052631576,0.5810000000000001,0.051999999999999935,0.42857142857142855,0.5263157894736842,0.10344827586206896,0.2222222222222222,0.42202512934220254,0.16,1,Medium
1.0000000000000002,0.6842105263157894,0.20099999999999996,0.18000000000000005,0.14285714285714285,0.47368421052631576,0.24137931034482757,1.0,0.15742793791574278,0.505,1,Medium
0.0,0.0,0.499,0.5900000000000001,0.8571428571428571,0.631578947368421,0.06896551724137931,0.0,0.4471544715447155,0.395,1,Medium
0.9333333333333333,0.5263157894736842,0.46799999999999997,0.6740000000000002,0.5714285714285714,0.21052631578947367,0.034482758620689655,0.0,0.4611973392461198,0.47,0,Low
0.0,0.2631578947368421,0.8480000000000002,0.6759999999999999,0.2857142857142857,0.8421052631578947,0.3793103448275862,0.4444444444444444,0.6260162601626016,0.69,2,High
0.1333333333333333,0.2631578947368421,0.569,0.8379999999999999,0.14285714285714285,1.0,0.5172413793103449,0.1111111111111111,0.6489283074648928,0.115,2,High
0.26666666666666683,0.5789473684210527,0.4960000000000001,0.3800000000000001,0.42857142857142855,0.21052631578947367,0.5517241379310345,0.1111111111111111,0.33702882483370294,0.755,0,Low
0.06666666666666665,0.47368421052631576,0.23099999999999998,0.704,0.0,0.9473684210526315,0.5172413793103449,0.5555555555555556,0.361419068736142,0.875,1,Medium
0.6666666666666667,0.631578947368421,0.28200000000000003,0.11199999999999988,0.14285714285714285,0.9473684210526315,0.5517241379310345,0.2222222222222222,0.4168514412416852,0.24,1,Medium
0.8666666666666669,0.5263157894736842,0.8210000000000001,0.17200000000000004,0.0,0.2631578947368421,0.1724137931034483,0.5555555555555556,0.7819660014781966,0.23,1,Medium
0.4666666666666668,0.631578947368421,0.3650000000000001,0.254,0.5714285714285714,0.47368421052631576,0.896551724137931,0.5555555555555556,0.32224685883222476,0.425,1,Medium
0.6000000000000001,0.42105263157894735,0.638,0.3660000000000001,0.7142857142857142,0.21052631578947367,0.13793103448275862,0.0,0.4641537324464155,0.345,1,Medium
0.3333333333333335,0.3684210526315789,0.586,0.956,0.0,0.8421052631578947,0.7931034482758621,0.3333333333333333,0.6585365853658536,0.825,1,Medium
0.0,0.2631578947368421,0.6490000000000001,0.09199999999999997,0.42857142857142855,0.3157894736842105,0.27586206896551724,0.6666666666666666,0.4981522542498153,0.82,1,Medium
0.40000000000000013,0.42105263157894735,0.7960000000000002,0.5880000000000001,1.0,0.5789473684210527,0.9310344827586207,0.3333333333333333,0.6171470805617147,0.25,2,High
0.4666666666666668,0.3157894736842105,0.275,0.544,1.0,0.9473684210526315,0.48275862068965514,0.6666666666666666,0.1921655580192166,0.525,2,High
0.7333333333333332,0.5789473684210527,0.503,0.752,0.42857142857142855,0.15789473684210525,0.20689655172413793,0.3333333333333333,0.6489283074648928,0.91,0,Low
0.0,0.21052631578947367,0.355,0.16999999999999993,0.7142857142857142,0.10526315789473684,0.6896551724137931,0.6666666666666666,0.345158906134516,0.795,1,Medium
0.8666666666666669,0.21052631578947367,0.6749999999999999,0.44399999999999995,0.42857142857142855,0.47368421052631576,0.3448275862068966,0.2222222222222222,0.6097560975609757,0.705,1,Medium
0.9333333333333333,0.0,0.6880000000000001,0.16600000000000004,0.0,0.631578947368421,0.06896551724137931,1.0,0.5558019216555803,0.42,2,High
0.9333333333333333,0.894736842105263,0.013999999999999957,0.25,0.42857142857142855,0.42105263157894735,0.8275862068965517,0.2222222222222222,0.22025129342202515,0.505,0,Low
0.7333333333333332,0.7894736842105263,0.14500000000000002,0.44000000000000017,1.0,0.47368421052631576,0.3103448275862069,0.3333333333333333,0.33702882483370294,0.715,0,Low
0.9333333333333333,0.7894736842105263,0.668,0.6020000000000001,0.2857142857142857,0.21052631578947367,0.9310344827586207,0.2222222222222222,0.696969696969697,0.525,1,Medium
0.26666666666666683,0.42105263157894735,0.368,0.6400000000000001,0.2857142857142857,0.42105263157894735,0.3448275862068966,0.5555555555555556,0.30376940133037705,0.66,1,Medium
0.5333333333333334,0.5263157894736842,0.8370000000000001,0.04600000000000004,0.0,0.3684210526315789,0.8620689655172413,1.0,0.7900960827790098,0.695,2,High
0.9333333333333333,0.5789473684210527,0.9860000000000001,0.6480000000000001,0.14285714285714285,0.631578947368421,0.0,0.5555555555555556,0.8765705838876572,0.08,2,High
0.7333333333333332,0.10526315789473684,0.9420000000000001,0.3779999999999999,0.0,0.3157894736842105,0.8620689655172413,0.2222222222222222,0.7324464153732446,0.01,1,Medium
0.9333333333333333,0.8421052631578947,0.277,0.242,0.42857142857142855,1.0,0.24137931034482757,0.5555555555555556,0.229859571322986,0.34,1,Medium
0.4666666666666668,0.05263157894736842,0.015000000000000013,0.4800000000000002,0.2857142857142857,0.42105263157894735,0.24137931034482757,1.0,0.10199556541019955,0.985,1,Medium
0.40000000000000013,0.8421052631578947,0.31100000000000005,0.3420000000000001,0.14285714285714285,0.10526315789473684,1.0,0.2222222222222222,0.361419068736142,0.07,1,Medium
0.7333333333333332,0.7894736842105263,0.8650000000000001,0.1359999999999999,1.0,0.15789473684210525,0.9310344827586207,0.2222222222222222,0.7649667405764968,0.505,1,Medium
0.3333333333333335,0.0,0.01100000000000001,0.44000000000000017,0.14285714285714285,0.21052631578947367,0.3793103448275862,0.1111111111111111,0.16777531411677754,0.03,0,Low
0.06666666666666665,0.05263157894736842,0.8810000000000001,0.18200000000000005,0.5714285714285714,0.42105263157894735,0.9655172413793103,0.2222222222222222,0.779009608277901,0.97,1,Medium
0.6666666666666667,0.9473684210526315,0.118,0.5840000000000001,0.7142857142857142,0.47368421052631576,0.10344827586206896,0.5555555555555556,0.26755358462675544,0.71,1,Medium
0.5333333333333334,1.0,0.119,0.9179999999999999,0.7142857142857142,0.42105263157894735,0.6896551724137931,0.5555555555555556,0.14634146341463422,0.89,0,Low
0.6666666666666667,0.15789473684210525,0.15100000000000002,0.952,0.42857142857142855,0.0,0.48275862068965514,0.7777777777777777,0.32150776053215085,0.625,0,Low
0.4666666666666668,0.21052631578947367,0.061000000000000054,0.798,0.42857142857142855,0.42105263157894735,0.6551724137931034,0.4444444444444444,0.20546932742054697,0.735,0,Low
1.0000000000000002,0.5263157894736842,0.9130000000000001,0.3340000000000001,0.2857142857142857,0.5263157894736842,0.0,1.0,0.6718403547671841,0.44,2,High
0.9333333333333333,0.10526315789473684,0.10399999999999998,0.31400000000000006,0.42857142857142855,0.7368421052631579,0.5172413793103449,0.0,0.17368810051736877,0.985,0,Low
1.0000000000000002,0.5263157894736842,0.01799999999999996,0.6900000000000002,0.2857142857142857,0.5263157894736842,0.41379310344827586,0.2222222222222222,0.20916481892091648,0.755,0,Low
0.4666666666666668,0.9473684210526315,0.41700000000000004,0.506,0.7142857142857142,0.47368421052631576,0.7586206896551724,0.1111111111111111,0.4663710273466372,0.65,1,Medium
0.26666666666666683,0.05263157894736842,0.4720000000000001,0.6740000000000002,0.42857142857142855,0.0,0.6896551724137931,0.6666666666666666,0.3636363636363638,0.805,0,Low
0.1333333333333333,0.05263157894736842,0.17000000000000004,0.692,0.5714285714285714,0.15789473684210525,0.48275862068965514,0.3333333333333333,0.2815964523281596,0.595,0,Low
0.8666666666666669,0.7368421052631579,0.892,0.29600000000000004,0.14285714285714285,0.47368421052631576,0.0,0.1111111111111111,0.6866223207686624,0.805,1,Medium
0.26666666666666683,0.631578947368421,0.30300000000000005,0.9239999999999999,0.8571428571428571,0.47368421052631576,0.9655172413793103,0.8888888888888888,0.23281596452328163,0.415,1,Medium
0.4666666666666668,0.3684210526315789,0.21900000000000008,0.8219999999999998,0.42857142857142855,0.5789473684210527,0.6206896551724138,0.0,0.38876570583887665,0.885,0,Low
0.4666666666666668,0.42105263157894735,0.30199999999999994,0.27,0.7142857142857142,0.6842105263157894,0.7586206896551724,0.8888888888888888,0.5018477457501849,0.57,1,Medium
0.26666666666666683,0.631578947368421,0.727,0.9039999999999999,0.2857142857142857,0.47368421052631576,0.3793103448275862,0.7777777777777777,0.607538802660754,0.715,2,High
0.0,0.8421052631578947,0.09800000000000003,0.718,0.0,0.5263157894736842,0.3103448275862069,0.3333333333333333,0.25424981522542506,0.01,0,Low
0.3333333333333335,1.0,0.14700000000000002,0.54,0.2857142857142857,0.8421052631578947,0.7241379310344828,0.4444444444444444,0.2631189948263119,0.505,1,Medium
0.40000000000000013,0.47368421052631576,0.356,0.31199999999999983,0.42857142857142855,0.15789473684210525,0.06896551724137931,0.5555555555555556,0.38433111603843323,0.355,0,Low
0.8666666666666669,0.631578947368421,0.7260000000000001,0.9780000000000002,1.0,0.10526315789473684,0.48275862068965514,0.6666666666666666,0.7553584626755359,0.305,2,High
0.8,0.0,0.254,0.03599999999999992,0.42857142857142855,0.3684210526315789,0.20689655172413793,1.0,0.21951219512195125,0.325,1,Medium
0.8,0.15789473684210525,0.8640000000000002,0.4960000000000002,0.42857142857142855,0.3157894736842105,0.7931034482758621,1.0,0.6415373244641538,0.235,2,High
0.3333333333333335,1.0,0.8320000000000002,0.18399999999999994,0.5714285714285714,0.42105263157894735,0.13793103448275862,1.0,0.672579453067258,0.245,2,High
0.8666666666666669,0.9473684210526315,0.38,0.9100000000000001,0.42857142857142855,0.3684210526315789,0.6896551724137931,0.3333333333333333,0.33481152993348123,0.345,1,Medium
0.5333333333333334,0.42105263157894735,0.8350000000000001,0.5780000000000001,0.5714285714285714,0.6842105263157894,0.7931034482758621,1.0,0.8898743532889877,0.385,2,High
0.4666666666666668,0.8421052631578947,0.07699999999999996,0.6679999999999999,0.5714285714285714,0.5263157894736842,0.27586206896551724,0.5555555555555556,0.08647450110864746,0.335,0,Low
0.06666666666666665,0.8421052631578947,0.30700000000000005,0.4800000000000002,0.8571428571428571,0.42105263157894735,0.27586206896551724,0.0,0.44124168514412426,0.645,0,Low
0.8,0.8421052631578947,0.43599999999999994,0.546,1.0,0.7894736842105263,0.06896551724137931,0.2222222222222222,0.37176644493717675,0.26,1,Medium
1.0000000000000002,0.6842105263157894,0.7140000000000001,0.952,0.7142857142857142,0.7368421052631579,0.41379310344827586,0.2222222222222222,0.6607538802660755,0.99,2,High
0.7333333333333332,0.894736842105263,0.04500000000000004,0.8600000000000001,1.0,0.10526315789473684,0.3793103448275862,0.6666666666666666,0.2276422764227642,0.775,0,Low
0.6000000000000001,0.15789473684210525,0.42799999999999994,0.6300000000000001,0.14285714285714285,0.3684210526315789,0.034482758620689655,0.4444444444444444,0.3481152993348116,0.9,0,Low
0.40000000000000013,0.3684210526315789,0.519,0.3839999999999999,0.0,0.2631578947368421,0.06896551724137931,0.3333333333333333,0.6393200295639321,0.485,1,Medium
0.6666666666666667,0.21052631578947367,0.31100000000000005,0.05800000000000005,0.2857142857142857,0.9473684210526315,0.6206896551724138,1.0,0.4116777531411678,0.18,2,High
0.6000000000000001,0.8421052631578947,0.11499999999999999,0.3839999999999999,0.7142857142857142,0.42105263157894735,0.5862068965517241,0.4444444444444444,0.3008130081300813,0.07,1,Medium
0.26666666666666683,0.47368421052631576,0.32199999999999995,0.44999999999999996,1.0,0.21052631578947367,0.3793103448275862,0.7777777777777777,0.3111603843311161,0.185,1,Medium
0.4666666666666668,0.7368421052631579,0.918,0.05600000000000005,0.0,0.7368421052631579,0.6896551724137931,0.0,0.6733185513673319,0.87,2,High
0.0,1.0,0.8750000000000001,0.8420000000000003,1.0,0.7894736842105263,0.7241379310344828,0.1111111111111111,0.8943089430894309,0.11,1,Medium
1.0000000000000002,0.7894736842105263,0.381,0.20599999999999996,1.0,1.0,0.3448275862068966,0.6666666666666666,0.33850702143385075,0.885,2,High
0.8,0.05263157894736842,0.9470000000000002,0.8539999999999999,0.0,0.631578947368421,0.7586206896551724,0.2222222222222222,0.7235772357723578,0.14,1,Medium
0.6000000000000001,0.7894736842105263,0.912,0.6580000000000001,0.14285714285714285,0.15789473684210525,0.06896551724137931,0.7777777777777777,0.6999260901699926,0.95,1,Medium
0.26666666666666683,0.8421052631578947,0.04400000000000004,0.07599999999999996,0.8571428571428571,0.5263157894736842,0.1724137931034483,0.7777777777777777,0.2786400591278641,0.36,1,Medium
0.9333333333333333,0.5263157894736842,0.9840000000000001,0.6779999999999999,1.0,0.631578947368421,0.6551724137931034,0.2222222222222222,0.8115299334811532,0.505,2,High
0.7333333333333332,0.3684210526315789,0.9620000000000001,0.027999999999999914,0.0,0.8421052631578947,0.896551724137931,1.0,0.8891352549889135,0.24,2,High
0.5333333333333334,0.631578947368421,0.8810000000000001,0.3740000000000001,0.2857142857142857,0.21052631578947367,0.896551724137931,1.0,0.835920177383592,0.625,1,Medium
0.7333333333333332,0.894736842105263,0.936,0.252,0.5714285714285714,1.0,0.9310344827586207,0.1111111111111111,0.9053954175905397,0.925,2,High
0.06666666666666665,0.7894736842105263,0.9420000000000001,0.9940000000000002,0.5714285714285714,0.15789473684210525,0.3103448275862069,0.0,0.7272727272727275,0.72,0,Low
0.06666666666666665,0.15789473684210525,0.45000000000000007,0.3640000000000001,0.5714285714285714,0.2631578947368421,0.8620689655172413,0.2222222222222222,0.47006651884700673,0.505,0,Low
0.3333333333333335,0.7368421052631579,0.9630000000000002,0.3340000000000001,0.0,0.42105263157894735,0.27586206896551724,0.1111111111111111,0.8418329637841835,0.855,2,High
0.5333333333333334,0.6842105263157894,0.16300000000000003,0.718,0.5714285714285714,0.2631578947368421,0.13793103448275862,0.1111111111111111,0.2475979305247598,0.475,0,Low
0.9333333333333333,0.3684210526315789,0.9970000000000002,0.256,0.8571428571428571,0.894736842105263,0.13793103448275862,0.3333333333333333,0.8507021433850703,0.105,2,High
0.26666666666666683,0.3157894736842105,0.959,0.7,0.0,0.42105263157894735,0.24137931034482757,0.2222222222222222,0.7849223946784925,0.81,1,Medium
0.4666666666666668,0.7894736842105263,0.6429999999999999,0.9179999999999999,1.0,0.21052631578947367,1.0,0.5555555555555556,0.5631929046563193,0.515,1,Medium
0.40000000000000013,0.47368421052631576,0.346,0.6020000000000001,0.14285714285714285,0.5263157894736842,0.1724137931034483,0.6666666666666666,0.4316334072431635,0.7,1,Medium
0.8666666666666669,0.8421052631578947,0.6410000000000001,0.20799999999999996,1.0,0.2631578947368421,0.5172413793103449,1.0,0.5558019216555803,0.59,2,High
0.3333333333333335,0.15789473684210525,0.4640000000000001,0.1519999999999999,0.7142857142857142,0.7894736842105263,0.3103448275862069,0.0,0.5742793791574281,0.49,1,Medium
0.6000000000000001,0.47368421052631576,0.477,0.43000000000000016,0.8571428571428571,0.42105263157894735,0.3793103448275862,0.8888888888888888,0.4087213599408723,0.72,1,Medium
0.06666666666666665,0.0,0.9700000000000001,0.8180000000000001,0.14285714285714285,0.42105263157894735,0.48275862068965514,0.8888888888888888,0.7184035476718404,0.315,2,High
0.6666666666666667,0.7368421052631579,0.30599999999999994,0.16799999999999993,0.2857142857142857,0.2631578947368421,0.06896551724137931,0.6666666666666666,0.2424242424242425,0.185,1,Medium
0.1333333333333333,0.631578947368421,0.959,0.276,0.0,0.894736842105263,0.8275862068965517,0.4444444444444444,0.7361419068736144,0.885,2,High
0.9333333333333333,0.894736842105263,0.63,0.8600000000000001,0.2857142857142857,0.47368421052631576,0.9655172413793103,0.6666666666666666,0.5262379896526239,0.11,1,Medium
0.4666666666666668,0.05263157894736842,0.717,0.19800000000000006,0.0,0.7368421052631579,0.896551724137931,0.5555555555555556,0.6666666666666667,0.88,1,Medium
0.8,0.5789473684210527,0.8250000000000001,0.558,0.42857142857142855,0.894736842105263,0.41379310344827586,0.4444444444444444,0.8514412416851442,0.26,2,High
0.40000000000000013,0.3157894736842105,0.11099999999999999,0.9339999999999999,0.2857142857142857,0.0,0.5172413793103449,1.0,0.07538802660753885,0.945,0,Low
0.9333333333333333,0.894736842105263,0.31500000000000006,0.15000000000000002,0.0,0.7368421052631579,0.896551724137931,0.5555555555555556,0.3784183296378419,0.27,1,Medium
0.0,0.21052631578947367,0.35,0.522,0.0,0.0,0.9655172413793103,0.0,0.5240206947524022,0.2,0,Low
0.6000000000000001,0.21052631578947367,0.6960000000000001,0.9460000000000002,1.0,0.0,0.6551724137931034,1.0,0.6407982261640799,0.71,1,Medium
0.06666666666666665,0.42105263157894735,0.636,0.45399999999999996,0.8571428571428571,0.5789473684210527,0.27586206896551724,0.8888888888888888,0.5927568366592759,0.775,1,Medium
0.8666666666666669,0.47368421052631576,0.739,0.546,0.14285714285714285,0.21052631578947367,0.1724137931034483,0.5555555555555556,0.7339246119733926,0.09,1,Medium
0.26666666666666683,0.42105263157894735,0.8770000000000001,0.504,0.14285714285714285,0.21052631578947367,0.0,0.8888888888888888,0.8543976348854398,0.505,1,Medium
0.4666666666666668,0.10526315789473684,0.45399999999999996,0.4019999999999999,0.14285714285714285,0.0,0.6206896551724138,0.4444444444444444,0.4353288987435329,0.765,0,Low
0.1333333333333333,1.0,0.15400000000000003,0.43599999999999994,0.42857142857142855,0.5789473684210527,0.5862068965517241,0.5555555555555556,0.35328898743532894,0.37,1,Medium
0.26666666666666683,0.15789473684210525,0.41899999999999993,0.726,0.14285714285714285,0.42105263157894735,0.3448275862068966,0.2222222222222222,0.35254988913525503,0.25,0,Low
0.9333333333333333,0.7894736842105263,0.593,0.6140000000000001,1.0,0.6842105263157894,0.3103448275862069,0.3333333333333333,0.5291943828529195,0.545,2,High
0.40000000000000013,0.9473684210526315,0.4960000000000001,0.10199999999999998,1.0,0.3157894736842105,0.41379310344827586,0.3333333333333333,0.5018477457501849,0.865,1,Medium
0.6000000000000001,0.8421052631578947,0.123,0.248,0.0,0.7894736842105263,0.20689655172413793,0.2222222222222222,0.3680709534368071,0.485,1,Medium
0.1333333333333333,0.3157894736842105,0.386,0.25,0.7142857142857142,0.7894736842105263,0.48275862068965514,0.7777777777777777,0.5461936437546195,0.32,2,High
0.8666666666666669,1.0,0.12,0.8660000000000001,0.42857142857142855,0.6842105263157894,0.06896551724137931,0.1111111111111111,0.2106430155210644,0.16,1,Medium
0.8,0.15789473684210525,0.62,0.276,0.7142857142857142,0.21052631578947367,0.48275862068965514,0.0,0.45676274944567635,0.535,1,Medium
0.7333333333333332,0.10526315789473684,0.2480000000000001,0.8780000000000001,0.5714285714285714,0.9473684210526315,0.896551724137931,0.3333333333333333,0.25203252032520324,0.02,1,Medium
0.26666666666666683,0.42105263157894735,0.4,0.554,0.14285714285714285,1.0,0.5172413793103449,0.4444444444444444,0.47376201034737625,0.115,1,Medium
0.06666666666666665,0.3684210526315789,0.44700000000000006,0.8239999999999998,0.0,0.21052631578947367,0.6206896551724138,1.0,0.6060606060606062,0.955,1,Medium
0.7333333333333332,0.3157894736842105,0.5670000000000001,0.33599999999999985,0.0,0.42105263157894735,0.41379310344827586,0.4444444444444444,0.6807095343680711,0.395,1,Medium
0.3333333333333335,0.2631578947368421,0.133,0.22199999999999998,1.0,0.894736842105263,0.06896551724137931,1.0,0.28677014042867705,0.45,2,High
0.1333333333333333,0.6842105263157894,0.07999999999999996,0.14600000000000013,1.0,0.894736842105263,0.7931034482758621,0.7777777777777777,0.2815964523281596,0.985,1,Medium
0.0,0.7368421052631579,0.8060000000000002,0.938,1.0,0.3684210526315789,0.3103448275862069,0.3333333333333333,0.771618625277162,0.305,1,Medium
0.6000000000000001,0.7368421052631579,0.487,0.498,0.8571428571428571,0.42105263157894735,0.1724137931034483,0.5555555555555556,0.5742793791574281,0.43,1,Medium
0.26666666666666683,0.15789473684210525,0.912,0.3660000000000001,0.7142857142857142,0.5263157894736842,0.9310344827586207,1.0,0.9105691056910572,0.22,2,High
0.1333333333333333,0.47368421052631576,0.20499999999999996,0.06400000000000006,1.0,0.5263157894736842,0.24137931034482757,0.2222222222222222,0.27420546932742057,0.76,1,Medium
0.06666666666666665,0.15789473684210525,0.0030000000000000027,0.45199999999999996,0.0,0.0,0.9655172413793103,0.1111111111111111,0.23651145602365115,0.61,0,Low
0.1333333333333333,0.7368421052631579,0.759,0.21399999999999997,0.7142857142857142,0.6842105263157894,0.896551724137931,0.1111111111111111,0.6718403547671841,0.355,2,High
0.1333333333333333,0.3157894736842105,0.638,0.6500000000000001,0.2857142857142857,0.3684210526315789,0.20689655172413793,0.0,0.6607538802660755,0.565,1,Medium
0.6666666666666667,0.5263157894736842,0.41999999999999993,0.5760000000000001,0.5714285714285714,0.42105263157894735,0.3793103448275862,0.6666666666666666,0.3584626755358464,0.11,1,Medium
0.40000000000000013,0.7368421052631579,0.8160000000000002,0.244,0.42857142857142855,0.05263157894736842,0.9310344827586207,0.5555555555555556,0.6688839615668885,0.89,1,Medium
0.4666666666666668,0.3157894736842105,0.133,0.4970000000000001,0.5714285714285714,0.5263157894736842,0.9655172413793103,1.0,0.25203252032520324,0.275,1,Medium
0.06666666666666665,0.21052631578947367,0.9380000000000001,0.7,1.0,0.3684210526315789,0.896551724137931,0.8888888888888888,0.9283074648928309,0.63,2,High
0.8666666666666669,0.6842105263157894,0.6589999999999999,0.8559999999999999,0.0,0.5789473684210527,0.41379310344827586,0.0,0.6541019955654104,0.155,1,Medium
0.06666666666666665,0.15789473684210525,0.9740000000000001,0.8660000000000001,0.14285714285714285,0.7368421052631579,0.4482758620689655,0.7777777777777777,0.8078344419807837,0.515,2,High
0.4666666666666668,0.2631578947368421,0.894,0.8440000000000001,0.8571428571428571,1.0,0.48275862068965514,0.0,0.830007390983001,0.505,2,High
0.6000000000000001,0.42105263157894735,0.892,0.524,0.42857142857142855,0.21052631578947367,0.6551724137931034,0.4444444444444444,0.771618625277162,0.05,1,Medium
0.8666666666666669,0.9473684210526315,0.17900000000000005,0.9620000000000002,0.5714285714285714,0.3684210526315789,0.1724137931034483,0.5555555555555556,0.3798965262379897,0.31,0,Low
0.8,0.9473684210526315,0.9050000000000001,0.8980000000000001,0.0,0.9473684210526315,0.41379310344827586,1.0,0.7376201034737622,0.515,2,High
0.26666666666666683,0.47368421052631576,0.4730000000000001,0.030000000000000027,0.0,0.47368421052631576,0.896551724137931,0.8888888888888888,0.5934959349593498,0.15,1,Medium
0.5333333333333334,0.21052631578947367,0.8210000000000001,0.536,0.14285714285714285,0.8421052631578947,0.3448275862068966,0.2222222222222222,0.7827050997782707,0.645,1,Medium
0.8,0.3157894736842105,0.4960000000000001,0.9600000000000002,0.8571428571428571,0.0,0.8620689655172413,0.3333333333333333,0.6836659275683667,0.66,0,Low
0.40000000000000013,0.8421052631578947,0.8330000000000001,0.9760000000000002,0.7142857142857142,0.47368421052631576,0.5517241379310345,0.7777777777777777,0.8721359940872138,0.725,2,High
0.8666666666666669,0.7368421052631579,0.739,0.6380000000000001,1.0,0.9473684210526315,0.13793103448275862,0.0,0.5713229859571323,0.315,2,High
1.0000000000000002,0.8421052631578947,0.8490000000000001,0.09600000000000009,0.14285714285714285,0.5789473684210527,0.6551724137931034,0.0,0.5018477457501849,0.705,1,Medium
0.3333333333333335,0.42105263157894735,0.16300000000000003,0.9239999999999999,0.14285714285714285,0.5789473684210527,0.034482758620689655,0.5555555555555556,0.23798965262379895,0.24,1,Medium
0.5333333333333334,1.0,0.07999999999999996,0.7220000000000002,0.0,0.47368421052631576,0.6206896551724138,1.0,0.08795269770879527,0.59,1,Medium
0.9333333333333333,1.0,0.6869999999999999,0.8800000000000001,0.8571428571428571,0.42105263157894735,0.8275862068965517,0.8888888888888888,0.7383592017738361,0.49,1,Medium
0.1333333333333333,0.631578947368421,0.7740000000000001,0.28,0.42857142857142855,0.3684210526315789,0.3103448275862069,0.0,0.7760532150776054,0.64,1,Medium
0.8666666666666669,0.2631578947368421,0.246,0.974,0.14285714285714285,0.7368421052631579,0.41379310344827586,0.5555555555555556,0.4449371766444938,0.625,1,Medium
0.19999999999999996,0.8421052631578947,0.8160000000000002,0.06999999999999995,0.7142857142857142,0.5789473684210527,0.5517241379310345,0.2222222222222222,0.6104951958610496,0.28,1,Medium
0.5333333333333334,0.7368421052631579,0.652,0.734,0.0,0.5263157894736842,0.20689655172413793,0.1111111111111111,0.6799704360679972,0.57,1,Medium
0.0,0.5263157894736842,0.07999999999999996,0.9039999999999999,0.42857142857142855,0.15789473684210525,0.27586206896551724,0.2222222222222222,0.13747228381374726,0.15,0,Low
0.8666666666666669,0.5789473684210527,0.548,0.20399999999999996,0.8571428571428571,0.42105263157894735,0.7931034482758621,0.2222222222222222,0.40650406504065056,0.25,1,Medium
0.6666666666666667,0.5263157894736842,0.03300000000000003,0.6060000000000001,0.0,0.7894736842105263,0.7241379310344828,0.7777777777777777,0.2993348115299335,0.495,0,Low
0.26666666666666683,0.7368421052631579,0.379,0.46799999999999997,0.8571428571428571,0.47368421052631576,0.3448275862068966,0.1111111111111111,0.4804138950480415,0.505,1,Medium
0.8666666666666669,0.631578947368421,0.262,0.3679999999999999,0.2857142857142857,0.631578947368421,0.4482758620689655,0.6666666666666666,0.3104212860310422,0.295,1,Medium
0.9333333333333333,0.0,0.701,0.15399999999999991,0.5714285714285714,0.631578947368421,0.6896551724137931,0.3333333333333333,0.6215816703621582,0.28,2,High
0.19999999999999996,0.8421052631578947,0.9640000000000001,0.10399999999999987,1.0,1.0,0.13793103448275862,0.6666666666666666,0.7184035476718404,0.085,2,High
0.06666666666666665,0.9473684210526315,0.17400000000000004,0.4720000000000002,0.7142857142857142,0.7368421052631579,0.06896551724137931,0.2222222222222222,0.25794530672579447,0.94,1,Medium
0.26666666666666683,0.7894736842105263,0.351,0.43599999999999994,0.8571428571428571,0.6842105263157894,1.0,0.2222222222222222,0.5025868440502588,0.61,1,Medium
0.8,0.7894736842105263,0.4820000000000001,0.22399999999999998,0.14285714285714285,0.7368421052631579,0.7931034482758621,0.7777777777777777,0.5321507760532151,0.835,1,Medium
0.26666666666666683,0.7894736842105263,0.559,0.532,0.42857142857142855,0.631578947368421,0.4482758620689655,0.4444444444444444,0.46045824094604587,0.19,2,High
0.7333333333333332,0.42105263157894735,0.29900000000000004,0.34399999999999986,0.8571428571428571,0.10526315789473684,0.41379310344827586,1.0,0.41019955654101997,0.81,1,Medium
0.3333333333333335,0.7368421052631579,0.242,0.7380000000000002,0.7142857142857142,0.894736842105263,0.20689655172413793,0.3333333333333333,0.34072431633407246,0.125,1,Medium
0.06666666666666665,0.21052631578947367,0.016000000000000014,0.8980000000000001,0.2857142857142857,0.894736842105263,0.8620689655172413,0.6666666666666666,0.19660014781966,0.77,1,Medium
0.19999999999999996,0.7894736842105263,0.578,0.23199999999999998,0.0,0.5789473684210527,0.20689655172413793,0.7777777777777777,0.6363636363636365,0.885,1,Medium
0.7333333333333332,0.2631578947368421,0.246,0.19000000000000006,0.5714285714285714,0.15789473684210525,0.9655172413793103,0.8888888888888888,0.26755358462675544,0.12,1,Medium
0.6000000000000001,0.47368421052631576,0.37,0.4970000000000001,0.14285714285714285,0.7368421052631579,0.3448275862068966,0.2222222222222222,0.28824833702882485,0.01,1,Medium
0.19999999999999996,0.21052631578947367,0.6570000000000001,0.974,0.14285714285714285,1.0,0.3103448275862069,0.1111111111111111,0.5757575757575759,0.125,1,Medium
0.19999999999999996,1.0,0.4960000000000001,0.28400000000000003,0.14285714285714285,0.42105263157894735,0.5517241379310345,0.7777777777777777,0.746489283074649,0.22,2,High
1.0000000000000002,0.3684210526315789,0.8690000000000001,0.04600000000000004,0.5714285714285714,0.15789473684210525,0.0,0.2222222222222222,0.917960088691796,0.06,1,Medium
0.3333333333333335,0.15789473684210525,0.42300000000000004,0.938,0.7142857142857142,0.6842105263157894,0.5517241379310345,0.7777777777777777,0.3503325942350332,0.755,2,High
0.19999999999999996,0.21052631578947367,0.4710000000000001,0.53,0.0,0.21052631578947367,0.20689655172413793,0.3333333333333333,0.5225424981522544,0.995,0,Low
0.06666666666666665,0.7368421052631579,0.9540000000000001,0.22199999999999998,0.5714285714285714,0.5263157894736842,0.41379310344827586,0.7777777777777777,0.7457501847745751,0.21,2,High
0.9333333333333333,0.5263157894736842,0.6189999999999999,0.8980000000000001,0.7142857142857142,0.21052631578947367,0.896551724137931,0.0,0.6385809312638582,0.955,1,Medium
0.8,0.6842105263157894,0.4960000000000001,0.4970000000000001,0.42857142857142855,0.10526315789473684,0.5517241379310345,0.7777777777777777,0.22025129342202515,0.635,1,Medium
0.26666666666666683,0.7368421052631579,0.8730000000000001,0.782,1.0,0.9473684210526315,0.1724137931034483,0.0,0.8218773096821876,0.665,1,Medium
0.19999999999999996,0.21052631578947367,0.17400000000000004,0.07799999999999996,0.8571428571428571,0.894736842105263,0.13793103448275862,0.8888888888888888,0.26607538802660763,0.065,2,High
0.40000000000000013,0.15789473684210525,0.7519999999999999,0.20999999999999996,0.14285714285714285,0.10526315789473684,0.0,0.5555555555555556,0.6592756836659277,0.73,1,Medium
0.7333333333333332,0.3684210526315789,0.16700000000000004,0.8239999999999998,0.8571428571428571,0.47368421052631576,0.5517241379310345,0.3333333333333333,0.16260162601626021,0.775,1,Medium
0.7333333333333332,0.5263157894736842,0.21200000000000008,0.09399999999999997,0.8571428571428571,0.6842105263157894,0.10344827586206896,0.4444444444444444,0.42128603104212864,0.855,1,Medium
0.7333333333333332,0.5789473684210527,0.7020000000000001,0.3759999999999999,0.2857142857142857,0.2631578947368421,0.13793103448275862,0.3333333333333333,0.7597930524759795,0.985,1,Medium
0.06666666666666665,0.8421052631578947,0.06399999999999995,0.744,0.0,0.21052631578947367,0.4482758620689655,0.3333333333333333,0.1951219512195122,0.63,0,Low
0.06666666666666665,0.3684210526315789,0.9730000000000002,0.050000000000000044,0.0,0.5789473684210527,0.48275862068965514,0.2222222222222222,0.8743532889874355,0.105,2,High
0.4666666666666668,0.05263157894736842,0.32699999999999996,0.22399999999999998,0.0,0.47368421052631576,0.896551724137931,0.1111111111111111,0.3466371027346638,0.02,0,Low
0.06666666666666665,0.05263157894736842,0.7140000000000001,0.956,0.7142857142857142,0.42105263157894735,0.5172413793103449,1.0,0.5513673318551369,0.29,1,Medium
0.1333333333333333,0.7368421052631579,0.9560000000000001,0.7060000000000002,1.0,0.5263157894736842,0.5517241379310345,0.6666666666666666,0.8625277161862528,0.82,1,Medium
0.06666666666666665,0.42105263157894735,0.2280000000000001,0.1519999999999999,1.0,0.9473684210526315,0.7586206896551724,1.0,0.1796008869179601,0.64,2,High
0.40000000000000013,0.15789473684210525,0.43300000000000005,0.8520000000000001,0.2857142857142857,0.05263157894736842,0.5517241379310345,0.8888888888888888,0.5691056910569108,0.865,0,Low
0.8,0.3684210526315789,0.6029999999999999,0.46199999999999997,0.0,0.21052631578947367,0.3793103448275862,1.0,0.5602365114560237,0.51,1,Medium
0.6666666666666667,0.42105263157894735,0.9410000000000002,0.8180000000000001,0.5714285714285714,0.05263157894736842,0.24137931034482757,1.0,0.8891352549889135,0.795,1,Medium
0.8,0.894736842105263,0.6589999999999999,0.3039999999999998,0.14285714285714285,1.0,0.6896551724137931,0.5555555555555556,0.5498891352549891,0.85,2,High
0.6666666666666667,0.47368421052631576,0.356,0.014000000000000012,0.42857142857142855,0.05263157894736842,0.4482758620689655,0.3333333333333333,0.30524759793052475,0.21,1,Medium
0.40000000000000013,0.0,0.8810000000000001,0.14600000000000013,0.2857142857142857,0.7368421052631579,0.10344827586206896,0.0,0.9290465631929048,0.67,1,Medium
0.3333333333333335,0.05263157894736842,0.616,0.6900000000000002,0.8571428571428571,0.47368421052631576,0.6896551724137931,0.3333333333333333,0.7317073170731707,0.65,2,High
0.6666666666666667,0.0,0.852,0.42200000000000015,0.7142857142857142,0.6842105263157894,0.24137931034482757,0.7777777777777777,0.8107908351810791,0.975,2,High
0.3333333333333335,0.6842105263157894,0.868,0.3699999999999999,0.5714285714285714,0.15789473684210525,0.10344827586206896,0.7777777777777777,0.8691796008869179,0.845,1,Medium
0.8,0.7894736842105263,0.4960000000000001,0.17599999999999993,0.42857142857142855,0.7894736842105263,0.6206896551724138,0.5555555555555556,0.5971914264597191,0.26,2,High
0.8,0.3157894736842105,0.7759999999999999,0.08599999999999997,1.0,0.21052631578947367,0.9310344827586207,0.0,0.8078344419807837,0.025,2,High
0.6000000000000001,0.05263157894736842,0.904,0.24,0.0,0.05263157894736842,0.7241379310344828,0.2222222222222222,0.934959349593496,0.505,0,Low
0.9333333333333333,0.6842105263157894,0.684,0.46199999999999997,0.14285714285714285,0.5263157894736842,0.6896551724137931,0.8888888888888888,0.6474501108647452,0.15,2,High
0.7333333333333332,0.8421052631578947,0.05999999999999994,0.952,0.8571428571428571,0.6842105263157894,0.3448275862068966,0.0,0.2475979305247598,0.13,0,Low
0.6666666666666667,0.2631578947368421,0.4960000000000001,0.762,1.0,0.05263157894736842,0.10344827586206896,0.4444444444444444,0.17147080561714717,0.645,0,Low
0.3333333333333335,0.10526315789473684,0.547,0.45999999999999996,0.8571428571428571,0.7894736842105263,0.8275862068965517,0.8888888888888888,0.6651884700665189,0.97,2,High
0.7333333333333332,0.5789473684210527,0.21600000000000008,0.9059999999999999,0.2857142857142857,0.3157894736842105,0.27586206896551724,0.5555555555555556,0.1589061345158907,0.445,0,Low
0.5333333333333334,0.05263157894736842,0.7180000000000001,0.718,1.0,0.894736842105263,0.1724137931034483,0.4444444444444444,0.7597930524759795,0.67,2,High
0.6000000000000001,0.9473684210526315,0.5750000000000001,0.5880000000000001,0.7142857142857142,0.3157894736842105,0.1724137931034483,0.5555555555555556,0.5624538063562454,0.89,1,Medium
0.7333333333333332,0.2631578947368421,0.93,0.982,0.8571428571428571,0.42105263157894735,0.06896551724137931,0.1111111111111111,0.8078344419807837,0.065,1,Medium
1.0000000000000002,0.5263157894736842,0.8550000000000001,0.268,0.2857142857142857,0.7368421052631579,0.9655172413793103,0.3333333333333333,0.838137472283814,0.305,1,Medium
0.5333333333333334,0.3157894736842105,0.123,0.692,0.42857142857142855,0.0,0.5172413793103449,0.6666666666666666,0.2985957132298596,0.945,0,Low
0.19999999999999996,0.3684210526315789,0.17100000000000004,0.56,0.5714285714285714,0.21052631578947367,0.48275862068965514,0.5555555555555556,0.3643754619364376,0.795,0,Low
0.9333333333333333,0.47368421052631576,0.5640000000000001,0.8480000000000001,1.0,0.9473684210526315,0.24137931034482757,0.6666666666666666,0.4331116038433112,0.03,2,High
0.7333333333333332,0.894736842105263,0.398,0.21799999999999997,0.8571428571428571,0.2631578947368421,0.10344827586206896,0.4444444444444444,0.39024390243902446,0.57,1,Medium
0.3333333333333335,0.7368421052631579,0.945,0.45199999999999996,0.2857142857142857,0.5789473684210527,0.27586206896551724,0.5555555555555556,0.7376201034737622,0.365,1,Medium
0.5333333333333334,0.6842105263157894,0.82,0.262,0.0,0.3684210526315789,1.0,0.3333333333333333,0.8203991130820398,0.34,1,Medium
0.3333333333333335,0.894736842105263,0.508,0.476,0.8571428571428571,0.7894736842105263,0.5517241379310345,0.1111111111111111,0.5691056910569108,0.92,1,Medium
1.0000000000000002,0.15789473684210525,0.3570000000000001,0.516,0.5714285714285714,0.2631578947368421,0.4482758620689655,0.1111111111111111,0.467110125646711,0.375,0,Low
0.1333333333333333,0.3157894736842105,0.6669999999999999,0.08000000000000007,0.42857142857142855,0.7894736842105263,0.3793103448275862,1.0,0.49076127124907615,0.335,1,Medium
0.9333333333333333,0.9473684210526315,0.10399999999999998,0.03400000000000003,0.0,0.2631578947368421,0.5517241379310345,0.3333333333333333,0.15373244641537326,0.585,0,Low
0.40000000000000013,0.894736842105263,0.593,0.708,0.14285714285714285,0.47368421052631576,0.7586206896551724,0.2222222222222222,0.5040650406504066,0.75,0,Low
0.5333333333333334,0.8421052631578947,0.44800000000000006,0.4970000000000001,0.7142857142857142,0.21052631578947367,0.10344827586206896,0.8888888888888888,0.5705838876570586,0.125,2,High
0.8666666666666669,0.21052631578947367,0.371,0.22399999999999998,0.7142857142857142,0.05263157894736842,0.9310344827586207,0.6666666666666666,0.3259423503325943,0.45,1,Medium
0.19999999999999996,0.2631578947368421,0.612,0.6060000000000001,0.14285714285714285,0.7368421052631579,0.8620689655172413,0.1111111111111111,0.6393200295639321,0.41,1,Medium
0.5333333333333334,0.894736842105263,0.592,0.04399999999999993,0.42857142857142855,0.7368421052631579,0.5172413793103449,0.5555555555555556,0.7080561714708056,0.6,1,Medium
0.8666666666666669,0.21052631578947367,0.15000000000000002,0.972,0.42857142857142855,0.42105263157894735,0.1724137931034483,0.4444444444444444,0.2106430155210644,0.99,0,Low
0.1333333333333333,0.5263157894736842,0.07,0.04399999999999993,0.7142857142857142,0.42105263157894735,0.3103448275862069,0.7777777777777777,0.2904656319290467,0.245,1,Medium
0.0,0.0,0.21299999999999997,0.4720000000000002,0.42857142857142855,0.3684210526315789,0.8620689655172413,0.5555555555555556,0.41019955654101997,0.4,0,Low
0.06666666666666665,0.15789473684210525,0.31700000000000006,0.752,1.0,0.6842105263157894,0.20689655172413793,0.7777777777777777,0.3983739837398374,0.5,1,Medium
0.26666666666666683,0.05263157894736842,0.28900000000000003,0.5900000000000001,0.42857142857142855,1.0,0.3448275862068966,0.3333333333333333,0.36954915003695504,0.25,1,Medium
0.9333333333333333,0.47368421052631576,0.43200000000000005,0.562,0.8571428571428571,0.47368421052631576,0.20689655172413793,0.6666666666666666,0.4944567627494458,0.285,1,Medium
0.6666666666666667,0.05263157894736842,0.731,0.3939999999999999,0.8571428571428571,0.3157894736842105,0.6206896551724138,0.1111111111111111,0.8078344419807837,0.9,1,Medium
0.9333333333333333,0.21052631578947367,0.4630000000000001,0.014000000000000012,0.5714285714285714,0.7368421052631579,0.7241379310344828,0.2222222222222222,0.394678492239468,0.81,1,Medium
0.5333333333333334,0.10526315789473684,0.5830000000000001,0.46599999999999997,1.0,0.47368421052631576,0.8620689655172413,0.5555555555555556,0.43902439024390255,0.08,2,High
1.0000000000000002,0.05263157894736842,0.9860000000000001,0.6439999999999999,0.2857142857142857,0.631578947368421,0.6206896551724138,0.8888888888888888,0.9364375461936438,0.195,2,High
0.26666666666666683,0.8421052631578947,0.07,0.4970000000000001,0.8571428571428571,0.8421052631578947,0.3448275862068966,0.6666666666666666,0.17368810051736877,0.965,1,Medium
0.8666666666666669,0.5789473684210527,0.3530000000000001,0.29400000000000004,0.2857142857142857,0.47368421052631576,0.9655172413793103,0.6666666666666666,0.44419807834442,0.315,1,Medium
1.0000000000000002,0.21052631578947367,0.719,0.3640000000000001,0.14285714285714285,0.5263157894736842,0.6896551724137931,0.4444444444444444,0.7723577235772359,0.525,2,High
0.4666666666666668,0.7894736842105263,0.15999999999999992,0.8579999999999999,1.0,0.7894736842105263,0.5862068965517241,0.3333333333333333,0.14855875831485582,0.94,1,Medium
0.1333333333333333,0.15789473684210525,0.602,0.43599999999999994,0.14285714285714285,0.42105263157894735,0.3103448275862069,0.1111111111111111,0.7161862527716187,0.805,1,Medium
0.19999999999999996,0.5789473684210527,0.28600000000000003,0.8699999999999999,0.2857142857142857,0.631578947368421,0.5517241379310345,0.3333333333333333,0.4116777531411678,0.85,0,Low
1.0000000000000002,0.631578947368421,0.19199999999999995,0.23199999999999998,0.8571428571428571,0.8421052631578947,0.48275862068965514,0.3333333333333333,0.2912047302291206,0.805,1,Medium
0.6000000000000001,0.9473684210526315,0.5800000000000001,0.8280000000000001,1.0,0.0,0.7241379310344828,0.6666666666666666,0.5543237250554325,0.53,1,Medium
1.0000000000000002,0.5789473684210527,0.541,0.3900000000000001,0.5714285714285714,0.5789473684210527,0.896551724137931,0.0,0.5114560236511458,0.935,1,Medium
0.40000000000000013,0.3157894736842105,0.28800000000000003,0.534,0.14285714285714285,0.631578947368421,0.0,0.8888888888888888,0.229859571322986,0.655,1,Medium
0.3333333333333335,0.15789473684210525,0.5279999999999999,0.29600000000000004,0.7142857142857142,0.15789473684210525,0.6551724137931034,0.6666666666666666,0.5809312638580932,0.215,1,Medium
0.7333333333333332,0.6842105263157894,0.01799999999999996,0.9460000000000002,0.0,0.15789473684210525,0.6551724137931034,0.6666666666666666,0.25646711012564677,0.35,0,Low
0.4666666666666668,0.10526315789473684,0.29200000000000004,0.262,0.5714285714285714,0.7368421052631579,0.5517241379310345,0.8888888888888888,0.45306725794530683,0.865,1,Medium
0.8666666666666669,0.8421052631578947,0.9490000000000002,0.7060000000000002,0.42857142857142855,0.9473684210526315,0.9310344827586207,0.8888888888888888,0.9541759053954177,0.495,2,High
0.06666666666666665,0.7368421052631579,0.28700000000000003,0.42400000000000015,0.7142857142857142,0.894736842105263,0.6206896551724138,0.2222222222222222,0.45898004434589806,0.695,1,Medium
0.8,0.47368421052631576,0.02300000000000002,0.20599999999999996,1.0,0.5789473684210527,0.20689655172413793,0.4444444444444444,0.07834441980783441,0.81,1,Medium
0.0,0.9473684210526315,0.9630000000000002,0.9239999999999999,0.0,0.42105263157894735,0.6551724137931034,0.1111111111111111,0.7509238728750924,0.2,1,Medium
0.7333333333333332,0.3684210526315789,0.9650000000000002,0.06600000000000006,0.14285714285714285,0.7368421052631579,0.7241379310344828,0.8888888888888888,0.8847006651884701,0.425,2,High
0.8666666666666669,0.47368421052631576,0.09900000000000003,0.492,0.14285714285714285,0.47368421052631576,0.41379310344827586,0.2222222222222222,0.11677753141167774,0.925,0,Low
0.4666666666666668,0.3684210526315789,0.02400000000000002,0.3599999999999999,0.5714285714285714,0.47368421052631576,0.5862068965517241,0.7777777777777777,0.2099039172209905,0.18,0,Low
1.0000000000000002,0.631578947368421,0.8450000000000001,0.08200000000000007,0.8571428571428571,0.6842105263157894,0.6551724137931034,0.8888888888888888,0.6156688839615669,0.62,2,High
0.19999999999999996,0.3684210526315789,0.6920000000000001,0.9079999999999999,0.5714285714285714,0.9473684210526315,0.41379310344827586,0.7777777777777777,0.6422764227642277,0.255,2,High
0.40000000000000013,0.8421052631578947,0.19199999999999995,0.79,0.5714285714285714,0.631578947368421,0.0,0.4444444444444444,0.32446415373244647,0.155,1,Medium
0.0,0.3157894736842105,0.511,0.6619999999999999,0.8571428571428571,0.15789473684210525,0.5172413793103449,0.0,0.5757575757575759,0.58,0,Low
0.06666666666666665,0.5263157894736842,0.21100000000000008,0.4720000000000002,0.42857142857142855,0.631578947368421,0.13793103448275862,0.8888888888888888,0.25129342202512933,0.505,1,Medium
0.8,0.5789473684210527,0.3530000000000001,0.736,0.8571428571428571,0.42105263157894735,0.3793103448275862,0.0,0.47376201034737625,0.975,0,Low
0.9333333333333333,0.2631578947368421,0.7779999999999999,0.484,0.5714285714285714,0.42105263157894735,0.7586206896551724,0.3333333333333333,0.5875831485587584,0.86,1,Medium
0.5333333333333334,0.21052631578947367,0.3480000000000001,0.7,0.14285714285714285,1.0,0.41379310344827586,0.3333333333333333,0.25277161862527725,0.735,1,Medium
0.26666666666666683,0.631578947368421,0.646,0.18200000000000005,0.42857142857142855,0.0,0.8620689655172413,0.7777777777777777,0.484109386548411,0.64,2,High
0.5333333333333334,0.7368421052631579,0.8060000000000002,0.4800000000000002,1.0,0.894736842105263,0.7241379310344828,1.0,0.6245380635624538,0.965,2,High
1.0000000000000002,0.3684210526315789,0.797,0.43000000000000016,0.14285714285714285,0.05263157894736842,0.7586206896551724,0.7777777777777777,0.6711012564671102,0.785,1,Medium
0.40000000000000013,0.631578947368421,0.691,0.44999999999999996,0.2857142857142857,0.3684210526315789,0.20689655172413793,0.6666666666666666,0.6962305986696231,0.46,1,Medium
0.6000000000000001,0.5263157894736842,0.751,0.28,1.0,0.7368421052631579,0.6551724137931034,0.0,0.7073170731707317,0.65,1,Medium
0.0,0.0,0.8350000000000001,0.026000000000000023,0.7142857142857142,0.10526315789473684,0.10344827586206896,0.6666666666666666,0.8861788617886179,0.68,1,Medium
0.1333333333333333,0.05263157894736842,0.5990000000000001,0.744,0.8571428571428571,0.47368421052631576,0.896551724137931,1.0,0.43754619364375474,0.4,2,High
0.26666666666666683,0.9473684210526315,0.09699999999999998,0.008000000000000007,0.5714285714285714,0.8421052631578947,0.3103448275862069,0.1111111111111111,0.2941611234294161,0.48,1,Medium
0.9333333333333333,0.2631578947368421,0.6029999999999999,0.6000000000000001,0.7142857142857142,0.42105263157894735,0.5172413793103449,0.8888888888888888,0.5373244641537325,0.825,1,Medium
1.0000000000000002,0.6842105263157894,0.6970000000000002,0.4800000000000002,1.0,0.894736842105263,0.5172413793103449,0.4444444444444444,0.6356245380635626,0.025,2,High
0.5333333333333334,0.3157894736842105,0.644,0.8920000000000001,1.0,0.42105263157894735,0.48275862068965514,0.2222222222222222,0.5742793791574281,0.665,1,Medium
0.6000000000000001,1.0,0.757,0.3480000000000001,0.14285714285714285,0.5263157894736842,0.8275862068965517,0.8888888888888888,0.6311899482631191,0.13,2,High
0.8666666666666669,0.21052631578947367,0.46199999999999997,0.1359999999999999,0.5714285714285714,0.10526315789473684,0.20689655172413793,0.6666666666666666,0.35107169253510734,0.835,0,Low
0.5333333333333334,0.3157894736842105,0.12,0.19399999999999995,0.8571428571428571,0.42105263157894735,0.3448275862068966,0.4444444444444444,0.1419068736141907,0.665,1,Medium
0.06666666666666665,0.3157894736842105,0.009999999999999953,0.774,0.2857142857142857,0.10526315789473684,0.8620689655172413,0.2222222222222222,0.07095343680709532,0.635,0,Low
0.9333333333333333,0.3684210526315789,0.6090000000000001,0.6640000000000001,0.0,0.21052631578947367,1.0,0.5555555555555556,0.6186252771618626,0.995,0,Low
0.19999999999999996,0.5263157894736842,0.406,0.94,1.0,0.5263157894736842,0.3448275862068966,1.0,0.5018477457501849,0.565,1,Medium
0.6000000000000001,0.631578947368421,0.791,0.6020000000000001,0.5714285714285714,0.42105263157894735,0.3448275862068966,0.6666666666666666,0.7568366592756837,0.37,1,Medium
0.6000000000000001,0.7894736842105263,0.44700000000000006,0.15999999999999992,0.2857142857142857,0.3157894736842105,0.7586206896551724,0.8888888888888888,0.5883222468588323,0.355,1,Medium
0.40000000000000013,0.05263157894736842,0.04199999999999998,0.45199999999999996,0.0,0.7894736842105263,0.13793103448275862,0.4444444444444444,0.05321507760532146,0.17,1,Medium
0.19999999999999996,0.10526315789473684,0.7240000000000001,0.17200000000000004,0.7142857142857142,0.42105263157894735,0.8620689655172413,0.6666666666666666,0.6474501108647452,0.135,2,High
0.8666666666666669,0.7368421052631579,0.07900000000000001,0.8920000000000001,0.14285714285714285,0.5263157894736842,0.7586206896551724,0.3333333333333333,0.27050997782705094,0.325,0,Low
0.8666666666666669,0.7368421052631579,0.5720000000000001,0.10399999999999987,0.2857142857142857,0.631578947368421,0.034482758620689655,0.3333333333333333,0.6755358462675536,0.53,1,Medium
1.0000000000000002,0.7368421052631579,0.33499999999999996,0.528,0.7142857142857142,0.15789473684210525,0.6896551724137931,1.0,0.30672579453067256,0.195,1,Medium
0.6666666666666667,0.42105263157894735,0.20800000000000007,0.532,0.14285714285714285,0.7894736842105263,0.1724137931034483,0.7777777777777777,0.4316334072431635,0.12,1,Medium
0.9333333333333333,0.631578947368421,0.898,0.31400000000000006,0.14285714285714285,0.05263157894736842,0.3793103448275862,0.1111111111111111,0.8085735402808574,0.93,0,Low
0.6666666666666667,0.47368421052631576,0.9349999999999999,0.006000000000000005,0.14285714285714285,0.47368421052631576,1.0,0.8888888888888888,0.9356984478935702,0.94,1,Medium
0.9333333333333333,0.5263157894736842,0.25,0.938,0.2857142857142857,0.05263157894736842,0.6551724137931034,0.1111111111111111,0.4619364375461938,0.49,0,Low
0.5333333333333334,1.0,0.7660000000000001,0.08599999999999997,0.8571428571428571,0.8421052631578947,0.7586206896551724,1.0,0.7930524759793054,0.97,2,High
0.6000000000000001,0.5789473684210527,0.14,0.30600000000000005,0.14285714285714285,0.3157894736842105,0.27586206896551724,0.7777777777777777,0.33555062823355514,0.32,1,Medium
0.40000000000000013,0.7894736842105263,0.33499999999999996,0.39800000000000013,0.5714285714285714,0.05263157894736842,0.27586206896551724,0.7777777777777777,0.3806356245380636,0.965,1,Medium
0.06666666666666665,0.3157894736842105,0.715,0.938,0.7142857142857142,1.0,0.4482758620689655,1.0,0.6348854397634887,0.22,2,High
0.0,0.21052631578947367,0.35,0.6400000000000001,0.7142857142857142,0.5789473684210527,0.8620689655172413,0.6666666666666666,0.25277161862527725,0.38,1,Medium
0.06666666666666665,0.631578947368421,0.22599999999999998,0.040000000000000036,0.14285714285714285,0.05263157894736842,0.06896551724137931,1.0,0.19660014781966,0.49,0,Low
0.8666666666666669,0.3157894736842105,0.757,0.051999999999999935,0.2857142857142857,0.15789473684210525,0.24137931034482757,0.8888888888888888,0.804138950480414,0.91,2,High
0.1333333333333333,1.0,0.32400000000000007,0.9339999999999999,0.14285714285714285,0.8421052631578947,0.48275862068965514,0.5555555555555556,0.4168514412416852,0.945,0,Low
0.3333333333333335,0.10526315789473684,0.8330000000000001,0.22599999999999998,0.7142857142857142,0.894736842105263,0.8620689655172413,0.1111111111111111,0.855136733185514,0.0,2,High
0.06666666666666665,1.0,0.29000000000000004,0.134,0.7142857142857142,0.7368421052631579,0.13793103448275862,0.1111111111111111,0.45528455284552843,0.71,1,Medium
0.26666666666666683,0.15789473684210525,0.30700000000000005,0.08200000000000007,1.0,0.7894736842105263,0.8620689655172413,0.1111111111111111,0.2439024390243903,0.44,1,Medium
0.6000000000000001,0.8421052631578947,0.795,0.29800000000000004,0.42857142857142855,0.5789473684210527,0.9655172413793103,0.3333333333333333,0.6067997043606801,0.75,1,Medium
0.0,0.5789473684210527,0.388,0.016000000000000014,0.42857142857142855,0.9473684210526315,0.41379310344827586,0.6666666666666666,0.2771618625277163,0.615,2,High
0.1333333333333333,0.3684210526315789,0.924,0.3460000000000001,1.0,0.9473684210526315,0.4482758620689655,0.5555555555555556,0.9593495934959353,0.975,2,High
0.26666666666666683,0.47368421052631576,0.8240000000000002,0.6359999999999999,1.0,0.631578947368421,0.0,0.3333333333333333,0.6104951958610496,0.115,2,High
0.7333333333333332,0.894736842105263,0.21299999999999997,0.02200000000000002,0.14285714285714285,1.0,0.20689655172413793,0.5555555555555556,0.3436807095343681,0.135,1,Medium
0.19999999999999996,0.05263157894736842,0.799,0.5720000000000001,0.14285714285714285,0.05263157894736842,0.48275862068965514,0.0,0.7472283813747229,0.49,0,Low
0.19999999999999996,0.2631578947368421,0.8690000000000001,0.31600000000000006,0.14285714285714285,0.8421052631578947,0.5862068965517241,1.0,0.8233555062823357,0.185,2,High
0.5333333333333334,0.3684210526315789,0.033999999999999975,0.788,0.8571428571428571,0.631578947368421,0.896551724137931,0.0,0.1278640059127864,0.775,0,Low
0.26666666666666683,0.7368421052631579,0.268,0.8260000000000003,0.42857142857142855,0.0,0.7241379310344828,0.8888888888888888,0.32002956393200294,0.105,0,Low
0.06666666666666665,0.21052631578947367,0.8099999999999999,0.33599999999999985,0.8571428571428571,0.7368421052631579,0.3448275862068966,0.0,0.7472283813747229,0.805,2,High
0.9333333333333333,0.3157894736842105,0.256,0.8559999999999999,0.42857142857142855,0.42105263157894735,0.9655172413793103,1.0,0.2601626016260163,0.085,1,Medium
0.9333333333333333,0.3157894736842105,0.08799999999999997,0.05999999999999994,0.7142857142857142,0.15789473684210525,0.6896551724137931,0.4444444444444444,0.14116777531411678,0.645,1,Medium
0.8,0.3157894736842105,0.15999999999999992,0.55,0.8571428571428571,0.21052631578947367,0.7241379310344828,0.7777777777777777,0.20325203252032525,0.125,1,Medium
0.8666666666666669,0.7368421052631579,0.6710000000000002,0.8399999999999999,0.2857142857142857,1.0,0.24137931034482757,0.8888888888888888,0.6733185513673319,0.465,2,High
0.06666666666666665,0.05263157894736842,0.31300000000000006,0.522,0.5714285714285714,0.05263157894736842,0.6896551724137931,0.6666666666666666,0.28972653362897277,0.555,0,Low
0.19999999999999996,0.21052631578947367,0.715,0.972,0.7142857142857142,0.3684210526315789,0.7586206896551724,1.0,0.7110125646711014,0.86,1,Medium
0.8666666666666669,0.6842105263157894,0.028000000000000025,0.8600000000000001,0.42857142857142855,0.5789473684210527,0.9655172413793103,0.4444444444444444,0.15742793791574278,0.255,0,Low
0.6666666666666667,0.7894736842105263,0.43100000000000005,0.728,0.8571428571428571,0.7368421052631579,0.9310344827586207,0.3333333333333333,0.345158906134516,0.89,1,Medium
0.0,0.15789473684210525,0.6880000000000001,0.04600000000000004,0.5714285714285714,0.894736842105263,0.896551724137931,0.6666666666666666,0.6119733924611974,0.96,2,High
0.40000000000000013,0.8421052631578947,0.9880000000000001,0.974,0.8571428571428571,0.0,0.6206896551724138,0.3333333333333333,0.8048780487804881,0.44,1,Medium
0.4666666666666668,0.0,0.247,0.3919999999999999,0.42857142857142855,0.3684210526315789,0.20689655172413793,0.8888888888888888,0.5018477457501849,0.055,0,Low
0.5333333333333334,0.42105263157894735,0.5619999999999999,0.5720000000000001,0.5714285714285714,0.631578947368421,0.034482758620689655,0.0,0.4796747967479675,0.07,2,High
0.7333333333333332,0.9473684210526315,0.29500000000000004,0.30800000000000005,0.42857142857142855,0.0,0.3103448275862069,0.0,0.2099039172209905,0.505,0,Low
0.26666666666666683,0.0,0.587,0.09999999999999998,1.0,0.15789473684210525,0.896551724137931,0.1111111111111111,0.6807095343680711,0.785,1,Medium
0.4666666666666668,1.0,0.18899999999999995,0.24,0.14285714285714285,0.2631578947368421,0.1724137931034483,0.4444444444444444,0.2815964523281596,0.25,1,Medium
0.7333333333333332,0.894736842105263,0.46799999999999997,0.8320000000000001,0.0,0.7368421052631579,0.3448275862068966,1.0,0.5092387287509239,0.29,1,Medium
0.6666666666666667,0.9473684210526315,0.524,0.08000000000000007,0.7142857142857142,0.10526315789473684,0.41379310344827586,0.4444444444444444,0.5380635624538064,0.99,1,Medium
0.0,0.894736842105263,0.7820000000000001,0.03200000000000003,0.2857142857142857,1.0,1.0,0.6666666666666666,0.7657058388765707,0.505,2,High
0.0,0.2631578947368421,0.9500000000000001,0.766,0.5714285714285714,0.7368421052631579,0.6206896551724138,1.0,0.8810051736881006,0.875,2,High
0.06666666666666665,0.2631578947368421,0.642,0.518,0.2857142857142857,0.15789473684210525,0.1724137931034483,0.8888888888888888,0.7383592017738361,0.66,0,Low
0.7333333333333332,0.7368421052631579,0.17300000000000004,0.027999999999999914,1.0,0.42105263157894735,0.27586206896551724,0.6666666666666666,0.18773096821877316,0.265,1,Medium
0.6000000000000001,0.10526315789473684,0.6330000000000001,0.4970000000000001,0.2857142857142857,0.7368421052631579,0.9310344827586207,0.4444444444444444,0.5587583148558759,0.59,1,Medium
0.3333333333333335,0.6842105263157894,0.6529999999999999,0.3039999999999998,1.0,0.9473684210526315,0.13793103448275862,0.2222222222222222,0.6016260162601628,0.6,2,High
0.7333333333333332,0.7894736842105263,0.131,0.006000000000000005,0.42857142857142855,0.631578947368421,0.5172413793103449,0.4444444444444444,0.2985957132298596,0.985,1,Medium
0.06666666666666665,0.05263157894736842,0.64,0.19399999999999995,0.2857142857142857,0.3684210526315789,0.7241379310344828,0.5555555555555556,0.6814486326681448,0.46,1,Medium
0.4666666666666668,0.42105263157894735,0.8460000000000002,0.3480000000000001,1.0,0.3157894736842105,0.6896551724137931,0.3333333333333333,0.8307464892830747,0.45,1,Medium
0.8666666666666669,0.894736842105263,0.42500000000000004,0.758,0.8571428571428571,0.7368421052631579,0.3103448275862069,0.6666666666666666,0.5144124168514412,0.115,2,High
0.8666666666666669,0.5789473684210527,0.40800000000000003,0.6619999999999999,0.7142857142857142,0.3684210526315789,0.8620689655172413,0.5555555555555556,0.28898743532889876,0.835,1,Medium
0.26666666666666683,0.47368421052631576,0.46699999999999997,0.19600000000000006,0.14285714285714285,0.2631578947368421,0.7586206896551724,0.7777777777777777,0.6053215077605323,0.87,1,Medium
0.7333333333333332,0.21052631578947367,0.7130000000000002,0.29600000000000004,0.7142857142857142,0.05263157894736842,0.48275862068965514,0.6666666666666666,0.6607538802660755,0.7,2,High
0.3333333333333335,0.10526315789473684,0.346,0.45999999999999996,0.8571428571428571,0.2631578947368421,0.7586206896551724,0.0,0.2815964523281596,0.475,0,Low
0.7333333333333332,0.05263157894736842,0.5630000000000001,0.998,0.2857142857142857,0.6842105263157894,0.06896551724137931,0.6666666666666666,0.4951958610495197,0.745,1,Medium
0.6000000000000001,0.42105263157894735,0.6730000000000002,0.8320000000000001,0.2857142857142857,0.05263157894736842,0.5172413793103449,0.5555555555555556,0.6925351071692536,0.635,1,Medium
0.3333333333333335,1.0,0.8080000000000002,0.9199999999999999,1.0,0.6842105263157894,0.20689655172413793,1.0,0.6962305986696231,0.695,2,High
0.6000000000000001,0.0,0.999,0.724,0.5714285714285714,0.10526315789473684,0.6896551724137931,1.0,0.8203991130820398,0.93,2,High
0.8,0.47368421052631576,0.6109999999999999,0.5800000000000001,0.14285714285714285,0.8421052631578947,0.7241379310344828,0.2222222222222222,0.6053215077605323,0.25,1,Medium
1.0000000000000002,0.15789473684210525,0.15700000000000003,0.05600000000000005,0.42857142857142855,0.6842105263157894,0.6896551724137931,0.6666666666666666,0.1271249076127125,0.6,1,Medium
0.6666666666666667,0.7894736842105263,0.15100000000000002,0.4720000000000002,0.0,0.5789473684210527,0.9310344827586207,0.5555555555555556,0.2645971914264597,0.7,1,Medium
0.5333333333333334,0.8421052631578947,0.654,0.5880000000000001,0.42857142857142855,0.10526315789473684,0.24137931034482757,0.3333333333333333,0.6193643754619365,0.23,1,Medium
1.0000000000000002,0.7368421052631579,0.7660000000000001,0.4960000000000002,0.2857142857142857,0.5263157894736842,0.6551724137931034,0.5555555555555556,0.5683665927568369,0.695,2,High
0.0,0.42105263157894735,0.18499999999999994,0.766,0.7142857142857142,0.2631578947368421,0.20689655172413793,0.5555555555555556,0.37176644493717675,0.445,0,Low
0.5333333333333334,0.15789473684210525,0.46699999999999997,0.6320000000000001,0.5714285714285714,1.0,0.7931034482758621,0.3333333333333333,0.33555062823355514,0.965,1,Medium
0.4666666666666668,0.9473684210526315,0.924,0.040000000000000036,0.7142857142857142,0.7894736842105263,0.7241379310344828,0.8888888888888888,0.9068736141906875,0.55,2,High
0.4666666666666668,0.0,0.04400000000000004,0.20399999999999996,0.2857142857142857,0.42105263157894735,0.9310344827586207,0.7777777777777777,0.15816703621581668,0.43,1,Medium
0.26666666666666683,0.7894736842105263,0.8170000000000001,0.11199999999999988,1.0,0.9473684210526315,0.20689655172413793,0.3333333333333333,0.6592756836659277,0.66,2,High
0.9333333333333333,0.5789473684210527,0.884,0.8899999999999999,0.42857142857142855,1.0,0.48275862068965514,0.4444444444444444,0.7487065779748707,0.09,2,High
0.5333333333333334,0.8421052631578947,0.119,0.772,1.0,0.8421052631578947,0.5862068965517241,0.5555555555555556,0.25055432372505543,0.155,1,Medium
0.7333333333333332,0.15789473684210525,0.7340000000000001,0.3880000000000001,0.5714285714285714,0.3157894736842105,0.4482758620689655,0.0,0.6156688839615669,0.06,2,High
0.5333333333333334,0.42105263157894735,0.18700000000000006,0.33000000000000007,0.2857142857142857,0.42105263157894735,0.5517241379310345,0.2222222222222222,0.20251293422025135,0.13,0,Low
0.8666666666666669,0.631578947368421,0.68,0.776,0.8571428571428571,0.8421052631578947,0.7241379310344828,0.2222222222222222,0.5979305247597932,0.11,2,High
0.8,0.631578947368421,0.273,0.8180000000000001,0.42857142857142855,0.3684210526315789,0.6551724137931034,0.4444444444444444,0.3274205469327422,0.205,0,Low
0.45347394993511575,0.4956249469586249,0.3379813954162991,0.12553596521411856,0.7425558215676094,0.33662007904981744,0.8067510862740184,0.2222222222222222,0.44254244217922556,0.9494323960504805,0,Low
0.7392264883321943,0.5754580003296217,0.38030936959291717,0.9205414441377818,0.7174427616065326,0.2643210174339857,0.5900171260768499,0.1111111111111111,0.43222957506888965,0.5944751671885677,0,Low
0.1704003359095056,0.5204205222481489,0.26843185891800764,0.9766639697681446,0.84114141753069,0.23389447165039026,0.5902088077609803,0.7777777777777777,0.42219369216729763,0.686639697681445,0,Low
0.9118209074481611,0.8284839622135218,0.524719088556705,0.8613611832966552,0.3318123411825119,0.12056555542685972,0.7452907565995834,0.5949585803827592,0.43109285944401965,0.3127477513552671,0,Low
0.5942132288935771,0.20595781228440285,0.17324971279493692,0.9136599216701826,0.993799888100261,0.20138930877933203,0.10494485459648871,0.21257760371151715,0.13850318121349386,0.04107610966174419,0,Low
0.8050237779850936,0.4250187720934949,0.21632581268650805,0.9443136196828068,1.0,0.36445491211703135,0.6740641372876406,0.20547629560524355,0.18766175448977968,0.6024948155316125,0,Low
0.83970523842622,0.8293340603071567,0.055463461312396836,0.8577055887223561,0.7027308164683799,0.4082814287282094,0.04285009841944902,0.008987142746815613,0.2475979305247598,0.3417282212845944,0,Low
0.8160686330688186,0.19721104379003992,0.26965602090074003,0.3052917525713522,0.9277170948602168,0.22321207873854088,0.9655172413793103,0.0,0.33662217966739083,0.4550598033597848,0,Low
0.2927214830808864,0.7002415198364922,0.4275940806687021,0.7240110883370942,0.2857142857142857,0.6155479538477183,0.757038318312637,0.657085181186673,0.3705648113381907,0.8652017230019321,0,Low
0.07672460627863589,0.8381350238373805,0.0692030147449518,0.32780452211742783,0.5929812991685055,0.0,0.5231110338625014,0.7861593941210854,0.20340790152396215,0.8194391634074323,0,Low
0.12225230453938311,0.11401133852153962,0.08201082963417795,0.5687298395327046,0.2857142857142857,0.7719773229569208,0.39641168576494057,0.35180171465658366,0.3064112740095887,0.5031889382109609,0,Low
0.17109211912180114,0.6886339754174976,0.3536199439808698,0.6263971488095091,1.0,0.04122057333755309,0.271284014701585,0.1111111111111111,0.2869006928758717,0.7016381786827017,0,Low
0.7411012106321141,0.9473684210526315,0.08221384503015251,0.2469577336609349,0.8571428571428571,0.17952695296427054,0.5172413793103449,0.9672784503511744,0.41304247574982467,0.924449394683943,0,Low
0.4016674499882519,0.4221496381501656,0.027133395999060103,0.3862667919981202,1.0,0.15921114472756714,0.9306032456926935,0.22175904166993005,0.2542621393199428,0.2996456668774965,0,Low
0.4666666666666668,0.45295525727749314,0.007969250558638155,0.937815503351829,0.0,0.12121447074400973,0.7784620843762247,0.14478610490402055,0.14129542601346512,0.3687773881279965,0,Low
0.4666666666666668,0.3562317717241284,0.28526922968173263,0.6152497970296257,0.14285714285714285,0.05263157894736842,0.1829383099405283,0.26491131459769107,0.333154213805335,0.36434449637071453,0,Low
0.15429976471899362,0.31307383280905665,0.23067076329616298,0.44204913411017366,0.8571428571428571,0.42105263157894735,0.9383207626734157,0.2222222222222222,0.4134919052236634,0.633894355302181,0,Low
0.2225988422215716,0.6271186495615318,0.07549153220849188,0.1999321960831625,0.17917671071324015,0.3247100692979888,0.35651664252839915,0.2222222222222222,0.10462625558638193,0.8,0,Low
0.5278269876543796,0.6755162962963885,0.4835074201852436,0.2698170940740548,0.42857142857142855,0.10743671539958705,0.06896551724137931,0.34251057613158975,0.41621700542006884,0.41731565648151,0,Low
0.2589514802989725,0.11744503110688576,0.02050446134170041,0.2083324012771098,0.7225519853939582,0.1113540945008113,0.06497490360291673,0.5555555555555556,0.03863488969007356,0.5102447060717846,0,Low
0.7718724796288347,0.3172311056294395,0.03602739100695935,0.8863892261940034,0.1127205138880371,0.7576064104530594,0.061691158524698614,0.2222222222222222,0.13766265097103578,0.9628904359721626,0,Low
0.1546845465205102,0.45682798958907084,0.0777189272087694,0.0978648786812823,0.015250866562269197,0.28769577212213565,0.7549394460022109,0.9881382148960128,0.21918552873160188,0.1426147508794209,0,Low
0.17762266234686908,0.7195431647154698,0.2788952970841367,0.6979034987465961,0.9520485621718624,0.01766631919984017,0.09235518358568331,0.5174844156457941,0.41728099655324963,0.7185311055077418,0,Low
0.1107093461472579,0.5441768319890069,0.2468233550025694,0.24422525155308736,0.7142857142857142,0.38533054654830196,0.20689655172413793,0.29562668802320763,0.25878615690572954,0.7692419975973892,0,Low
0.3333333333333335,0.2322424501750055,0.14925928676976552,0.9087063032766626,0.18481381761963536,0.4087241153503358,0.13588086500021282,0.03923907092569735,0.16534888161977657,0.33589182372490745,0,Low
0.8556796565353588,0.7981476395773481,0.18386307683429903,0.8710111690881824,0.9126097691414102,0.20185236042265176,0.2527451828944563,0.7346368462233475,0.24753598751252448,0.860642426241418,0,Low
0.6000000000000001,0.3684210526315789,0.4357694712026141,0.8905798403504199,0.14285714285714285,0.6117700803037001,0.16450362945845,0.35882163841166104,0.44352417404101807,0.14808355506886117,0,Low
0.9333333333333333,0.9300163355357266,0.05766847532181725,0.4885100135988558,0.42857142857142855,0.3824177855244336,0.6368318672438456,0.16312490556350245,0.09498689920005099,0.26010013598855647,0,Low
1.0000000000000002,0.0673320952415507,0.3983309188713241,0.07248621171369485,0.5714285714285714,0.19582579949529139,0.6054696420406527,0.18218387831052574,0.4980961182638802,0.24103450952052682,0,Low
0.3160033424763826,0.9863184282708283,0.21192792166902652,0.6188282679078975,0.17999283755060894,0.2631578947368421,0.06274651861999443,0.6089000304768305,0.36324388362829785,0.9405969917712558,0,Low
0.6000000000000001,0.8610380284466576,0.12943099825569332,0.924086104109297,0.4799603629266418,0.894736842105263,0.12825672693010295,0.16147120520320343,0.27747015911309536,0.5875532179318014,0,Low
0.06451226992602328,0.15789473684210525,0.06115978527114909,0.44392101222258734,0.2903308501585215,0.6757063286553551,0.6462576686594067,0.4408537832100388,0.2024611859900837,0.7659605061112937,0,Low
0.31468243285540376,0.9558268146575348,0.5589819938332881,0.8624998653978085,0.03996621530984939,0.3242478672891138,0.7916670534545731,0.43121621903602414,0.5502544141030415,0.6702378388529687,0,Low
0.345172437217042,0.9134301640269081,0.027822413441744364,0.5926344602716398,0.40320192024919604,0.8514519241187172,0.7931034482758621,0.17653258656975707,0.2651158472686813,0.5136465886168409,0,Low
0.24018545880155331,0.664036383796831,0.25090263412918457,0.5557712946627344,0.0,0.7786545387343896,0.5588125435878136,0.35462826154778937,0.27343098077919364,0.36726427879221335,0,Low
0.9819361571656582,0.7368421052631579,0.03800596684072627,0.40061977901436446,0.8184346224978385,0.05263157894736842,0.3074541182737752,0.4745508491683478,0.24999343934876866,0.30754475130544673,0,Low
0.6577876583184168,0.3964600263628947,0.5233140662790876,0.8307902182647673,0.12383069639660718,0.07366080924585522,0.6965057285177154,0.6518683194195833,0.5093937780748208,0.25565481001789997,0,Low
0.6304801518396653,0.2711789873262277,0.33549478253843845,0.31615240075919837,0.14285714285714285,0.10927370418942964,0.15632422955841868,0.4444444444444444,0.3510284921603183,0.399478072123841,0,Low
0.92143969876041,0.25689808706688244,0.36582788094073243,0.9809608377245782,0.5544376648958238,0.4799440181962754,0.7992553282273742,0.3135106090451278,0.5359746718693434,0.3812127308541534,0,Low
0.4777814589682029,0.2543830587093136,0.5401637401202789,0.8110076200641799,0.05951986539121131,0.3815745880639704,0.790223220833426,0.3981512158068356,0.5461267671502337,0.2616672188452304,0,Low
0.7891783171758898,0.05263157894736842,0.06050301698369054,0.8904729951160173,0.05983391125988195,0.7368421052631579,0.6327827251914963,0.4624805824846281,0.21520791267807055,0.7700802062830281,0,Low
0.21616468963288807,0.2674117604297074,0.2936751848390626,0.47354020961996335,0.1313109359765085,0.44816101636912403,0.9049127704997697,0.7777777777777777,0.2563428406668993,0.6594452896490443,0,Low
0.7057505266548978,0.8686057620941138,0.04905467258173004,0.864302917841836,0.9881787971378134,0.10961833789659506,0.3907239200048698,0.6482781288810431,0.2293547344870573,0.7712763210984113,0,Low
0.3251107657283863,0.3619295518908312,0.21695641281036393,0.8451239415969671,0.0,0.6049133713840437,0.07747162166029015,0.09740683176953252,0.18430621139305658,0.34834930059998204,0,Low
0.5769842411754807,0.33395980959830474,0.012654763617632191,0.9173888489219151,0.0,0.30847974251623633,0.7289270652479831,0.1111111111111111,0.2065603975477572,0.5282540596070512,0,Low
0.5890110492575333,0.5436667643302106,0.13400008223653292,0.7092966852227401,0.14285714285714285,0.7541930801196842,0.8969308425233791,0.9267403283835551,0.117532881645496,0.49258245824883495,0,Low
0.9059163255609755,0.5076326561232356,0.1730086630180487,0.9141039562165847,0.5714285714285714,0.5046707833376122,0.1765935925483592,0.313612248130082,0.2143256510680878,0.5887878581609759,0,Low
1.0000000000000002,0.15789473684210525,0.31385484304463385,0.4257065271965016,0.5396574691050322,0.274863037698146,0.41760031499796213,0.08640025374835839,0.4439334235082534,0.2938248335633573,0,Low
0.6719013115023055,0.5304484038176095,0.36767441761357106,0.9279029762341476,0.43417997660961294,0.6042300043087555,0.6538186263356107,0.05337445354070607,0.4105869425110106,0.8641685430413598,0,Low
0.13235240337770027,0.844428518315973,0.0970027427737285,0.5707040753490731,0.14495913561921367,0.3645489607014485,0.0709950274944132,0.2205873389628338,0.18336325049149285,0.9444850117732926,0,Low
0.19224632331264696,0.7436956268323064,0.20995826472148948,0.05950695587975177,0.32093172287487404,0.617871904230124,0.8580584430927484,0.24961356223601316,0.2991106499915145,0.5140456248894499,0,Low
0.11663855333173812,0.8816455315827254,0.1771433780081355,0.5179055391946402,0.1786316714319897,0.3025206052568611,0.10350644138261075,0.1943975888862302,0.23179396349346046,0.9362352404991625,0,Low
0.4547354435375616,0.41163324489807485,0.02643174677549264,0.19849073857147986,0.8315759504376318,0.18799777873239137,0.47416986699489705,0.4444444444444444,0.10820154768690825,0.4523154747959513,0,Low
0.24388856276086873,0.7445169001859249,0.219062243174184,0.49470041092130557,0.024405111327640797,0.6918853212385564,0.5685342297282601,0.24120397547705394,0.20873958792128527,0.4220835779293486,0,Low
0.6482449415558007,0.9546401546490261,0.13451306711003308,0.8654279392382211,0.8374052945240721,0.23961325017505164,0.7639514708334918,0.6034353923149169,0.14793391918268392,0.8275168130290335,0,Low
0.2581984227213333,0.10526315789473684,0.011872976340820005,0.4284483185996404,0.4194983100585712,0.5263157894736842,0.047623137156552,0.9717725201822216,0.16143085000204008,0.9380884187914496,0,Low
0.8617570843152014,0.4581802662585299,0.02109884645525152,0.9927480565003766,0.13759687605200122,0.7368421052631579,0.48402834026331004,0.3415159705857758,0.10009196872885975,0.7049709521308588,0,Low
0.36430610165316457,0.34024165919986665,0.05030739405996838,0.9583782110103736,0.5714285714285714,0.48072905888424383,0.5585133547309035,0.6666666666666666,0.04378740494573005,0.4594902796077847,0,Low
0.46484373802306717,0.5803865226133682,0.35469921677380606,0.08612893337775325,0.7162388521181424,0.3157894736842105,0.7921605541498623,0.21918400781622283,0.4393289767275974,0.9872656070346005,0,Low
0.9283093959765025,0.28695549274288285,0.376955788579304,0.9833684026889833,0.5606629913782196,0.4578191451889553,0.798300624851894,0.3417065622613847,0.5283076310684998,0.4008552516806146,0,Low
0.0,0.03640602090362695,0.32989973312154613,0.5591560140432831,0.42857142857142855,0.25920298992069807,0.9336256272933356,0.47869840031456534,0.43627304823031376,0.5729285992922281,0,Low
0.2712461700039285,0.5717165736780077,0.26485597479387163,0.16297625185512654,0.5714285714285714,0.23503440657739666,0.6712294387920875,0.059371808336607004,0.42555170003490805,0.39469611749116107,0,Low
0.7833273832979981,0.6184163552352616,0.21272849062226323,0.8185001785010602,0.42857142857142855,0.2762829076994633,0.6637961810527596,0.4722321389477809,0.28638594706750475,0.21000178501060054,0,Low
0.8608777168171764,0.8901666185398759,0.21336139850059843,0.41749024372124893,0.7266906068203367,0.3112192501188233,0.13493675007784975,0.41549969519699204,0.27195088848582,0.46242309558698713,0,Low
0.31702990646509444,0.9344972945777061,0.32399924290253307,0.29363203724926434,0.0,0.25419478607100293,0.1815981307216982,0.6666666666666666,0.3941804572957267,0.5498466821871935,0,Low
0.18174138960478983,0.1535344258682665,0.34597563108886087,0.8529551662371263,0.0391255937040217,0.18672412167664756,0.10674195254181405,0.5859865728809057,0.2739000317640543,0.2433771899161658,0,Low
0.10094416027232743,0.11655757840988001,0.2713038842713253,0.5598377397695239,0.320416971136792,0.32857467357671283,0.7241379310344828,0.08412013356027287,0.2593638887158305,0.6751416240408492,0,Low
0.8340934798068764,0.17075257376044353,0.5311855912433943,0.8635895209042868,1.0,0.5263157894736842,0.9133999242378226,0.1111111111111111,0.49151964457621344,0.9253256923260424,0,Low
0.06666666666666665,0.11982871068479496,0.0882240051074483,0.8710497379537252,0.0688813806656091,0.7133416318959057,0.5160117010109837,0.4751939447790116,0.2151767204880157,0.17432948589857394,0,Low
0.20168177616884164,0.9892081406049197,0.4061642886081779,0.6482651951783083,0.6849935244990678,0.13763873607997762,0.3448275862068966,0.0683484428355083,0.5228737960476926,0.22884864014480424,0,Low
0.9329486827968538,0.9076669832349792,0.5027312482863467,0.8825144243951181,0.8571428571428571,0.34195342741981066,0.18148213640021332,0.305395284498689,0.5734830496901862,0.9157667827635475,0,Low
0.49010728118963653,0.903989716259067,0.0770452865932854,0.3852741382676681,0.03924739957512982,0.3250423478380144,0.5111791514164733,0.7472520225526768,0.20357665540105455,0.9356048847769431,0,Low
0.9171089403967776,0.883830123736418,0.5966820885759769,0.8853156423841291,0.743889664144008,0.0635382973162135,0.1724137931034483,0.7967877115519748,0.559681027077231,0.628156423841289,0,Low
0.12521471116527946,0.18353249105701214,0.1388383605943519,0.528885268034126,0.7316827617886867,0.42105263157894735,0.8746668275021525,0.12464214805786752,0.2933111834448572,0.29457828306926254,0,Low
0.7351997685792611,0.19921029794006018,0.5483438333770678,0.4608958889180453,0.42857142857142855,0.0,0.3522415289358226,0.5555555555555556,0.48977144352033886,0.853505030373972,0,Low
0.26041380429450417,0.8297640874233632,0.22776689159968194,0.9342510304539787,0.7276847050832056,0.46381126993869054,0.28071342770254,0.88367817024542,0.2724418151494458,0.6532827527453854,0,Low
0.3691563309367078,0.0,0.11462971924658064,0.691844282369624,0.533046788282099,0.3684210526315789,0.25733293227411674,0.8076302757805897,0.1834797427294206,0.07328318794936732,0,Low
0.4666666666666668,0.5239805534704945,0.006035936440878473,0.894225220637576,0.0031692488614716613,0.15555950083891562,0.5800869677157788,0.2246871935589224,0.04308603614981253,0.20477815257969698,0,Low
0.8004892835610953,0.13148237824452066,0.14360825398789234,0.8561174280546627,0.42857142857142855,0.13148237824452066,0.03435621976868227,0.22262995852313489,0.19319215109465687,0.11263761100155803,0,Low
0.5936561858104038,0.4461163524625797,0.25666142953164534,0.13038062885137588,0.6462556147444265,0.37342932699178644,0.43513608676051485,0.05819881146788731,0.3234399671528402,0.5390463047087141,0,Low
0.6666666666666667,0.6043338637138163,0.11345086390687513,0.8598981641726248,0.5955183585624998,0.17564510630921037,0.6838403962090518,0.0,0.08334127504235961,0.1447057235093752,0,Low
0.9077036319694735,0.8663744105865658,0.12361997094763666,0.6755620726563518,0.4725396056815785,0.2793566968300552,0.22544076144246913,0.03419747108567216,0.21611716767252828,0.0630832929828287,0,Low
0.40000000000000013,0.44469248450732557,0.21940964338032665,0.7672655429408523,0.11662653360186605,0.45866842876270714,0.9436975355025474,0.8684873039125625,0.23904785739319953,0.5997879257462365,0,Low
0.610675411520059,0.3107326998062878,0.09250195370430622,0.6477437901235187,0.2948646384457648,0.47199861923367487,0.8620689655172413,0.5626724965689283,0.19207907553511175,0.9177581635807877,0,Low
0.005893881557709771,0.4536240822926066,0.1953437621337806,0.7840352775665919,0.7142857142857142,0.2538517659615109,0.23128502713535076,0.5555555555555556,0.3660163165881916,0.43881142436440473,0,Low
0.172242378595951,0.7806699285327088,0.09533091456848584,0.12534542715757063,0.5714285714285714,0.5022486776993385,0.5186520966431667,0.26393927982321097,0.26687422056366217,0.6458363567893927,0,Low
0.9726637264758425,0.6099976787967176,0.2742516431556641,0.5255220942378802,0.227136556733948,0.09315093112699517,0.788631335173674,0.8233382336513737,0.4108154612449623,0.41813743068422626,0,Low
0.22934252673702843,0.34525589994445127,0.11363048482717561,0.14008211448284988,0.8628440094232928,0.17685904048049084,0.1241300056864698,0.1111111111111111,0.14007217714860143,0.15940137901055423,0,Low
0.87726189617799,0.9335996138949881,0.06969911184255047,0.2700535778665074,0.8571428571428571,0.14116542708738422,0.12342980073568706,0.17549602459276942,0.22433680082164092,0.2829464221334925,0,Low
0.14768878240371267,0.43968446272804884,0.5965727736842686,0.671291990416334,0.25495260913490136,0.31175480630113406,0.3448275862068966,0.0,0.4672858433354434,0.16545651492529057,0,Low
0.6961703048068688,0.8377938984696172,0.13206699262886215,0.7475043333238214,0.05151980614653681,0.5936169849446571,0.7806676329991118,0.3333333333333333,0.2227823377277173,0.47844672567381813,0,Low
0.1333333333333333,0.6842105263157894,0.4446652652429477,0.9447798213299228,0.17070790464009117,0.30420112262750276,0.8006958162095672,0.7127926669508984,0.44900046961097,0.9606305834399202,0,Low
0.40000000000000013,0.3106921609829803,0.1708855435580578,0.563346616454429,0.8294717310504647,0.24620750469808506,0.17575341176977152,0.10035011763073624,0.3714318299188097,0.4762720093757734,0,Low
0.35884908586018066,0.6192353987266008,0.23350004038613137,0.8311368143951354,0.42857142857142855,0.10072007576387051,0.16730314263075435,0.4444444444444444,0.27850404169287096,0.6534527424194584,0,Low
0.6692716366543496,0.3168177513109275,0.4911352185480022,0.6249449871549885,0.5714285714285714,0.1661209578558409,0.07166031378036167,0.5577263638786247,0.4414138247764525,0.09597686374538111,0,Low
0.5333333333333334,0.19202774196059533,0.2327354021282721,0.5634528146497384,0.42857142857142855,0.0,0.5037271672255823,0.6231208721713206,0.3136581166473186,0.9195257102202226,0,Low
0.1333333333333333,0.2726386352771739,0.020080804421597827,0.920546577286489,0.5195206173746117,0.5071918064011728,0.4168988632804535,0.5455481072074275,0.08957583163127633,0.21041945979721466,0,Low
0.6739754144722967,0.22783650796070282,0.7303427145262834,0.3598401714451208,0.0,0.05263157894736842,0.762401076451188,0.09892986476839429,0.7319780293951208,0.5382889365125335,0,Low
0.006066806070088684,0.014368751218631097,0.23456749557916526,0.4621717741664565,0.44157172729304717,0.35884188515249155,0.8620689655172413,0.5252215252051121,0.4156475752957559,0.4095552195603897,0,Low
0.04842646884334854,0.2825270966709925,0.32216955845710316,0.5313372023751306,0.5714285714285714,0.0,0.6395588253344671,0.2526225519277524,0.4285374547385084,0.6822639703265023,0,Low
0.12700715908011845,0.42988820272137995,0.5415330801316027,0.5071387113655786,0.41501534088596814,0.08643889056301761,0.10999259405504987,0.9391726325667653,0.6209561372665102,0.6554744630689912,0,Low
0.9333333333333333,0.8761720346185098,0.25527238814597386,0.5469889254152354,0.7002601278331726,0.15789473684210525,0.8519125063619526,0.616565505842655,0.2412845859652428,0.648709402905704,0,Low
0.5213961704537698,0.894736842105263,0.15637172329580365,0.6554020914206755,0.7142857142857142,0.15318269886333014,0.9876512108142446,0.019895271465939335,0.3874500241474085,0.3773900586642782,0,Low
0.7063945935389268,0.25198719522377383,0.46233058197575966,0.6762694311497959,0.7568513502202786,0.13662731068862635,0.9655172413793103,0.0,0.3259846662873804,0.5683266190088436,0,Low
0.8666666666666669,0.7343576551563146,0.31409507879256243,0.9643689320088707,0.20417045313642376,0.5513893538939467,0.94908973365569,0.2222222222222222,0.4143082702099007,0.9595279544796997,0,Low
0.3798427914328977,0.36353023081682156,0.6636810582153335,0.624601917205451,0.09966312449906618,0.47368421052631576,0.8580514862225601,0.26614263810965855,0.7062909932637979,0.2877947660633171,0,Low
0.3061962367565171,0.5468113330011386,0.706514213829584,0.5517490923437272,0.029075460618017523,0.23102185931692798,0.7866935481829135,0.022614247147346972,0.5429303609136044,0.6092943551347755,0,Low
0.6612462410594896,0.5305950728477713,0.5257359255629606,0.5709186936158924,0.3513352582780246,0.34424490484493825,0.2022716802925672,0.0,0.6016681322937175,0.579471851125921,0,Low
0.4140304716729033,0.6814448163098812,0.11705491652191294,0.6220010524585782,0.26315591643124425,0.0443206007904584,0.5408338906909455,0.4444444444444444,0.25942291992318295,0.5365777702765904,0,Low
0.16918903217538628,0.43719753810243117,0.13764034505835593,0.8508917741315397,0.066023502481315,0.06479380308866328,0.6234393216607387,0.30765752681282194,0.2596309609140518,0.7118917741315397,0,Low
0.6044157318567911,0.849077471352828,0.4997092147597046,0.8981324719557039,0.8476805745925905,0.10177705379727021,0.18154979004853322,0.4297253382551409,0.45490844481114784,0.7487075821040727,0,Low
0.13639075109364215,0.6842105263157894,0.22332215082672752,0.14526397581373576,0.15596036182989512,0.05987283153757362,0.8652318114761816,0.11620680737829255,0.25220200024539774,0.31329976725734354,0,Low
0.37472037896147287,0.9346520332187271,0.5899664454753767,0.7754965881728677,0.08868652634601304,0.4337690194128517,0.7455450236007617,0.3486203274148585,0.5130334206197289,0.7367281989547732,0,Low
0.8203448789032782,0.3340743899066007,0.5646283855407426,0.8589397206016796,0.5217980845392265,0.12354807411712707,0.2595126178533054,0.0386014898028238,0.5307413362987297,0.7814784078636685,0,Low
0.08060871940523426,0.1358809693601564,0.05591009014286409,0.4787687412580498,0.05975165459386119,0.06604130244584658,0.9150373952569103,0.1111111111111111,0.23821170635762282,0.624639155375496,0,Low
0.3545733158591303,0.14951053321350122,0.36404508597695207,0.3801417965925304,0.14285714285714285,0.044247375318764375,0.6351844850182159,0.49115000728091796,0.43563957876240084,0.7565929986894347,0,Low
0.6016459754246424,0.6123024820091484,0.4039507605963204,0.24340744884712878,0.47736617292236355,0.10526315789473684,0.06896551724137931,0.2953818655048283,0.35321609854662317,0.4797735618298954,0,Low
0.5691508944476048,0.6276564824511505,0.15655283899943118,0.817930995508817,0.6481804881020099,0.1500498070075642,0.2490889827684283,0.051415175920658876,0.18406345404711663,0.6254337566799396,0,Low
0.7439682242710477,0.6842105263157894,0.1686505864402978,0.9027368831571871,0.06573130842622457,0.4536653959499623,0.7909892845234726,0.32447092421857154,0.19831017432714754,0.9615029789745893,0,Low
0.1836198878564975,0.065563246429081,0.14509816374564435,0.3829975994979999,0.0,0.0,0.945352892898305,0.3060331464274957,0.30739219613870017,0.6918672548328815,0,Low
0.6799599348119624,0.894736842105263,0.26814681346288016,0.6803927882661535,0.0,0.7262683438562714,0.6069898069031907,0.3333333333333333,0.23486589576932393,0.5290180293346168,0,Low
0.24651117157979555,0.17380696980542465,0.46193032154193997,0.31372305215395113,0.0,0.06364893185327752,0.447471577136873,0.25581471403367423,0.5555437728873643,0.9391865941042454,0,Low
0.9213288485100468,0.21475808600504162,0.03047905818710985,0.9792412109022876,0.2599903896643859,0.7799964593500369,0.17174965502904427,0.24222969692769983,0.13998173757246798,0.9254815001039429,0,Low
0.7797667644151386,0.400368266712939,0.5122830879901907,0.6287860058649084,0.32907121911041726,0.23592143848081024,0.9372071999090508,0.2222222222222222,0.5555161919026314,0.7784620967875533,0,Low
0.7725559190428314,0.8730704624022353,0.4201042966521212,0.6781166121435753,0.1176174898164366,0.05263157894736842,0.38132089902716004,0.41833515076971284,0.3585044691174174,0.0761573246561427,0,Low
0.8499090139805892,0.026459451609596396,0.17222394729610954,0.45249181125825294,0.6963310864077737,0.013229725804798198,0.961183365684635,0.45840915501617585,0.2756674365609631,0.9198635209708834,0,Low
0.6384120182880704,0.18982380968681453,0.247,0.48474248987555796,0.5021765792663158,0.4768918010240444,0.20689655172413793,0.774391987807953,0.3796077061260816,0.10137124493777898,0,Low
0.4666666666666668,0.46660798665002745,0.4574200685656907,0.118,0.14285714285714285,0.1607252263926206,0.012053981361677402,0.5525678165855672,0.4639324508165099,0.7621511720583917,0,Low
0.8932043069639362,0.8840068004693725,0.09633934847894915,0.4653974103451779,0.6574193422201371,0.3587096402277727,0.944760848429622,0.20064513184698674,0.27756335496676354,0.07907741582163841,0,Low
0.5184100622729121,0.660647466746703,0.046251019667943545,0.2634937354955598,0.7142857142857142,0.0,0.6628913471002179,0.5058113186874843,0.11961477899371438,0.8917154719771896,0,Low
0.5643581273688899,0.569567928254971,0.5820084291890659,0.6398580703569761,0.31117276616507866,0.3965593731298238,0.31410183393869817,0.01980104035061675,0.6394723280814644,0.6219805786580002,0,Low
0.7309834744355227,0.6171270073216807,0.06228198306773728,0.42965098746688635,0.42857142857142855,0.0726489742783972,0.8715374779616574,0.6283241524641793,0.16814294181362285,0.32295908906046256,0,Low
0.8203174380689756,0.8421052631578947,0.05086666900275754,0.8985047755875799,0.7639456020689547,0.5125313722322851,0.14236458380497075,0.0,0.2475979305247598,0.2604761571034633,0,Low
0.07302760296369969,0.1545468756331405,0.06610280391158631,0.4567070928598044,0.2902578116407379,0.6875583875247542,0.658462553257086,0.4373767374477411,0.20708090772248083,0.7706360936297033,0,Low
0.20649537456098788,0.9422404937676412,0.3650567322766961,0.6754871530920742,0.6358978129703702,0.30742142970799263,0.4772761091190296,0.0,0.45663809850966575,0.34199948529544466,0,Low
0.4712564671643365,0.8666092892772356,0.4107615852272096,0.6545576496267478,0.14285714285714285,0.47368421052631576,0.6480503095725814,0.2816026115258359,0.4207218334903457,0.8461962306718541,0,Low
0.8384022708608038,0.6957917146652668,0.25571198296854397,0.30011770075343625,0.0,0.14631354849262793,0.3717226697020666,0.7382231684142236,0.45896037550899216,0.6220217457242428,0,Low
0.6878232140874816,0.3046544487258869,0.16690830324434452,0.2504598096506785,0.31593792488687833,0.2464553572993567,0.2994017858168199,0.7660241403217695,0.3279396864734979,0.7321650147669685,0,Low
0.4495002135600476,0.37519728412103387,0.04215352416024981,0.34532268259384047,0.5346433147715303,0.45335551605795094,0.5995256963758252,0.7777777777777777,0.20086393360054247,0.19223109783846618,0,Low
0.1559867315586459,0.5620843129873356,0.08331069659317106,0.3009522423124903,0.14285714285714285,0.33316313227948186,0.367593069883459,0.2588999459233506,0.17717602172939803,0.8462139318634218,0,Low
0.28810551764533543,0.6202195975368268,0.18877985494215888,0.8229683532874474,0.9540596050457101,0.4379780402463173,0.9310344827586207,1.0,0.21770433676127882,0.8469604308829992,0,Low
0.9210279218361672,0.9902852014496056,0.24684692361970642,0.9759088213089028,0.02636873892249888,0.5166009909232898,0.8021267348334493,0.6256486283427795,0.32527064204811335,0.049614529311437304,0,Low
0.772951535314569,0.10526315789473684,0.19567251499342755,0.9128505749224174,0.5026935151348152,0.1812334832720463,0.6180890198698336,0.5062848686479022,0.21856458743224536,0.517171809108444,0,Low
0.8708902767525499,0.0,0.042651340928797465,0.2303445260758996,0.8571428571428571,0.361752194601237,0.08191618738593676,0.076420524121787,0.24480190156456352,0.6019006245386475,0,Low
0.8372190045157539,0.6842105263157894,0.18009575927344254,0.8379533719458109,0.5714285714285714,0.15789473684210525,0.6367251365295936,0.11370155856605804,0.14354292756204537,0.15976685972905477,0,Low
0.3437985121810797,0.495410481286618,0.536517504741985,0.6439303038864308,0.02242538324517053,0.47368421052631576,0.8458298948914282,0.31589136858708955,0.39751898281187675,0.8258720085555425,0,Low
0.38363812869894315,0.2562180054880938,0.40117227718176957,0.1713320913481145,0.0,0.05263157894736842,0.09106902609291406,0.19495243672046056,0.40515888016711754,0.4606592894786311,0,Low
0.1336793365844862,0.00040974069215472,0.09783559785153417,0.4975942605838552,0.00037071776909236576,0.2635676354289968,0.4824006862919108,0.2222222222222222,0.3208511352908329,0.5043382687821701,0,Low
0.1912200738023724,0.6523735094154336,0.35753763837944835,0.5668301107035587,0.9811858724336553,0.05263157894736842,0.23683796920812367,0.12574432144049036,0.28269203273720456,0.7489509667889324,0,Low
0.2779356010240911,0.48702900121273923,0.08369034015361365,0.513859374168975,0.2857142857142857,0.3943630502061004,0.514326999735149,0.9718276641064394,0.16216540727043022,0.9292258503840342,0,Low
0.8268481278496381,0.9576082191847821,0.214638106848424,0.30534982738440297,0.6289602739635098,0.1900467195251725,0.055547850723388886,0.510808675806159,0.34510449838318186,0.5865372739834231,0,Low
0.2036648011021826,0.6308556313614113,0.08545273333915188,0.19254324156188235,0.14089385655240216,0.31723610569822996,0.34624927628963986,0.2222222222222222,0.10822025722776274,0.8021988806613096,0,Low
0.835772709732489,0.6842105263157894,0.5311224739527459,0.8279018476494188,0.42857142857142855,0.0,0.9175783426883447,0.5392930462278521,0.5873306837710949,0.8306091224815201,0,Low
0.5232055678809912,0.8181184502444525,0.6667853691762318,0.9564557494453554,0.16455949739787623,0.47768201267855614,0.1724137931034483,0.1111111111111111,0.5429400792171435,0.8298710661634697,0,Low
0.14907443554116026,0.829678077204347,0.07990369409684135,0.9309157232375717,0.6051595047310577,0.09283597194118924,0.4870706482088496,0.6929018370130449,0.25836551291159904,0.4386815586267198,0,Low
0.28532441512085055,0.14526081099671503,0.0474789744055645,0.212393757251262,0.25142220127679793,0.5536795167302722,0.45518010190731284,0.026671621229157158,0.10413280329516081,0.5093859538153395,0,Low
0.24375525132451142,0.0,0.1728139178576181,0.12643721642847633,0.1517902154210097,0.42434376357616144,0.27263637247089456,0.6076371384473851,0.1979426744223086,0.5893721642847639,0,Low
0.12256345438837374,0.15789473684210525,0.05445393365756954,0.49951226956345096,0.24578800877020923,0.7283395692539791,0.7515461857270811,0.47549821540094833,0.20803528678324953,0.8189096892564937,0,Low
0.1333333333333333,0.0493504546046715,0.2460877233607126,0.574825666911567,0.267902467853931,0.3125083493415136,0.7090900159455624,0.11803792916791571,0.24938740601526824,0.6690902615605328,0,Low
0.7431826061270816,0.5418672728322343,0.048855381171337586,0.6577749492783708,0.42857142857142855,0.14414186629111228,0.8315022568469875,0.5391401008993082,0.09057642169751755,0.20073869545953113,0,Low
0.8844155904783306,0.2841763571453913,0.28926300179093045,0.9704285654264528,0.7333024183696397,0.635167447362508,0.8781907684706927,0.014790769843053138,0.454823819872467,0.32832792321468696,0,Low
0.3333333333333335,0.5460174216214033,0.7489652630515236,0.5185855801271703,0.0,0.3290177883361408,0.7370458969243676,0.03475938828851877,0.6353439896931271,0.5639705139859161,0,Low
0.3437039551577582,0.31929705451588275,0.23777813609980533,0.9230669834987754,0.022222761052338752,0.5707600354017699,0.10651432039877926,0.09382674140373652,0.23426236886315946,0.37122237309465483,0,Low
0.9333333333333333,0.5524295957939933,0.07921814725671275,0.7374501101611164,0.4643405382844875,0.3421456597885697,0.7328247875847264,0.6944870853323791,0.14186262542005884,0.7712902956390983,0,Low
0.5898426157554687,0.9457646235403371,0.40098627096789224,0.9486094430546721,0.29442061506674116,0.6810029312912005,0.48906320401384706,0.11449690585928823,0.443661677290911,0.9840858354179922,0,Low
0.524480998738315,0.5719586832144591,0.05019154759276294,0.7085899026495389,0.533489994592778,0.1788607924618858,0.652741211464722,0.8888888888888888,0.058135173643383026,0.803631026230143,0,Low
0.6708293341586251,0.08991017587296057,0.07270733353965626,0.7880076784154397,0.10118476308375013,0.2412322798330262,0.08908321782163786,0.8564770379540279,0.04851802921454314,0.3754146670793126,0,Low
0.07943276650081649,0.8421052631578947,0.15217731066003268,0.47848255000660855,1.0,0.49608028986648717,0.19320124715503165,0.2892040186106575,0.21857916061721347,0.10609926586235711,0,Low
0.2736579444354989,0.900256271922762,0.4905468033403111,0.9560449150152971,0.5864098809332116,0.5458307895160587,0.7005037068826705,0.2222222222222222,0.43724443337443336,0.921441866709606,0,Low
0.38249368040625475,0.43222187464639245,0.06459696659500228,0.29905660998220096,0.46608497055802584,0.23816787304275588,0.5698341237176676,0.36251053265624233,0.2438404814272796,0.5835421193101711,0,Low
0.9333333333333333,0.04303769060652852,0.0659641413573512,0.3176456775695192,0.6235096795645594,0.3061955853433706,0.18803959877834917,0.3836831516191251,0.14732240486451373,0.6177342581771393,0,Low
0.34186201226917834,0.9541015886335616,0.11283254410986478,0.8805478808582228,0.12458140228033246,0.7570416080059483,0.3730974296584201,0.6666666666666666,0.23380554577586854,0.6830810472394349,0,Low
0.5681419971755863,0.3600373676777858,0.1972215279805442,0.7440530205366388,0.12010142655399016,0.42710684730813064,0.12694551626744352,0.4621433349024521,0.23888583810418842,0.37592900141220686,0,Low
0.0845075324090779,0.6795155616467338,0.2083846848832654,0.07369996185332194,0.39034100198054733,0.7321471405941022,0.8023314822805576,0.3333333333333333,0.25208122272906125,0.47943742847497856,0,Low
0.2047114085354032,0.6108424574761352,0.12022261759165848,0.6008091950310377,0.21933365200221763,0.44550865452549876,0.44583892661961905,0.3928150626683915,0.16215241252438306,0.56121023422163,0,Low
0.8155477607699868,0.7613912012157685,0.23591157525656967,0.1313426870760159,0.10954051263574269,0.38776237469217845,0.09881832042753137,0.0,0.3527326289915549,0.7287099277265735,0,Low
0.8876097514295653,0.9308344067661326,0.3003331658653219,0.38432584511610446,0.5714285714285714,0.1398459545116705,0.0,0.4825474293642511,0.4813974320883835,0.6812829254288696,0,Low
0.8947939882861113,0.3711610587967835,0.0778134750801667,0.5311919538070139,0.9322900083670633,0.25767788240643286,0.13434068157662843,0.16955889539660485,0.1453290098247208,0.5581507514642361,0,Low
0.047347240437240624,0.5076260893010892,0.06686114077866569,0.9089714602459101,0.42857142857142855,0.2700329378776752,0.34933192481640785,0.2616782559199227,0.16608009538613766,0.19971460245910266,0,Low
0.4666666666666668,0.5789473684210527,0.3056788111252484,0.8231563865155723,0.19302530852977484,0.06829714108332378,0.27586206896551724,0.144182853398128,0.26099035708782503,0.15026765739562636,0,Low
0.03197214011695001,0.5977407743305132,0.2411111059052472,0.863834748757867,0.7142857142857142,0.21267556823639472,0.3391950625528966,0.5555555555555556,0.340574113115762,0.4114292528772025,0,Low
0.749826769723833,0.6711893923232899,0.509054066987158,0.9171891866025684,0.42857142857142855,0.2016632121353506,0.8419241556995114,0.5742665521587043,0.47985765080994647,0.43178792785998366,0,Low
0.10175700328067826,0.15512052113577113,0.3596867231494511,0.5822115863286748,0.5338317821992733,0.013851448663425636,0.6751401775045008,0.2222222222222222,0.45622009482415504,0.7297401791828648,0,Low
0.5256343645399417,0.1994058594606414,0.8961916082766939,0.400629772593726,0.0,0.11134129115267762,0.5318130117412285,0.09827949645545835,0.8978589771355956,0.505,0,Low
0.694230971022616,0.43927061782331767,0.06607716522713929,0.7350009443858432,0.05906636647703441,0.811234977123118,0.5815639429864686,0.869658792297609,0.23974457484024247,0.5487503934941014,0,Low
0.02903609716515724,0.24958767525839132,0.1175747713373094,0.6628996458237248,0.2857142857142857,0.38455917749642504,0.6763189222366949,0.8118471524924529,0.16187542758461146,0.13660253765407543,0,Low
0.07575452519025785,0.8421052631578947,0.15203018100761034,0.47123641462480803,1.0,0.5047919140230734,0.19383542669133486,0.2912474860054123,0.21828011660822497,0.10674295809170486,0,Low
0.8449929111829224,0.42105263157894735,0.06736596175822603,0.9025923440775561,0.7607294760365948,0.7355431050930784,0.39009537347035894,0.44307327759824955,0.07697252973329081,0.7090744623788184,0,Low
0.17992947942900242,0.657987527067102,0.3528256007975976,0.5854190405541694,0.9856639138778589,0.05263157894736842,0.23791887576362108,0.1111111111111111,0.26759908816615396,0.7575440753568734,0,Low
0.6810073629724763,0.26514611112988756,0.6757680719845883,0.42852886556055014,0.05606353967234673,0.05263157894736842,0.6848428199430546,0.0,0.5427106616620216,0.6454511794298176,0,Low
0.3984941747905747,0.5906192514380669,0.41775770749093727,0.9283080072857982,0.2857142857142857,0.894736842105263,0.060539546363287774,0.027150350607183835,0.4118401466516148,0.7983470266803018,0,Low
0.36631620623645483,0.4999077735709968,0.12534754971285783,0.670442767915963,0.2857142857142857,0.3686055054895852,0.689050930292738,0.9446391446834511,0.18945308698547464,0.8926138996398189,0,Low
0.5113101012479392,0.7894736842105263,0.05250943960442604,0.25734124323051355,0.9528073598170123,0.5437025516463638,0.4482758620689655,0.40873400831959383,0.18294775965504673,0.9037959854014583,0,Low
0.4843488469973669,0.5472552135495132,0.6297777861462245,0.8949713333185466,0.13338454625141064,0.2561780867115657,0.4183660811200086,0.2074870719466388,0.6143363966217723,0.6016308176240125,0,Low
0.3338356242089385,0.3688175980596881,0.32210755138070907,0.4964047853124082,0.0,0.2611751675962961,0.6191308214205363,0.5555555555555556,0.2960919096161803,0.00733565257156317,0,Low
0.36337770636167055,0.4381053477296008,0.13217208516370796,0.2624772894124273,0.539238171755353,0.21052631578947367,0.6629425102659492,0.1111111111111111,0.4176821295371336,0.2628866479199385,0,Low
0.2551189398913526,0.6123496410697864,0.007749638655762756,0.22465212281979155,0.662091882903706,0.38765035893021355,0.4389901254947626,0.0811904043720128,0.18834631604299062,0.590567750492439,0,Low
0.8975619601617477,0.6842105263157894,0.08729296844690679,0.49195164286955145,0.9303128855987517,0.42233581044118546,0.6593759307556075,0.2737143780473571,0.2849677418050798,0.35158674422644665,0,Low
0.009945498810923582,0.8342535535703235,0.6374073286146597,0.9565640292152096,0.3283378520468153,0.023555128762713762,0.16365215209721617,0.0945352797595718,0.584526550961711,0.9114339415131328,0,Low
0.3333333333333335,0.325040802583173,0.05189806544297788,0.16390988620861296,0.5463178215599589,0.3157894736842105,0.626750870657941,0.47374031929115906,0.12283606105950003,0.4118168563189784,0,Low
0.348230636464305,0.5789473684210527,0.1308856715191828,0.9252011877016024,0.8848764447512651,0.1783300119219849,0.4904641223091233,0.5091561488640632,0.28105159336512886,0.7280586488674115,0,Low
0.6074204652475967,0.7777571601353737,0.38166607906385813,0.7520176280842555,0.4444724255305644,0.3625627905940026,0.6187705693325181,0.1111111111111111,0.3980488252109542,0.6283303953192907,0,Low
0.610512397646788,0.6759112650156937,0.14098016664667273,0.7756085930123419,0.1203305764711688,0.3601217913314832,0.5807694494930407,0.40940311895515147,0.1521985463838555,0.9434628070596363,0,Low
0.5539875244831386,0.48727249417750335,0.019891586760972736,0.23343550881392983,0.9852470063215678,0.10254550116449931,0.37040767622853227,0.45018171976383475,0.10088501763367393,0.47516354778745123,0,Low
0.40243233085711494,0.6784497427068332,0.42261690789000445,0.8592271428228893,0.42857142857142855,0.2593173723308713,0.10533542911327873,0.44241750206351543,0.30577590040965713,0.5324627349928288,0,Low
0.2868692358422387,0.9633178177701883,0.6478483448602291,0.5437552865378652,0.9134175606761203,0.07974698358778382,0.8693846258804936,0.1548803249703159,0.6089931355730286,0.10530249505381739,0,Low
0.6661177736203456,0.15832807345762193,0.012186623635749197,0.04074649454299678,0.0007841329233159167,0.5783695862670304,0.034672032084938326,0.11080617052982158,0.25663952664056655,0.04008233395694817,0,Low
0.1862147017298694,0.45370202221873024,0.44185252713523465,0.5077660585060024,1.0,0.0,0.14862652451992886,0.2222222222222222,0.5072180976225711,0.1325847434256495,0,Low
0.4383998945203775,0.5343156229269116,0.040168090185077415,0.3004641360687133,0.51085691682938,0.3317891405906652,0.512000109116851,0.26933350913270443,0.17554502299860414,0.7321597468489056,0,Low
0.755361169843858,0.3466830560751399,0.6534878699741329,0.7517998017980656,0.44037205527349543,0.16658993546468087,0.04587646716061633,0.12946764153654852,0.6211866268120699,0.8310009910096723,0,Low
0.06843333546586845,0.0,0.12547700057578448,0.135904599884843,0.0015142875421729762,0.36897894804185316,0.03685862355754725,0.6660777770669327,0.10075757693969054,0.6840459988484311,0,Low
1.0000000000000002,0.10263864873106762,0.4585761417700674,0.7898611490488937,0.5714285714285714,0.2710314222278497,0.18359058212803958,0.3361036485616508,0.5724774242455548,0.62174529859384,0,Low
0.4314830891850904,0.3148156609746089,0.5209647314369327,0.9766484536118339,0.07275017439160221,0.23927663703716198,0.8470606394892589,0.5534997287241743,0.48612807133668184,0.5046299511703514,0,Low
0.39598182157650474,0.1287259049075553,0.4280727784351518,0.16125397248381643,0.039586271911174906,0.014584415967274965,0.6377219010484144,0.19143289962464172,0.5604236662561729,0.8817475315946132,0,Low
0.30944819642044713,0.047141717591223015,0.012612246741619839,0.42566891785226835,0.11726592473619321,0.23881134634420748,0.3731331542466673,0.1111111111111111,0.1570508346824993,0.02731292209730029,0,Low
0.9249219388897477,0.13489923464878384,0.5085515203327665,0.7134787794592543,0.6116489613090637,0.2335218179827951,0.14328868318998833,0.42718090972114875,0.5589024678032232,0.6734931185410549,0,Low
0.8573235381213572,0.7723780873802395,0.37785327359388915,0.7465605877127187,0.5714285714285714,0.627890870311062,0.13068205543898403,0.05166258532834327,0.3650859497882218,0.5776422862705688,0,Low
0.09844129894176078,0.13280950083545198,0.0734388676190339,0.5187267277776977,0.2857142857142857,0.734380998329096,0.5072560221676652,0.3914867239859542,0.2628545564529624,0.6174817650795482,0,Low
0.3548556588396502,0.4125569767738223,0.14224014077707015,0.2644015883079007,0.3318335546563929,0.3412764380995855,0.6729568164175129,0.7777777777777777,0.15102339757816016,0.2596653430767494,0,Low
0.31796897594021645,0.032380667392019856,0.17829111673324688,0.13522651505255456,0.3150110800213513,0.46289065472897584,0.46154370067419387,0.5099827644112314,0.253783632882232,0.5337108584209243,0,Low
0.7311996044336154,0.5296848351048175,0.1696963144752755,0.24557051580220468,0.13828486664346204,0.3157894736842105,0.5851032436725597,0.3297771185004704,0.27749358814184144,0.9008392286455504,0,Low
0.08593650141088344,0.8268922357282499,0.04757095658998014,0.3666066488517119,0.612721074451893,0.09127816457786897,0.5716584497353967,0.7135449952970552,0.16527154525131055,0.7938690598545934,0,Low
0.053366204844112,0.4211823875425474,0.35878323552950286,0.8171723879309458,0.7142857142857142,0.042131214350614746,0.6691015372859808,0.6223317939248177,0.36335967463296936,0.6289285044640563,0,Low
0.8527505632603025,0.5292111192213709,0.14276865142944703,0.5772298422871154,0.8571428571428571,0.2909213490843696,0.48275862068965514,0.36263920181127907,0.2542592829217786,0.5980746057177884,0,Low
0.15671999227296118,0.42105263157894735,0.42341191682418705,0.3553420825962852,0.07569143188301666,0.23527157772730964,0.9086482718653247,0.28772445217148335,0.5132666339159737,0.232161605563468,0,Low
0.5219280255051852,0.8357005112140351,0.40015173407004445,0.7747902292878222,0.5122199726730158,0.33760316796257306,0.6711672248888889,0.14364110048395062,0.37603281514777054,0.6314638495217778,0,Low
1.0000000000000002,0.2753800262398506,0.15578229806348493,0.8002729030699214,0.9668256430632627,0.3684210526315789,0.1804213965019711,0.1111111111111111,0.17573054810217426,0.702394797795782,0,Low
0.8058193453059784,0.6269847273900171,0.30023453603197875,0.8253323750855328,0.42857142857142855,0.35923261267477097,0.673232450949588,0.4444444444444444,0.3408398797891003,0.21765707604050294,0,Low
0.23536798545311574,0.7641216773198969,0.7293773964513466,0.8223662373815609,0.0,0.5263157894736842,0.44911778708404787,0.0,0.7403509254856119,0.33707534516217796,0,Low
0.26213428948379575,0.0,0.5313571904073254,0.8978762453080524,0.42857142857142855,0.1016849653819439,0.8275862068965517,0.5328936696412003,0.4499766080121602,0.9062607888241314,0,Low
0.19999999999999996,0.42305649597481354,0.12533853363879668,0.8432183495526866,0.04580602745135918,0.08638338864836992,0.47432774672011724,0.2977064230933873,0.245949200981984,0.7269839451960122,0,Low
0.5874822536589469,0.506550926829916,0.14598219285334782,0.3064452196583582,0.2857142857142857,0.378303483953463,0.5517241379310345,0.17709812195087765,0.1511855208295645,0.20919279597620974,0,Low
0.25641016050329873,0.933603208579989,0.1973077512904713,0.8830154352542584,0.14285714285714285,0.6372469181331415,0.3665782592582794,0.07008550205445599,0.16592191957154312,0.8790768770415833,0,Low
0.27276427037078677,0.5693195730987578,0.2624877382215727,0.16495737283387663,0.5714285714285714,0.23443515643258417,0.6708368266282448,0.06063689197565559,0.424760672127565,0.3912803916657299,0,Low
0.4064804157250872,0.0,0.16529716434680575,0.5770727216453572,0.49305669743740665,0.3684210526315789,0.2380273711766791,0.8387336797709058,0.3053416381859366,0.06628492205154617,0,Low
0.3829739932963258,0.33953042211110646,0.14465174496532912,0.632457701345345,0.4930111457301461,0.09496379370758372,0.5016869648237579,0.6165468866543308,0.3282675120398234,0.8773382969833465,0,Low
0.22689739497736477,0.4529048098416162,0.6583401674487491,0.7117345056331665,0.11403850538139487,0.13711533615740565,0.8687268327820364,0.08869661529664045,0.5161164509993676,0.4903460924660472,0,Low
0.34049528581860006,0.5927217793937193,0.6670194175950553,0.890644575723674,0.09779593541140476,0.3129623871768684,0.3811625739186034,0.15212701063996295,0.6132682963865139,0.6927828201572517,0,Low
0.7589948814200935,0.47368421052631576,0.06789116533017624,0.8761837399763219,0.7017331269653346,0.5170665146060361,0.34785752107733303,0.7680146543063714,0.16891034073044156,0.5698327461183461,0,Low
0.4185099697922695,0.34650135156178624,0.06810598187536168,0.9276279093581908,0.5714285714285714,0.47368421052631576,0.6005680800112434,0.6358167170128843,0.08077243364967074,0.47307030210833534,0,Low
0.4664859400390448,0.6314362684518774,0.15862621776471017,0.8776530048749659,0.0,0.21095435253910466,0.3095969932650125,0.33363454437936996,0.3140065783682277,0.29495933650878503,0,Low
0.06666666666666665,0.3438534601806986,0.24419018294501174,0.4770629037898648,0.8238011245309481,0.40262693724078713,0.9534452347439639,0.2222222222222222,0.40739306885262483,0.5712477951893739,0,Low
0.6351222532632073,0.5596931049863441,0.0908345405084854,0.8636583100525945,0.6390237430074132,0.1329912525762162,0.7875516278038398,0.10514804467819827,0.1414592969408274,0.09429340783169725,0,Low
0.3333333333333335,0.5661729911899542,0.4467627351319799,0.2912732225726701,0.11254231969833181,0.3460838145145603,0.9185038374598287,0.1548775687715735,0.5555363617966468,0.09515254702639596,0,Low
0.1626649233489842,0.8096246499947045,0.05321155184889321,0.3053601568985915,0.6008157928619339,0.0,0.5730045396586418,0.7320643222147694,0.17725745546424598,0.8413140802518445,0,Low
0.19999999999999996,0.7782421841985857,0.19395031601270488,0.5301834667852787,0.8723856071590622,0.0,0.15769665515676745,0.8651779444192363,0.17605378809986535,0.69,0,Low
0.570145492003291,0.18932053473337795,0.38291969292496925,0.6482112498779926,0.14285714285714285,0.3369952547403062,0.03963008758563949,0.4610302822203939,0.34281959946843304,0.9,0,Low
0.916398301703248,0.7368421052631579,0.07757245854012312,0.2887118481755897,0.6417070072996337,0.07937110257381914,0.22441554996215737,0.5555555555555556,0.1476848424964011,0.625885604379282,0,Low
0.9727654471376057,0.25352824136167545,0.290511097576155,0.19902219515231004,0.8832804877325952,0.12676412068083773,0.781953952980112,0.5101646341182314,0.3405882006410219,0.7388092378289121,0,Low
0.47113746219333646,0.571888217589469,0.33712635186790685,0.9498658761341999,0.4381517047000064,0.05969072977895214,0.43229294700690907,0.6592153407888838,0.49504142069727036,0.3368932781169877,0,Low
0.13272863176382602,0.3157894736842105,0.045036282094170474,0.34476192397757904,0.8571428571428571,0.21100371176540048,0.000312776673883082,0.558579063403092,0.0540078079736444,0.27,0,Low
0.9453328506524702,0.7463154084098448,0.2311049656089885,0.899640014480426,0.2857142857142857,0.19026344369261639,0.3855169917167949,0.3788892911229416,0.30932707806827153,0.5761747013412158,0,Low
0.025281905664253354,0.0798375968344843,0.5457530809228146,0.6288355986735477,0.48274694070911434,0.13068871895498937,0.5564719225824621,0.08427301888084453,0.4769539425969641,0.824673568383145,0,Low
0.3382367050940194,0.3761632185695041,0.21843986426256218,0.9113239103753853,0.010507225201469822,0.5712052024831276,0.07403797078691647,0.12745568364673085,0.1933510556127895,0.39184596038975544,0,Low
0.818560229949915,0.8800840289869092,0.34834696890033556,0.7057379932143545,0.0,0.09659001830242991,0.3583454222842626,0.586489272138747,0.36662605199254117,0.011136137969948914,0,Low
0.0762855954594842,0.4812781016785401,0.07905808216720994,0.41105439622267964,0.0,0.4337091168326546,0.995024692003715,0.016031547988029228,0.23031565840395593,0.47063075928832854,0,Low
0.8229695630169499,0.4161880215135302,0.02356302896350284,0.8735964359708472,0.93757556621469,0.3042902358816534,0.5204285376290664,0.0,0.24428795653876573,0.21147104802909666,0,Low
0.011470607521500538,0.6242260823217127,0.28065438428186174,0.40842939903580977,0.7634454608064308,0.23769354412986968,0.8394523526084489,0.18398686381722043,0.3967283941326347,0.4910145814863215,0,Low
0.3000669233020419,0.6842105263157894,0.34372841723509157,0.30565760437630835,0.7858576927900895,0.30265799604027965,0.7155345491298384,0.0,0.4216281282833459,0.7313679523198487,0,Low
0.35990742618390326,0.6632309793284975,0.12665693289689955,0.49110094601677634,0.2570767329885022,0.1263645125347878,0.5034961588703949,0.6666666666666666,0.23780556975422673,0.9780069430362073,0,Low
0.23169320200522625,0.885533298773305,0.30947539803007834,0.6450265353385596,0.6213906638020579,0.4644806671943577,0.5319377272494887,0.0,0.3936730607671559,0.4675964745110486,0,Low
0.19999999999999996,0.7698521066538796,0.2028773585202722,0.5549719508911128,0.8837721409697348,0.0,0.1467027604430146,0.8474655584915235,0.20156198025075123,0.69,0,Low
0.0,0.012404828740263144,0.25283190508498493,0.5016971600041902,0.42857142857142855,0.3312065664107895,0.8864508702825862,0.5293675837705556,0.41908372435278274,0.45892293651624994,0,Low
0.37558390424801197,0.5544754870989846,0.47365927238693084,0.7102865579907804,0.48089163375426036,0.15269872058739642,0.6609928558138236,0.1408352363822616,0.3388576435127285,0.3985986298047717,0,Low
0.7333333333333332,0.29154371854276734,0.11366970813173824,0.35299347774545375,0.5319426273410782,0.4785333615546044,0.46733804197327256,0.1111111111111111,0.16394202378128325,0.8729552341355655,0,Low
0.691173789027134,0.3684210526315789,0.32667333316174685,0.8309972648076768,0.045170940328070654,0.3684210526315789,0.23224874726944902,0.2165099718766093,0.2657922564946979,0.21640128228226385,0,Low
0.03922044505300377,0.8421052631578947,0.4786761161934614,0.5401072253339219,0.8571428571428571,0.31271228310396226,0.3894326411599843,0.0,0.4975338248173796,0.7623325973984089,0,Low
0.42766068780571087,0.4711080952499265,0.37478766824422727,0.8932213901561824,0.2857142857142857,0.631578947368421,0.6459285604713286,0.18155954146285946,0.3571603378794898,0.829510538097486,0,Low
0.5160171329003204,0.1766234633630062,0.21287267728178744,0.9464831685221097,0.7788498001855769,0.589063452358097,0.8743395104792109,0.9391054001443376,0.27654190478501356,0.7669740891493895,0,Low
0.561837660647377,0.8421052631578947,0.061296785993182806,0.6879859087359492,0.36749072718419257,0.3760457989778261,0.3743148213593553,0.6348647172061473,0.14819848279236741,0.16012329856044513,0,Low
0.513266822391768,0.38954369572796355,0.37330488935356154,0.7202339205801983,0.42857142857142855,0.04735091817327227,0.20689655172413793,0.34448139496753627,0.36278624112277763,0.6715216160560088,0,Low
0.8747005147272794,0.6842105263157894,0.19066554515309272,0.8375035938232727,0.5714285714285714,0.15789473684210525,0.6250929437053271,0.13868923204040834,0.1557597390944051,0.15751796911636326,0,Low
0.4772749498439023,0.7326546250616175,0.27168028460770755,0.42434307609780464,0.2857142857142857,0.30322703307958954,0.7558771681438184,0.16224654867615187,0.42711357233511826,0.1717627805254876,0,Low
0.1251659567184452,0.858749159271843,0.7489523428291308,0.9299432773933026,0.6341063821983342,0.11171108680122746,0.40111958801138053,0.09749881675296423,0.6922509793481594,0.7529058506541254,0,Low
0.07699816945415007,0.21052631578947367,0.5651488716044726,0.7821372790295832,0.42857142857142855,0.09118204277465142,0.6061202162381423,0.713612636565986,0.6461468809060076,0.46111806028301905,0,Low
0.2947633204849056,0.2666361766029046,0.5517454835763256,0.8192892750963633,0.5714285714285714,0.43627763665069513,0.4260469810971861,0.0789694337374213,0.5122448120365333,0.31462611488186315,0,Low
0.1333333333333333,0.02060432158955273,0.1592456555220388,0.5294930151467248,0.1118520314861434,0.2837622163263948,0.5772543024624315,0.1787242099776109,0.2909662547296714,0.5735093692852629,0,Low
0.560295170729032,0.5789473684210527,0.28908045585474207,0.9602991354468602,0.5623264343748073,0.1758269790294279,0.34922172133629986,0.6146508310764638,0.4082241096291797,0.33393358658596783,0,Low
0.5599809782896602,0.49121555589232024,0.02073067029388577,0.23559315218427762,0.980965967888338,0.10175688882153594,0.3678242909671005,0.4518465680434241,0.10120617461887187,0.4766619112390817,0,Low
0.9333333333333333,0.8991525492789902,0.43576632218677863,0.8099364452705288,0.31843219870354234,0.08879348277759941,0.697552599687062,0.641219401008356,0.39674828216013514,0.2526303026789127,0,Low
0.03618995404089392,0.48872386562805026,0.25580049343135525,0.46177183584810283,0.7142857142857142,0.12481326674525121,0.13202078474297807,0.050794521042954566,0.3805502936300059,0.8307136982960057,0,Low
0.8470277047060447,0.7656723607846557,0.1316178011607323,0.11944257234101564,0.06164687759092037,0.2858699022703391,0.5666044187288428,0.3333333333333333,0.20571994629064314,0.7230890058036616,0,Low
0.15552105239416558,0.7017271466269728,0.46709781646254056,0.9153840529805767,0.3332593979874977,0.45616759021513237,0.5978439211275905,0.4074649126763906,0.4471028315581563,0.8666563157182496,0,Low
0.23073988490790698,0.8380103445914318,0.5051613293484839,0.9626109827361861,0.49444261051694327,0.550584119664137,0.6896551724137931,0.2821001918201552,0.44035248167306423,0.9294021679968836,0,Low
0.30209413086555387,0.18255726510614168,0.42596599662928375,0.9013874352148067,0.0,0.07302290604245668,0.10561461813677986,0.5215241786003709,0.37359480476901896,0.4866622426303824,0,Low
0.21111538399955887,0.6929655894754254,0.2303219247211778,0.7153176945616145,0.2857142857142857,0.5526214589484132,0.5172413793103449,0.9074145288881537,0.30400420884080903,0.8375067297993052,0,Low
0.5495161179502084,0.296625649795806,0.1799947608073234,0.8606225720011624,0.42857142857142855,0.04624363765123359,0.7554366220124464,0.8754032350414931,0.3942398085157614,0.5151713605783202,0,Low
0.8996949084269312,0.8942551185688384,0.0893294988989145,0.45546679010679547,0.6435109105137191,0.3177163678299092,0.9481180560828953,0.16819212453201143,0.2722384712831534,0.07518305494384138,0,Low
0.2816255155611425,0.3039798561359402,0.059517591394217556,0.15210720191239613,0.788154025388844,0.27316980936701674,0.07905846359671628,0.1111111111111111,0.1302183987671165,0.16724382733417134,0,Low
0.8382100566171594,1.0,0.3219107173037056,0.2618279560509877,0.40767118592646034,0.10526315789473684,0.07905528955274327,0.5555555555555556,0.4646741580792182,0.8470055345012252,0,Low
0.2660513642463584,0.9470040972511331,0.1511822833420164,0.521926163709563,0.8574724834394509,0.2635222185383405,0.8621485304853846,0.22196584621376036,0.2238222919160684,0.6954499398948505,0,Low
0.16634625066149034,0.5388412842003097,0.06265860592256231,0.13862511327394364,0.0,0.3418523031538081,0.7159315724204867,0.9449784711197383,0.2166677546773158,0.19308914198932375,0,Low
0.6942640614991278,0.5544685424324892,0.2235349023062173,0.6715438366431148,0.041859934108077285,0.3684210526315789,0.11355239788815658,0.522997829027051,0.36516674337012445,0.3706047069186519,0,Low
0.7404760203164165,0.4913534640606449,0.264971410194173,0.43945722249191715,0.03163258013560699,0.2808271482711712,0.4598522695569742,0.6174604309001669,0.35469861497802846,0.5088213851806862,0,Low
0.2095418657032313,0.29319031807129425,0.5261090018064413,0.6831563992774234,0.14285714285714285,0.15046146912056935,0.3448275862068966,0.03180621901077103,0.5298774309286243,0.24143127985548468,0,Low
0.8257577480327742,0.7691386199741257,0.2817501231767668,0.1363634158513826,0.14285714285714285,0.3779906119643235,0.22805633722442722,0.08838393409228185,0.405294664564071,0.12931774251642628,0,Low
0.16187521096314852,0.8120067454972225,0.2802383805616223,0.7749027990619355,1.0,0.1503292804681293,0.19213351157078523,0.2222222222222222,0.3397547883726204,0.10501551424434702,0,Low
0.19999999999999996,0.7374756329335934,0.23732592655865667,0.6506282424976982,0.9277116410186946,0.0,0.10427841556815688,0.7791152250820305,0.29999555353116303,0.69,0,Low
0.9333333333333333,0.9205647061199876,0.018907294162797628,0.3064338828721732,0.42857142857142855,0.40813869957158505,0.7852819468724339,0.2222222222222222,0.1796291983567377,0.42402964631383844,0,Low
0.006861068716276333,0.03249979918236158,0.07010462594014225,0.7704116641229766,0.5420239912159586,0.152478103645045,0.7073993156455423,0.3218982188062061,0.17438662173238245,0.8682418320065223,0,Low
0.7284691531353874,0.5301559317352205,0.16442071786128867,0.9349185081187676,0.7142857142857142,0.4133723470558748,0.30782887231140726,0.65855969967009,0.2468969990815308,0.4281972553714283,0,Low
0.8575690202219501,0.8803721371925529,0.16273457522523863,0.9683624236399511,0.0,0.38674994953166264,0.7622721438694973,0.6666666666666666,0.29640984759537947,0.16054057749485928,0,Low
0.7695333187145548,0.8706841989851748,0.42595302828733655,0.6785700021928168,0.13057149122333667,0.05263157894736842,0.3891379688416687,0.40322214912832943,0.35924168870968004,0.08454504056711049,0,Low
0.18745824108116926,0.631578947368421,0.21445617497104388,0.23558416851170993,0.0,0.5174559461357946,0.896551724137931,0.2893286524525014,0.3236154525185653,0.8176240021531114,0,Low
0.4669717796616708,0.894736842105263,0.18086269915224823,0.6709130427964239,0.7142857142857142,0.13169938670855422,0.9313501168913835,0.11060258945277107,0.43873686691158165,0.3426945095343151,0,Low
0.9026573758075226,0.923150559848044,0.15713700227223396,0.35581811717533124,0.6371627661267376,0.37261690916977225,0.10069926640601126,0.3844599292096848,0.39437986794357466,0.4067202076186387,0,Low
0.39636199519882886,0.820815664527934,0.037454299279824285,0.7496275558282021,0.2896121480012549,0.9232067133691145,0.6001552542748019,0.5555555555555556,0.09494035423490343,0.4344542992798243,0,Low
0.8151243687504319,0.9139041732451594,0.42207462125025924,0.22094329537445578,0.1688699494041448,0.38036134375034103,0.8887287747842593,0.26766168634283255,0.47952698403977523,0.29359700135479305,0,Low
0.5181254653732165,0.6343716934008312,0.152907017865807,0.9124825204688806,0.3633948515994986,0.6962167378632502,0.39806082624815486,0.08576466451091612,0.1530540086552793,0.9877188198059824,0,Low
0.33414687148786976,0.36906331959568656,0.038853563132183445,0.5302183514415655,1.0,0.15789473684210525,0.8288485936880735,0.2222222222222222,0.30608542636025043,0.5370712626436693,0,Low
0.6262513869880605,0.10526315789473684,0.26480533765065345,0.6913103424241722,0.37120610017217526,0.09449095282187794,0.8278547066887539,0.4444444444444444,0.2689569664289282,0.09330367326498072,0,Low
0.40873444630973,0.38439341884374095,0.8535027011751298,0.544510682801727,0.0,0.29510262716116614,0.514152581865284,0.048276850297447355,0.8466035237383315,0.4485160851519866,0,Low
0.9432358149465906,0.6244587525753582,0.12693373238434663,0.5518939718149547,0.8571428571428571,0.3385451657613634,0.48275862068965514,0.4129087860814391,0.2910419055584811,0.5347349295373867,0,Low
0.7333333333333332,0.4002043442574049,0.16651744686194347,0.22483892369716552,0.5714285714285714,0.45258049288301716,0.5174087302108058,0.06655881830859182,0.22941392383607,0.8819805872955465,0,Low
0.07821341147939476,0.5880632195889959,0.6366303223525036,0.8595424375101094,0.2857142857142857,0.13261071139856656,0.13331054692946925,0.46368901913232463,0.5606781790637738,0.6152779003637716,0,Low
0.19999999999999996,0.7851657678488451,0.18658362300882894,0.5097277388905874,0.8629893150622817,0.0,0.1667689371812452,0.8797943987920062,0.15500414926369255,0.69,0,Low
0.7790032342904725,0.19685231881201826,0.39467650696628975,0.38427572771535634,0.7142857142857142,0.3835462481109096,0.528101775366997,0.0,0.3797139736729708,0.8221262128589272,0,Low
0.4454701966059975,0.7248762640510532,0.16227523145695963,0.775794705091004,0.39609271671000185,0.07656326137157758,0.7507810005851728,0.025261220336665224,0.3611499586857502,0.4470254993273533,0,Low
0.7819472941825703,0.47368421052631576,0.13161695840637716,0.3522130354012406,0.14285714285714285,0.49597878223265696,0.3115455849329869,0.1751559041755019,0.126483002760558,0.9377079058726145,0,Low
0.23735679450809138,0.1802179351078183,0.06018608778396102,0.7880377240054562,0.14285714285714285,0.5941015587618803,0.1922710080328087,0.7306510258834946,0.1423628513864046,0.8918880941052916,0,Low
0.8973200701740413,0.7247420775628785,0.12778139263172567,0.4990352252626549,0.9121499624067636,0.40895260387866794,0.4163707350263197,0.40166114035029493,0.3229390553157929,0.579710942106416,0,Low
0.5941234939228645,0.057270925850370275,0.0627569880218191,0.8984371985644597,0.01259251302243361,0.29259273916920125,0.15920803924480162,0.79736613136823,0.04520648010323049,0.3267778613264447,0,Low
0.4295690148951836,0.96339047522551,0.4976808526659628,0.9756890356551131,0.6745382302448394,0.4663623055714178,0.621592642793054,0.3333333333333333,0.49967520788702696,0.9790016376735479,0,Low
0.42015892060317744,0.8049704094151997,0.395,0.8981062368441255,0.8571428571428571,0.47368421052631576,0.47233159279146,0.0111994003350985,0.5442684644359977,0.08461521743730355,0,Low
0.01706770212357748,0.6854769540744552,0.2943522640415123,0.4874398446814634,0.7508593616933802,0.26442432249550785,0.22455279530025257,0.08266494090514864,0.3516116272669232,0.752877747881219,0,Low
0.8063745103833597,0.038215557161178984,0.44345219117212475,0.44357172114015025,0.6751565122946286,0.5025162540986946,0.5706140975129379,0.12173529508337744,0.3556498361416881,0.7735009923971761,0,Low
0.027135806316078558,0.894736842105263,0.2106233400847179,0.6991259351585887,0.9152910135344541,0.031208573960990606,0.27707536116227216,0.1111111111111111,0.24897238725696308,0.737712944209117,0,Low
0.7401475109483465,0.4575453688065474,0.1216132759853512,0.148575292698552,0.5568267622535429,0.23625982520389482,0.3413030115784414,0.022713925383377687,0.23041487168296057,0.516754456385898,0,Low
0.5604164925797512,0.20197373918534173,0.13886873798800284,0.7011875052226074,0.594642707925501,0.4822367871304477,0.6784483478980341,0.43541672469563847,0.26934137166654837,0.28637492688349553,0,Low
1.0000000000000002,0.8336663921844027,0.4528016927424818,0.6178829494799853,0.6014164804108447,0.0831668039077986,0.3231122038404228,0.3511487276107052,0.46720521701801365,0.29757919980780995,0,Low
0.8015348403191759,0.6352140954927848,0.32555550913142783,0.9496316383233978,0.5681396278874803,0.5789473684210527,0.6278346014858186,0.005116134397252781,0.48534414054350783,0.9064964693111964,0,Low
0.38287759633725144,0.9314350304222898,0.2890820326592947,0.7831953055474793,0.5714285714285714,0.49203330468482914,0.6463159981054748,0.038736976556861535,0.3387567588410606,0.4509179673407052,0,Low
0.10283288913596504,0.25868491189058146,0.4870269469742765,0.4789546935038159,0.25303523835996256,0.12934245594529073,0.56163907982078,0.35875037016447353,0.4064506626234586,0.21774429969424322,0,Low
0.49162902464802827,0.07882849888850989,0.6742859196296798,0.9472691974295058,0.0,0.41456283635993335,0.7759399490040797,0.23592290101791843,0.5528311794990992,0.3732181639961304,0,Low
0.7517124104979249,0.4664293116455559,0.22704275059896295,0.20592470166887958,0.5615826372332544,0.10889060733511677,0.06896551724137931,0.2222222222222222,0.21623270549896062,0.6125749925386408,0,Low
0.338488071032586,0.14975567731696976,0.12516010268715652,0.9146496116320356,0.2746684192158875,0.3320675927344815,0.18307876765362585,0.0,0.1762030305182233,0.3265722905665469,0,Low
0.7791506067896381,0.43202599642650624,0.01844400425019653,0.8416988580058864,0.84225043342117,0.8421052631578947,0.4806283687746995,0.532389563099598,0.06113967792225248,0.784478765169741,0,Low
0.690783901861446,0.5095199612610971,0.2614980118907604,0.0237002100506625,0.5942229097170824,0.4294505456852409,0.6041834102048713,0.01772892977995301,0.3332062996498966,0.8221318895941269,0,Low
0.8119085068992383,0.8562074423806768,0.10548009247266704,0.31906861982557116,0.8571428571428571,0.2443549891064659,0.10652806212911334,0.12103486686047632,0.29715293854353175,0.23393138017442872,0,Low
0.2912288230358136,0.9076642928258666,0.49931589110983493,0.9714387018916806,0.5889729688351047,0.5660199177004491,0.6854203178673886,0.23586786464952597,0.4559200961109587,0.9599124312738293,0,Low
0.32957494255868847,0.8391381125463329,0.1816557051632033,0.7819912741579245,0.9325982758299768,0.42105263157894735,0.8740916468218769,0.8951528735132972,0.13730561459979407,0.8632567112108278,0,Low
0.06620820414691593,0.8860252362964584,0.23755845397126824,0.08703438468898127,0.14285714285714285,0.20145276588612887,0.9942923961942314,0.01839116781858775,0.34239127472651576,0.7201375387559252,0,Low
0.03726417589882413,0.3354021978414864,0.7290636658941291,0.8864245098348703,0.2590970172151256,0.2765640253696588,0.7001464191882361,0.020702319943791184,0.7169061441659661,0.7347876921770577,0,Low
0.055832719266832795,0.0697378116839482,0.2791980841125184,0.5301254605498754,0.5249973682864263,0.05263157894736842,0.695258938310259,0.7208364036658359,0.27711495406153863,0.5891269343094767,0,Low
0.1330959491976545,0.5614659782813191,0.5358565739752098,0.8586500497771691,0.23826479819215157,0.12274454803447046,0.20652819703084313,0.4444444444444444,0.48865450998187576,0.5286953441402437,0,Low
0.11257038239695723,0.08887135452391362,0.4486454799830087,0.49308065908991705,0.6697936765649083,0.12511113010045882,0.5709386662147657,0.5136542808990313,0.3981244432803241,0.42761718884844363,0,Low
0.29698608278361516,1.0,0.020046560587893975,0.7192442159565099,0.39608633987469816,0.9760636188550408,0.5533296754446211,0.4797570152631847,0.12930135259006847,0.45706818986226583,0,Low
0.9333333333333333,0.9153739792739863,0.25114991526718194,0.4005578357326125,0.5714285714285714,0.2610804226857214,0.02704176594522354,0.4008771548660287,0.5162251445686744,0.5558025097969618,0,Low
0.27356476720481715,0.6116154895586553,0.6059994610127236,0.8123441863772058,0.0,0.1179678212225738,0.5291331072862469,0.1111111111111111,0.568468825820853,0.32396528491927745,0,Low
0.5503833565437808,0.8690263524375486,0.5944819080866283,0.9539539972147463,0.17939290687953016,0.5275263890856233,0.2517845908072552,0.1111111111111111,0.5034170081677152,0.884526297001156,0,Low
0.9333333333333333,0.9891800100854927,0.0517459481192895,0.24197942696954333,0.7984057690355321,0.12837150834891908,0.12375311666374914,0.2450644231528486,0.2317566236901651,0.32808369712563457,0,Low
0.43236471859990366,0.47368421052631576,0.05109304267085217,0.7501978200313913,0.6017443016122154,0.4433905380300534,0.37199275478325833,0.6902455679206119,0.2015009334730326,0.6083284438792971,0,Low
0.14716287089735183,0.5690086629047587,0.3953728572424816,0.5450585817942548,0.3989367052199603,0.08440639640684941,0.8074098664455364,0.6436174373933025,0.4074657689772221,0.23009303829325348,0,Low
0.030471280014850086,0.894736842105263,0.1473447353943199,0.5961097558136993,0.2857142857142857,0.43909483685089806,0.1536920413869914,0.7650814111049234,0.23644942490362036,0.7620012889961019,0,Low
0.3561321108790327,0.600763399168612,0.04294279797323579,0.23498467910574605,0.3937837496270167,0.3774205700838286,0.42558557459260304,0.2222222222222222,0.09833449957979425,0.8,0,Low
0.42729637187740876,0.5502143453922015,0.36593456576358974,0.7483622176873556,0.01949740848386329,0.3684210526315789,0.04860157166072859,0.4444444444444444,0.26993579816811053,0.29091854875096346,0,Low
0.5179253796930304,0.3157894736842105,0.32766908612789847,0.6487370239763817,1.0,0.24288427152591704,0.710907522262487,0.5555555555555556,0.3096106721402383,0.2896148011589924,0,Low
0.8310466748212544,0.6070684146147993,0.4182984381634697,0.8571188102747803,0.42857142857142855,0.3193999871243354,0.7515241632383751,0.4444444444444444,0.3990137660327519,0.2725265177362279,0,Low
0.6295007289511481,1.0,0.32783281709374945,0.3489198250517246,0.2857142857142857,0.28846510410995124,0.8952301364199361,0.2222222222222222,0.37797046691180936,0.0945297316038064,0,Low
0.34964238834547323,0.48226792369059984,0.0448583661491502,0.7102060039486646,0.5714285714285714,0.39959334866823715,0.39899368708361693,0.6847878389023775,0.19679678007044418,0.6342704231356223,0,Low
0.15655152643641804,0.5572141170598194,0.23952240934481944,0.6484878672757448,0.48756168226620467,0.14532656170577377,0.9572829197382656,0.17634091379295191,0.31022200651198606,0.4080859251718955,0,Low
0.7377128893657916,0.9948136836457729,0.3662992792703387,0.3238686133190263,0.2857142857142857,0.307145613093832,0.9219733323466377,0.2185725921951735,0.5289192596645017,0.17401459989269683,0,Low
0.5015668815150153,0.4644999434609609,0.4440064323227703,0.11939600859393393,0.16778586774882032,0.1670790039074601,0.0030086392110645205,0.5555555555555556,0.45417328441064686,0.7608725053712088,0,Low
0.3664301923676204,0.5920119180398501,0.1097943389310712,0.7618582585630553,0.3931105081775497,0.013064549618797466,0.29249187681281097,0.4444444444444444,0.26329721523561406,0.6853192403037126,0,Low
0.4844736091816907,0.6234071627272055,0.4654486163094299,0.8429209700998597,0.06033829227263611,0.4573406412438848,0.01991834324453611,0.30365509580829353,0.35619181978251296,0.27155263908183097,0,Low
0.6556324455048018,0.9299459665865291,0.08837946730288107,0.5007301162781459,0.2857142857142857,0.447550528827162,0.24114068636440839,0.7593874091746695,0.16061364844682885,0.440484406680251,0,Low
0.06440805598356032,0.894736842105263,0.2760361382511484,0.7885793343605448,0.9951601199647722,0.0017831136971892096,0.37346911030231117,0.1111111111111111,0.3229383816081742,0.5560107270801434,0,Low
0.17486308948436768,0.46074249028784053,0.2616719610060895,0.2207866927174171,0.8032780488950735,0.3882659819860255,0.1639347350161714,0.29872520320747137,0.2626948028984172,0.8335240976492067,0,Low
0.22276580817588432,0.6264462388279177,0.10517090556601391,0.5601467682074888,0.2543565296494411,0.409499774081373,0.41379310344827586,0.4200550786162319,0.22302641411830965,0.682436416509791,0,Low
0.588850767859217,0.6257711215517013,0.419880794015275,0.2480137235706819,0.4682267389470597,0.10526315789473684,0.06896551724137931,0.3024903141522869,0.365273666651514,0.46857775521014816,0,Low
0.25869259042162585,0.8652733909559049,0.18979448489808348,0.6825452234596733,0.9056726225366727,0.22211037968847877,0.21036158863467191,0.246677468231233,0.27392994822077404,0.11141166568973165,0,Low
0.5716425620878366,0.4512967595430288,0.4039325929423315,0.797529700392872,0.7963769187596496,0.4512967595430288,0.3939779851269811,0.13474230937124737,0.5223609686512197,0.26497998432018816,0,Low
0.301011578827121,0.23444626067260854,0.11166398442877572,0.3129060318278598,0.14719248068766075,0.6810160668617237,0.28004791238808624,0.0,0.09706644119382901,0.4128866572544185,0,Low
0.06829724562114957,0.571223573373502,0.3946170792219451,0.6935597436822896,0.5714285714285714,0.3709956509807625,0.4836020235971463,0.22493985381302706,0.50618987473866,0.7830292749695855,0,Low
0.6109362698621298,0.47800115915610386,0.462774684833397,0.22239771786934603,0.6369984268595732,0.4452099467377375,0.49858582717300043,0.1111111111111111,0.5036701226251781,0.6565617619172779,0,Low
1.0000000000000002,0.7075102437426289,0.07627209393788442,0.4811058657423659,0.8571428571428571,0.22862274807054142,0.42169729226069624,0.4444444444444444,0.3069184908466971,0.36883203013366367,0,Low
0.0185823976145688,0.18852084493011587,0.3558965158643985,0.8383074430414248,0.694376002555819,0.022005470859357806,0.45308165455549193,0.4289591130989704,0.3254867769656029,0.72409480268361,0,Low
0.6263193895466016,0.4944626759578434,0.10656706137552295,0.40531870553274735,0.3521328972951916,0.5678727203367393,0.391403351356434,0.2222222222222222,0.21453995553386698,0.07653301767737075,0,Low
0.16310742571622874,0.1011744398470674,0.7311950247169089,0.32273655451024413,0.8571428571428571,0.07204872330724801,0.8828269886743059,0.0,0.7758745947442276,0.4454363737841112,0,Low
0.08663972745109845,0.1421265309596591,0.06919030188239546,0.4939434276473068,0.2857142857142857,0.7157469380806817,0.5621943722104037,0.41115600980372474,0.24126631592126296,0.6741293082347274,0,Low
0.14931651367162962,0.618960647101345,0.7887484231567153,0.721954254663294,0.0,0.5100033196700731,0.4754976667730172,0.034437436252067875,0.7773798626027266,0.2300867545164083,0,Low
0.1205363769084804,0.5472272692346104,0.36871914426054586,0.3412674463167422,0.8864805384406863,0.11536601823014703,0.7028934031981238,0.2891868760602669,0.4800216776015672,0.583080456536272,0,Low
0.4471437080898,0.7445485362803421,0.29247084141803814,0.39496511538755485,0.2857142857142857,0.3389087667357633,0.7636697306664311,0.17480123274036116,0.4441500837481916,0.15255411390724738,0,Low
0.3466811985283822,0.11580094620661739,0.3305832156997187,0.4283655594877346,0.8571428571428571,0.29477125967248374,0.779332894268179,0.044492883983495685,0.31607597106925,0.5370675731569765,0,Low
0.8433742000633779,0.055166368270947314,0.10609632199429599,0.47510858201330947,0.14285714285714285,0.3316434737842807,0.7843770688016092,0.7336057782002964,0.12934025333576044,0.3804203098764133,0,Low
0.7957642437921839,0.027987798503085297,0.33386192505666207,0.7012293512418759,0.07596688165123151,0.6248909112508166,0.20908746010749107,0.15607727614712644,0.4517616094325459,0.7722237720091034,0,Low
0.9166698683931933,0.8092117901552077,0.5603830923637954,0.8964975987051053,0.2678468515933081,0.5394711565316898,0.9310344827586207,0.1388835526780116,0.5849049288529862,0.9606243996762762,0,Low
0.9333333333333333,0.900598434884166,0.24420093294607695,0.8762367347167526,0.1618825489029297,0.40703391133468336,0.7885111088854997,0.6246971169510923,0.3361233755426529,0.06955218658361101,0,Low
0.4121882710974444,0.5435194933376492,0.6749363521959328,0.8993850370126772,0.16620502667252385,0.2631578947368421,0.39125031907480456,0.27670061779144456,0.6449237019911959,0.5868282406646166,0,Low
0.0783271472312099,0.3098855142295516,0.17255501074272,0.5604029693290193,0.6553505148905819,0.2690618541915011,0.8762947033022733,0.1111111111111111,0.34053726410974355,0.2261217522963852,0,Low
0.3529363119480649,0.5634713326725804,0.5668660081454976,0.9365856084519552,0.5294221886827183,0.3033825302803068,0.09938393233320396,0.032671631024552394,0.6217834123976954,0.7473697237791765,0,Low
0.8761451732912989,0.16546122109687825,0.1080031712029424,0.33115644801261035,0.4694201143157388,0.6615945262604811,0.49752132412343647,0.03177120002335242,0.1724200703612261,0.9578356239800336,0,Low
0.9018431820096525,0.8114240426087179,0.1438528404782822,0.3964517271118919,0.7142857142857142,0.1769348078566353,0.1743205331134335,0.5030719700160873,0.19068595838964347,0.5298500570623068,0,Low
0.3954058811657005,0.0,0.1502634836824383,0.6111269154154713,0.5049222701796067,0.3684210526315789,0.24375557870739634,0.8295049009714169,0.26918365118217413,0.06836139728143117,0,Low
0.5679274701074943,0.44438230764014514,0.15983807819356555,0.8554067101936413,0.35444113548394085,0.7388328475381488,0.4674736605116291,0.053454216487509545,0.17908543446104846,0.8498937460646482,0,Low
0.23233731627374973,0.8950513738082895,0.3557669320080575,0.9552689246060877,0.8571428571428571,0.6060494871523029,0.6388583607106468,0.0,0.4056780996741665,0.12281374537376885,0,Low
0.6271908209068371,0.4334023009965136,0.15109951100313485,0.28823341802979086,0.319234816990537,0.4087029621613811,0.6326357651495722,0.2222222222222222,0.2023395094464644,0.12296068843198722,0,Low
0.4666666666666668,0.22678654936810244,0.385869944321885,0.8538807408267473,0.8277195773339098,0.6044785580707064,0.07709578455088918,0.4215596712597076,0.4414379841428596,0.4903658334300908,0,Low
0.9556241874206989,0.33322496723047557,0.12539613148993942,0.8094609886024998,1.0,0.5435887338656625,0.19536679960998338,0.2590304863754484,0.2583254278832584,0.7300308843393144,0,Low
0.3282997757464075,0.3475803637069007,0.06292281835458999,0.09328859202948457,0.1320709480280158,0.08044860771722234,0.7137236739580842,0.8804996262440122,0.2982311239562939,0.2983053700184278,0,Low
0.7497835852835032,0.7375255201573581,0.45845447090464314,0.8519999179951073,0.8571428571428571,0.3021190177767183,0.4052843524395673,0.16738804905498908,0.4542767053021724,0.7414936715682903,0,Low
0.6363069139627067,0.9330367444884052,0.11513191391241913,0.8515115514674798,0.6753854493256715,0.8087467827199054,0.18504099557511045,0.16171069895104456,0.27981993669158034,0.47272301854720294,0,Low
0.08034261202414875,0.7422405047463745,0.1676411134428979,0.6881526772914224,0.9853472014026977,0.236165897320759,0.4509266789093089,0.8888888888888888,0.2977798568421567,0.35795074836701285,0,Low
0.49822810222271385,0.055429312279925654,0.3569950091334735,0.7167506936025658,0.0,0.055429312279925654,0.5082484896528843,0.4444444444444444,0.4787540124164919,0.7940366786641598,0,Low
0.5067666361981495,0.4843683729444465,0.357548454754252,0.7239625114256941,0.0,0.031460562396928266,0.6686552669712602,0.7777777777777777,0.35189987008312734,0.6939850045702776,0,Low
0.601404570958936,0.4265969906273786,0.04683296510141141,0.888946571780798,0.7112759193737086,0.10637202970442308,0.8921927108170955,0.21754031902576915,0.1986522613815536,0.013370970301446211,0,Low
0.3893192572971048,0.9116011726887819,0.2790897347309576,0.6355282122152341,0.7142857142857142,0.13055965377001516,0.8786425317803547,0.18661974654590455,0.4991242747727282,0.26154932626957694,0,Low
0.19113291733410154,0.18252500210768915,0.6036944696009796,0.8223941123197926,0.5904294628554966,0.4386825684240851,0.3908609931054351,0.0,0.5360610084854704,0.27391659119706147,0,Low
0.25173643426036446,0.30400244810028765,0.40422883705442836,0.4982239534860946,0.11656699867566991,0.1987392902055508,0.5644159316738145,0.46489233436336785,0.33530666842489965,0.07639728668884782,0,Low
0.4298851603160441,0.5843918521325621,0.5960690827602901,0.8236553914731737,0.06403962924866574,0.2050818320779642,0.5279426059157255,0.16091971163785113,0.6059332232070274,0.4350004473747915,0,Low
0.04974076239711304,0.7493860162036888,0.22583441650772423,0.2631821234691645,0.7142857142857142,0.09271924695420594,0.10398462952321438,0.27691365243482124,0.39080277336770175,0.4617109681790539,0,Low
0.785630159918254,0.47368421052631576,0.6919187258251369,0.6526713815583097,0.45658758567049323,0.04230983685823932,0.8201535309922005,0.28759325545337316,0.7510231141362624,0.9043021116026932,0,Low
0.8996328080595979,0.31752880392822114,0.02592288969251555,0.9850991418239088,0.21349887441342374,0.7628680063628404,0.2951926437988404,0.27838976434511487,0.12314445562644323,0.8359853332458407,0,Low
0.4793398639600562,0.3157894736842105,0.11814058775640504,0.7899981469124981,0.3707212828143458,0.0,0.5172413793103449,0.8016503400998598,0.20820753279344204,0.945,0,Low
0.9095276677610158,0.01785638136295742,0.04192793481943238,0.11164210478660196,0.23724696487197272,0.21333901121398519,0.7690911645006567,0.2579397231341798,0.17753021567185093,0.7545546565577856,0,Low
0.3046295678509002,0.2624265591760264,0.10988877027372808,0.16505538133953807,0.16269814793242865,0.17982426876742114,0.5857277456670518,0.8256173869151665,0.20269784440711527,0.34819460198020497,0,Low
0.5033227953369342,0.20460318329018434,0.40213825083224347,0.6070802953431906,0.26963721178764327,0.32763573868278917,0.40603175741472436,0.3208289425015003,0.45880901564463233,0.18344046381148726,0,Low
0.14775947173887805,0.9413977279175404,0.2006681710303636,0.5635672158478338,0.22238879782619514,0.3510613028605315,0.0767891841080505,0.728524620531485,0.3124601862157009,0.8387081543585783,0,Low
0.6558373807378988,0.08201967407257825,0.06895934518447466,0.8167922289832346,0.07976768676842669,0.2570132834337908,0.09942249604282849,0.8398193119309985,0.0459141053018523,0.36791869036894936,0,Low
0.8129790021761397,0.6623186893645413,0.3446100386232726,0.9468850394777264,0.5436164239082721,0.5789473684210527,0.6811091480613398,0.04326334058713219,0.5000616879427074,0.9176545271217362,0,Low
0.3325819187970297,0.4760570985356962,0.04672135795485165,0.710422029473762,0.5682082234158408,0.42105263157894735,0.37969900751877783,0.6641619515456539,0.21119884198301542,0.6198872878195544,0,Low
0.2931201731882015,0.02088434725384318,0.46240111160927216,0.9275232623477525,0.48525751397471717,0.06349446338705048,0.8139033586957579,0.7319122656991202,0.4535829143609289,0.8742877661959282,0,Low
0.16137002979251716,0.6824078555361616,0.33324538143110566,0.5904300919560205,0.9724071641375123,0.05263157894736842,0.23471897065388225,0.1111111111111111,0.26012318273238866,0.7691437313796767,0,Low
0.2641766212369918,0.7796445575144407,0.03228685996717105,0.675768941740586,0.5554211365235178,0.7973369855673949,0.7892395846780905,0.10696103539498607,0.2276584834528335,0.38458415119045686,0,Low
0.6629606483718183,0.9415168132186603,0.5488869446323272,0.8998888194511547,0.7222271820603894,0.05555738286435403,0.3026772035278998,0.23457561653838366,0.5185160037742594,0.6652810760701591,0,Low
0.8666666666666669,0.7064866077017442,0.041684939331438235,0.8100570255326894,0.46888052822220383,0.5715220079590677,0.9606523500421478,0.42876868346914293,0.17744842199949815,0.23242690419556583,0,Low
0.2916287177937275,0.34703198377507777,0.065534238473744,0.9713150615489236,0.6294846154676459,0.38812793510031113,0.6843015916522295,0.7118213675859468,0.11532289508741235,0.4643607691726478,0,Low
0.04506732925954668,0.7383173587726106,0.23186314525518484,0.28449297857646705,0.7142857142857142,0.10378790438528415,0.11365380153197235,0.26133554197626674,0.384222662409044,0.49255562688699184,0,Low
0.2782566686600467,0.8077736873579683,0.028826149970099323,0.6568735980863553,0.5465928528713287,0.7986236857842473,0.7931034482758621,0.12076944610559437,0.22876470913904978,0.40825425313957336,0,Low
0.3711543050415517,0.2245516605169432,0.0170659261992877,0.2426370479715073,0.0,0.4456335210713767,0.23100575773098775,0.1111111111111111,0.1623936468905373,0.024168980627225986,0,Low
0.9509396924535999,0.027799514400420805,0.261109963947991,0.30884852235468085,0.8868162627982867,0.08043109334778922,0.502916286924965,0.2222222222222222,0.4429041928232546,0.14980715401029981,0,Low
0.07679146030220775,0.5869406265543746,0.6307647737466071,0.8588599009450596,0.2857142857142857,0.1292429322947026,0.12963308698846834,0.4613191005036796,0.5556177984886405,0.6170908881146852,0,Low
0.1415184593108472,0.967690292194024,0.49012792875733957,0.9149145101649595,0.5538890157624702,0.19020444464808117,0.5045403217590302,0.4308025678152546,0.6180583302027377,0.5510413336235157,0,Low
0.5250962717250197,0.5724444250460681,0.04892716160508477,0.707297829377459,0.5361268788215126,0.17740356696705886,0.6505134989266532,0.8888888888888888,0.05635483828274082,0.803031135068106,0,Low
0.35713829575904993,0.3872144440203024,0.034715106763371015,0.47986713228768096,1.0,0.15789473684210525,0.8645249416950772,0.2222222222222222,0.2879879637964612,0.4543021352674208,0,Low
0.2864035909907662,0.888850610241288,0.5195330094321187,0.8268685246483652,0.10056373359121563,0.2572716628728669,0.894055963654123,0.24269060660510688,0.5844272939616391,0.6023686183778385,0,Low
0.8368746678467682,0.8900328422915949,0.5454401275468411,0.7684114552706973,0.14285714285714285,0.3299014731252151,0.07821130997858924,0.21229155594892263,0.5327702232417029,0.5358347187785951,0,Low
0.8916825819304501,0.4934336173135131,0.3805751056480394,0.8417867642593393,0.19646267556524982,0.15127809542788173,0.5043679690585257,0.04169319210630543,0.3871313186186204,0.26196213606921337,0,Low
0.1333333333333333,0.14061745864735106,0.13705161028677493,0.6215561954291856,0.38167595918566716,0.7187650827052979,0.40273549261204056,0.3333333333333333,0.3430651489814407,0.3223709742830627,0,Low
0.7766809775230213,0.06183645624091264,0.05927466978425225,0.913901287977072,0.5964132383681914,0.597357123008141,0.8275862068965517,0.5221745193677068,0.15838590988084572,0.620112656886394,0,Low
0.38174122829267887,0.34931267304236363,0.013458585514634379,0.39606348665854,0.24658834634145443,0.07643351835686116,0.7994725496215361,0.18188230975610103,0.5018477457501849,0.23586003303658268,0,Low
1.0000000000000002,0.005404438550609861,0.43909061058025506,0.6241664515881006,0.5714285714285714,0.568138491319833,0.6147882567550812,0.43303507417093473,0.44498231443860803,0.6792181450915332,0,Low
0.56613090131305,0.140068895427921,0.14790240342225802,0.6482893132909532,0.8087584304472142,0.29796363227002626,0.7469416901079482,0.4632606103816389,0.3674744091110881,0.24193454934347502,0,Low
0.0873077140158299,0.1434716170740199,0.2777471051275204,0.5513490519748542,0.3350274492687536,0.3339574813095408,0.7241379310344828,0.07275642834652493,0.2655622733778748,0.6730961571023746,0,Low
0.015077698453243978,0.12218439840021161,0.05612872743508074,0.1870730785312884,0.33164336708628867,0.40914918543164946,0.3013222493797725,0.4087218255995532,0.12665944019989878,0.6540466190719464,0,Low
0.19999999999999996,0.7703811634386344,0.2849226947306032,0.9099007579014012,0.701675188000309,0.5887479224563301,0.41379310344827586,0.1917239765924323,0.4255992064320264,0.9309793684267244,0,Low
0.36111972933838915,0.33772610210925447,0.03766563247939335,0.16572523860176952,0.6309708485822622,0.2865406357841519,0.5871543496490708,0.4444444444444444,0.11823427389450618,0.4312519391011375,0,Low
0.6959347366774612,0.5558409973598991,0.23897566319740932,0.9540001369433614,0.7142857142857142,0.24647036050074989,0.24558475516124706,0.5555555555555556,0.30742891825189844,0.33414615775890544,0,Low
0.26327296869318284,0.8421052631578947,0.2202912440617909,0.9330181093920453,0.7106496093141241,0.46430688717853097,0.2793727910070524,0.8832327255997489,0.26590065191724616,0.6435095526257119,0,Low
0.696032163361596,0.3095244684656777,0.43389197449022476,0.7901908768271321,0.9370739356537231,0.04103993551515951,0.11104280086937825,0.4689156916902188,0.1932833142486356,0.5954457243273069,0,Low
0.7923841382719735,0.49024065497250624,0.32380133807422884,0.42605628266656725,0.5714285714285714,0.3849774970777694,0.8699474431669239,0.5555555555555556,0.4923937158037604,0.8335762074079603,0,Low
0.3622815586688961,0.3545733431649346,0.36523542819632177,0.9319465971979937,0.08082523142379434,0.48269036316669456,0.9355708013770041,0.3961974022185067,0.3796597067168972,0.44591989579699043,0,Low
0.07154422925275511,0.6346595132122663,0.3861612585748966,0.2354246469545453,0.0020903839654664857,0.2654683191197261,0.8975608750178115,0.2205963680268594,0.36321090018107144,0.8712686646216423,0,Low
0.32561745405168385,0.5480629662148128,0.13595943652102577,0.749638720488833,0.13459012934108983,0.05263157894736842,0.5517241379310345,0.3856739391882016,0.29265894251058444,0.6478528912516444,0,Low
0.6969119055690166,0.7894736842105263,0.13170617886602443,0.42033242900726914,1.0,0.4832687967800833,0.3354630536305632,0.37380158640479627,0.31683956332354957,0.75870571331718,0,Low
0.40202955104662064,0.9218537701499817,0.19304664045396935,0.5562435461255945,0.5021745189785219,0.3652164983474413,0.41169356788280637,0.3333333333333333,0.3160153760080818,0.30195567343006924,0,Low
0.3966779584314877,0.025660123374635704,0.15723500169703342,0.7064700033940668,0.06964890630258262,0.44146742616119494,0.9823290463488992,0.6666666666666666,0.1634616727946697,0.14119194613239822,0,Low
0.18499594448760023,0.8828915351217896,0.1335884019791848,0.5698669911076587,0.14285714285714285,0.341230204655649,0.051150823739907966,0.33702802478725974,0.23647009489783619,0.9398337388845733,0,Low
0.1863588941762413,0.5472469319116742,0.4405876369816065,0.3962623239293112,0.4715934495484422,0.1471254427707167,0.5932626409433235,0.17803425485313235,0.36329356195640305,0.7309076682528723,0,Low
0.6528233246139372,0.5153868352215294,0.08364115754227763,0.42678689293728916,0.3710642794861456,0.6097210388641114,0.3457069115851657,0.2222222222222222,0.21796803287073596,0.061293255013652764,0,Low
0.26666666666666683,0.13494493605325406,0.06901160476907749,0.6172034916351302,0.2051494592840247,0.8306303627634691,0.9473737326738412,0.4828811863908601,0.23009160460421535,0.9112064183384165,0,Low
0.7763369445179553,0.514459429534387,0.032191191690925255,0.8673033915321418,0.0,0.29369561426722723,0.5439561779708052,0.5949939813589634,0.21737291813962678,0.16938483302458776,0,Low
0.6281135956368855,0.8864951510056086,0.5196154203349839,0.8988434078691067,0.7968994379209596,0.0830682139708799,0.23057985304183198,0.3507324589881596,0.4806555695389666,0.7149381262174382,0,Low
0.3774254037084436,0.15789473684210525,0.10966138105562664,0.8968887982654722,0.3046108873036186,0.2949037561381057,0.15873004712496583,0.014697356791703376,0.14662689537600407,0.28759232827429404,0,Low
0.6931807196702973,0.6106468002602917,0.23034620368377973,0.6528183136395644,0.014203956966230613,0.2948573265760812,0.5414385139210054,0.20012717805253014,0.3637125012731334,0.7904112933083602,0,Low
0.4872518761593565,0.7855965487984755,0.07150948637488977,0.616056463404298,0.6155397346271921,0.12151463907317608,0.8808238176535078,0.15360485724658984,0.21731707485838697,0.4714027322012068,0,Low
1.0000000000000002,0.033349067742580896,0.258864574015552,0.07829730941601866,0.5714285714285714,0.2298088269942612,0.5609401577316577,0.14631290483939097,0.4179232995079959,0.27331838564454813,0,Low
0.7569888165451101,0.5169780987321934,0.49166204308742006,0.3135157736497159,0.596773732012618,0.38370186861298394,0.48275862068965514,0.09139820843463044,0.5690583177150907,0.7521770155110408,0,Low
0.1059323357310162,0.631578947368421,0.3344915810070268,0.5376695510789573,0.8656176224728802,0.12689552442288193,0.22516074753983037,0.1111111111111111,0.2968888674072728,0.7661652244605214,0,Low
0.49132607621300584,0.8421052631578947,0.07293119742485402,0.6731784760047311,0.5185869795435591,0.48737987966367513,0.3013718029789714,0.5761050635108381,0.10246757714479861,0.289688334958602,0,Low
0.8329514840355344,0.23613869866194948,0.36245226883777515,0.13152650687072942,0.21401296478728654,0.20992339584558076,0.8105423358436891,0.22179794522466795,0.48688390966965,0.8597517979564308,0,Low
0.7865649200168581,0.30164728422827153,0.21051601379182394,0.843270205188368,0.29531077141653,0.06677376840330738,0.8183206344943849,0.02239179997190336,0.2446415373244642,0.501717539991571,0,Low
0.827016539201846,0.2958417027426713,0.24413988621840685,0.8687055344155016,0.08496455885318732,0.021328846738299406,0.034482758620689655,0.04502756533640986,0.35085179804417443,0.8713702294366774,0,Low
0.6991549646599637,0.9214529114768594,0.22779660740435284,0.34613182551304567,0.2857142857142857,0.1584284433726546,0.7591451943489881,0.1669483451133455,0.2110968808358499,0.08218311174748631,0,Low
0.18134683877548635,0.3157894736842105,0.1917920078979028,0.8307574578572179,0.7142857142857142,0.18734709667028465,0.6537442044335837,0.5377102505670125,0.37648336288210094,0.26456049658170233,0,Low
0.4666666666666668,0.3270082873819657,0.31108817809803335,0.5247446660219478,0.14285714285714285,0.05263157894736842,0.12549904761282918,0.23406430334763048,0.3274088724638603,0.44069084921461454,0,Low
0.18133086151194008,0.6463177409116262,0.08506053762115298,0.18223844275252224,0.1228544944770787,0.30105068014100533,0.3496558116779465,0.2533374530356553,0.10600151930227739,0.8119015757861382,0,Low
0.4527367605269234,0.32966756855971663,0.11470678377675014,0.7659800154998846,0.03766911466208806,0.639695441134615,0.08715060707824941,0.5262573552628204,0.20732638684032642,0.43363161973653835,0,Low
0.09780021421721569,0.9298688438497679,0.26696934381863124,0.9334670032132583,0.18092834191012602,0.884183956848034,0.5746546184037524,0.5259446229587909,0.3837607316435269,0.9303425883646015,0,Low
0.04881230523060415,0.15414412178085524,0.4208066592254919,0.594245911311012,0.5331692254941518,0.056382194008618436,0.5929846115647306,0.16270768410201386,0.450345286768053,0.7452584698467111,0,Low
0.3168127987789864,0.8815404915493895,0.057866175029294,0.7321858159585128,0.2857142857142857,0.17093726412185298,0.22418832141804124,1.0,0.08565809419937764,0.5137755731196559,0,Low
0.5266196126714896,0.7035211545601343,0.17525913802743837,0.6540705809927658,0.3381288480917932,0.11927348035341552,0.7367897219531915,0.07034422926193862,0.35935063682177043,0.3435599938438509,0,Low
0.4996182566758849,0.10405765266068871,0.6401319527105928,0.9431946890952989,0.0,0.3956409710307992,0.759410503429204,0.27586906115720156,0.5362681374901281,0.35344481472718525,0,Low
0.4666666666666668,0.5789473684210527,0.05739044531659814,0.251198831345382,0.6323865174029427,0.2413871066018529,0.5710425424456412,0.26963395798006656,0.1972009277167759,0.849071146509369,0,Low
0.4431714764857879,0.44812215208078354,0.3786650251550386,0.362834413562015,0.4516990052602434,0.15789473684210525,0.06896551724137931,0.5555555555555556,0.39414281523974865,0.31290781042635696,0,Low
0.0,0.12654639481836968,0.14609767639311735,0.695888647677803,0.20062592879271773,0.17802494704231064,0.5598293797376619,1.0,0.20992010902272365,0.6250296528640207,0,Low
0.7333333333333332,0.47368421052631576,0.21273845387064827,0.1790474419027561,0.5714285714285714,0.14143504572669413,0.13216237874089093,0.17131363934761565,0.22979774907002437,0.5743820239357843,0,Low
0.371864262696621,0.13568231265522698,0.3014967765854029,0.3686816974090086,0.8571428571428571,0.3544153590183125,0.8184100628051013,0.12843643121095838,0.3811275669805543,0.6541688215392869,0,Low
0.8471828502081666,0.9068759535365133,0.16087349278767007,0.2756652209779424,0.6219816252230356,0.0866383486020395,0.07321476756439643,0.5555555555555556,0.2993392287824494,0.6249209329922938,0,Low
0.3471242742289266,0.6424665322859946,0.470117066212543,0.7093361534161777,0.2857142857142857,0.10090812392770743,0.3103448275862069,0.7777777777777777,0.6004737594519736,0.6089304181552441,0,Low
0.04916557884772355,0.17171138512021827,0.6927851541503179,0.8853748368271586,0.42857142857142855,0.019407465334627706,0.6307102222328531,0.7368064620713415,0.6527772811863111,0.7346397479459771,0,Low
0.9152659412178118,0.27266704848185347,0.7046575324586286,0.7425420217634656,0.2986195657968011,0.06214073269237977,0.22268890470808111,0.010037440064178652,0.6474640652630739,0.727195489677977,0,Low
0.9486009382976348,0.7368421052631579,0.062007324425703024,0.3796185911275098,0.7470020106377887,0.05263157894736842,0.2384846999261409,0.5301095472817199,0.1616661964501261,0.4875549331927722,0,Low
0.8,0.9892237307335645,0.12035618370467059,0.1294540023571674,0.17210701658032496,0.6734342570493539,0.8691292798642163,0.5328056537708584,0.2481243286807187,0.8977299882141637,0,Low
0.4325842018593943,0.7270844761307816,0.3335449177158668,0.8709887328553212,0.2857142857142857,0.7723241042845294,0.4538938279067921,0.1111111111111111,0.4273732049088849,0.8175842018593942,0,Low
0.2958128930904831,0.0986519364586572,0.4023017688725036,0.35678311319341766,0.5089723719489652,0.04602035751128879,0.20689655172413793,0.14573113211908117,0.5172157609090805,0.22668054240246124,0,Low
0.005632421513872395,0.15789473684210525,0.03819664439041026,0.22312158067702145,0.4165019538988448,0.44328587439686473,0.40261691660912713,0.34272070252312065,0.14044804187529064,0.6555607903385108,0,Low
0.2371289518504126,0.14323857163799503,0.26914306966964596,0.5583810232232154,0.24593326587455794,0.28647714327599005,0.8428643352497865,0.4753852376531216,0.2860118898534798,0.8365164206924475,0,Low
0.24069364446719727,0.5263157894736842,0.45510288731046683,0.8002104120593847,0.25417009514058353,0.15789473684210525,0.40035878162096405,0.35786770377954613,0.4782905838422526,0.20032949344254644,0,Low
0.673425760392298,0.523647726160935,0.2444280856703259,0.48565943667671385,0.0,0.32379366362245804,0.48625470365118856,0.6722992447713594,0.37493035409751346,0.5024198347208474,0,Low
0.7333333333333332,0.5580710856288392,0.023273713792854804,0.7446366191201098,0.42857142857142855,0.04175256558442676,0.7580429953538025,0.5555555555555556,0.11819364120471816,0.21508376567369866,0,Low
0.1302724624359755,0.8251899239882858,0.37680626035003045,0.7716528702845732,0.7142857142857142,0.0024164770242298406,0.8886356787137298,0.6666666666666666,0.3576292300116386,0.5236730450768293,0,Low
0.06666666666666665,0.7581580964349274,0.5464196065542684,0.9047198364900855,1.0,0.0,0.26000017619602855,0.20722208028653255,0.5786729475044092,0.2076504981942707,0,Low
0.5333333333333334,0.15276471850497245,0.26754861625892434,0.5226716209538314,0.42857142857142855,0.0,0.4994398255838763,0.609306104659157,0.3184366171615038,0.9114440712256068,0,Low
0.3206489111451058,0.1094549941878305,0.21205307534659124,0.6237521875705132,0.35145393645937284,0.7184444151599487,0.749313406124407,0.19223208640086722,0.32731584498425403,0.7765044388803902,0,Low
0.29203144421836136,0.7042353506987062,0.35881481170397045,0.7364534551712143,1.0,0.0768503800574635,0.25724680072730366,0.16223969123242293,0.2692217389499303,0.8508361608511155,0,Low
0.15493518371887796,0.551896928088145,0.12843569468638513,0.6239551395707219,0.16600198255594065,0.4651571643214955,0.47158524980058036,0.35133487532128715,0.13566395585926988,0.5220114571786164,0,Low
0.1788706213746724,0.6842105263157894,0.14073774159116598,0.29362830488681224,0.42857142857142855,0.2939317577315561,0.9091765048703508,0.2398300377433285,0.25443963508012607,0.567814152443406,0,Low
0.2511973835618142,0.36033725522708193,0.16362757676709877,0.5802741638904785,0.5494868356163654,0.17819112617148572,0.4880549017477739,0.5726213500761603,0.3542722088610463,0.8180388226028165,0,Low
0.47263515830353625,0.3684210526315789,0.21559795976698448,0.8194037061379617,0.4221766161033541,0.5883713025845307,0.6160589289024289,0.0,0.37963431065164843,0.877613991599374,0,Low
0.8309344281766473,0.32393011267806504,0.15267557538661722,0.372100982983473,0.38437938831907537,0.024421916981563613,0.32101187178505075,0.2565938090851636,0.22279009652171283,0.6130397536602543,0,Low
0.04155550339366604,0.6507014661228914,0.25792990845588387,0.8931598403846182,0.7142857142857142,0.19754394201000097,0.37885035887034224,0.5555555555555556,0.33122449040677077,0.40136672143665064,0,Low
0.5367683588399508,0.2881177530894931,0.33046372844339333,0.39851729171386435,0.14285714285714285,0.0803032995420858,0.12157802383791828,0.33905837584436227,0.3426898160447032,0.4253101712395314,0,Low
0.5748310047882046,0.43917809116022277,0.08035919904144068,0.8624383732044234,0.04919767600631903,0.6462148073567807,0.07010866193561033,0.2604870813382481,0.16342518026444533,0.8775136602900475,0,Low
0.0432306559243854,0.9444936587682812,0.48543410449240126,0.5609240966805313,0.2857142857142857,0.06825893040692432,0.1826524026803987,0.1111111111111111,0.44686765548155316,0.9223039056396977,0,Low
0.9449608599191,0.5045898131259604,0.05143627759914692,0.6082668769798631,0.22674377848474966,0.5045898131259604,0.41379310344827586,0.2222222222222222,0.17102794247905095,0.8251749036031479,0,Low
0.8590148900622094,0.8326159051976743,0.2119014890062209,0.8923940439751163,0.37002127151744196,0.3434014604444613,0.561899118976243,0.2222222222222222,0.3185163182758427,0.11122909476710757,0,Low
0.5470094550130359,0.7998195850808584,0.4412394206598325,0.8968891249700561,0.25763255478052727,0.06342851711555453,0.7656945456963978,0.7996191240595899,0.4758403529875262,0.4421371153385476,0,Low
0.36935456581592474,0.2958397611429793,0.08462866385149821,0.7492419109234333,0.14285714285714285,0.351444847478371,0.11651877718218598,0.6066312791956813,0.2134316321313745,0.9114920378190283,0,Low
0.7797510905681009,0.7081894980114595,0.12006306774517471,0.168298691318279,1.0,0.33177545481465726,0.4378022882248797,0.0,0.27513381575986584,0.33639001155544335,0,Low
0.7229646207894722,0.6111143831371165,0.2246111732796052,0.6513099423434219,0.011109334868422438,0.3684210526315789,0.10612983945099852,0.5469149617690048,0.4009628954783701,0.37383351983881563,0,Low
0.06729050416687418,0.26401977549370775,0.6415952854217404,0.51842109031264,0.2857142857142857,0.15777161101969586,0.17273646767252115,0.8886289565971357,0.7380324132828737,0.6598713335155822,0,Low
0.47743353726430465,0.3684210526315789,0.031203036429819753,0.36684772970009755,0.5714285714285714,0.4770842749255698,0.5739549403544121,0.7741888209118984,0.21167054343878472,0.17886947858724803,0,Low
0.40105076371167714,0.8941838085728014,0.5918914442841807,0.708178629830985,0.14435823387382427,0.4731311769938542,0.7578960250264296,0.22163846460462389,0.5034981097490583,0.7493695417729939,0,Low
0.5402062497342498,0.2051003291571713,0.13658762501594504,0.6945772502870103,0.6008839274324985,0.45740625062940865,0.6967650859319825,0.4444444444444444,0.2915095848835095,0.2698453126993128,0,Low
0.19999999999999996,0.6842105263157894,0.1061233001474729,0.2406727110669364,0.33065665097277297,0.21052631578947367,0.6710538663759834,0.29837816035450987,0.31702425471253615,0.6893834992626354,0,Low
0.9743240335755684,0.7146162760289323,0.13885447895892755,0.8683851394963665,0.5989385354547484,0.33605997349297245,0.034482758620689655,0.08971447242408458,0.3287586949350182,0.15640249585939633,0,Low
0.06413991905094116,0.2205003195357585,0.3254693830006976,0.5629212372923919,0.5714285714285714,0.0,0.6233035320162678,0.22643346824843136,0.4299311088589158,0.6846209878576412,0,Low
0.224669378425038,0.548419625390331,0.482221599937439,0.17163886106148402,0.0,0.2631578947368421,0.7603424898634731,0.2222222222222222,0.545073340977871,0.7525478983872623,0,Low
0.5539626511702908,0.4172799632980567,0.051638066750598476,0.7719091320871734,0.8129371760636629,0.6967241615903914,0.8538703768890539,0.10314658918478647,0.14204380309561734,0.7765471988377718,0,Low
0.16524662217242866,0.7094052280308647,0.43952582614116475,0.90108746540653,0.35409990465520436,0.44848950881124044,0.5576001841140881,0.3912556297126188,0.4616588395411443,0.8695739866517286,0,Low
0.005780347457478906,0.9154243956297218,0.5656647410590486,0.8285895961015258,0.0,0.2449041659237508,0.47378911601425683,0.3140655084750703,0.5913598120624843,0.19517341207588212,0,Low
0.805577227599476,0.8465083375785336,0.11153987872304322,0.3266614653761256,0.84519165514398,0.2697625063678004,0.10200588941392863,0.12040649044357102,0.318428503039159,0.22981035880454803,0,Low
0.7333333333333332,0.7386089292517224,0.46473191243164474,0.8977314427537381,0.8226274877065258,0.2631578947368421,0.4554495838024687,0.1953769348828535,0.4436078476974844,0.6492955069064693,0,Low
0.1333333333333333,0.6842105263157894,0.49172863484543183,0.9465557975413372,0.2341356264763231,0.397673554807213,0.7394552571952743,0.5647946493330238,0.42963930987825477,0.9051313268332173,0,Low
0.31485949755889686,0.5009511416356683,0.47928912223696774,0.16267470956060134,0.03442345063730716,0.2124285990608105,0.7739925836816173,0.3025436070426056,0.5217231675921336,0.7127710753661655,0,Low
0.9632137772364187,0.5117949120670072,0.01827589667072684,0.773872587900966,0.24630047561044835,0.5843992991003919,0.43282046005012836,0.2528774078585401,0.17837369011104504,0.7398256831100226,0,Low
0.48496421063859835,0.2678055400332389,0.10797852638315897,0.7970453260951544,0.5714285714285714,0.47368421052631576,0.652127404805809,0.5250596489356696,0.19828298148769133,0.358436736648418,0,Low
0.3333333333333335,0.41900808422947244,0.5238634480197988,0.630213065616559,0.0027747428314302547,0.4726619368515783,0.8620689655172413,0.3333333333333333,0.3788851062711612,0.841650971984701,0,Low
0.13977574582426497,0.6740382960669499,0.5064207702831902,0.9404623773856101,0.2857142857142857,0.48894255589957497,0.6763260431222103,0.4337070902928916,0.41368077711597057,0.8590336381263602,0,Low
0.9568890053921892,0.5789473684210527,0.40569997378675743,0.6891738436177883,0.18476140546204667,0.631578947368421,0.5029882647058156,0.14370331535936964,0.32821864910217863,0.8855665705514439,0,Low
0.7333333333333332,0.3809777317427538,0.13823799551132165,0.20561306818529557,0.14285714285714285,0.38038416600906844,0.6073672267960741,0.2651500469904277,0.2243152598082213,0.843635042291385,0,Low
0.58280139778043,0.8230962817573173,0.05670266161973742,0.7015723471191408,0.2857142857142857,0.31307390491269943,0.4102347719545717,0.67239953407319,0.1798131893559259,0.08871010483353224,0,Low
0.7993498404233254,0.9305089399052714,0.41260990425399535,0.24081920106660995,0.19140498987143975,0.36790776875525694,0.8968880135741419,0.25889805949444006,0.49124420574616257,0.27072393528048866,0,Low
0.7421664208753532,0.8304827795499736,0.05969084193602925,0.9467001474747879,0.8445241606542571,0.6935085132021263,0.35091937071863455,0.009814541713355595,0.24772850092449403,0.13662481565651502,0,Low
0.4784351675959909,0.3157894736842105,0.19017604364545102,0.8134141555854743,0.252113038701399,0.09597223610842831,0.878290257178635,0.8431404174411034,0.40854715994266155,0.5864646110363144,0,Low
0.06662356663772231,0.8421392894965349,0.07305818503907492,0.6719754329835019,0.714378071490595,0.31561934199100916,0.4136593447377589,0.4442289442997227,0.10944197638607776,0.9649385824587543,0,Low
0.27410754419162403,0.8713582411282725,0.04679258830479362,0.4467239005676769,0.49202763122326004,0.47368421052631576,0.4214905629568524,0.43204298190284895,0.10516369907458828,0.30505648082336545,0,Low
0.9684526587945779,0.8143794798990175,0.2965173153505734,0.9386960701549947,0.15051139483390474,0.3073295109730526,0.3322051520549425,0.3333333333333333,0.33867208190081605,0.63129445531366,0,Low
0.35828601913258845,0.2993234286049691,0.15794424227360612,0.591519871964313,0.7677557552841178,0.259924451027198,0.18320189160364095,0.1111111111111111,0.34868880249809653,0.42491483443865896,0,Low
0.2505969894951382,0.40013752073328007,0.06016603237887977,0.09470375461194872,0.9655649774895816,0.22955619665049437,0.41379310344827586,0.0,0.07285803077757108,0.09622209598424739,0,Low
0.8308031561944377,0.572780752620633,0.48482172754000497,0.83564345508001,0.14285714285714285,0.2671529112719407,0.4508932866954094,0.0,0.3596969082865272,0.1438283429979203,0,Low
0.3333333333333335,0.5040945833345732,0.4681925990277856,0.562356636667986,0.4010572817449099,0.020273581872171622,0.42171047892611996,0.5983553395079179,0.47275565030507627,0.4637048298624853,0,Low
0.8,0.700437256448226,0.03180697414873096,0.8574958049034072,1.0,0.06476652855234571,0.007950484223950647,0.32052421986141283,0.15035002948541287,0.41517435371827477,0,Low
0.3718824893512993,0.7837466684919703,0.41869335139655456,0.654053962139519,0.2857142857142857,0.10526315789473684,0.5296762325160125,0.9062749645043305,0.5067841624848931,0.5847616930905679,0,Low
0.40000000000000013,0.74638775535981,0.2904494339758971,0.9183627347036728,0.9707631197084425,0.11603464010741592,0.32526231497539027,0.2677018137868672,0.25891807323227184,0.9248587502999789,0,Low
0.8993419397493627,0.6192003345073336,0.3431922939375849,0.1246678053639125,0.03641935026853994,0.31682851618521674,0.36847721122630567,0.1655698995822712,0.45199130109474617,0.9416609731804375,0,Low
0.20365884097643164,0.4441611009037789,0.6337676078030288,0.7679757741272731,0.14285714285714285,0.11104027522594473,0.9003367320445845,0.1111111111111111,0.5125786535155706,0.4557626745378799,0,Low
0.7149521049879481,0.8326618284286644,0.23590129196903428,0.20597850758968977,0.27289819572461604,0.34918783920481744,0.14411811240880606,0.06053959055153821,0.35226828751548844,0.12058017385759279,0,Low
0.19700872319051088,0.42577570022550926,0.2742949722185911,0.23507062645787946,0.8507329782653803,0.3707825869548599,0.14102545876843708,0.2802705084523521,0.27153341502060296,0.8700643932643428,0,Low
0.5289093301251645,0.3379901788156163,0.345042706939361,0.31457818660250325,0.2444152426783365,0.12397122891443041,0.11341701038798774,0.4839392610415753,0.3676576993555775,0.3743363995187747,0,Low
0.1100111566962152,0.12367540260825113,0.48901004102659373,0.43941941265141465,0.6643096214918897,0.19471922626913385,0.6378733274333697,0.36670385565405067,0.4551698537592461,0.4172274076901642,0,Low
0.17568685003617956,0.39256784199101175,0.059575486438132846,0.725483596078148,0.14285714285714285,0.2730622893023071,0.37322366369953547,0.26274413882858955,0.10679512064295663,0.6352370638612523,0,Low
0.5919097074661982,0.8421052631578947,0.18434428787654117,0.6220583297918877,0.2683779445704245,0.5661732223150496,0.5820222624825163,0.3333333333333333,0.24096339543322964,0.8575117370105798,0,Low
0.9358584154874554,0.9746809534818902,0.2782495783314515,0.5417387551975001,0.5768394617588324,0.12659523259054906,0.27455599198924735,0.0,0.3587897346502992,0.0322159282576613,0,Low
0.29499945217442713,0.4797369286040378,0.17582011175641682,0.28471058179075853,0.5714285714285714,0.19236816155630754,0.6829314311840355,0.1111111111111111,0.3972801765608888,0.24694988495662967,0,Low
0.10201767550899332,0.12998604565079472,0.08036318159161882,0.7554677338430548,0.15150432360997146,0.7894736842105263,0.4096186023951862,0.43771885941446664,0.27321569137159996,0.32786893448507404,0,Low
0.25880428823308826,0.09905601702612227,0.3389889154579835,0.8746363799693642,0.06300459453545165,0.15789473684210525,0.20583756743908463,0.408544834972835,0.2950100858985738,0.293974195956296,0,Low
0.1872647266242468,0.18923760791148153,0.4821245423337238,0.5914137116280983,0.22793065004544988,0.23299540516268968,0.42696752418181366,0.28839050559090545,0.3771979414765827,0.20831398147772956,0,Low
0.49517148270443573,0.3310374230386243,0.30154242537744397,0.7202238181130964,0.2039388915095049,0.16515058962277218,0.35457643867929667,0.3333333333333333,0.3999370680982095,0.18644855518866932,0,Low
0.4013256598002993,0.30547247260004723,0.910974463204104,0.5099658821048826,0.028003288657014624,0.14757773575794197,0.34551327231049955,0.0,0.8809002067786571,0.5961507045785825,0,Low
0.8410136314094908,0.08096849949372566,0.08876724918256598,0.23645145038397242,0.29668614010879646,0.6396634716591132,0.5809101392578224,0.0512887232910236,0.14503009992016713,0.8557524173066204,0,Low
0.28922298832796406,0.5077168789643245,0.17397765571643045,0.5531729656025773,1.0,0.2971905631748508,0.7591391198192543,0.2222222222222222,0.3815471114466541,0.5168420688721811,0,Low
0.7158570511271015,0.22432338068913024,0.5985619516000069,0.5745846352057427,0.7891840665981357,0.13030060704279212,0.07800497355494741,0.6084123926458944,0.42560294706462726,0.7667462015395766,0,Low
0.5572548820565919,0.8399823042232913,0.3722016810987873,0.5918134386391605,0.0,0.025254310006382532,0.23859750208569216,0.5555555555555556,0.41601483691777413,0.010403362197574637,0,Low
0.07642439244601806,0.45122015491290185,0.10590075381837125,0.7098280715521766,0.8780522695271815,0.2933254180707966,0.20689655172413793,0.5555555555555556,0.20104011369690347,0.4793909766007081,0,Low
1.0000000000000002,0.3092981777822342,0.12742672337405223,0.5457171757443326,0.8747620888767929,0.3684210526315789,0.2026436337193948,0.1111111111111111,0.14858098555937943,0.5702835975381979,0,Low
0.4666666666666668,0.5789473684210527,0.3015151095125021,0.7949357422514028,0.22607055942458681,0.04394800884504128,0.27586206896551724,0.09277912978397602,0.24936468123717426,0.1537374087395816,0,Low
0.9692038099616276,0.056637594676253934,0.22433325797690035,0.41429394308043016,0.9231346929393697,0.10926917362362235,0.2812926087993203,0.2222222222222222,0.40132260597563546,0.21070857241366187,0,Low
0.4660227542227853,0.525807437544304,0.1695312277662023,0.8294011614271902,0.28433447333453954,0.3178228814017311,0.8627350818384981,0.8888888888888888,0.22517512636139111,0.8572472743024064,0,Low
0.8666983364767848,0.47368421052631576,0.29995392042627844,0.4039909741041163,0.7142517823463022,0.21053881703030972,0.4827176683489854,7.917452529485983e-05,0.4899545849396043,0.8550106885609148,0,Low
0.9629054180846557,0.3353129378501813,0.10642027559555531,0.509055739122487,0.8836389870823889,0.32937412429963736,0.18131408143769345,0.1317192121751914,0.1440704837752281,0.549636822739418,0,Low
0.21012611131727854,0.45347558474106703,0.03125748051329122,0.7593834058008947,0.9451480157257535,0.37641535103995666,0.1274557469131602,0.5555555555555556,0.10569398054028772,0.5741135001855506,0,Low
0.5333333333333334,0.8527489616696968,0.19360719275402027,0.9198651798188504,0.7142857142857142,0.7646383876829879,0.9147630815854059,0.4519344545083052,0.23456874235508682,0.694156119020697,0,Low
0.26666666666666683,0.7331563312764489,0.0197928814575047,0.2781293870162009,0.02000848735642029,0.42105263157894735,0.5741328093538842,0.7544345425286206,0.23636231903558885,0.41470623820696895,0,Low
0.1333333333333333,0.4741834438751841,0.04384420359293631,0.9153061368495065,0.42586130467757194,0.47368421052631576,0.48275862068965514,0.3333333333333333,0.217143643702277,0.29203936823012705,0,Low
1.0000000000000002,0.10526315789473684,0.539722680450171,0.08517691629571127,0.5864810959934939,0.15789473684210525,0.6279221538048817,0.2222222222222222,0.5782379004918442,0.20895128769829213,0,Low
0.9274304392924255,0.7368421052631579,0.33891619231309583,0.050000000000000044,0.037947175977264914,0.20586613628349376,0.1815734562703743,0.6568285099318202,0.34331478428870427,0.8674738100978424,0,Low
0.7383462364275013,0.48555687574934553,0.7024732743386797,0.6311131611560515,0.42857142857142855,0.056589134021711666,0.7853248055435322,0.21804480297708212,0.752234520954519,0.9671802420095305,0,Low
0.7626229320379678,0.894736842105263,0.4432240540457845,0.9441726830423228,0.2857142857142857,0.12625824390960652,0.2772564602167928,0.8310868140951672,0.495115114083186,0.7719671990284757,0,Low
0.13974759759089084,0.14939397818659708,0.08478360540709554,0.83079055225519,0.14285714285714285,0.6095135372224909,0.21246601429153983,0.795723823828295,0.1886785235378035,0.8582129211688574,0,Low
0.4485542019287332,0.08579588560073813,0.7323680321786483,0.8757770389686089,0.03881242443842915,0.47368421052631576,0.855691755627828,0.17148599357088978,0.6190402527102501,0.38473791035223426,0,Low
0.4802283488032487,0.9371125183196365,0.3679229322789036,0.8931520467513179,0.7711839119965193,0.5370223806341436,0.4412611988948714,0.20057087200812146,0.5051349424788113,0.22042815400609111,0,Low
0.12722004432590464,0.11008943869007526,0.5044980398933142,0.4693628771270743,0.7011858092697956,0.1675472984327821,0.5488618396935966,0.4240668144196822,0.44925549104837725,0.38237941024004307,0,Low
0.8442419690781053,0.28086160335939064,0.18075399242989787,0.4583173966597316,0.42857142857142855,0.0,0.3332286046955717,0.07474899196187157,0.2678083746002862,0.5171374218934054,0,Low
0.8666666666666669,0.44855364166497486,0.09852251919163456,0.38790918377632605,0.14285714285714285,0.6998593302783838,0.2820742597612478,0.2222222222222222,0.18065338234600983,0.905900767665381,0,Low
0.04881812047897633,0.03854062143077079,0.28622718071846454,0.5086135903592324,0.5331816867406636,0.13717732404695415,0.7358152056578198,0.6369190896871828,0.321980558336218,0.51350213011362,0,Low
0.1993307275914041,0.8421052631578947,0.014451758875802152,0.3200066927240858,0.5728627265898482,0.47438870779852194,0.3443660190285546,0.5548119195460046,0.0007098343727531684,0.17979921827742124,0,Low
0.5246162044100408,0.631578947368421,0.36915748940851495,0.7368231875953555,0.9239015380768075,0.08066785439275512,0.6206896551724138,0.2814099148291497,0.3832290186240023,0.5021433238713925,0,Low
0.9531335250969922,0.4424207498468545,0.09980380440106798,0.39483377563651917,0.3281432680649832,0.04689519101919193,0.21441319797485195,0.06600063921219604,0.11331160822297201,0.6144959636123856,0,Low
0.1901881214461267,0.9551146409635841,0.5033246036047729,0.8591855415514156,0.6932602602417001,0.06812401876927354,0.5172413793103449,0.25492848406846635,0.6452745280368354,0.7523183282906514,0,Low
0.1333333333333333,0.24772000571550254,0.01724008065156729,0.9208622132609369,0.5307933307477488,0.511344911328118,0.4087358639412853,0.5718511050780806,0.0736540613015905,0.20055583559571977,0,Low
0.5178217068941791,0.11464300362851523,0.16915844896656124,0.6743762782771435,0.7397452955631127,0.2725377404706205,0.7302833472048893,0.4900990517254561,0.38032829676134194,0.2660891465529105,0,Low
0.848182290286882,0.04377878616264846,0.10566359387418063,0.47611828096024533,0.14285714285714285,0.33923519518981327,0.7719423527063403,0.7656597130236561,0.11606736568994575,0.37104453394058057,0,Low
0.2726440598628312,0.25371990547974044,0.16544102432756716,0.6549257296280055,0.5458111720164384,0.36370205800302813,0.2038047966226736,0.1011487891175038,0.2833898477481721,0.26537965387654794,0,Low
0.927319909703957,0.3684210526315789,0.13575570655219857,0.624270604063322,0.14930009674576045,0.6675944873398808,1.0,0.32832214697551965,0.2715133670054461,0.5899610744942355,0,Low
0.40729783991194113,0.8889753895432043,0.38747337993395575,0.6498047700644953,0.270076057331555,0.09374025277061945,0.6934299171958316,0.9878369334800983,0.44348522508443416,0.5524851842113415,0,Low
0.5072246572973097,0.3478089399715602,0.3702779586162312,0.6238413690811216,0.3166771027027554,0.05263157894736842,0.16638308890961834,0.28981887327329375,0.35487983054274685,0.5886321225946306,0,Low
0.9001499847208383,0.85544077137994,0.0255726928286076,0.253484251604312,0.42857142857142855,0.41450328645806017,0.8275862068965517,0.23604861747742847,0.23119591228257647,0.5099775022918742,0,Low
0.9304277131706283,0.3546575887029763,0.11838250289743227,0.6314093314148979,0.14285714285714285,0.6865044369705565,0.9909825581157431,0.3333333333333333,0.2632818628738626,0.5891405087318546,0,Low
0.17373546890465666,0.8734725602256193,0.2327998751065333,0.8607313871659418,0.14285714285714285,0.6108437912405185,0.3793103448275862,0.0886654802381537,0.20225960227064316,0.8280804271142647,0,Low
0.33572870709381714,0.843996347705645,0.17976342256865124,0.7860989119851228,0.9260049566851961,0.42105263157894735,0.8685214289237001,0.8848965992880828,0.13757850881421219,0.8640643928060635,0,Low
0.17257028193154966,0.380754595425277,0.5715668666587924,0.6735313253738394,0.20163511014667923,0.21353836079651436,0.3448275862068966,0.0,0.5111456928357325,0.20091265175245832,0,Low
0.4666666666666668,0.5244558436926401,0.0011766948491991856,0.8970601690951953,0.0,0.15696476395158324,0.5910812372192877,0.22025894612000907,0.03887995190219018,0.2091523289561808,0,Low
0.9922799318754337,0.6011049942451323,0.2387142651133584,0.593937234743529,0.016543003124071004,0.7307473146385001,0.7560830405154475,0.235089002429833,0.47411712410540063,0.49215910729619217,0,Low
0.36021291905125286,0.3053892283856102,0.5080578765332887,0.8187984031071157,0.5714285714285714,0.41044226879555806,0.43451029125662755,0.133510765876044,0.49083945552093194,0.36616767375286163,0,Low
0.7461701377099638,0.5992160069104694,0.5085840099038343,0.7529627603282473,0.42857142857142855,0.15789473684210525,0.24341504693351806,0.3119386593722823,0.6311389444152384,0.9085558595076291,0,Low
0.8673876726791097,0.843812908976838,0.2994700605808546,0.7900981274962084,0.0,0.21394160742736035,0.48648796213332446,0.6666666666666666,0.4041146191564841,0.04005407545093321,0,Low
0.5522157257021254,0.3684210526315789,0.08123232049472184,0.4144092015465516,0.5714285714285714,0.5006997028533027,0.48885796730447806,0.7492614247659581,0.22394079165252914,0.17101734880127684,0,Low
0.40866485459771934,0.8523662751815095,0.3920756115732698,0.9081803805344791,0.8478590843595866,0.48052488520872566,0.47827679934600725,0.021662136494298007,0.5404406574693442,0.08624660237072351,0,Low
0.3070880630467967,0.29423782007616184,0.3792198530474945,0.6037657246403245,0.9426313947963589,0.0,0.13793103448275862,0.13298216968322502,0.49801844999047007,0.14807111063914694,0,Low
0.911710098037766,0.4295881191956186,0.011352198530172823,0.7210835500022181,0.47490693277621554,0.3058353328201986,0.3448275862068966,0.9639612745073879,0.0335409786548056,0.6487825735283246,0,Low
0.8820379463870015,0.12544290393842705,0.05813724325181656,0.7548032367131469,0.14285714285714285,0.7247068844313147,0.8408074198217281,0.3333333333333333,0.2783030765095783,0.6580959263985232,0,Low
0.6338714964498752,0.0963496061974013,0.2530718325234268,0.962515980994035,0.4527653546070536,0.3166392049208554,0.713014825137845,0.3521508313610417,0.22924540257452097,0.5958467874112469,0,Low
0.5333333333333334,0.3494201954681585,0.6165135896012057,0.9875762866575505,0.0,0.13059763411263073,0.7199883185505174,0.6399247195477786,0.4754732131053291,0.49431361568107607,0,Low
0.21251876190608343,0.20558469924759862,0.4652257210708191,0.5310327978572519,0.0,0.20558469924759862,0.22794102216970927,0.33854948412753477,0.5215709756096537,0.9931221857140875,0,Low
0.4101514556315834,0.15370805565559198,0.2856250491039439,0.9058954825198227,0.5165584840726786,0.020215295341644714,0.7931034482758621,0.9573232653898611,0.44343548219641726,0.6970910043228001,0,Low
0.33088453750489255,0.4756174703908744,0.466567454440362,0.5424153948501954,0.4180765893066818,0.005799779593675836,0.4470092435370133,0.5514742291748207,0.4421226144690426,0.4261431465702056,0,Low
0.9971513508655553,0.357176384995612,0.2456759989215322,0.5705484304795314,0.2918185338595249,0.6360768144228078,0.18714818517816362,0.10636336255370284,0.37674542902898334,0.7744005421436684,0,Low
0.7130118144549424,0.5011254164535843,0.35074067404532167,0.8137597910681501,0.335369801201724,0.727695036620735,0.48275862068965514,0.1111111111111111,0.3952911579446084,0.494786170873819,0,Low
0.5335898957099585,0.9790283881189342,0.26195381877220747,0.9170278273904432,0.5714285714285714,0.5158299835331512,0.7242706357120474,0.08897440968109722,0.2806105502138964,0.4780461812277925,0,Low
0.5653925538676925,0.5126549554740891,0.5351186740728038,0.8729173612152615,0.5185397032851647,0.12474853036862352,0.2937624721374004,0.5432593076653843,0.6470664362956507,0.8911066623101154,0,Low
0.3567351953926894,0.5860370477817782,0.5793059218429243,0.7612979441382194,0.030903431862364786,0.14650926194544456,0.6803652477342217,0.1111111111111111,0.5736309958246834,0.33636698334030024,0,Low
0.22724654444120265,0.7602746789458328,0.731862557400992,0.8209043779994165,0.0,0.5263157894736842,0.44575719080325626,0.0,0.7412513069725202,0.3287914753300267,0,Low
0.1064849381620227,0.7887563348500897,0.11311520031066556,0.059112770317770964,0.22818201034719154,0.17837348893270336,0.027774201901355794,0.867272428348813,0.14097817211661276,0.7109914067992262,0,Low
0.3649978999426489,0.44868586846632985,0.46799999999999997,0.47680352809635,0.22501350036868634,0.0,0.4318976379606989,0.5555555555555556,0.4476345594885117,0.37537862259893084,0,Low
0.16803111572687032,0.7526929915661913,0.1970322292137683,0.18544433991079012,0.1056809474354961,0.08002456504752918,0.8082275790445116,0.14002592977239192,0.2641498168373586,0.23494165801211817,0,Low
0.6666666666666667,0.4242627209083633,0.19640599053934074,0.3722020641060924,0.13850059305293547,0.2902762065428803,0.3991806766059872,0.7205280084094748,0.35414548577081983,0.601492977407613,0,Low
0.19999999999999996,0.6574308600457172,0.358110521050553,0.6482325110327487,0.7819370032294114,0.0,0.034482758620689655,0.8362712197104578,0.47058589368811654,0.6696474536347451,0,Low
0.267399511505322,0.10526315789473684,0.3254726849209326,0.7962638241419159,0.7148091748847536,0.316946597113666,0.9997472948832223,0.11151824713258618,0.4507524670576809,0.554267155161345,0,Low
0.9931624098697471,0.6477732397821783,0.25543589392735316,0.5830256580671419,0.0,0.726045910320653,0.7418213537851372,0.2222222222222222,0.5018477457501849,0.49179484297468656,0,Low
0.804882566904584,0.8138621446429274,0.5392211048338659,0.7777549454393311,0.22997967933616287,0.15789473684210525,0.5382709570811427,0.05962436130937556,0.4768256376082617,0.802323850356876,0,Low
0.508195825529008,0.5133750123226191,0.4210635448232029,0.9487541252341298,0.5175624832764455,0.11820393504580196,0.5856378987407225,0.5974514018960979,0.5550250243226367,0.18680690660751795,0,Low
0.5165247736061487,0.6457450296405234,0.15026587645014516,0.9081126319447855,0.356534744026351,0.6974804418898827,0.3964049382132571,0.0830968448991365,0.15095997729703098,0.9874787160409223,0,Low
0.26666666666666683,0.9381933788858355,0.6423312609684495,0.6291156851274823,0.9950192628237393,0.0018350084333592057,0.826383959991937,0.23384394230016384,0.6522255936308168,0.12238511298246313,0,Low
1.0000000000000002,0.7313116548014652,0.09444654813950754,0.4583431518018517,0.5714285714285714,0.06369247987075369,0.5862068965517241,0.023350790838257807,0.2574521600834895,0.1097285351447472,0,Low
0.4480169088557233,0.4442372245090366,0.2082898176925342,0.7412480422626834,0.2657324023454177,0.3684210526315789,0.9951767867730319,0.6355837369817607,0.3794951362985499,0.33877844120895295,0,Low
0.9695045268150863,0.34882651087783567,0.47448182736974776,0.9172959011016767,0.7264479720646551,0.3880155943853222,0.7743942102680589,0.21276268839415718,0.5277396548969039,0.3751587653775539,0,Low
0.6521559688107172,0.5583594859957695,0.5439589442105532,0.4620371445618152,0.3974770760229656,0.38900893505686207,0.398782036700742,0.04346330734226442,0.6009544698590891,0.6691169766080379,0,Low
0.11513604167624564,0.8038399670977008,0.02873725311882154,0.4463213937761509,0.6752915178776692,0.22959177636116368,0.6018648706995645,0.6162131944125144,0.09988011361491174,0.7391199218570393,0,Low
0.9046646343339264,0.49877246464896674,0.24588490839120702,0.26490975581243204,0.49666811833290975,0.4485959564036648,0.8440233389079437,0.5555555555555556,0.4149315881739013,0.7560350608161627,0,Low
0.8059168884710983,0.3227963152947216,0.12668936335526734,0.3835975598871966,0.4222319052095376,0.0,0.30881459780919873,0.2123607414370585,0.21260242939670573,0.6153404503290101,0,Low
0.6295612933305985,0.136380308769051,0.2866627727346598,0.951602707601887,0.4074562190495725,0.23204074386252793,0.7100422712624818,0.2840645111156692,0.2446415373244642,0.5802193533347008,0,Low
0.1356948245612363,0.2142549861493205,0.4385613026321056,0.7141253421051127,0.4386921052624414,0.15789473684210525,0.619468194192464,0.6587950292403233,0.6008828859847812,0.28716621052651636,0,Low
0.5341897269260258,0.1392240435183871,0.06223913003813714,0.875300397925259,0.0,0.45433741699784036,0.11523783687104337,0.7046552521400287,0.08777449331737816,0.37948616384438455,0,Low
0.4666666666666668,0.33019168666968635,0.014199198887756767,0.3316096619578429,0.42857142857142855,0.21412686903584263,0.7108860208665204,0.1111111111111111,0.4887521636915141,0.2947887358176707,0,Low
0.164695020603127,0.39006715406003767,0.5376732935264147,0.8908733919975799,0.5714285714285714,0.14707168612787586,0.027391794359642813,0.28106385455034383,0.5120243473501704,0.7983664676320733,0,Low
1.0000000000000002,0.2845765685730334,0.7941545152248587,0.8942240632537352,0.46877013722536093,0.34039375551590834,0.9558141048076715,0.3160192090813978,0.7413536622874746,0.6817095875624607,0,Low
0.35017660626405916,1.0,0.2949397495975069,0.5276821087246939,0.10676441514844498,0.24986057400205866,0.07840833950510227,0.6666666666666666,0.42844575055694467,0.8454155354023212,0,Low
0.06666666666666665,0.21025883474641968,0.32663018533743515,0.5669632434771228,0.5714285714285714,0.001337405215269991,0.621916378576765,0.2222222222222222,0.4303580454916286,0.6840852148327554,0,Low
0.5941904747633833,0.46909774323424996,0.13435857266300683,0.3792942845583405,0.32918367245003566,0.5171428548895526,0.44679803201715523,0.2222222222222222,0.21038433093145514,0.09500714367772127,0,Low
0.5967477612217885,0.5609744699098836,0.6291702985657558,0.8898537761035805,0.0,0.2156614296498077,0.9520597016074005,0.5501351575918697,0.46707406978442484,0.3223169030079755,0,Low
0.4623196640798985,0.13329486944214536,0.3082307746038898,0.8722158348889921,0.5714285714285714,0.10869500204218548,0.8437033613999737,0.2222222222222222,0.43688979671131206,0.05565205038801524,0,Low
0.8075756054815901,0.3177830540741026,0.13328775254971975,0.3795758062458913,0.4177491350262999,0.00598074116967634,0.3129571053384793,0.23063956164621113,0.21752443434729124,0.6182954887666422,0,Low
0.5114395613224426,0.9769539241990624,0.2953048531046286,0.36236674031520816,0.2857142857142857,0.28620397053777974,0.8545193889617617,0.2222222222222222,0.2583874108061289,0.026568131603267233,0,Low
0.17889598619361344,0.8309978874703229,0.1839076176031428,0.7423800172579831,1.0,0.22718737932083144,0.19060690845378148,0.19877331799290388,0.24101570671335784,0.10135561069994956,0,Low
0.1982950670290096,0.7381881049770976,0.25913900884964985,0.7543973630072691,0.2857142857142857,0.5776013687071129,0.5140078857446735,0.8879417039050053,0.33331006323174495,0.8195737667572524,0,Low
0.07486893683189799,0.5886605830904056,0.388862631661799,0.7035966560933207,0.5626404248229664,0.37165879085469655,0.47851606715591477,0.22905744735991498,0.5074306380163733,0.7955365323615312,0,Low
0.25886041794249753,0.8762483582848622,0.08077002736509539,0.8072085636099728,0.2857142857142857,0.5789473684210527,0.3041260729668197,0.6926874957472308,0.19181554569699438,0.7140512477035046,0,Low
0.5978561306075179,0.9218988958128218,0.15664626155024042,0.3461929482453234,0.290308291555319,0.23768836949703245,0.18577402954809252,0.0,0.3255179647914069,0.380176293866915,0,Low
0.2728990853703615,0.05755190950291684,0.22501384602502317,0.5645210975555665,0.2723591027777971,0.35366006096493363,0.761844354501911,0.4548318089506022,0.41011350453520456,0.8022949619027527,0,Low
0.14284252558927651,0.5564255972885555,0.49487501246710947,0.6580506488331568,1.0,0.0,0.18227735083590613,0.2222222222222222,0.5473686154467341,0.14071702645201065,0,Low
0.888281601347542,0.8257599973403777,0.0591465924143692,0.4666359651095225,0.7142857142857142,0.07041515736281238,0.2651531017057647,0.6681848855200341,0.13070195389205508,0.5598633603031969,0,Low
0.90875578159948,0.5549357319998631,0.3318940101719766,0.338082932536411,0.4937458702860858,0.4782925166313052,0.8245669718622484,0.43471579822280015,0.3968344577921049,0.866751156319896,0,Low
0.4937680906051971,0.8563691704939633,0.07943912815446769,0.6400855333433138,0.5327122515163852,0.5191838358056499,0.266516750366024,0.5856682488205892,0.09618935004448426,0.358713745946214,0,Low
0.24892732793024688,0.6702057852080895,0.10228338764965733,0.47141794936449927,0.24770141699338594,0.39304314936354756,0.39544206337611737,0.3853133153230448,0.17132527730480257,0.6605571153987967,0,Low
0.26666666666666683,0.7138832071863813,0.024691342809623755,0.7647054169395561,0.7766027233512507,0.7390800328610962,0.7600869180814079,0.16430440975773167,0.21645338160167568,0.4282991750255668,0,Low
0.6930345058563574,0.47368421052631576,0.16584838191196904,0.20550693466298942,0.14285714285714285,0.5193768844237656,0.20423704729790249,0.12575991066093922,0.13666887282010198,0.9510448241215463,0,Low
0.3182381559148886,0.20953379626428095,0.2562451523227226,0.3486042511285136,0.8571428571428571,0.42105263157894735,0.8874433309229656,0.2222222222222222,0.4403908873711052,0.7347164658876564,0,Low
0.36480146527383867,0.09403701571119104,0.3230387911490833,0.9272099779879627,0.5489513343282105,0.008281087352764525,0.7931034482758621,0.9825177044774971,0.4578482655325815,0.7696509888951917,0,Low
0.688053347377343,0.8232421274379099,0.47432356934894915,0.8108223637664553,0.11994284209570398,0.42105263157894735,0.12004139020655918,0.8888888888888888,0.42682276640742206,0.8617919978933986,0,Low
0.2668017757490476,0.7016832759215539,0.4960000000000001,0.6047328701170334,0.23828825107006796,0.1053698229597744,0.6552422978012316,0.07422419527671953,0.4036687150295236,0.17017226408003566,0,Low
0.3144046729268703,0.7619673717158966,0.30714516513336687,0.8379345015650511,0.3603742767711378,0.0,0.7241379310344828,0.8888888888888888,0.3567239663788704,0.17780045954681034,0,Low
0.2899698831634206,0.6242200368957619,0.02496358511380857,0.8606321069683048,0.9800258144313538,0.695248892024778,0.7265486086031124,0.22998996105447347,0.20737208216923675,0.491671991341981,0,Low
0.014111212510477863,0.8086839703699208,0.10159835919017189,0.7091099361183989,0.015119156261226285,0.5207455740090219,0.3285920851428593,0.3333333333333333,0.24048277862983689,0.06238787644514908,0,Low
0.5268685190587492,0.5789473684210527,0.30261824978120655,0.956622203763129,0.5145740748458321,0.13184454262116113,0.3722745845571845,0.6332211931155097,0.4366355282698487,0.34145458321178146,0,Low
0.37117764129033465,0.5391112547821041,0.1701173603785117,0.7926994029419294,0.42857142857142855,0.009959028409737152,0.20689655172413793,0.4234198289127771,0.28349774760350027,0.7177005999139746,0,Low
0.8508849510360469,0.09280390871266843,0.15609402538142148,0.6699845066952851,0.8740518381756642,0.5540288700569158,0.5353982252097035,0.3333333333333333,0.1244996426122503,0.393694683898663,0,Low
0.4051579615753458,0.48182836038212473,0.36114506667140733,0.31029787268013576,0.42857142857142855,0.155858699378153,0.06896551724137931,0.5469589529299794,0.38561774725179554,0.357514506267981,0,Low
0.4930940017539968,0.6914799981536877,0.2525606983337032,0.9125524798596801,0.8670085689228618,0.08076473638052717,0.30796344888068855,0.1187844424955592,0.20005976971927047,0.8725965980706036,0,Low
0.157519037287707,0.6842105263157894,0.526493072926616,0.9192190122942955,0.2857142857142857,0.49277818733240025,0.7105049172020463,0.4578809466413187,0.4105880596958174,0.8630232129942967,0,Low
0.3319612877987429,0.6313081489076465,0.46961742049056576,0.6988026466377357,0.2857142857142857,0.10526315789473684,0.3092803094990245,0.7760627208595394,0.5982627248553184,0.6051286292688679,0,Low
0.7573404110122532,0.7463185832943104,0.5544404246607352,0.8390750102363613,0.7799772503177571,0.15789473684210525,0.41656270674315166,0.02000589806576665,0.5823279001438135,0.821204777433271,0,Low
0.9180916558983385,0.16992764008025912,0.05974914389841608,0.9750854993539004,0.31837502307498905,0.7052433615434492,0.11921552838102921,0.2730278136722052,0.16332290347861694,0.9784293774228738,0,Low
0.26666666666666683,0.5837525626700333,0.22264039196706903,0.5919373993635735,1.0,0.39725221812546274,0.7241379310344828,0.2222222222222222,0.40064388162047354,0.5018045458244279,0,Low
0.19985065180265202,0.47368421052631576,0.2561075307020905,0.9738118212713416,0.7142857142857142,0.21034945608208797,0.7585820651213755,0.7776533209466544,0.4263976287058329,0.6599327933111935,0,Low
0.08876365299204858,0.6667655371115405,0.41510672785472164,0.9473596328716698,0.9365973907199653,0.48521533288427443,0.451956132921438,0.04931314055113811,0.36254841364246176,0.33764001829125345,0,Low
0.45044238691899574,0.2219379463723856,0.40141604926692576,0.4028672839243014,0.0,0.03982293704131235,0.28333865451983886,0.38741426582557004,0.36806456601972654,0.43227854958666484,0,Low
0.8344917774263878,0.22414149108936357,0.42481894232660083,0.8413357636864804,0.1798126186711297,0.013615175299889893,0.08800448221336027,0.0,0.5422785756221655,0.8669688922069289,0,Low
0.5310442881957644,0.40072285635923227,0.048274642865347585,0.9324377905203503,0.055180818453512304,0.09509827028487931,0.8554092115659554,0.0896519039347452,0.19812591532727936,0.4506223075523011,0,Low
0.8666666666666669,0.7456945499439983,0.29830116810533436,0.08282262485744818,0.1308431107902879,0.39449529753642587,0.2155963680484122,0.1017668639480017,0.40240281387068644,0.060321254276553556,0,Low
0.6884289051002195,0.43823334613175224,0.05301594451915145,0.7196240526009069,0.046633368071898995,0.7024806761575481,0.09076440974194706,0.18595182483296743,0.11246884620492209,0.8342195766937816,0,Low
0.47464590830784403,0.9305017335224467,0.36980700594610266,0.8943243592553529,0.7771650982415957,0.5326151907693505,0.44414866811663245,0.1866147707696098,0.5078890289759899,0.20996107807720737,0,Low
0.38455415242929913,0.4393437668600407,0.05202227306453562,0.4066202065068858,1.0,0.18228291721689635,0.9070667882523604,0.2222222222222222,0.2734286946923709,0.3237479906399528,0,Low
0.09177969079911989,0.822279191474379,0.2851516690047657,0.4800000000000002,0.8571428571428571,0.2822701297943373,0.24988307848366906,0.08371008044151083,0.3989226200872185,0.6939703970582839,0,Low
0.46606183968981846,0.16028221175071708,0.3807983716094398,0.3981814480930546,0.0,0.05215408396564605,0.24294351804357325,0.33534942325616107,0.341743536960247,0.4685937772788276,0,Low
0.9333333333333333,0.9091956674736509,0.4483126875914585,0.8166151188699781,0.31161722564287975,0.08126114413160393,0.6959076061896606,0.6465199356110936,0.3989343119519515,0.2614556927924707,0,Low
0.10091965815818438,0.3104811066659126,0.6197783717698779,0.5411207692567744,0.2857142857142857,0.15113427799509518,0.1901308576680264,0.8746168091007565,0.7204162544570488,0.6529353205048745,0,Low
0.2388856839114729,0.9701744264983598,0.22636576286303534,0.5608334294826559,0.18333470689508308,0.30789625498930234,0.03908178596766643,0.6981492164739534,0.35428529911975215,0.8810818430188349,0,Low
0.40368554374764365,0.4162032319109954,0.02895333818625102,0.39049636337212495,0.9973674687516833,0.16080437664287645,0.9278572898727211,0.22631727083071498,0.25617022050413063,0.2986179210946337,0,Low
0.8666666666666669,0.9018693911692092,0.13379892860133577,0.4732949883490217,0.3668227451582125,0.1721598349699974,0.4593933737560387,0.0480267537658347,0.1734013593456213,0.08538528230871378,0,Low
0.25600810018274806,0.5157574992786266,0.11045837251206309,0.5510103533311426,0.2857142857142857,0.44629660483033384,0.5172413793103449,0.9822357225268021,0.18256493224770337,0.9082127577878281,0,Low
0.9333333333333333,0.8648102712746955,0.39286423138991333,0.7870988303976727,0.34173588734931376,0.1145501912808205,0.7031776279808689,0.6230943098394226,0.38927318912815817,0.22245202588263863,0,Low
0.8427336902101558,0.4831314380749386,0.11138531531624452,0.4453306959098033,0.14285714285714285,0.4453425278804473,0.4447409178316954,0.2421663692693148,0.145035424899687,0.9214100535315234,0,Low
0.3333333333333335,0.4347945527448188,0.13671975192441588,0.2223254973964457,0.5714285714285714,0.23645275431047164,0.6466792701396731,0.19321149976093804,0.3262092911534302,0.2968711982114117,0,Low
0.4666666666666668,0.29355862967060464,0.2419587781726197,0.6260907473300013,0.7444561454470364,0.3409658487844626,0.11608348088318043,0.4444444444444444,0.36630474522120204,0.6290971869180265,0,Low
0.9536657399179823,0.5423676894089333,0.29986142724068593,0.806794735876625,0.11803521781320474,0.384472952566828,0.09293151383552645,0.7970837194786184,0.4107311045184376,0.4930315106480675,0,Low
0.5180569405693994,0.2467072460198437,0.11110651426513186,0.6236321051210185,0.5714285714285714,0.47368421052631576,0.6659504250214817,0.5208264082641145,0.2668776133437539,0.25323114031139404,0,Low
0.38594610353502357,0.3656472572766494,0.05810674434661695,0.9649486380113861,0.5789574445348088,0.46258902910659744,0.5989280959381252,0.6725224568604069,0.056766646733614395,0.4997297888256338,0,Low
0.31114965507569714,0.50871107093311,0.2026065380819126,0.2150502998737846,0.5714285714285714,0.2192830308911722,0.6609095719631818,0.09262471256308084,0.404759418456492,0.3049132760796817,0,Low
0.2610708553247638,0.19405511170545228,0.23275543453115685,0.7305326071869414,0.6041451010668377,0.18200165341766994,0.11134536922302982,0.7014392086218229,0.32441360871489044,0.6804196858506427,0,Low
0.38057146697350874,0.14255642129487522,0.37675439688830753,0.890468495392453,0.3273468564853387,0.06796989449459845,0.4612809669456436,0.8888888888888888,0.48079417730013174,0.8926856595627501,0,Low
0.3333333333333335,0.5290974854278854,0.7623066327401125,0.5296765983020212,0.0,0.3628576607231765,0.7259604214872353,0.05261932093723205,0.6781127862798463,0.5197671806803507,0,Low
0.32947196929608025,0.572850477835916,0.11287229512982488,0.8029644081528275,0.42029707706302877,0.012193781170273324,0.19491300816024862,0.4444444444444444,0.25604417726333917,0.7334752276335279,0,Low
0.6099592557010473,0.432846487014398,0.04402897256914794,0.8847713907569501,0.6929444520691844,0.09740058760443641,0.8810977066707888,0.2471203614748402,0.19821920524342157,0.026059299817938614,0,Low
0.02951706816027047,0.007767649515860647,0.697562655555361,0.652126977964673,0.38640418834247076,0.18722336724189173,0.5121522296275396,0.0,0.5412124216127437,0.8480141568634321,0,Low
0.33004945758354914,0.36634702584224144,0.00827584556298189,0.38418730058611894,0.14567189349981513,0.5773918483290496,0.44759643950004463,0.3333333333333333,0.0474296700980584,0.664802967455013,0,Low
0.6863860647501989,0.752410051118578,0.5583378812587232,0.898731496581086,0.14285714285714285,0.49369796241756697,0.022341223642292796,0.14710530475702727,0.4901577632111992,0.33936719698924517,0,Low
0.6369361128659786,0.6081074575257726,0.42675932785814685,0.753324250157938,0.8725833408541939,0.02916008910471992,0.5284224192392438,0.17267129922107538,0.38499303435999693,0.3070935439041227,0,Low
0.3371519379862853,0.7398567931470672,0.30259427906864034,0.7417629147307574,0.756449612400545,0.08972909016822025,0.8417139802204265,0.6730310077549198,0.34096186481914353,0.060572790697942774,0,Low
0.8792527812304727,0.6429901274902297,0.32616673209282565,0.12979054078622945,0.05794344868163638,0.3485482401624115,0.30093607482658924,0.1320879687174545,0.4360669681224553,0.9160472960688527,0,Low
0.6767224520811245,0.9271783020839146,0.19983612260405617,0.8975083678121687,0.19765889434366024,0.6157013914508562,0.4454503897251072,0.2222222222222222,0.31943632567968844,0.22752336401279133,0,Low
0.21750030521973676,0.687664533924948,0.12009364698833884,0.3551940498783915,0.4379465920820018,0.2036183005711565,0.9242455712509642,0.2222222222222222,0.24854939438510434,0.5847499084340789,0,Low
0.6594956841975197,0.28760730748538543,0.08107800989778043,0.6465721035792596,0.33671058645501684,0.4642901551267074,0.8620689655172413,0.5952193450205687,0.1714035276827947,0.9075059063185209,0,Low
0.30854443138408516,0.7820614550628222,0.2653262976785522,0.43531302703494396,0.8571428571428571,0.29621928793480395,0.7754253143777551,0.08262967316416102,0.3395517008274632,0.7546758147223211,0,Low
0.7395952144523646,0.301657868605245,0.247,0.5393814158042769,0.5455408061938705,0.5407969775488619,0.20689655172413793,0.7069365236984235,0.3075903979914064,0.12869070790213843,0,Low
0.31716841660434325,0.17118467103623064,0.47996826122288927,0.194244107531785,0.03607267852691174,0.0664496709706269,0.5256025431356846,0.2783352777085294,0.5816024029788384,0.8960618437733714,0,Low
0.0,0.5788390021215123,0.29701544219768455,0.41601853063722155,0.714138645736338,0.21030958319039295,0.8274442096764644,0.22233660887173703,0.4020923018443231,0.5651132427830197,0,Low
0.28785843777023434,0.17462508245018488,0.03801982738225835,0.6073776779385385,0.1201516738176062,0.783549053529616,0.9506743258796273,0.5025761277966367,0.20598341057286917,0.9394371600853135,0,Low
0.685318394492006,0.5789473684210527,0.3895381992466368,0.1011191036695204,0.0,0.34707272366811825,0.4644323936816753,0.2222222222222222,0.3783784853605009,0.9717134854192145,0,Low
0.8629535756638556,0.47368421052631576,0.09927848182521087,0.5124962623355186,0.13490051927968996,0.47368421052631576,0.4272370536308686,0.21603373721753666,0.11780665862975184,0.9222151817478915,0,Low
0.4068129079795814,0.5843259799838799,0.36539327385075093,0.763080783320796,0.0,0.352285217943097,0.0626741019844742,0.433089597811809,0.2776205832100182,0.2815329042954058,0,Low
0.3055440601435826,0.5932130985425174,0.022041063157538086,0.8580452015058483,0.9791728249230809,0.6765373565506086,0.7492741768169714,0.18982439432479242,0.1979433000482143,0.5144660187892224,0,Low
0.726126907676837,0.7339974635566461,0.23478445787127172,0.7648916867348303,0.14285714285714285,0.3186341153907223,0.602516410475453,0.6021030790404903,0.18388611655528248,0.9773648795189407,0,Low
0.38839471771999323,0.3867451825473793,0.0550851284237989,0.9201320329815741,0.5714285714285714,0.4645221455684156,0.550190503268944,0.6666666666666666,0.07647561770748179,0.5250191119330119,0,Low
0.6139835609373362,0.13115116604999805,0.06485526934634027,0.26405033762754115,0.5714285714285714,0.3896447967378955,0.6448836403106899,0.5224028410011119,0.15232633713274238,0.37588621016929946,0,Low
0.8773368556885021,0.783138429089858,0.14739286723078374,0.29311112366497516,0.30857897647536114,0.10317457957711412,0.6938058568031964,0.12889475948083645,0.19556580070456417,0.13779762241026122,0,Low
0.38485485200112046,0.4497708189491373,0.17508498763895816,0.9239108100403026,0.11040325428811493,0.49759760210349424,0.12226364000115893,0.282849506670401,0.21867576956454057,0.6470803147061337,0,Low
0.297340491070858,0.9352603324720298,0.5513162721001061,0.6422633283479489,0.9342703762767331,0.02421617716120357,0.8355190925183252,0.2222222222222222,0.6259041368064653,0.16525939453050092,0,Low
0.19124432490604143,0.9930876249258223,0.2968272490587593,0.6981613082302687,0.26695212479866026,0.09143840774638125,0.8122521934309255,0.4444444444444444,0.4043568584471286,0.4085367832166096,0,Low
0.8981478193419448,0.15095022750169962,0.04827112555984661,0.6748336588514747,0.5902779539239581,0.4557751782809755,0.857519114570079,0.7924384086075229,0.07191339208576682,0.8321873335418595,0,Low
0.26176488712535106,0.4872286013641619,0.06310290039679604,0.652985405582091,0.28046237906287597,0.21633105471997915,0.0025354032110253832,0.4362748118755848,0.15399870201235413,0.7956983187167797,0,Low
0.3333333333333335,0.8963843323025007,0.0715287912538668,0.5504415804723063,0.4330431876782166,0.47038923013184036,0.49139374172345274,0.3402894030550036,0.19244813298200458,0.40280883803767387,0,Low
0.1562433110087715,0.688153670110803,0.336866392992895,0.19070353178736862,0.03838999043233063,0.3055889367936286,0.9150848229673321,0.19236334077485395,0.36865718259997277,0.8064738670782898,0,Low
0.20603169927014542,0.25363415904713876,0.27784304442306745,0.4637427350950798,0.14285714285714285,0.5070172854402775,0.9059112574881567,0.7576721135439596,0.24008378261875368,0.6812378918251327,0,Low
0.7714720184184998,0.4360673587271054,0.021553832540507578,0.8371684908669147,0.8367657274417855,0.8421052631578947,0.4925434196954315,0.5238577982427775,0.06596362479251679,0.7842868004604625,0,Low
0.2713972703639723,0.9417663903584539,0.15270301733103,0.5224967133882171,0.8470058492200596,0.26502523830156793,0.8596221015358764,0.2261643919699768,0.22413034493282227,0.6967739763864895,0,Low
0.3653207895415872,0.48631083797694225,0.10189807972392334,0.6904084670594287,0.5371562969197281,0.42105263157894735,0.3627651088577998,0.7199790936804228,0.23478756958327518,0.5528263419626672,0,Low
0.17691950495236416,0.8076951276691862,0.5580960913366664,0.7945774767323834,0.0,0.21660013027569364,0.543765346535298,0.23504471947090882,0.5949031106159156,0.23528734529761378,0,Low
0.08746346603300867,0.611784420052119,0.08488601402298718,0.12086294379089291,0.14285714285714285,0.2699098977383798,0.601085237774015,0.26401066877885987,0.21592652721740896,0.24839639928713478,0,Low
0.8880495160292087,0.0,0.23161974318602685,0.5380345979947894,0.7601061057768753,0.0675247874606584,0.9765773358771768,0.48008252671534746,0.32778065379322807,0.8808514519123745,0,Low
0.24356426428768657,0.7604655444856965,0.019755773273858832,0.43427067866556235,0.7142857142857142,0.22876505450972112,0.630192321633996,0.5555555555555556,0.058516827803283315,0.7546039189294589,0,Low
0.9005550650625384,0.05350799746716542,0.10730411884359745,0.43069238033400725,0.10654814457585204,0.35504405326478755,0.7679591358567303,0.8041678928992103,0.11331846852035637,0.37439526313520055,0,Low
0.10673849537640923,0.7894736842105263,0.9319820428225645,0.9643468467547908,0.6000513062212446,0.13680430067908286,0.28270908364845343,0.04452425412193614,0.7682923006378372,0.7650808072984603,0,Low
0.20879181243396458,0.3366121873436003,0.0238025962064166,0.7619109832458448,0.16169674092992414,0.1648356413952352,0.2694174248763717,0.2515282636687709,0.10422961284162574,0.7205501749207575,0,Low
0.8856717306531837,0.894736842105263,0.25863449497471913,0.43797319031150556,0.6735605771717496,0.2707774800319338,0.09861021244168933,0.4444444444444444,0.3416159896597324,0.544865951557528,0,Low
0.9708500190895589,0.539526376072291,0.30549331385457423,0.8516849255507206,0.5714285714285714,0.615171097843692,0.25645688667781436,0.15969441262851303,0.2864222875742952,0.6331575372246397,0,Low
0.4666666666666668,0.4270457978731552,0.04916353303220902,0.36933433827159406,0.42857142857142855,0.23834039683670985,0.8536623399681857,0.1111111111111111,0.4006850755111241,0.32699272779282407,0,Low
0.03045114628066945,0.1864859371468399,0.44218236488783513,0.838248105901078,0.649033257969994,0.1202018932131689,0.29076993303102006,0.4444444444444444,0.4274586707856776,0.7038909525210962,0,Low
0.6772830492186177,0.42943398622522444,0.04532530396084614,0.7751304148912843,0.022749391182752064,0.7200793959706037,0.06193892039297663,0.20452825130230393,0.12148932823770411,0.8960790768366721,0,Low
0.14691341661841825,0.7046787501142725,0.26451804235959714,0.7026289472988043,0.9708998215319609,0.7992207896260475,0.3665382756624205,0.19958875008041396,0.4771566852318486,0.4162035687101951,0,Low
0.6545114012791745,0.8421052631578947,0.11203933152255355,0.637082736307002,0.40252443131251664,0.665018002019749,0.6144024489375041,0.3333333333333333,0.1264481018729071,0.7800421409170216,0,Low
0.7897561307892592,0.34005126918333356,0.48970002043539446,0.9326488692073222,0.8790940054515874,0.0,0.8090834351168577,0.3333333333333333,0.670378425377051,0.6223537806505274,0,Low
0.9092612730789436,0.5311901437257597,0.26352145869525745,0.869833514577105,0.0,0.5599431103254816,0.5233053600771371,0.050410403845031405,0.21560603600410105,0.8613423408651321,0,Low
0.5605957879210155,0.2910712838804345,0.3416668714250775,0.6569898300418053,0.8484701732204982,0.16428513552173812,0.12173635840442262,0.4444444444444444,0.2643710209265313,0.6556070878745651,0,Low
0.4666666666666668,0.3129691748718443,0.3220538516562209,0.4883567058919946,0.14030544393166866,0.05263157894736842,0.10591198516942336,0.22420687694203548,0.32548048761422377,0.47,0,Low
0.013546811475731495,0.28370492018905696,0.34561948454981245,0.46997411110591575,0.4576003103051389,0.3470313503014766,0.752165816846341,0.04515603825243833,0.338739160669861,0.6285036633189243,0,Low
1.0000000000000002,0.7213595803503432,0.12224269208149124,0.5381388847509478,0.5714285714285714,0.08359662877299767,0.5862068965517241,0.06537066074299508,0.24459463891529937,0.1182375588004565,0,Low
0.27842186200534536,0.592867994480014,0.23432973504151228,0.6981062344064142,0.42857142857142855,0.19660568973051226,0.9787190429213578,0.20263022999109134,0.23882779423675998,0.5597101620975946,0,Low
0.4666666666666668,0.4651345430562573,0.45792398627476005,0.118,0.14285714285714285,0.16131460383012863,0.014563916311065184,0.5519456959570864,0.4648097650509085,0.7625990989108978,0,Low
0.12096940835488969,0.11502415129877128,0.49887246751940073,0.4584867705375083,0.6877915893319064,0.17741672365017414,0.5811927154057429,0.40323136118296565,0.4514037140539367,0.3950369480813483,0,Low
0.538387027897912,0.20254679805592854,0.8453540751335499,0.4516178152887238,0.07684324417633419,0.10127339902796427,0.45350382196335715,0.0,0.6712492654987198,0.6475442179470999,0,Low
0.40000000000000013,0.5790122018508645,0.09437694156092635,0.9117634876480464,0.8571428571428571,0.15782990341229336,0.5173688105344579,0.4443075738703971,0.24860743166624427,0.7298891348350216,0,Low
0.2131103020163237,0.48403444896025544,0.34344370747107694,0.8736234182882862,0.14285714285714285,0.200176077355534,0.3306883996805021,0.5337050521950162,0.3388814066601006,0.22659017995499459,0,Low
0.811872043680799,0.558279286750667,0.32652061248109654,0.9282830968277972,0.5459884778268591,0.1804855680552992,0.6132892104646434,0.1111111111111111,0.44263549351419457,0.5568037093088938,0,Low
0.6996719940804501,0.8952547461887631,0.4332785960043037,0.06825891564913071,0.4299771682266428,0.07868841637930264,0.8108538022889569,0.8899822419540555,0.4644323708648697,0.2049507991120675,0,Low
0.26666666666666683,0.07587301723246326,0.30322190576925534,0.807168253451664,0.6345124753452573,0.25700919235966335,0.8459551248046351,0.17315696362035532,0.3885289626311436,0.47123809911252035,0,Low
0.29021605697749414,0.14602420302927707,0.6993500797996792,0.09944985270418209,0.25349426536518066,0.1341536692164489,0.49053586698081847,0.08605109528402939,0.5751151971671854,0.8590628836189704,0,Low
0.3333333333333335,0.9032013404777994,0.06544120295332512,0.5605443865880989,0.4515464955825986,0.4567552137812431,0.5271242673319144,0.36907232646182,0.20585038113152002,0.39374221716452673,0,Low
0.13636277330621377,0.8237641824632771,0.10196904104605578,0.5653927828969931,0.8138515809136386,0.24960014031519348,0.818703540206506,1.0,0.12584822586663652,0.7084081199694905,0,Low
0.0,0.8089669831705065,0.20439253392191353,0.5870667331909013,0.810582076578275,0.10409349430822235,0.20689655172413793,0.1111111111111111,0.23607341380033464,0.843925962883834,0,Low
0.8393509292590416,1.0,0.32528199596046764,0.2629574199664511,0.40278173174696497,0.10526315789473684,0.08141571570836172,0.5555555555555556,0.46669787895173664,0.8527384195266835,0,Low
0.6644848504798943,0.30173615767824324,0.12108103967070513,0.27831688230461454,1.0,0.2175529737924573,0.9505776983113222,0.09627705532703458,0.32043386080005803,0.3850129876542517,0,Low
0.5333333333333334,0.20805548537940588,0.13712518874077678,0.7005290322958729,0.573664084656728,0.4720369902529372,0.689115565772514,0.43748951440129064,0.28340894254183424,0.2731221688883485,0,Low
0.20997204284450438,0.7604601014738261,0.22963512953848417,0.7646756772747189,0.2857142857142857,0.5789473684210527,0.4811357069423117,0.8556487460738742,0.30997148551254305,0.8020503228798921,0,Low
0.06194647955144134,0.8458317266699147,0.2029554793106797,0.5624518161180854,0.8571428571428571,0.05263157894736842,0.20689655172413793,0.1627331774039789,0.2572744611907477,0.825863133319598,0,Low
0.863908674728135,0.3705984146883145,0.07890155182600636,0.6674493133014228,1.0,0.22516702602961572,0.10202172830765602,0.1867174029288139,0.15936160785610876,0.6275178072553215,0,Low
0.43881202236799177,0.7478373595915823,0.29821970456608576,0.3868417218087919,0.2857142857142857,0.34877523666948357,0.7658244769737953,0.17827276845778126,0.44886090383480154,0.14724266425959467,0,Low
0.801686676541954,0.6329105341120689,0.26680146370831903,0.8190626062214311,0.42857142857142855,0.37374739960617054,0.6630241839021997,0.4444444444444444,0.3231197087437242,0.2062650074064655,0,Low
0.5518741581382044,0.7981927833568845,0.21695784111879382,0.6608413506938824,0.14285714285714285,0.4444092239923089,0.5613142197266574,0.3642347080081183,0.28192743251476216,0.942515056743288,0,Low
0.6875978476752657,0.7879448196154462,0.5601452421365326,0.9739419031453871,0.14285714285714285,0.4752130751213958,0.36247385244937547,0.03811290471505632,0.42853906575357187,0.21729604925830795,0,Low
0.16760790234816308,0.3398760207543505,0.020000000000000018,0.30023657983236085,0.034705818912682374,0.3684210526315789,0.37833665274327954,0.16509794053083926,0.13017343001937054,0.06601755380164309,0,Low
0.00315675746408553,0.22298720051612708,0.38439005369331636,0.8593483237301682,0.7142857142857142,0.0024921769453306805,0.46133830674794013,0.4549669693247295,0.3344140952121115,0.7381340525156139,0,Low
0.8728120898010242,0.2777128442655831,0.13163370468277283,0.5808773989478125,0.1691946705758171,0.45427761115466103,0.4700439521358124,0.6973937823384533,0.12554934536017154,0.6286872538806144,0,Low
0.9149523538750942,0.42105263157894735,0.11458429099435663,0.9492599488239278,0.10346932973234454,0.12887213769751704,0.15935953588386415,0.5134918378480067,0.13186674723255243,0.738435748809255,0,Low
0.18327744260675216,0.6053514064103912,0.347204560059287,0.8895653921500999,0.2857142857142857,0.591972890384413,0.586322532537754,0.36120426232207964,0.4122339357595685,0.8525083836089872,0,Low
0.8194562765380194,0.8793766237857741,0.14960088326069965,0.7498886246048941,0.9791539894235506,0.023040327479233493,0.8771643524863943,0.6504531028849838,0.15737080638166295,0.7493776622210544,0,Low
0.8598138397004892,0.7260218521586668,0.30072075955073346,0.08770052656173592,0.1281725136439049,0.3940019988177195,0.20335198605197705,0.1567966242189625,0.4012280801882126,0.03836301258404654,0,Low
0.9333333333333333,0.18028563216131505,0.3560366848709085,0.4613765921775027,0.7755850711651193,0.1804787104292545,0.9803136378674425,0.4921217220173151,0.4952762694899266,0.7735452250922082,0,Low
0.928435296815856,0.10622987562844947,0.17191630942050817,0.8868244712358053,0.42857142857142855,0.10622987562844947,0.001266733582106207,0.3292516362354355,0.26837107240842983,0.1486224272294595,0,Low
0.43450957456322736,0.9182667970870934,0.4086471276310318,0.46181160644862684,0.07394908834977264,0.10154871190559822,0.524542186944169,0.7241826242720453,0.5257075372469879,0.6850583246750193,0,Low
0.5158601680324526,0.4958262715704072,0.40004838991805286,0.8197661445492906,0.8571428571428571,0.5068973020924529,0.4228309475694211,0.1111111111111111,0.50669954969514,0.2665356470801228,0,Low
0.8256044180386238,0.544527187770781,0.17215219881173802,0.2610653916821665,0.14285714285714285,0.2793666770900169,0.6339333196751502,0.2564407627455912,0.2670447421329967,0.8825089231030855,0,Low
0.34827968428046974,0.11706290864247598,0.3287369646560576,0.42457714825528703,0.8571428571428571,0.29855714698005953,0.7818133031938321,0.04982116982378754,0.32020509723595064,0.5445005319041836,0,Low
0.1254983338976515,0.7956592100808014,0.24394642536398525,0.4890494243482127,0.8571428571428571,0.05263157894736842,0.20689655172413793,0.21569305602582073,0.32103768534077015,0.7805824370979233,0,Low
0.7236778303804876,0.5453727031964056,0.014924306505951179,0.6275378467470245,0.42857142857142855,0.11288592338382542,0.8545776270193439,0.5555555555555556,0.050643563721414,0.2141211730685366,0,Low
0.8310505196015705,0.757751230635298,0.08974001440555462,0.47608243646531906,0.8669263445646985,0.49819777863281867,0.8757680476576091,0.21461284311634551,0.27682793367283276,0.1591090647171734,0,Low
0.1333333333333333,0.5386806857031999,0.21039536916760598,0.19493973211344315,0.7142857142857142,0.41487018346418947,0.23119996845111723,0.2941778286065333,0.24577245672082654,0.730347378316782,0,Low
0.6611660977039719,0.17092240017480334,0.10492406121155365,0.7972672348413034,0.42857142857142855,0.14920962795363985,0.06896551724137931,0.10194349617328652,0.11699951321331623,0.09108916421588215,0,Low
0.8783657302068779,0.2631578947368421,0.26600539865376094,0.9883509719062064,0.6892162924138333,0.6472661151361755,0.8783980048513966,0.05849531770105537,0.45963254132984255,0.3390388762482533,0,Low
0.7761465766047819,0.894736842105263,0.11564185139789018,0.8188992864594095,1.0,0.03766330009771277,0.6893372788622137,0.6666666666666666,0.17780424378970328,0.7557340405278481,0,Low
0.26891439288946634,0.17484708959049133,0.4551757543285916,0.36170731925274446,0.38255789968295206,0.10526315789473684,0.295750262681196,0.3333333333333333,0.4380307954210632,0.064756099377287,0,Low
0.7333333333333332,0.8421052631578947,0.49732948320742776,0.6905798151960825,0.28249519804496936,0.06093343662086842,0.48431266301277337,0.2172147525143968,0.3689536448819781,0.18522533613685213,0,Low
0.2133906059908196,0.06320310999275232,0.3956025772695869,0.8122728547003807,0.0,0.12618014370595354,0.06896551724137931,0.5109202022528235,0.30676071688279843,0.2819012046658362,0,Low
0.17424080789030924,0.8582529504830168,0.033250266698098996,0.9315016001885938,0.4837696973779088,0.13755853254498096,0.3503159877564167,0.7689353530591063,0.21426581144547374,0.4287486665095051,0,Low
0.7809491391973689,0.3439830429458105,0.11585728873611839,0.37257152582407904,0.5714285714285714,0.43609278484418235,0.42364699696687813,0.1507909493311408,0.17572018058205213,0.8917855927199013,0,Low
0.0639211003147152,0.7916412365936459,0.9330219980291188,0.9788444737372283,0.5831952843655062,0.15789473684210525,0.32028567127430696,0.0,0.7211241196996212,0.728648534008647,0,Low
0.17802569722362743,0.4216398092138545,0.19732861158708537,0.9766369163331646,0.7142857142857142,0.22787444956029407,0.7813527270100405,0.7777777777777777,0.3562978654885963,0.5759482918803751,0,Low
0.803230001709645,0.9948999973005608,0.23755820400056898,0.5409924100527119,0.013842864469906568,0.4134026275297884,0.2085672422636094,0.8888888888888888,0.4389341066003203,0.8452422501282233,0,Low
0.850104004436259,0.4275905245646347,0.0962609204658072,0.3015768326136292,0.14285714285714285,0.9081410631385075,0.14649792873986617,0.2084200036968823,0.2288869828914841,0.8477340099815822,0,Low
0.9930814201790028,0.8058597943128887,0.19502928858178764,0.6145470982375907,0.5714285714285714,0.440911990321591,0.8822374210600052,0.5670865219238846,0.275606963268799,0.7421686865907084,0,Low
0.3189553274753873,0.6742340381708488,0.4960000000000001,0.6302881104629398,0.31279332496483886,0.146543679585832,0.6822182728320969,0.13217258608376356,0.3552927302427119,0.23666804253111873,0,Low
0.6766790836275053,0.08508445167697232,0.19249909666708015,0.9505298565842986,0.48334220259107513,0.38423013204342926,0.7425372990534519,0.37593282423750285,0.2097874084028709,0.5969169770906876,0,Low
0.4214889967204244,0.2546753960314114,0.1112969563282282,0.25085279615376843,0.0,0.7079882473401276,0.09789077671023509,0.043006202792710446,0.18443597649399018,0.15645939322446512,0,Low
0.28658905908915444,0.16272901075585244,0.0752509934511762,0.11418114663141504,0.0853816818106611,0.09436922726441489,0.5204086622193517,0.8556849015180762,0.24229896120119135,0.39419789932265664,0,Low
0.0753064246267387,0.8776846882366998,0.2860910293618508,0.7801331884740844,1.0,0.0034104307737126485,0.3703726641792358,0.1111111111111111,0.32406809096153905,0.5579596369401081,0,Low
0.6561367591928745,0.16066576512468217,0.1504735046263104,0.9493675231315519,0.42857142857142855,0.008313084847730717,0.4918361271325795,0.783627726374329,0.32034036502507857,0.6402683658369988,0,Low
0.8084348867379827,0.7435012263720915,0.5194890322322979,0.8650560574793663,0.7142857142857142,0.03291077159020778,0.41379310344827586,0.04163281553178358,0.559245695938046,0.38506093204278957,0,Low
0.4666666666666668,0.49211937778025494,0.22377279511511175,0.5652567541967031,0.4595110391511979,0.43245143547675713,0.3700902824988649,0.864824747326846,0.2874934554886744,0.30534763615065835,0,Low
0.10748386572541051,0.12889641808024377,0.19728708851752158,0.6699187076329102,0.46064513882318797,0.5381324195664376,0.5573526221502251,0.29025088732012866,0.3161399874925349,0.09132581077653631,0,Low
0.698959896504936,0.5550949819619936,0.3926122121564589,0.7685943596369251,1.0,0.0271369238118926,0.5705794709406166,0.27604427195267117,0.437137729476051,0.3789078913301828,0,Low
0.4666666666666668,0.5253926502577764,0.28350888993713713,0.8490410059149627,0.14285714285714285,0.08741158517364477,0.2875579269551983,0.2599088757445277,0.3014526010604348,0.16195899408503744,0,Low
0.5772669571850585,0.35726285208590347,0.4644137646801027,0.9550600290518394,0.6504287789417083,0.04705247867453069,0.3829656174201351,0.6666666666666666,0.5442000283108666,0.9131800871555175,0,Low
0.3064983908421288,0.978814519085891,0.6428429103352572,0.46190171018832343,0.8292926106765913,0.1572304901662974,0.9099966707078524,0.08944980830401553,0.5565471671143422,0.08616406892892454,0,Low
0.4288223262108185,0.5945791936572015,0.7113814508653883,0.9607029953205133,0.3668093009768177,0.514938555443098,0.1724137931034483,0.1111111111111111,0.7192546714723995,0.6422843733440016,0,Low
0.5704859003768697,0.6609099213501602,0.39344430957452997,0.9385798842918778,0.42857142857142855,0.10727328090010685,0.6285915180211097,0.6666666666666666,0.48320092089976935,0.425077982754387,0,Low
0.4612327858543371,0.5241708365214488,0.6401599676229011,0.9043637381533634,0.15450117316927792,0.2653028476890775,0.41238778944508714,0.2222222222222222,0.6295660657176455,0.5943886884086129,0,Low
0.05466649366316577,0.19242094336620993,0.0314080145322941,0.23217590450206743,0.38171443400300076,0.44694728647202586,0.39062065386134465,0.3333333333333333,0.12009169383758307,0.6482799896197899,0,Low
0.5087762199291487,0.881812045576745,0.3718772144329791,0.3015442886595816,0.2857142857142857,0.4044304395016518,0.8536009953778674,0.2222222222222222,0.5224391059194754,0.12166768556650615,0,Low
0.3633102079832079,0.8368055915524333,0.24842358785712812,0.6817447967962218,0.7535962057322773,0.09078034525652938,0.8430914868878661,0.3139467022642028,0.46137508160749274,0.2312066399685146,0,Low
1.0000000000000002,0.4094650497331861,0.1393511508385653,0.40829902057574147,0.6295316216699745,0.4558153771162311,0.21217070821280176,0.4237158559310714,0.27611198643540874,0.9142352473091437,0,Low
0.3766862790582304,0.29738390451965546,0.5359056011300828,0.7577093907509762,0.14285714285714285,0.4368730721972056,0.9430933039353981,0.37218953490294954,0.6009347530614633,0.3321808663197383,0,Low
0.8721922857129901,0.4780465413523606,0.31544322535739067,0.7835748014282022,0.07438872448910182,0.32015180451025527,0.1350729556656948,0.8310309920640319,0.43895777241096534,0.5159459196432216,0,Low
0.24629680877689722,0.7853310468573045,0.2802686543258778,0.8652221914733862,0.23082028884889183,0.8096977883188293,0.40852503675264584,0.1111111111111111,0.42594645075265825,0.8099767685737542,0,Low
0.26666666666666683,0.8241070987173328,0.12145390002592008,0.671948209253776,0.5714285714285714,0.6855734406901066,0.7250308749348975,0.07455361802059308,0.27548100624064786,0.4031606975125865,0,Low
0.9686544938202224,0.21994233914842154,0.06516511259550657,0.32777525258988677,0.4957403703852378,0.23213409358368395,0.13381828864781586,0.3267072428214811,0.08417745285757314,0.7395070907162837,0,Low
0.5318077508253216,0.7221787014723567,0.28427748948614695,0.9453054882302284,0.2857142857142857,0.894736842105263,0.04330072187603601,0.08269767395499507,0.3320293583381299,0.7233581401607567,0,Low
0.6495777038630829,0.3819123390554609,0.5024113178112475,0.8381490698493866,0.19778595186866232,0.0661228653712504,0.6595919731388579,0.6524258643303468,0.5261212563716947,0.22449324463569936,0,Low
1.0000000000000002,0.12808712283980994,0.3844407644230519,0.08508083469408113,0.5094778094348016,0.22636663167732454,0.5056360917391762,0.1258543702319136,0.4901469168346325,0.12043720987850416,0,Low
0.27830977538862983,0.6911044722695833,0.34433663887985094,0.6664619253406894,0.8509054774703769,0.05033359696277046,0.7870811506610537,0.5458529649539198,0.3579619394774788,0.06047879784976669,0,Low
0.8774448362764538,0.8591234256996634,0.15094633752777897,0.06417978841071507,0.0,0.1307904017073899,0.3493692347940558,0.053890848048934216,0.2640223851750696,0.4676341561805524,0,Low
0.9291611054750257,0.0,0.1553950269605453,0.39829472532206933,1.0,0.05921930714469624,0.4475565124382228,0.22454012658794867,0.3883464487665536,0.1321904196256115,0,Low
0.9768842012824889,0.29965652429080736,0.14484904417347716,0.8490046143854291,1.0,0.45966762651649207,0.18437024071595415,0.18816377350281552,0.22344203485060982,0.7395978905771199,0,Low
0.11077154178503636,0.9297173289847482,0.19023757478338027,0.5646768537464489,0.238240767806413,0.3685819012597196,0.09209453443377807,0.7408539305160989,0.29548346448522367,0.8215087669300419,0,Low
0.302831909047958,0.05263157894736842,0.40527512780651787,0.8193842743727906,0.5060683765313382,0.0,0.7457736519709691,0.8474928785731225,0.42016961392197405,0.8131371795357905,0,Low
0.4648738258090134,0.3684210526315789,0.2215201694596487,0.8251563823531867,0.07046812096911421,0.4750996112034106,0.10298461012302065,0.27553672670571094,0.21876002749619558,0.362533615766081,0,Low
0.45579646805967655,0.2760304983503831,0.28995230781497366,0.6834345165850643,0.13121050149251046,0.5220249216025038,0.7353829640761967,0.12922810878942814,0.45235187446358693,0.7481526489552427,0,Low
0.2935507574082556,0.631578947368421,0.06612604566559813,0.19528690933211218,0.057608765874833115,0.7903319371378504,0.7714016465477763,0.24371969752803735,0.27520483115638494,0.8606522722247664,0,Low
0.22255444168220212,0.801082164469596,0.16747470901180683,0.6808896185208174,0.936982535736479,0.36301023028359913,0.8930067025995994,1.0,0.131581596268587,0.8053737468924772,0,Low
0.3115732769780407,0.4908632023857573,0.4265311961960177,0.8796496224012288,0.7376000603806706,0.5214737398243019,0.5284965808734272,0.15759997651862806,0.41217795893872927,0.4558160021133235,0,Low
0.8666666666666669,0.0,0.10114990407520859,0.45027757107003274,0.14285714285714285,0.30413317462876543,0.6679784054228296,0.8888888888888888,0.08204312319192414,0.3553578280342243,0,Low
0.6453936541702578,0.3684210526315789,0.5262625444028296,0.8497612813078135,0.12006462946813336,0.061028820722266654,0.6661756961188321,0.6666666666666666,0.5096407816206042,0.2896733262424586,0,Low
0.5883871108947831,1.0,0.26741933365782533,0.9596258263616444,0.5963133337968933,0.5354838598199081,0.6985540218695677,0.14982074146183413,0.2939989512071034,0.46038713278169685,0,Low
0.8,0.3323029256896939,0.4982355085652424,0.9514501602241612,0.8627456355018603,0.0,0.8674785446224859,0.3202601838289923,0.6765351187478171,0.6682360841877348,0,Low
0.34984813989605495,0.19282260339935595,0.3659751328066856,0.609154897306024,0.05941533802099154,0.021889861376154778,0.08330715055679105,0.287121403761451,0.3334055876150837,0.3064540625211434,0,Low
0.4974176082628569,0.2915124145293235,0.06954467985729532,0.27017871942918126,0.2417843691482998,0.4007904648380949,0.09284450289786547,0.01708385644232785,0.30963107895167713,0.06538735876057149,0,Low
0.9085843212137298,1.0,0.0585015219984076,0.472575296364119,0.48160502597057925,0.5051919090820202,0.6039675611318545,0.18097386868954946,0.13234261378249632,0.25667173999469206,0,Low
0.8804033930664839,0.4489104948772892,0.32021751182381075,0.24964840716797806,0.24790718552367894,0.354492120982408,0.71299143080444,0.3333333333333333,0.39431811973771724,0.9197070059733151,0,Low
0.0,0.23870777769124002,0.2624785469797002,0.15133022338759242,0.42857142857142855,0.3402395907298126,0.3263638697884979,0.07742537064440658,0.3217656194102273,0.5528731334319864,0,Low
0.966989658792868,0.6837005387481033,0.18163276614114982,0.7265465354320948,0.8571428571428571,0.18344554496426035,0.12018846049382576,0.665590026245996,0.16837262310001302,0.8039341259835361,0,Low
0.49711329844244756,0.33982628824403743,0.3579926576075737,0.5904738848600766,0.273342707610489,0.05263157894736842,0.15069304930724603,0.27296660851519017,0.34748127528309164,0.5590563979441587,0,Low
0.8972008264382552,0.3443151370224302,0.10020852892048321,0.7223813636231209,1.0,0.2602113962507947,0.11924180677840776,0.1682217630898583,0.16575921276714436,0.6574807437944294,0,Low
0.17253722520600523,0.6254521764931287,0.30625687787301037,0.8899639091303762,0.7142857142857142,0.12380176380843773,0.8154402237117132,0.7320064864544532,0.3978399760092147,0.6023281729326111,0,Low
0.8607877775153655,0.8916426899203675,0.3899682501771285,0.9125890666036878,0.2815150791776418,0.26779912301418535,0.2373249040335852,0.8888888888888888,0.3381359490354948,0.8504409166863476,0,Low
0.27910303396980307,0.9045550268182655,0.2805729738954245,0.22763927910745743,0.0,0.27415629791062995,0.12274608719452197,0.6666666666666666,0.3368556574044696,0.5223496996281072,0,Low
0.08082516180815619,0.8963654509371504,0.23972438470209073,0.9332123774271224,0.19911589806268976,0.9042859925956045,0.6185556160133892,0.5117987459512413,0.3679524788457331,0.9233403792458644,0,Low
0.3333333333333335,0.13732135468297593,0.27417658313759086,0.9645274803456717,0.6863646956411815,0.19055199540511686,0.8485898530681566,1.0,0.43781971920978735,0.8240227643474413,0,Low
0.3861970729737089,0.41015558392661217,0.4375645459070278,0.43435646852615506,0.0,0.054485238261675895,0.45662977352986933,0.5555555555555556,0.42031973706253156,0.25081638932774575,0,Low
0.5149968870559638,0.5771067377103329,0.41897448636423407,0.7413894209924092,0.9064272373096988,0.06894835145601143,0.5850009660860802,0.3333333333333333,0.5124710759086334,0.5623771012372244,0,Low
1.0000000000000002,0.37007719655985843,0.2531328024469432,0.5843285383631611,0.28346666181162067,0.631578947368421,0.1743126477798377,0.11023703514896359,0.38499531728580494,0.7656686681110428,0,Low
0.17118060381448602,0.909676554137297,0.23360931202209578,0.2644114894603435,0.20461299182610143,0.044819136096101844,0.8527297852114082,0.14265050317873834,0.23719669277058597,0.12877600185304905,0,Low
0.904226392089005,0.18754715164921443,0.5445851739270744,0.8968594279233638,0.325956848666791,0.49258689629822267,0.41816523319552235,0.0,0.6094236284957607,0.8370424485166884,0,Low
0.16902590716474572,0.862307744835147,0.4962822408248578,0.27315067342069155,0.5382420433907988,0.11323902397912572,0.6367107376734075,0.5297438115261769,0.6173255171375249,0.7252040806889322,0,Low
0.6091165847946004,0.561628208678882,0.4414315271926714,0.17432472912262315,0.7142857142857142,0.3612237488463681,0.4435603871752067,0.22981937621772253,0.5150786977601122,0.5513034482457086,0,Low
0.6109334624145861,0.5875790492746732,0.5078875972664916,0.7509840116173128,0.7611434103482257,0.008631680853620552,0.44772453852802563,0.1293335484687545,0.4708997952747971,0.2739401645785972,0,Low
0.7528415812081581,0.26614903285069264,0.2268718331140434,0.866539308966371,0.3193988705656014,0.10227201978088628,0.795063159453902,0.07859736465306995,0.2446415373244642,0.518579209395921,0,Low
0.9850666804690288,0.30947373869353406,0.21884803064124356,0.5219680554854952,0.3177142561377958,0.6551578729436389,0.24965510102226574,0.08622224522615883,0.33829420504003566,0.8142799544522055,0,Low
0.8936873455390497,0.18062426834286632,0.07264074519611669,0.7250972688754237,0.14285714285714285,0.7155099903639082,0.8769607275349814,0.3333333333333333,0.27468685504331053,0.6414955326068544,0,Low
0.9469140511549348,0.12670639656042285,0.1118241199876061,0.36324005556957045,0.05687780233399878,0.3367444534914732,0.8279061006313808,0.6882704276682194,0.17936203518191887,0.42828758446761134,0,Low
0.5755027022150871,0.8002503579285348,0.22337848721059572,0.48079697171492475,0.2857142857142857,0.1965746807130204,0.7748219954170612,0.15193994075263265,0.309923971801796,0.1654843226420504,0,Low
0.35818990914592913,0.9607527750327437,0.5879827890975114,0.8196329425803696,0.05326409102699063,0.40766827759883517,0.7369947805927218,0.4312726764925774,0.5188978888469729,0.7280497023016127,0,Low
0.4016820273607742,0.5006639581687266,0.1654393428129526,0.6658646315314776,0.4981978278277421,0.42105263157894735,0.34395757205477206,0.7805811567124011,0.26139335335341196,0.47646774254237456,0,Low
0.5956562751174344,0.4771134670125518,0.5790220959352168,0.5815614770929001,0.0,0.09610854469975758,0.7218911767848799,0.045892352738633,0.5785690808677597,0.45761189459159873,0,Low
0.38617344276267623,0.11981742867086724,0.004631896674503503,0.21624135395444358,0.14285714285714285,0.7821965488224611,0.13077936694621178,0.14183679386071973,0.01850255402504341,0.6446300820720071,0,Low
0.9333333333333333,0.8849564766271509,0.05386362321977212,0.2900774852119893,0.7946906587404533,0.05263157894736842,0.16808037164253975,0.36794401849449776,0.1440915769512746,0.4321055202601225,0,Low
0.3805213214892897,0.25803192670770775,0.37310142920435196,0.49867204774906476,0.5714285714285714,0.568695432362784,0.2270469088041832,0.0,0.3791269582913333,0.2535390991116967,0,Low
0.9063319467279787,1.0,0.060731372739301195,0.47189958401839366,0.48643154272576017,0.5176392417664342,0.5993074759889212,0.1772199112132976,0.13940937630430966,0.2641045757976707,0,Low
0.039527893322118784,0.6860741053074259,0.5271510912558485,0.6663184511885611,0.6877376000480623,0.28271966312248037,0.5108332138047047,0.13175964440706261,0.5359052724435691,0.8469914240235505,0,Low
0.9719609932895669,0.5125391946331843,0.3524028189256035,0.261794148993435,0.3684878427633572,0.4599076156858159,0.7786005137704656,0.3333333333333333,0.3600339269910026,0.90182340402626,0,Low
0.623300992264448,0.4920797307350904,0.38462377894777383,0.9195194211656172,0.38210820599762274,0.6138221725793853,0.666387674414367,0.07362458655648003,0.3829731247622279,0.8486771912842928,0,Low
0.006350767196975085,0.8421052631578947,0.16405131825683097,0.33705131825683105,0.9863912131493391,0.659141708432993,0.2134663108934225,0.3015794973484579,0.23394757388465198,0.17001229167617882,0,Low
0.8840410818434794,0.3501117497647599,0.2369918425304005,0.29921465525864366,0.1925538220670803,0.19451334257574338,0.35531884451934054,0.5604033626009651,0.28327071518023056,0.6254421293980865,0,Low
0.10404935223214908,0.3650760089520706,0.7308954127116061,0.9283588106080367,0.33030686524234953,0.3157894736842105,0.569062605049256,0.06936623482143268,0.7705037349303141,0.7313274275267817,0,Low
0.4666666666666668,0.2527822190309824,0.34454371082208957,0.4532877729553858,0.08585057912326985,0.05263157894736842,0.15848909601891187,0.2665606606819012,0.3313968698217882,0.47,0,Low
0.6382639174512079,0.9324196056760743,0.10664512717833814,0.45461528520398065,0.2857142857142857,0.4138889490200866,0.2166906031777444,0.8093363880171764,0.16352010424977234,0.5142604123823188,0,Low
0.7327313063913632,0.15789473684210525,0.08361406748080943,0.9896568446430771,0.9948397690688284,0.10431258903899471,0.6536154475638706,0.8878855106522722,0.2541247577087352,0.9074263348230782,0,Low
0.49410582444395973,0.7987802771937479,0.07782317473331878,0.7157441345324898,0.45383218095445865,0.4829908035095374,0.3610180758605644,0.5098236259267339,0.10016365964499094,0.3658690524994546,0,Low
0.7333333333333332,0.8105940010473628,0.1458025720397998,0.36937366049761905,1.0,0.47368421052631576,0.22732013381381538,0.19957132670003586,0.3239788729670398,0.6267170756220236,0,Low
0.9597773184229043,0.631578947368421,0.36498956590964443,0.6969728647913622,0.5714285714285714,0.6842105263157894,0.3870131574343126,0.1111111111111111,0.39031025322937,0.5572651507955836,0,Low
0.3298740952288898,0.19258921051359754,0.018525944285783344,0.2061627242848167,0.7820079591738103,0.10526315789473684,0.14252588668879396,0.5292191269879627,0.05240971174951973,0.5119634678590416,0,Low
0.2502815295878291,0.7696257120048043,0.8911294345225103,0.8125253376629047,0.0,0.7730818808397031,0.30186975668335986,0.659370310237436,0.8708034010521726,0.36228885280912826,2,High
0.11817362527485914,0.5167981561587842,0.6064959445110553,0.680087713857195,0.6493155368922534,0.9880318094275203,0.9419935564609883,1.0,0.5334484730550556,0.3995479124175423,2,High
0.4810525858392346,0.8534625677678167,0.8883105475847561,0.7395579660907943,0.9439849133991798,0.5562327592012086,0.05408353189044708,0.9324561784673046,0.870541102826397,0.7562763037827991,2,High
0.9080462867742969,0.15244886799619706,0.8517591503840474,0.32648142973826694,0.8916269433184145,0.13248541018643134,0.8061829551167431,0.7777777777777777,0.6709737639105248,0.22051735754036128,2,High
0.5674333797542283,0.32925001832403744,0.8256807155324857,0.13743702645991002,0.10632137883475554,0.8812762974654361,0.362465541252187,0.775222067485906,0.7625425920921516,0.7111637447776493,2,High
0.4803719872250426,0.5695957491317132,0.3181747202626907,0.6347724421573598,0.7436542583393767,0.8637452429869091,0.10344827586206896,0.9543155981387472,0.41173419890185753,0.48486050479060905,2,High
0.2949613481714012,0.1276010643458429,0.5822089981566492,0.15204638219431874,0.14285714285714285,0.894736842105263,0.53398175099995,0.9124677901428342,0.5944367940764956,0.2998547077899855,2,High
0.6264185645513242,0.631578947368421,0.963055822975952,0.5748187369806306,0.9433887902471627,0.21052631578947367,0.6558140571948515,0.6666666666666666,0.7217923975410787,0.21724671312959654,2,High
0.5180976933259084,0.7368421052631579,0.8805125916051233,0.6311981954054573,0.8408189571349017,0.042098478967884954,0.030542506894631456,0.7904741444506319,0.8409025323024647,0.4714267300055688,2,High
0.8438678891209673,0.6662114914112901,0.8799327891266332,0.9182794675887702,0.7735006548862324,0.9563679385048812,0.2606741526289622,0.6666666666666666,0.6987655768503013,0.37098467910574606,2,High
0.7333333333333332,0.1817932927606225,0.5971598900180215,0.7665251201854286,0.6947883058018509,0.7966569399677391,0.7507470091557453,0.7777777777777777,0.5653791381538983,0.20750650226628736,2,High
0.8512587130263639,0.5627284698523126,0.5066056992392743,0.07107855675482116,0.835131494799567,0.9311495224838915,0.8620689655172413,0.7692178035331649,0.5314551632880747,0.8323036081129469,2,High
0.5689533251787459,0.3612000257513291,0.8027797025686951,0.37626874911537367,0.4187714635196609,0.8666157959115164,0.9447275988605669,0.051744458035423685,0.7558646943355026,0.48870049571884155,2,High
0.7384434725095805,0.9746927906268908,0.611588769388291,0.20755417891666506,1.0,0.39776258240698836,0.5225277301823246,0.7777777777777777,0.5760717733500904,0.1328920675897981,2,High
0.7387696850040465,0.1707703065885314,0.7374249015525495,0.36337332693166907,0.6063765464545852,0.30720576051992643,0.48764254658102707,0.0,0.6313390772474367,0.057145915372875535,2,High
0.47097725862114437,0.8546734382942263,0.942104339258674,0.2636708542416821,0.058990253694776104,0.6590741760431265,0.35906661296080805,0.46379293869701493,0.7557071243854019,0.2582586355172687,2,High
0.8710462226991253,0.8878217536329602,0.8200802932331838,0.4580437873247926,0.5714285714285714,0.8438340352759703,0.006795862808987244,0.34428222341447945,0.7109208478113271,0.5217335673999048,2,High
0.8,0.6545396150318081,0.5398119742181982,0.4165106385771847,0.2857142857142857,0.9954078664673226,0.31335346679727144,0.8791943847643476,0.6294492945748382,0.16265132788252631,2,High
0.8496452885514305,0.5270625504180413,0.9544255105958005,0.314070942289714,0.6788247938918354,0.631578947368421,0.1293715019738913,0.5555555555555556,0.8174479632143175,0.6286879254965003,2,High
0.4074560153028177,0.9251385238995551,0.25033552068862686,0.3660762340080427,0.9396617077273639,0.8339334785166792,0.2850725564732882,0.8888888888888888,0.32756925230550316,0.48422368045908454,2,High
0.26666666666666683,0.12232139681177845,0.7923794673028811,0.07353057145650087,0.6187180906937068,0.9560796482856828,0.7990494280296597,0.5555555555555556,0.6350431522634956,0.2699653995228392,2,High
0.9932241679506812,0.4139201767901905,0.7784590629815054,0.9027803502311225,0.719125594320942,0.7841243431189587,0.3138495683013719,0.662902315528156,0.6635245603560812,0.5244918125963011,2,High
0.4666666666666668,0.04917997438938275,0.1442783415255774,0.14039348291961043,0.9016390244475367,0.7368421052631579,0.4607111860640898,0.7777777777777777,0.18891814039806804,0.10934419513398273,2,High
0.5691020031451592,0.1694475943396796,0.2711943949057599,0.13546314594343292,0.9686422439351554,0.7715006777558808,0.8082416753416491,0.7777777777777777,0.30137035497656595,0.1267074356131913,2,High
0.46287401389372856,0.6637928493080478,0.2543899313720136,0.942006861785341,0.42857142857142855,0.8801269909142411,0.24518443760405767,0.8394638161398706,0.2070204143597208,0.3438965130948233,2,High
0.8519935190612604,0.9189115527069642,0.2803494297658664,0.34963630586491834,1.0,1.0,0.8393002881985071,0.8266882697957992,0.4060654007706782,0.9573922228735122,2,High
0.3432851241756731,0.21838299277026813,0.5717143592254766,0.6899710745054037,0.5714285714285714,0.7592295562464448,0.09830079784016914,0.08747991285097485,0.8495306001162947,0.8586395921495751,2,High
0.6262522815434877,0.6826132965887566,0.8216409522582102,0.4701228524981042,0.0,0.9489656507796644,0.05224736835885561,0.6666666666666666,0.7881960474678047,0.8493893951066034,2,High
0.601630578954483,0.686785124664973,0.4617638313278485,0.019337605295173033,0.42857142857142855,0.8844384487085288,0.24222271325231873,0.9945647368183903,0.5122555759231137,0.8915898144806209,2,High
0.5388014682643983,0.0,0.24261398424738945,0.08757081070583748,0.9344301445689981,0.7937906328403144,0.21706706689948502,0.6575531084482251,0.35861830085100405,0.1919718720371078,2,High
0.5552055928886572,0.5616797950879022,0.9826404194666494,0.21852143623116208,0.5714285714285714,0.42105263157894735,0.187679125210688,1.0,0.7508242930114579,0.2733377180448153,2,High
0.5907088011927157,0.7075014774506808,0.6967169810838104,0.028787359642185345,0.12294743112724771,0.45901389662007724,0.6246532364439354,0.9043742202343629,0.6418867256699623,0.6175431183898339,2,High
0.8619907041421788,0.04894002958593067,0.7355471717162068,0.3907214942900938,1.0,0.37580415135445444,0.24863511426213628,0.6666666666666666,0.725607937970509,0.6013125494080586,2,High
0.38770247523874307,0.1814005992496543,0.75798943815451,0.7126023069154127,0.8571428571428571,0.47368421052631576,0.7586206896551724,0.7572819031756826,0.7254204792813086,0.6272330569287171,2,High
0.9066127882355305,0.4052844256965012,0.9034573805291602,0.4213199905297624,0.18565655882378243,0.7948006455105562,0.5379031663287226,0.6000897973852273,0.9140969253290967,0.0740282861763466,2,High
0.4253417431641853,0.7568487446033041,0.7123454243408994,0.38128706425791564,0.9014195608955158,0.8384110936213596,0.11413575607822796,0.29889589708126546,0.5980558451469921,0.5896490538940291,2,High
0.3333333333333335,0.9163540809562952,0.8925942370277331,0.49586590577287987,0.9432402692203431,0.5796531275111584,0.7307570464266481,0.7549595812127995,0.6844384278152542,0.7858716124762807,2,High
0.943094812621767,0.5712409374038683,0.6742678890533675,0.8252961541410396,0.7752555579052498,0.8421052631578947,0.7439038308504569,0.47698270873922244,0.6017434588706352,0.06987522337357246,2,High
0.10663760294323589,0.14741431114225906,0.9389509549667107,0.6443132447855593,0.5714285714285714,0.5894851567329332,0.062061449037043775,0.2222222222222222,0.7492735294406614,0.19395531452522521,2,High
0.19999999999999996,0.894736842105263,0.5290262781958375,0.19795271808175735,0.7142857142857142,0.7501613160396492,0.687994448374207,0.41097488867762955,0.48902744221476147,0.04277145503327334,2,High
0.7915284875843679,0.7961617203281306,0.22084666027075867,0.15832047133197238,1.0,0.9014248782228675,0.4387026621003567,0.6146409079509578,0.27905651015439514,0.5491298623026206,2,High
0.10000640345305278,0.2565751558501661,0.6088766568934775,0.6879992315856336,0.5714285714285714,0.5855301073077286,0.581894067625971,0.7500053362108772,0.49843184757871833,0.5118780016186184,2,High
0.8251817298293448,0.7707411385305887,0.31936058309830356,0.33435358600272636,1.0,1.0,0.7976957876662244,0.9160609005688513,0.3647478985175045,0.9252180757952135,2,High
0.8,0.6745882070283334,0.5624681760979664,0.4123047409112586,0.3090621695296667,0.9741944442040525,0.3497947002397817,0.8707294236991481,0.6062960430338061,0.16307481493661335,2,High
0.8,0.7243347796159064,0.9604487009185542,0.3510228657947674,0.6303637708237037,0.5079045043717738,0.1784450761540741,0.4902829328628806,0.6323502271898125,0.6699335563598963,2,High
0.21960297861473146,0.7213660695146856,0.8549305231662618,0.3803473956207939,0.2857142857142857,0.30031343793573834,0.8722084372145162,0.8431210398268825,0.7885381061815306,0.3550124045324349,2,High
0.21906272001401147,0.045148547401606065,0.9241390063964271,0.3674281183995796,0.510268800060049,0.6014799157673503,0.9064117517313852,0.7619802667367239,0.884708868595934,0.42350687194010106,2,High
0.4981568179903477,0.21052631578947367,0.6521424778069302,0.06522586355594599,0.5039496757349694,0.6871208136994511,0.08144004652676107,0.7716338377456031,0.5123787043700826,0.672685055798601,2,High
0.8356303927504832,0.09800928605110591,0.9024808241705219,0.6133570253692098,0.15270168321635624,0.8666075846706711,0.08501876237043976,0.6149395434730274,0.7937473281972993,0.06879014803829715,2,High
0.5257685126883678,0.6002863022072594,0.8522707166451932,0.2583663451870096,0.645558864516059,1.0,0.10344827586206896,0.9465457835124904,0.8663551331282995,0.893729283354807,2,High
0.13373174015716677,0.7103690499379605,0.9635567729723964,0.14655179232318738,0.6432840073112501,0.4998427341484868,0.37910427233249994,0.7218902165356943,0.7665686111352624,0.12197709104371857,2,High
0.3646191625245014,0.7368421052631579,0.952441032647981,0.26876904613641495,0.0,0.49515064808434506,0.3729560216277625,0.08503958678513784,0.8022921153607562,0.8585196557840064,2,High
0.9794037041337371,0.0743118903855401,0.7405095920808532,0.556531185090578,0.17228042266609014,0.6679502927371607,0.44117369108059895,0.03432715977710517,0.6648760366428768,0.025081388469606527,2,High
0.08916341634946197,0.5791099175753393,0.6439621268461084,0.2106934330940725,0.5236624555270739,0.9649664637531833,0.9311409804803947,0.8145860419310039,0.6829633517685907,0.7251235373572579,2,High
0.39496644241307416,0.2998940286728654,0.9467130862521217,0.4756140917729501,0.7142857142857142,0.9920522774943275,0.8620689655172413,0.31655480804358016,0.7266774814450343,0.060092281352747204,2,High
0.41731591081615693,0.038961123039876186,0.6565194773244847,0.6589610453510307,0.46382196846464985,0.8031441401180185,0.2834753108025152,0.8888888888888888,0.6318618062189054,0.6690908531784823,2,High
0.4363069139627067,0.32517972830328395,0.9734834738790197,0.6828733557965051,0.649229101348657,0.6029155942399684,0.7649342908910035,0.030255761635588824,0.8284494265992697,0.4387086846975491,2,High
0.08034261202414875,0.1416995383924554,0.9648972163927554,0.5115888655710215,0.5567757728312691,0.5371125884401174,0.7418223431346751,0.3675231967270386,0.8319027744062022,0.5453843684418498,2,High
0.8631228711120942,0.5761496350884954,0.7303888137312836,0.2891594707999558,1.0,0.6094597578935727,0.23954631264418663,0.5555555555555556,0.5392875861548083,0.540506615000553,2,High
0.49348328763055765,0.9157105503698819,0.852841987203223,0.7102035598706364,1.0,0.5156316270555534,0.04122418520976806,0.9110278031682087,0.831168475904535,0.7550562328614591,2,High
0.2028091419178718,0.21052631578947367,0.6747193584220248,0.0911993945534065,0.14586693776914839,0.21274405940884616,0.06823901502124004,0.7730958745813246,0.5702469029312414,0.4588412289588779,2,High
0.3893192572971048,0.7894736842105263,0.91478522016196,0.882021114054343,0.8113682455590201,0.6926426916075489,0.1268819903073497,0.9821987621618412,0.8395037948975026,0.7341989442972828,2,High
0.4712637546720444,0.743842433683604,0.37419678944223556,0.44962551328089884,0.8761437485697823,0.9543687494730777,0.0988618537935008,0.762999306667947,0.3509403567798481,0.4516993760011524,2,High
0.6026614984549483,0.20084047319629944,0.2354965891761359,0.23162806182267054,1.0,0.7368421052631579,0.7931034482758621,0.7777777777777777,0.31353529614159464,0.2075170541193205,2,High
0.9701148396839561,0.12341222180115688,0.9644826845724483,0.7488969127093145,0.2857142857142857,0.7023595902222095,0.7288945459718835,0.7394630873086688,0.948365104634637,0.195,2,High
0.8169259042695537,0.6073097705491075,0.8540055133256296,0.15146111435956686,0.03626979486332918,0.7619299271442197,0.896551724137931,0.08290127066185507,0.8410363848626269,0.9420722579552365,2,High
0.3333333333333335,0.44271898425892847,0.6180371009186993,0.44306889758430057,0.8291267000437924,0.642923557959273,0.24204946557009432,0.7995681221881613,0.5949571539761531,0.9367667859816072,2,High
0.7333333333333332,0.1324486124904264,0.4893977842942835,0.776154220614969,0.4317187880605907,0.8415254864098911,0.8613092580543402,0.7228342087895593,0.5324845869081263,0.13077110307484474,2,High
0.8,0.3797291084683546,0.857800106100515,0.07061186122861599,0.8842997084858344,0.18921310419475895,0.7913961998966967,0.08998911562212875,0.8210035808523146,0.07359412243594952,2,High
0.8678542491792383,0.5432346056951378,0.8477311734750448,0.6536744913427258,0.38010410772911557,0.894736842105263,0.44889012888581287,0.519838054643598,0.8198461367458094,0.31428339934339056,2,High
0.037962901184233344,0.8194443956717632,0.9535417194874805,0.8089166944670951,0.18452420667278557,0.8274855752076841,0.19204977647460347,0.8410492797515,0.8569947243275253,0.6679170280722349,2,High
0.4741693011657666,0.37959070408392215,0.5060676497475116,0.35417365640545917,0.8571428571428571,0.8651211796088165,0.9961193269832243,0.2097178313903892,0.5721882520829555,0.33686512062837576,2,High
0.9628852276811091,0.555616925514914,0.7891384191436404,0.8775882043739343,0.5552224043476096,0.930008671281584,0.6050423214390714,0.5429507589370297,0.6848194449613869,0.0678360792391683,2,High
0.6108292859287681,0.277851942299447,0.4710611621964578,0.4445277927091502,0.8970267005270705,0.985305952437395,0.5324698687110694,0.7467570107011673,0.34133604358236647,0.7304317324484945,2,High
0.47964566884280646,0.4326978878648221,0.6915742112999244,0.552707085483872,0.5992407189488707,0.8113655211617744,0.9932867230123416,0.39822834421403164,0.7187361406438226,0.0861062993471581,2,High
0.13784182055115618,0.9467751990502864,0.7094652583457925,0.47705949449618834,0.2841041117079204,0.9461819770479413,0.5172413793103449,0.8876365313283825,0.5202215454378065,0.9892673708271038,2,High
0.5873061471020626,0.2422735474829989,0.39899263101201343,0.38854068569578715,0.8571428571428571,0.9791156527461568,0.5243584415294469,0.8218669553136688,0.34192423756430973,0.7603996752721225,2,High
0.771963303540816,0.10526315789473684,0.8070314376361054,0.6868601839120408,0.8847356930053448,0.8522710447914428,0.7743034893689893,0.9570778108805746,0.7619049303794039,0.8883492358485543,2,High
0.8691567120963419,0.3566261005962762,0.366042341995092,0.4888964163546832,0.2857142857142857,0.846036913836329,0.6232655642375948,0.7736277020616527,0.520469491357165,0.5921986988916156,2,High
0.8037060182948484,0.2660836986538277,0.8634447221953819,0.06944409725577269,0.444454364120779,0.2631578947368421,0.040233476664419995,0.8950655860469696,0.6671223152516799,0.456380382766432,2,High
0.8094054565851809,0.4284779920409323,0.7032821636975554,0.887451758312678,0.939536350523837,0.9399430605906466,0.5075115966360197,0.8888888888888888,0.6149881349268277,0.7568676865605456,2,High
0.8541856411031363,0.3025716596743065,0.4366164615035887,0.9257534153985646,0.4866274726105031,0.9062724697273982,0.28877347472089354,0.9096905981614395,0.3973345215755555,0.34751138466188175,2,High
0.0,0.42252788508840006,0.7088260420380394,0.4602984449677273,0.6639971603162285,0.8776847336259578,0.4725530950197518,0.4053311246903999,0.7137849416027099,0.13549875763834995,2,High
0.9826149970099304,0.06635658130794989,0.659433175762468,0.7054726526611623,0.9875821407213786,0.5354657910474052,0.41379310344827586,0.251197227205672,0.4772620854947814,0.4186925014950349,2,High
0.18891974169634654,0.9140399592152125,0.6719961928034036,0.6228764778594383,0.5714285714285714,0.6894882986982693,0.8092081689777986,0.5148045305456623,0.5260574519375814,0.5048421263834587,2,High
0.621365128934666,0.8808370849050526,0.6461928459897002,0.2584925660750561,0.03772791240057109,0.894736842105263,0.07612806343406921,0.9119682043986674,0.7258317421991816,0.26735904613196004,2,High
0.876791460302208,0.06062483708069034,0.29678078567996746,0.4229069923434312,0.45026741493330236,0.7001970425824332,0.3980822167724362,0.905763544948124,0.32157180268360497,0.40835295474932143,2,High
0.7578887112658749,0.20959026933166675,0.7693809636840097,0.24709235899194287,0.2857142857142857,1.0,0.034482758620689655,0.23586409885141205,0.6302604768633374,0.6648307376191447,2,High
0.3333333333333335,0.8290993764079256,0.21882220379376469,0.5593530540078684,0.42857142857142855,0.8024795709604954,0.11622992318531443,0.9725431279722875,0.1512668071312882,0.20162228672182358,2,High
0.861918446056184,0.27445409568796136,0.6849990421094005,0.1024196767301471,0.19386777662653526,0.7857250889917241,0.6921111485916289,0.7063416040428607,0.7129638225364492,0.7481906805530827,2,High
0.046929742342567284,0.2572716628728669,0.7851314753516347,0.3549474473511353,0.8994362664087843,0.7368421052631579,0.3448275862068966,0.032894873873498945,0.7041222384495835,0.821282962567382,2,High
0.06666666666666665,0.5498357885420253,0.8894468799822985,0.025676224092047825,0.8699108566370994,0.5601313691663798,0.48584055160205847,0.2222222222222222,0.7997579541445059,0.6776560008850759,2,High
0.5249522542086503,0.2434084879496448,0.8676725070623931,0.6037714856061074,0.39292535113049964,0.7631076360091055,0.8577339245906812,0.0,0.724814794452363,0.497495225420865,2,High
0.9552178857133555,0.6838106541342366,0.9386641341428503,0.3586413414285015,1.0,0.7010879323289908,0.6904411280809832,0.3698075873000366,0.7948294486328126,0.30351061000048846,2,High
0.5766809775230214,0.5789473684210527,0.9460579425252769,0.13955150263991722,0.4535560955110486,0.25395301744329785,0.6060011730067607,0.9083214076197044,0.7675258257380257,0.5059656539447489,2,High
0.5634824565853574,0.090848338125799,0.826706776112199,0.26090447369756076,0.2857142857142857,0.9664768006418468,0.07840970950378687,0.15145102357723228,0.6215392207632557,0.6645223684878037,2,High
0.21140937027350967,0.21593075434008352,0.9747187903272312,0.9764107373298465,0.8522531270256386,0.8421052631578947,0.9846563641149352,0.0038031234245032358,0.7903381459983712,0.16743289168846032,2,High
0.8994642346463833,0.6752976056086972,0.6682508691105683,0.5168679398728591,0.1670493562049643,0.5708803930091448,0.7013341719610173,0.8888888888888888,0.6324305549060091,0.17286164161369127,2,High
0.28730771401583,0.7186740976378275,0.878832690028338,0.7730538682961465,0.09862632710893587,0.7349696613345355,0.4043434732553924,0.6706196038493141,0.8391978099598462,0.40355764346438266,2,High
0.1634887302398213,0.29198258138961475,0.8870800084142219,0.8186472070370331,0.96769064617162,0.6672892858103147,0.01559761908956274,0.2830743384891867,0.8516150741379487,0.8353548929118794,2,High
0.6241838596443965,0.741488088631465,0.6487834947413795,0.5838041263146552,1.0,0.5882393351576669,0.2697742286898044,0.8485824561482282,0.5737512584074422,0.6189174737068974,2,High
0.19073786799831471,0.007312209475014653,0.7419372913158038,0.8042747613982305,0.9801525742821031,0.6549616884157308,0.6887077193164465,0.9043257755583642,0.6087415353830009,0.6454043856927957,2,High
0.40000000000000013,0.12836952895589038,0.7665367106189281,0.7137072736521048,0.968641353559863,0.4326058171095241,0.5971401086374397,0.5176146194714306,0.7664451396058558,0.5753657367556672,2,High
0.6615761197064407,0.6788520558313409,0.8635457714098023,0.3166696123772746,1.0,0.31177062082087414,0.7860820041927917,0.5527274739109855,0.7164630064148272,0.744527662017757,2,High
0.23730116997173756,0.17575138549284697,0.9596067109207483,0.6575710529745636,0.7942167927965802,0.8010653276427352,0.09934361727061644,0.08663986386533674,0.886869124896167,0.8488384875709478,2,High
0.007615861728026454,0.7188045380125689,0.8972368388157714,0.2066291448889552,0.5551088677256576,0.7894736842105263,0.20392770370217844,0.14919041975124336,0.723205322384677,0.65785594814801,2,High
0.6956148920022293,0.7963975389438485,0.4851147834505366,0.7277408010502994,1.0,0.7666198221035032,0.18285069448621788,0.8260248200037155,0.5148956826825574,0.3563798436954857,2,High
0.33430884585055115,0.6849806677767507,0.6980681862063536,0.4271413496451446,0.8529620892119241,0.688061233620596,0.1024391249821886,0.3300816249426077,0.5937948551479955,0.22931664288868825,2,High
0.5724535761279039,0.2879508132996744,0.41887019686728255,0.47100703247174647,0.924437921813402,0.9752070814371676,0.5192368653314611,0.7254371719229095,0.3016272529532387,0.6757463459822629,2,High
0.6788071425881056,0.5932406023533509,0.5748306069693281,0.28070300033898704,0.9739846944540596,0.6219943611146534,0.426352216470454,0.37380158640479627,0.5063461092231003,0.22551089207020875,2,High
0.42622990467016153,0.34450867887099795,0.6003325620386538,0.5905996097778319,0.5670795334715274,0.7639590333078765,0.8620689655172413,0.4983087074611496,0.5213915489144555,0.7909248673911722,2,High
0.13001129176482099,0.7855396876162353,0.6047219427383315,0.6361630419883681,0.9267917634454398,0.9486797532507285,0.9823290463488992,0.7236064062091023,0.6820479232034207,0.6434343241911441,2,High
0.7827791296152443,0.20877619878498221,0.8448568530713074,0.04946796443063464,1.0,0.22412173977743866,0.9910926532492643,0.41943768525711145,0.8253099509108741,0.77450121665372,2,High
0.3462050079310285,0.5687855200544512,0.7535319835146582,0.025760759007470695,1.0,0.22129560986086222,0.5172413793103449,0.3775213007024232,0.7711618214527538,0.5094018975186769,2,High
0.30734667829252815,0.17908158124194634,0.9196010965994356,0.8101530026158189,0.9146500062281401,0.7265842151154716,0.5660448366062718,0.6219388840447799,0.72086182463835,0.5554007397547096,2,High
0.8145348738329392,0.7119032501294003,0.3348517585730736,0.3282848780847752,1.0,1.0,0.7811748042235261,0.9515504205568697,0.34834088096206806,0.9124418485995269,2,High
0.24732611096408944,0.21052631578947367,0.7495078664196703,0.07851205837523448,0.19356369031866721,0.24788903497164952,0.05672600578514929,0.698900926170962,0.6820328617889829,0.44047797922731313,2,High
0.30521973769644806,0.7171772907144076,0.3446896688740579,0.194214186209688,0.42857142857142855,0.8725418981814062,0.2904035839501132,0.7603786521229514,0.40958323263234386,0.07427891312809459,2,High
0.6666666666666667,0.7755498725131231,0.5958097180025596,0.31887836297851707,0.46636463175009435,0.48760802222371896,0.28954581494399967,0.8071724913611844,0.598313721843946,0.9020895155498678,2,High
0.939961846584241,0.8054740057186683,0.3153462036837797,0.1642260204241388,0.8713468141090877,0.5737143316440203,0.5033298687097133,0.8999364109737349,0.37098927781871793,0.42900572301236384,2,High
0.0921629143479539,0.0,0.35756726551539575,0.39911732886226053,0.5714285714285714,0.7654679322079856,0.37422996049455426,0.7434690952899615,0.420617682660802,0.09014115851074492,2,High
0.7544544095703012,0.45440169932152824,0.6898376681757387,0.23734529148436148,0.9024023062220741,0.6122964361636335,0.39536106384702935,0.5555555555555556,0.4983131655616273,0.42301793722654224,2,High
0.03548322481766522,0.018675381482981687,0.7172911367297418,0.7297416124088326,0.02534516058404658,0.9567061117941223,0.7847616252200592,0.9802870973235194,0.7222426396597821,0.44669379069337556,2,High
0.10197744524367205,0.13001780638657467,0.862771047482433,0.8818898503596525,0.21852309695072586,0.7647190357186885,0.5761252327788127,0.6600751825210931,0.7205361756540407,0.4090676642689838,2,High
0.4073115619723506,0.13842678193710073,0.8991505442840247,0.6118106383147774,0.5714285714285714,0.5028861428838225,0.9246570492552572,0.7572282698224951,0.8417010524724825,0.8865054428402457,2,High
0.8007636985955979,0.5265167627883152,0.1908014383651446,0.06891217466150627,1.0,0.815287040397633,0.5517241379310345,0.8335454718321104,0.44625890334060475,0.16467542809687097,2,High
0.9378116933277141,0.7191643684432342,0.6050794302199768,0.6781466056198924,0.8667393428451013,1.0,0.22311130342793,0.7852417111017455,0.4426352808713713,0.6673892939907281,2,High
0.05403307840369182,0.2844867414751415,0.5007871190106561,0.2511895038239446,0.5443565965793395,0.7268682197923882,0.3186891277317762,0.843861323552479,0.522895897018084,0.40921278679584666,2,High
0.33434737574137713,0.60459602473155,0.7866394308311061,0.18384789363879336,0.64249498485427,0.7900073907410756,0.9485381144158734,0.1111111111111111,0.7650674882565023,0.41279153719231254,2,High
0.0746126448980545,0.5914936498390333,0.4433119881531459,0.14315970599993003,0.10288608309032796,0.9326422411385418,0.45792404890923116,0.2533108242630782,0.445293957856362,0.3591716385714786,2,High
0.8808771640171569,0.4961218379218261,0.7143789282513235,0.7271289695268754,0.5714285714285714,0.894736842105263,0.4225499616930786,0.8652047266380724,0.6546203026736199,0.8718816158781254,2,High
0.44799752817860694,0.3305282672274157,0.6628826324897836,0.7706395550721492,0.30571693409434986,0.8578898582472502,0.30620178243849683,0.3333333333333333,0.7195425948693922,0.7564048200517167,2,High
0.9157544131576923,0.1359001482004052,0.4604026866443269,0.5056715887367693,0.2857142857142857,0.9196122313016193,0.6714700825769231,0.6959648669594017,0.5370008265452273,0.5397762851975962,2,High
0.05329967867417643,0.05610492492018573,0.2143425883646015,0.15281716387617003,0.6475709695345377,0.9333421898225851,0.4161557818248378,0.725888531860196,0.4390147912155866,0.14935268476234853,2,High
0.5333333333333334,0.9013311604849177,0.7112184578459063,0.2069036212424381,0.32397363164870535,0.8035692327126809,0.35838301623290947,0.6369093976065625,0.65353364108027,0.058120619261798456,2,High
0.7166179559625601,0.2501153674570944,0.5371455155396916,0.14244300847619532,0.25031314024068474,0.7368421052631579,0.7845583441960273,0.5834145178401775,0.42848953931795425,0.7288194127533518,2,High
0.11558692488567364,0.05263157894736842,0.730533023060115,0.3739140411953107,0.9095574195203646,0.7228317828044791,0.20813521734717508,0.3037559859205672,0.5441787768164648,0.7844964709503618,2,High
0.16475795004609053,0.8160908499927225,0.9016051469233137,0.5543206643922568,0.7848962643054673,0.42105263157894735,0.8977364447989784,0.7765053000307269,0.7872937685769384,0.5798854770027654,2,High
0.15287850084784027,0.37613625033467374,0.7953134555341393,0.2021103284511363,0.18287383792311399,0.3157894736842105,0.3200040298435103,0.7614901381823553,0.8255759761549307,0.952997078363455,2,High
0.6774595357881137,0.8235564288045694,0.8159601694496121,0.7624408154573646,0.14285714285714285,0.8862161559567523,0.5274187687784011,0.8888888888888888,0.7383932703524181,0.8819053481589147,2,High
0.6397078998967318,0.8409522364344673,0.5435778267800386,0.09776906377694047,0.42857142857142855,0.894736842105263,0.3029950170811354,0.8014605005163414,0.5051354002343232,0.842350520123922,2,High
0.3333333333333335,0.9276562243360854,0.7309201005908279,0.4105817724587147,0.9672730538663243,0.4813391112988762,0.02369882306231684,0.41899015300714115,0.5483758744251621,0.06696316770182453,2,High
0.8281357373033793,0.12167661904196055,0.8943865962876496,0.6643956289639878,0.12058173130019638,0.8725244179183848,0.08889530829135561,0.6024484510611875,0.7685712683250986,0.05642396655057561,2,High
0.5097419082292501,0.4704413615955922,0.18102237130746612,0.239260630443795,0.8153918218746427,0.9473684210526315,0.6493438280168964,0.84956984704875,0.33386811245725334,0.11807250910178135,2,High
0.46942485484578544,0.7807636162764675,0.8608899860429744,0.21339445288114986,0.9940895967590315,0.9408358701020874,0.6135564098815898,0.8888888888888888,0.8320360020756559,0.08848142865078981,2,High
0.7754172105761383,0.9044405747725769,0.6483064866006201,0.2767131037395133,0.19553454876541804,0.9805925346653723,0.6260789928693231,0.5760412134087737,0.5410317000412916,0.8426251631728414,2,High
0.09075652282069543,0.1483855830970939,0.9699033696057761,0.5361303264519848,0.5972391315936022,0.5215612126011785,0.7272529986406072,0.36344565352586927,0.8392695223841111,0.5558719024375446,2,High
0.7027981234047304,0.7971089669643477,0.901801971138052,0.2040163363611106,0.6041448677806459,0.963839882979286,0.17452160931657562,0.8888888888888888,0.8803227045649956,0.8462591555321287,2,High
0.8666666666666669,0.645947306390335,0.5962759858569964,0.45770907896510343,1.0,0.3612368731206219,0.9027932253707207,1.0,0.634308598366322,0.7903263133488704,2,High
0.48838946790626286,0.38557063255757584,0.3409382419122544,0.19579779484717563,1.0,0.9473684210526315,0.7826424801939391,0.7777777777777777,0.350648148259428,0.04491564727775779,2,High
0.8291462264238164,0.47368421052631576,0.8321942924232631,0.7064828301960058,0.5714285714285714,0.776251241338367,0.6423471047043988,0.9514229559603062,0.7526493884740584,0.8618596698178622,2,High
0.8610342451527945,0.9911067028728331,0.2770800730595304,0.3970326810911358,0.9879305253274163,1.0,0.8620689655172413,0.787165146967565,0.4242435115208618,0.9737327051593787,2,High
0.855693427775619,0.09060699269062661,0.7076718988618991,0.5507441578034723,0.8969238769825849,0.29846330701413504,0.2893908860134645,0.4627331759295241,0.5452595221124825,0.3739233569439047,2,High
0.39653177766401426,0.05263157894736842,0.780689019349374,0.13659421059431295,0.6270850475702917,0.8858533684749407,0.8947578160331108,0.5122671852231064,0.6695444453885404,0.24162428002047745,2,High
0.1299537864705177,0.3157894736842105,0.9827045167702901,0.9930597942293506,0.5786704575631763,0.9500364843653807,0.5792147306286572,0.6835644009807447,0.8720367312679416,0.09659011638249046,2,High
0.8391064994805478,0.5163185200444125,0.8521953739798577,0.8871061824454576,0.7142857142857142,0.9164948688311465,0.18551366339008019,0.6666666666666666,0.6732029254621754,0.4495811716315068,2,High
0.06666666666666665,0.47851716457477544,0.9710055634789481,0.0083158279652744,0.8505838480770904,0.7223432431177788,0.6710045046415059,0.328231881837737,0.8170653309852093,0.32857217111554865,2,High
0.42700025548424153,0.9289466960941016,0.7121600204387394,0.47452019416802343,1.0,0.8563159239390744,0.9031031839818192,0.01500014193568966,0.751570513077169,0.839074801999713,2,High
0.7634176550531494,0.6332889534807986,0.8734693677415517,0.27146577094145635,1.0,0.5806573745334302,0.7897424017791199,0.3369433462372416,0.8162046571776437,0.20803260903141346,2,High
0.5153392518405204,0.7468561227801798,0.921531008423368,0.8043273935796916,0.5328698253725436,0.6599906549886521,0.8303325823989235,0.8888888888888888,0.7107084189066277,0.1619911222392195,2,High
0.10796855578163866,0.785279707483348,0.8971290859019843,0.46107521752456476,0.4829245233250599,0.3642270759044007,0.9255389270471457,0.7266491976564659,0.8830822939177523,0.48092594148014806,2,High
0.16573610891165025,0.44810307191185506,0.5466096498854867,0.6608155559074694,0.3088591254130835,0.7268457573398907,0.18917384943706048,0.8137808617536854,0.6024767485897037,0.19083750197951477,2,High
0.6105646893126638,0.0859937557242014,0.9068634025685285,0.5422075761382882,1.0,0.7092321588984141,0.07819871439722942,0.1287189266322174,0.7690944386993065,0.13939885584030565,2,High
0.6102394767123629,0.5221869949532977,0.8085260153835867,0.6612485494520192,0.7142857142857142,0.2793254895458361,0.6578774860650809,1.0,0.7749998108718927,0.24464078493145575,2,High
0.39701575418156543,0.4831081446897939,0.6195667290546782,0.19892400560041726,1.0,0.7965416348331349,0.07205266808803593,0.32835959030260875,0.590329799701718,0.42805746370977377,2,High
0.923021857274451,0.7205608272754488,0.6685177055800601,0.9830719671547006,1.0,0.2832269177087924,0.919997168508671,0.948442619705588,0.6347758486256206,0.1951073783148207,2,High
0.5004446530920026,0.08543855531078898,0.9224700445984156,0.8050865899886893,0.17809501454428306,0.5392981632531569,0.3488504398112053,0.7777777777777777,0.8033654314778945,0.25475017604637706,2,High
0.694847461740074,0.17743087071062358,0.7454501627462788,0.5947633908176178,0.9322518130428044,0.7341302430210915,0.13260082248973165,0.16380414541115218,0.645192474342641,0.13865932110848336,2,High
0.6437077511970511,0.08713769831346141,0.8739095311049607,0.4897882210524866,0.14285714285714285,0.8257246033730772,0.8456210856353437,0.7395129186617517,0.6538595776910665,0.519005464116019,2,High
0.10989732259105206,0.9658705347965378,0.7294439498291874,0.4317059396970884,0.18527423967593748,0.9658705347965378,0.6263400500071714,0.8498288709850867,0.5427506983180697,0.9548459838865782,2,High
0.8116275265857664,0.8020200343063293,0.6070414651132164,0.553198387651688,0.0,0.8170125629662888,0.48877285857884467,0.8236437278451946,0.6187069069813398,0.18939029091078935,2,High
0.9606567399585273,0.22001567374969408,0.23834295435412223,0.44147491372052927,0.3864179356698504,0.8792066078783659,0.7422285430498196,0.856102838854328,0.36328332231582716,0.5597537225155523,2,High
0.36011426278212316,0.9788571609614818,0.7877953893574305,0.21695662027407797,0.7997551511811649,0.34727821359306077,0.2897142738528223,0.8224126601924272,0.8084919853308811,0.4076057934016756,2,High
0.3333333333333335,0.49787797435584896,0.9057986613549959,0.5676938840464127,0.5714285714285714,0.5305598407619863,0.6682429151132204,0.5044798319154299,0.7364220580475119,0.6055624284918231,2,High
0.9232088786173838,0.4450316032746175,0.5557464684385013,0.025590819875362505,0.45026668867703484,0.42904562214417075,0.4801402272286337,0.8973259344855136,0.6568063044669156,0.11145433988141787,2,High
0.7948156437280696,0.44503382060248947,0.9201128518289462,0.6807557544947368,0.5936472411654162,0.6964892648545721,0.7957850118647917,1.0,0.8334414336766242,0.8423329603223687,2,High
0.9330214145832296,0.6839642746709707,0.9917028973905263,0.42486089575028657,0.5720969687502223,0.5261926636512748,0.8963097182111264,0.7777777777777777,0.7891097318111707,0.9099649091406133,2,High
0.8688200407861945,0.996599935600746,0.6585734972187905,0.09483717797545518,1.0,0.49068453252258604,0.6551724137931034,0.7777777777777777,0.5644791397931089,0.08242254588446851,2,High
0.5333333333333334,0.15817125360833603,0.4709947461814417,0.4958213701690151,0.2842131946976043,0.9988939329350769,0.30962016295746414,0.7789452930129743,0.5392259173857088,0.49515761455675156,2,High
0.3195875005315008,0.5062401303201299,0.828732030951031,0.37987662361278307,0.7290133922876777,0.9728700668384882,0.11411314613935292,0.9885451393318061,0.8454521208627643,0.9152060941286942,2,High
0.6381988522698038,0.8781791285889783,0.6424052582392943,0.25667452395486123,0.04494236525848727,0.894736842105263,0.07090380446799197,0.8951344810635297,0.7173588925382586,0.2668540344319059,2,High
0.29234263309109865,0.1255336577034988,0.5895937746831023,0.15518884029068175,0.14285714285714285,0.894736842105263,0.5292409736994024,0.9102855275759154,0.5993432558123175,0.2984798823728267,2,High
0.5257530904861569,0.36044184963455106,0.8971516048569437,0.5838483951430565,0.7088712551091596,0.3724106541300929,0.7319795615660446,0.6708779126928758,0.7274882494923551,0.6789067853454324,2,High
0.21399909608054293,0.9142126671776615,0.547939810176914,0.713703118522127,0.42857142857142855,0.631578947368421,0.5844850963434235,0.6200030130648568,0.47739127361785955,0.18209986441208142,2,High
0.4968534108152136,0.4172799632980567,0.5194265544213046,0.2910348446682627,0.2415086046350915,0.5501474295909581,0.28406065759370475,0.9232710852838177,0.4383744600269529,0.20786722789347686,2,High
0.7304932443448575,0.4943945612069554,0.7050874654065298,0.15666145205825838,0.0,0.8924946665880453,0.2322174945361815,0.5508220739080957,0.5213104129830044,0.8364293097871327,2,High
0.6955684039540613,0.37298448483485175,0.30423121334757997,0.020589596101525973,0.7142857142857142,0.7849102520072535,0.43332668760996834,0.6955684039540612,0.31993557568215036,0.8067630048730925,2,High
0.863878052866929,0.9779846278968054,0.9455622030905109,0.1444182920699606,0.13688154185770432,0.5395250127356008,0.896551724137931,0.004647689666229957,0.8306257088986857,0.8646012127695677,2,High
0.23221434480724246,0.47368421052631576,0.7072028269684161,0.1668312123652734,0.2857142857142857,0.7894736842105263,0.139088608820094,1.0,0.5845082860846081,0.9082884172329875,2,High
0.6425966256889508,0.894736842105263,0.20021665654924795,0.3194836659597493,0.9484213407620374,0.9619946721404485,0.4770240107588128,0.7469001365923862,0.2652150813645834,0.5666739262401114,2,High
0.016064276964076675,0.8021560081295342,0.9722650431957145,0.8187710753661657,0.3253010766595071,0.8966391253766,0.18072290187797072,0.8045515727179054,0.8499541466957676,0.7960239797601514,2,High
0.08505977804845741,0.3157894736842105,0.7928028611449749,0.954002006902158,0.6748719041818769,0.985479122593323,0.48633057527267054,0.9080344430910462,0.7038086287551214,0.18413343280550803,2,High
0.15163087730526487,0.45459113577839405,0.32740812644716,0.11249164205305184,0.9089669171729304,0.8132144042548448,0.6707266786497259,1.0,0.32795857179134397,0.6495584736968423,2,High
0.5242691734173279,1.0,0.7413796367686821,0.2802925271602227,0.2857142857142857,0.7874291368610514,0.4117838069151712,0.6688247999800012,0.6496678415236224,0.03087404399190053,2,High
0.2859939041394618,0.38367939800483813,0.443344937647036,0.5146844222876076,0.843337687519432,0.937196190803792,0.04114732326648104,0.8996262430404416,0.4726255560869254,0.5125840953159007,2,High
0.7333333333333332,0.07438633281743928,0.6986863189043155,0.678773633911848,0.6219050115546909,0.8235086799535349,0.5924143354463975,0.7777777777777777,0.5763143256869163,0.23556657055144398,2,High
0.9537883192362051,0.40490395849773286,0.8451940472991429,0.29902197410608944,0.9123357747019785,0.6357645070721459,0.6869129091596284,0.4103528012729916,0.7272051849407973,0.8688071154844383,2,High
0.5402127742211614,0.09983202035171473,0.9161967967348451,0.3071840535852504,0.7216565438083871,0.41833706280743627,0.3942222802329031,0.011465734813046665,0.6839128216994322,0.4888085032009548,2,High
0.1113278309700026,0.2810439436368462,0.9864373588656015,0.955069765604205,0.5714285714285714,0.9473684210526315,0.631735522131029,0.6299908293944487,0.8749421275550642,0.19562641134398748,2,High
0.13038897081932663,0.10991215133790527,0.7728772529797303,0.8949400294949578,0.29833298220288573,0.796447174375279,0.6911781185417276,0.5555555555555556,0.652383947245232,0.31919571658245954,2,High
0.9176527513939864,0.4551023669536987,0.8126464611036315,0.5591765275139399,0.34453374900429556,0.7708918406379092,0.5152178891327467,0.4444444444444444,0.8331802824887383,0.12175801711206621,2,High
0.7335057334491105,0.8948048947825435,0.6508933274283627,0.7180387900260499,0.42847907136654784,0.7894736842105263,0.41359246538250044,0.44465994458916613,0.6961355110226173,0.5050129300086833,2,High
0.3037204387624788,0.04675720195398109,0.6566832343748539,0.32918842708265134,0.06345620265183148,0.42105263157894735,0.4060956439396993,0.09870964856951563,0.613240845259378,0.34613872395808976,2,High
1.0000000000000002,0.6094931392503157,0.6842233268118041,0.6607662651070695,0.8647971091196189,0.8698310464167719,0.6314645112610116,0.5496022484625185,0.6209350887217917,0.03209815177122,2,High
0.3333333333333335,1.0,0.8038430629144973,0.21215693708550284,0.6608156732873107,0.4045865864997059,0.18108342848352932,0.9304766985543138,0.6994021902103831,0.3247779884089248,2,High
0.21606967717152858,0.8566770803832217,0.8514007611453442,0.2257066969637806,0.3029317969694949,0.934681833811951,0.6497813121208708,0.7911691754207182,0.8434724983425915,0.9054719681973162,2,High
0.9820682447638857,0.7045337909868258,0.3419984323614509,0.20384818937166624,0.9615748102083259,0.9150601067762995,0.3448275862068966,0.5471216317592362,0.3039158306236076,0.8352393792197821,2,High
0.8,0.6113053654962494,0.9282068797215783,0.31783683111085986,0.7693140079387515,0.6417157383045068,0.1512137260541814,0.5555555555555556,0.7572561833760165,0.5978511118046524,2,High
0.9410188014164856,0.5850148432235412,0.48361394829746207,0.24206974148730986,0.9505934194654495,0.7894736842105263,0.9045022083618817,0.24784044916606318,0.5859584871979505,0.5648123090438721,2,High
0.4666666666666668,0.27962891374094473,0.3140278700893741,0.17888488594371482,1.0,0.8585762821619973,0.8130426669058444,0.7777777777777777,0.3080285159720492,0.05772033246631406,2,High
0.9060455783945464,0.883965359892584,0.8334276480044867,0.48901487738939914,0.3149511660058432,0.6638933940064583,0.9584600633778999,0.6465147386848455,0.8488181365962243,0.4411397448612271,2,High
0.18300430320801464,0.9473684210526315,0.5360772591842077,0.7563914200586449,0.3921520783028886,0.7255025349030767,0.5767352669172794,0.5816881827067402,0.4572087626043969,0.19784548163158455,2,High
0.02561188683502164,0.7894736842105263,0.7645181694045453,0.484048451745454,0.7221260878066392,0.5905016030834684,0.2338092945315207,0.3333333333333333,0.5796874964904032,0.509390609171718,2,High
0.19999999999999996,0.2729476734343733,0.838435402078843,0.3188396522848145,0.2857142857142857,0.9041802768344934,0.11604934672787823,0.8789208188969235,0.6342077842531635,0.9167942525985537,2,High
0.6606841130476884,0.9497299553759124,0.7999071450989471,0.16718612206790126,0.8571428571428571,0.8672402854699384,0.808024009371948,1.0,0.8347026755532906,0.9795513084785766,2,High
0.3807271132498905,0.3122968395724982,0.5827306172472995,0.1357910645813569,0.6635066643751174,0.5672245656247836,0.17780597258643369,0.5950503721526864,0.6651180567974889,0.505,2,High
0.24334449002954864,0.7946839945968752,0.5571157309416636,0.29700334700886444,0.04997609279382455,0.38683329734509325,0.7310806483981319,0.9222594112096062,0.6378877892090395,0.32727761282313267,2,High
0.8847070334056926,0.6123843552917208,0.6182815414489867,0.344351559913169,1.0,0.5071211973969839,0.27586206896551724,0.5555555555555556,0.5631411541284685,0.5362363300651233,2,High
0.6292881870664325,0.30544136684303,0.3275851472857154,0.19154844214814754,0.0,1.0,0.06478088317217146,0.7424479535567269,0.40530535667163115,0.16433205283068525,2,High
0.10126254107706088,0.6568979938865308,0.9330226582724194,0.39337909965795714,0.06872312626344092,0.8440987490690435,0.6617027986744529,0.337541803590203,0.719430961906377,0.8465150492924731,2,High
0.6666666666666667,0.9292102668194654,0.5976649523391753,0.17394025638236815,0.42857142857142855,0.8463150974834867,0.336896438380916,0.6794446270529687,0.5134924058804957,0.8266752383041243,2,High
0.7606136401396868,0.47368421052631576,0.9186608304257746,0.32176788392330713,0.43721860932425716,0.22326952953048426,0.28788532195949995,0.8956144739188666,0.6958582765194791,0.07386193096857051,2,High
0.25298927941727956,0.9241562020132545,0.7333107404023365,0.643250590854695,0.5714285714285714,0.7198370270923955,0.8357197018278397,0.493448017972018,0.560436228275643,0.5231019446339246,2,High
0.38576957673029666,0.5363699526650684,0.339380468244642,0.10399999999999987,0.3434979213831215,0.8107623920885184,0.4951596880297705,0.8888888888888888,0.31244707625707374,0.16477572751590747,2,High
0.9144855518866932,0.38366900198599274,0.3200439910140581,0.4140559545282742,1.0,0.6163309980140071,0.7338867835068829,0.9049839465407701,0.4138293414703675,0.37724277594334654,2,High
0.8130682013732736,0.4313696326631106,0.7033920460411982,0.8778919944157564,0.9159901340289561,0.9370514199684682,0.5037225503035102,0.8888888888888888,0.6164499842879289,0.7653835681928609,2,High
0.6769070641015434,0.8906945799599171,0.3765360596152315,0.8116990330773517,0.42857142857142855,1.0,0.4509511588210806,0.6068442788465791,0.47541800226750314,0.7796276944719386,2,High
0.17844597665592782,0.3870199631409386,0.8248346207776579,0.2709172412459729,0.6659507392972202,0.9651760434168135,0.5862068965517241,0.3725976999642038,0.6350688381200068,0.3733082758754027,2,High
0.24919038446043512,0.07766902809542368,0.6184840573064831,0.17289278834532618,0.10540796670093214,0.86714271230595,0.5731531838253362,0.8306346148681166,0.6552001251468879,0.37543976041724886,2,High
0.7040336219757465,0.6294559884338177,0.6751210086592724,0.5093378094960075,1.0,0.47368421052631576,0.3089539234566392,0.7154995189293116,0.5406622064766523,0.5919537697833488,2,High
0.0,0.4582772750852346,0.6459140357760884,0.2544626575126016,0.08188327762073366,0.8344017954373542,0.8376804059786394,1.0,0.5773083849425925,0.8561616505530095,2,High
0.6173328178116466,0.7692985847730396,0.9799866769771004,0.16999999999999993,0.9823807682660642,0.13842084913617622,0.348621089628895,0.37444487404585014,0.9431116581388326,0.8585001933206325,2,High
0.03883292773147385,0.6009213728435733,0.5915290022194257,0.45338034070556205,0.9403562737103011,0.8160545528509132,0.9454312442768238,0.9072208702160239,0.5833426395125044,0.8023237223541426,2,High
0.4974628567050393,0.21052631578947367,0.7390761142988489,0.1979739407818856,0.5054367356320589,0.6395909788261921,0.015929063812951297,0.8206476168585292,0.6233722305647491,0.37565600183883546,2,High
0.06924231644219275,0.7388755129806784,0.5368647783867848,0.06798968945159398,0.7156655266654603,0.9473684210526315,0.51824055379223,0.8888888888888888,0.5666390227854474,0.3280199692350643,2,High
0.13330166352321535,0.10530066161724493,0.43603396587135146,0.20601092608449065,0.5713946394891594,0.9999249925549838,0.34479482433436076,0.9999736084915684,0.5520957214056698,0.694946557195426,2,High
0.8,0.5730085548705086,0.6104682461594707,0.7486952802868778,0.8571428571428571,0.8323435310749093,0.15711788719759198,0.2222222222222222,0.5521543731659608,0.15979898997328026,2,High
0.7898738886827217,0.17010906421897623,0.9411010750834978,0.48230378333951845,0.3188674600229355,0.9191654968590051,0.9787573755144733,0.7093293211021917,0.7610842817788198,0.6116036110080274,2,High
0.5468153514482829,0.4246005310828814,0.826236688225283,0.5994364088027697,0.5714285714285714,0.7054979233393938,0.7954279341577499,1.0,0.8754257751170167,0.38837050452873734,2,High
0.457329372567004,0.3268467956443375,0.48878694030801056,0.8285436241011915,0.7142857142857142,0.9436826470659225,0.2782768864050852,0.5633366339719412,0.8364579327402493,0.35529376179303107,2,High
0.06856375339236627,0.5784481350721843,0.7445596405840813,0.19702442683187785,0.42992649051835685,0.7914706176059996,0.4495841977418618,0.44655231858411065,0.5718487860474037,0.6770595155751656,2,High
0.007024511463630477,0.4155069646339759,0.6010407692331692,0.19316103015863376,0.443623953136351,0.6897561932607608,0.5807568445540797,0.8830351293358635,0.4852797440724457,0.38157555066148013,2,High
0.654860878584851,0.363760873125599,0.7607657976507481,0.18727070079336497,0.012649058659088306,0.8467654426638745,0.40768666133699183,0.48379707138383027,0.5914677191031836,0.7013281511592042,2,High
0.5383462364275016,0.8907792870309198,0.8362705484325121,0.5786472578374401,0.14285714285714285,0.8440840406950663,0.5159449388549565,0.7819551970229178,0.6438826621033962,0.923684112937781,2,High
0.09595626537130093,0.37054933401510476,0.8768917911644891,0.13242624077721943,0.7142857142857142,0.2884095435187634,0.05381572480794778,0.7244687414603883,0.8314395383143854,0.3002295208743718,2,High
0.06666666666666665,0.517815030818176,0.9385258770287775,0.04340882252063117,0.7972510296039039,0.6044496443875771,0.7997388940595421,0.2867508008030364,0.8380358109761443,0.2763060090118259,2,High
0.4666666666666668,0.4307862677259467,0.8057940202716627,0.4552011810666855,0.03881242443842915,0.7225427909963682,0.38568755471699956,0.909437676310332,0.6860248216876441,0.3417921742767251,2,High
0.09321915893170901,0.08430066400128233,0.5436424393257585,0.4936875517338643,0.5992660217038438,0.3470078703106601,0.9380491459327147,1.0,0.45711408359576655,0.5083082708843856,2,High
0.0,0.25350533314616525,0.9472490199466571,0.7403241861687996,0.5976283814604085,0.7464946668538347,0.6112035170574383,1.0,0.8789719290071376,0.8493241861687996,2,High
0.22303212368757924,0.42057308465867016,0.4949179974766325,0.5449066330217682,0.23766136231022542,0.6488031090706924,0.18401277461477317,0.8151522737587135,0.5591876393138787,0.250273341744558,2,High
0.3621628283397622,0.4438127592156016,0.38164810904479274,0.5843789879308824,0.7889313130906461,0.8971072833299497,0.06741246954244667,0.9419423120406085,0.4506699903529143,0.5030629797908631,2,High
0.3868789718964044,0.564856410904455,0.12400722120234015,0.23589002024193778,0.9235062306241844,0.7932059353295484,0.6274763938466874,0.6447982864940072,0.3288987435328899,0.27153397589808065,2,High
0.4004461816057307,0.21052631578947367,0.973210258557857,0.8324405952879718,0.5709505197081458,0.4214048802150504,0.10321749227289799,0.8892607068936643,0.7373628812620328,0.1054015634451575,2,High
0.23115405110251022,0.10182218595133184,0.9444940432412033,0.3265809967237864,0.8664826381320992,0.6945334421460044,0.784085728700042,0.9408123073930725,0.8078108721850167,0.1853751998249474,2,High
0.18546781724861958,0.3684210526315789,0.4563106059256812,0.22584195972963161,1.0,0.873368723837356,0.900310047263288,0.8558885692827908,0.5040126447146981,0.09638962606086532,2,High
0.7137095762255867,0.7368421052631579,0.8565038698420671,0.20338693891191548,0.2646888316702716,0.38391349245348405,0.4979839494801481,0.8888888888888888,0.6834393713643443,0.7883566916637588,2,High
0.5810368876822829,0.08257333523850084,0.5997995967421635,0.49671555331523437,0.18349238353796543,0.9246785983963955,0.48306459333240326,0.698271853862862,0.527167647498039,0.46995563396680157,2,High
0.5607260977019405,0.3871807440991357,0.805371279223889,0.3249308496601077,0.45403100984882705,0.8731109754984681,0.9574939863245754,0.06545650383009942,0.7793059078780636,0.4843812012935187,2,High
0.5445468708606453,0.3011965449633277,0.6405468708606453,0.7167726564569679,0.5714285714285714,0.8509580559426146,0.14373114010033378,0.27171874540071694,0.6288023211851799,0.915,2,High
0.21793217958849312,0.14373775295645277,0.48093051918517815,0.6245379653876549,0.7270944139917808,1.0,0.5804968388533776,0.7678154557841704,0.41323236586886586,0.5271728718353973,2,High
0.5393467569627098,0.5836948081284551,0.9720840261829847,0.40803114040461147,0.8635858110314747,0.1650158964032089,0.628465634003504,0.7677554050621503,0.8135484152744829,0.6592845643359307,2,High
0.0885601864024897,0.21052631578947367,0.7180592148010927,0.09388166710489626,0.44420965695415926,1.0,0.3065700828041685,0.42011831140464106,0.7481030492669026,0.6764201398018673,2,High
0.1333333333333333,0.5377231431010152,0.37941849297298225,0.10742909630268124,0.7702328772200507,0.7048226389758081,0.8439768529357515,0.3574155243243653,0.39263016710015136,0.4572642451892611,2,High
0.38310835625207595,0.11836184813651118,0.8670989899157534,0.30125337465621893,0.5892053653281223,0.05263157894736842,0.33179957884428557,0.5693819508107618,0.8024746304153648,0.5248875114593713,2,High
0.3362389534960385,0.41417089961464604,0.7724041365946739,0.748866808136545,0.43479775749151073,0.6361667686779552,0.06896551724137931,0.3236479327909833,0.7631468184523921,0.9771670203413626,2,High
0.3333333333333335,0.5268449152254254,0.3489616722272576,0.9440201067785663,0.6565683777552523,0.894736842105263,0.2894471712562121,0.689112297539624,0.4652402062413759,0.19939208218204024,2,High
0.8345310202135752,0.6334700319161713,0.6559864746138458,0.4895090854691049,1.0,0.5282068740214344,0.28479250522764876,0.498003855199597,0.531385121503025,0.48201352538615416,2,High
0.22742971806845036,0.06496512174106651,0.9220054218925452,0.3671771084579465,0.5461273631505013,0.58826886620771,0.9107395093457502,0.8038152570089182,0.8892541336144207,0.387737955257375,2,High
0.7321553676720053,0.9473684210526315,0.8952545334293143,0.2996962705523122,0.2831900735828688,0.8872970589810869,0.24381648067860942,0.3333333333333333,0.9380879907671904,0.4173495772620122,2,High
0.2386003406228323,0.6437685286177365,0.8602738112405536,0.4838333573677485,0.983456996875929,0.0,0.3698685779119494,0.8760221086812781,0.6682792738439479,0.3936850766401373,2,High
0.9467731261922934,0.8735161165384846,0.3322974104659482,0.2666786361407859,1.0,1.0,0.5513111483919666,0.7110223948397557,0.3745030225676659,0.9209281398202022,2,High
0.3397517355216488,0.3309909525512731,0.35230515365047055,0.0475967173176062,0.8708965761178185,0.932166942185569,0.06896551724137931,0.5341608815945046,0.42682287657740875,0.4425930991793818,2,High
0.9333333333333333,0.37012869845052226,0.6812004750107172,0.056475863968212255,0.1459471686247546,0.8426744784308758,0.6559182820818373,0.6666666666666666,0.7012960831043727,0.6271630180373282,2,High
0.3657803763858167,0.6287801359552101,0.9450612863109793,0.748797661252765,0.7142857142857142,0.4359597834490463,0.03539961063536219,0.8888888888888888,0.878728087850483,0.571549122969787,2,High
0.18700271810342114,0.8284239137930749,0.9596459105646462,0.0982811959655052,0.9814324544334588,0.9828983132939753,0.14913558784187828,0.6883288031609647,0.7260885628361147,0.09637262165950645,2,High
0.6535440315233983,0.4417725818051605,0.862338370779406,0.08763792567421166,0.9145114623464982,0.9370084459395249,0.2821047297549707,0.13386007880849582,0.8184552664507878,0.8451185177319115,2,High
0.8558550490188832,0.30725398606753923,0.8697026058822661,0.06162174264716749,0.6679502100809271,0.2631578947368421,0.12115438640861159,0.9819806372536939,0.7567353946555087,0.26473269485560486,2,High
0.6974092261073359,0.8056996006623653,0.6126113839161004,0.5944611383916101,0.9670615434564258,0.8258793467060557,0.18563500602862462,0.7265401787099957,0.6033991263134063,0.44843253339172773,2,High
0.7005381631165418,0.40407525942092115,0.4440566710266982,0.08162899524850871,0.6198164234998216,0.7724963120525,0.8620689655172413,0.685484164694375,0.4451222540640453,0.8059275118787281,2,High
0.9172881650620006,0.6588760500978955,0.9846593355158654,0.45504740060502913,0.5714285714285714,0.5453166466371046,0.8841028866860349,0.8045197248966657,0.7956718788651035,0.9015762866575503,2,High
0.19061092857043735,0.32073109022608554,0.9379440489279322,0.07563344285773752,0.7142857142857142,0.31331866541327297,0.0048564162566703106,0.6718828174608681,0.867118679653306,0.23633762321495477,2,High
0.6874243813040837,0.5183014823961185,0.8834591331682426,0.44264538431193484,1.0,0.5465310848153289,0.9097962279824569,0.26489895683236103,0.7350484343117268,0.311590938850875,2,High
0.007346387485322723,0.42105263157894735,0.8801273465217225,0.49879986493390416,0.566181151796198,0.9415686414589557,0.7956366853397665,0.2303848749836919,0.6406086857121165,0.8325712356198629,2,High
0.8524234209944421,0.10301422436754346,0.8453169449767823,0.7026836757922668,0.8632471052880963,0.7939715512649131,0.007367196037357665,0.23171771933703875,0.7378600309294288,0.5168367579226679,2,High
0.8,0.4462430045990472,0.9428935505503812,0.05460418355982933,0.7639412297731525,0.1670418054845281,0.6461359669675979,0.1836012657319924,0.8347029198927823,0.12414468349527591,2,High
0.7065127292406918,0.30510111849897364,0.6654052691561416,0.44832918878405165,0.0,0.7263562993226249,0.6206896551724138,0.40017104158441663,0.5628209484632885,0.16509621089123439,2,High
0.15801480513358976,0.3157894736842105,0.7856497975274768,0.3806159503353157,0.8200634505725276,0.9278830485787448,0.5734406180343501,0.13995064955470068,0.5936237347674483,0.33612668191459605,2,High
0.4666666666666668,0.43243810647560804,0.5544731509256423,0.39304449173192174,0.7953359934181276,0.8833513672086023,1.0,0.24625822478183926,0.623687159147592,0.30551089366494777,2,High
0.5308986177764812,0.02535471754334778,0.6459565091669098,0.49895287953650397,0.4973913761890868,0.7406863929845036,0.20689655172413793,0.9424155148137342,0.6359702878298957,0.6781391128336737,2,High
0.6120612338008259,0.19956959038373806,0.230719940813065,0.42952165945321985,0.9424677246329058,0.7156460038121232,0.80699054922654,0.7777777777777777,0.361217595892856,0.3079182221729102,2,High
0.8383396335053869,0.3263290529937971,0.7449280555834461,0.1408472909260169,0.36071878583718114,0.7947434738653195,0.7405161551427494,0.719440944348859,0.6754030815768963,0.8938704323752611,2,High
0.3333333333333335,0.1831333296893129,0.8926988331602425,0.11853787525197873,0.3600666765575792,0.2473070084338086,0.1062712739176627,0.5555555555555556,0.8783859545225015,0.42972216995539514,2,High
0.20406611315059364,0.3477229194843727,0.9550883060435024,0.5712808256424369,0.5714285714285714,0.499197477667646,0.7241379310344828,0.3905831027016362,0.7809719151204126,0.4366454566507603,2,High
0.5660790893912419,0.10526315789473684,0.5584406829565687,0.3137322343307258,1.0,0.5253880358809081,0.6757569051877623,0.6101318156520696,0.4473741950036797,0.05052881954788241,2,High
0.19951143677422986,0.15789473684210525,0.9509780146548403,0.7856189206838994,0.8560959359447784,0.6847890880305172,0.4832640309232104,0.6662595306451915,0.729354611079332,0.6501282478467647,2,High
0.6341879506512655,0.47368421052631576,0.8046922986703368,0.6697435952570167,0.7289376931362566,0.2631578947368421,0.6790451187634005,0.9658120493487345,0.7697234699424578,0.2625640962988449,2,High
0.03577461678562533,0.7484060795108568,0.5385237841102581,0.08492954014275048,1.0,0.6598220658833883,0.6282660520933201,0.7859153892854177,0.5508468090617844,0.056830962589219006,2,High
0.2830583177246826,0.5133750123226191,0.5349802204996499,0.40989853545801247,0.8571428571428571,0.7239013281120927,0.23685559133811573,0.81967362411832,0.5844926014030234,0.8665552943549434,2,High
0.7165247736061484,0.5533037039708752,0.9547020245729121,0.781489184982135,0.6074469137011101,0.3684210526315789,0.560124648699196,1.0,0.9198651884194166,0.2310478023887617,2,High
0.46201797863549016,0.5716073346876158,0.5326751239111147,0.09127732506197962,0.8521621199665964,0.37209106949829734,0.17602053381729224,0.7700299643924833,0.5275064967172627,0.40848651602338254,2,High
0.30531238432742414,0.764494357571621,0.9618441358535064,0.3424062847017729,0.030022445363474315,0.4431744334257179,0.29397906185726896,0.1461372973684978,0.8515408868045236,0.8586777495570256,2,High
0.31468357552238996,0.5789473684210527,0.16529615851343032,0.26273032495820586,1.0,0.7662890912804371,0.6165867079773583,0.5555555555555556,0.34802404949200605,0.2679336063507498,2,High
0.9028378601484196,0.5459103312274274,0.6260966420358038,0.38484859242598285,0.9224902996819582,0.31130864187091656,0.7252328646727855,1.0,0.5775014096472273,0.886385185333944,2,High
0.8521559688107173,0.6933425946442705,0.6088295860819101,0.7138481583628178,0.9130242522971971,0.7803416158820452,0.20537409760006547,0.26568552956448666,0.5458438423170925,0.3166886622801425,2,High
0.1697279166475087,0.0765305921203879,0.469219418726723,0.5010918374994252,0.5714285714285714,0.9569011513384765,0.746129525832341,0.7171201389208188,0.5395718958100784,0.09682398437140788,2,High
0.3968902437773826,0.47368421052631576,0.8948089939952936,0.18258018290994663,0.7142857142857142,0.3757862647377784,0.41861858724199275,0.8940718159265848,0.8159796206872695,0.508884908391207,2,High
0.7422086660399805,0.05263157894736842,0.4109495230544581,0.7509058341166908,0.14919666621903382,0.8970724559754334,0.9203228743195635,0.6666666666666666,0.5036844738786854,0.08041326522528891,2,High
0.6000000000000001,0.6082410842126854,0.8802470295358085,0.39976916493002423,1.0,0.6782546736798922,0.7535239149430002,0.1111111111111111,0.7943206716939907,0.8967435450030767,2,High
0.5427792982449454,0.8383765927980479,0.45256948552599235,0.4887465881584791,0.7142857142857142,0.2217123268690142,0.11566288566156727,0.8928247076020606,0.5725736141905466,0.12730245394720544,2,High
0.08945981795068385,0.47368421052631576,0.463900194401207,0.2271007867276729,0.5244212335185898,0.5436342823878879,0.367077821615495,0.8143390405966523,0.34666777482926925,0.3357065247139713,2,High
0.14245473489080135,0.33019168666968635,0.8337424531145267,0.2574205255840505,0.7045127840455698,0.9509689742990005,0.5862068965517241,0.2526268940804489,0.6384604739847916,0.374657947441595,2,High
0.7333333333333332,0.055744704310852045,0.7163073182501671,0.6635434234219661,0.6092553350680782,0.8281690870801817,0.5649340037685836,0.7777777777777777,0.5782122446276277,0.24043669599878992,2,High
0.7708521280770035,0.894736842105263,0.8411210531038293,0.24216616048863776,0.46877013722536093,0.9555698483298641,0.0495592440981016,0.3333333333333333,0.802064892814322,0.1844398418656623,2,High
0.49964678747188207,0.3545660279050302,0.7575214991607566,0.01345231630870408,0.3924787008627307,0.710247463793591,0.3448275862068966,0.9719278784487906,0.5583040725802475,0.1462632454698044,2,High
0.19966119067879823,0.3147195495119945,0.9700711499574525,0.7259898357203639,0.5714285714285714,0.631311466325367,0.06896551724137931,0.0011293644040057701,0.7782367041697249,0.11063526747725325,2,High
0.7739047609533666,0.8466917304499605,0.6831471447765829,0.6239285732124376,0.0,0.7276691706790263,0.4692610832517414,0.8550793658721944,0.6172431633038077,0.26436428760518377,2,High
0.9837388061089425,0.11039827175507085,0.7028784850159174,0.266536746247005,0.7073166311895466,0.3658534957014119,0.2842730313229609,0.6666666666666666,0.6822781050078961,0.970975037390463,2,High
0.6978264987066158,0.7265465728208119,0.7568597641436682,0.19408656124164872,0.42857142857142855,1.0,0.14242793371044993,0.4516894487557249,0.7794360824615558,0.19081364244719431,2,High
0.8691918684938635,0.5342901110332526,0.9299772932599855,0.2966060484385272,0.7142857142857142,0.6335725277583131,0.7826543372667724,0.6750840060906556,0.9416673738500497,0.7688636591777616,2,High
0.547929181340594,0.09950163894450242,0.9106743595923765,0.27566835254889144,0.6830088971272988,0.43257566947941617,0.3949191620595769,0.024326413345434197,0.6793340941456575,0.47310622798910923,2,High
0.5929653287312046,0.8365515753141087,0.7939936124257478,0.8554479930968069,0.5714285714285714,0.8669684028863335,0.5155062283202549,0.7895022298924369,0.8210277517564728,0.11263800172579831,2,High
0.8660983556763368,0.4750302102402555,0.5370596726539846,0.6716130938406136,0.42735361930643545,1.0,0.37872243690655505,0.8888888888888888,0.6508116724040558,0.40778358713771257,2,High
0.3333333333333335,0.8914991038821454,0.27004718274051676,0.27501015440237336,0.42857142857142855,0.8882613656590278,0.2652556851311664,0.687172342079745,0.43742759517232305,0.039227553935885257,2,High
0.8,0.894736842105263,0.6381479093311314,0.5230956847059307,0.41184375273392304,0.8544309190381619,0.527497848787061,0.7777777777777777,0.6047566935804046,0.23761109250606502,2,High
0.5053596734812057,0.2359958410292833,0.601978694522848,0.25650212572421255,0.35484585422234044,0.29031994844440084,0.9143475524290903,0.3906754467159574,0.6914337602035863,0.2917841959112767,2,High
0.24985934962955725,1.0,0.5966230228583485,0.8856429329222315,0.8704980400793456,0.6842105263157894,0.07218918208811792,0.7881651422839354,0.6876520311530242,0.2975632926666992,2,High
0.3904908077440569,0.10526315789473684,0.7573949151693093,0.31486043174241285,0.5101884202742248,0.16544238370537523,0.3251269330372561,0.5079243268799527,0.7440407225395821,0.37782589844707865,2,High
0.9774741340071045,0.9118012642217436,0.7663814101122721,0.13924224020213138,0.5251108542552672,0.6678652604982724,0.39001931208733875,0.5555555555555556,0.4976022942881092,0.6531739203537298,2,High
0.030414739466840042,0.8180936267367052,0.22503226177990895,0.5168571691833551,1.0,0.8855202298952843,0.16272050137886193,0.8479263026657997,0.3273592686615113,0.24536864024057214,2,High
0.5062319093948031,0.20339436212143938,0.29764853235543454,0.7772043242628331,0.837784697186764,0.7297101515951235,0.49210393928914836,0.9698873067349663,0.22829405754715182,0.5950688171431405,2,High
0.631187989193827,0.15450735135867405,0.5131930809725557,0.050111423079759354,0.6382599768439147,0.7754689431028264,0.6412600167681997,0.6371011021059668,0.5087318284943333,0.5160951366273608,2,High
0.49291322927319514,0.23796106906212708,0.6101560083675109,0.24604711258948372,0.3601800445972021,0.2883547204115571,0.9130599892351581,0.38652663197995385,0.6879840805450468,0.299252062436083,2,High
0.0,0.5858862734709712,0.3794304522633506,0.03050231155432985,0.3720689160220915,0.9334906109527944,0.4001545659363669,0.710613065316151,0.29138841286657374,0.6031344723646392,2,High
0.566038070967378,0.7626616349742457,0.4510193907091096,0.49286826132221484,0.8921836474650477,0.9086391264859998,0.11190639766397706,0.7777777777777777,0.4360546499528587,0.4527357233872333,2,High
0.16853186805949477,0.2548768073840776,0.8346997361848494,0.3141119120835697,0.18781161705786456,0.8172620010996011,0.6133345965004354,0.9650354089549942,0.7877707007620305,0.18421329670148737,2,High
0.5094400280880192,0.43147365649208624,0.6962080021066014,0.07770402738581869,0.9541713984771223,0.14101051522841346,0.5117103411955147,0.48008891229557155,0.7401838776923509,0.5614660173794619,2,High
0.4666666666666668,0.4209459665139098,0.8757328701170334,0.259469793506538,0.6188546060727891,0.2632645598018796,0.3103448275862069,0.8148898754161374,0.8653046487449091,0.5716295116690119,2,High
0.5810713395935369,0.7344610592212667,0.7406380810016325,0.9223025108601031,0.21751713391399496,0.5514410559264229,0.4482758620689655,0.8888888888888888,0.6741879059458199,0.4097113473394135,2,High
0.3906787134012986,0.4357704525242655,0.8064165377740491,0.5835257824326233,0.9900129072156769,0.5899857341300413,0.9238024500527315,0.3333333333333333,0.6267060496346626,0.26258373690824705,2,High
0.859611060411428,0.7257016743338333,0.7262999087405699,0.6528167731360018,0.9848808437387737,0.9362279901233069,0.13793103448275862,0.02351868751746311,0.5697585499803609,0.2996540563948553,2,High
0.5935351857254159,0.43689522431370587,0.7958687959451465,0.6737209453034112,0.5714285714285714,0.7792660827243407,0.8034830779986349,1.0,0.8253564774807691,0.4000504630980206,2,High
0.21620758939066523,0.24323983791736778,0.814481439793539,0.021676646193550198,0.9189050543778546,0.5960289883418443,0.9804253579532752,0.6666666666666666,0.6946691999332367,0.9032455077849504,2,High
0.5491150489639534,0.9875407508179316,0.7863584131634999,0.10304425288106955,0.84023387611005,0.8607941369309973,0.7545392114748396,0.9868485703078167,0.7796677615032253,0.9735508860168894,2,High
0.06666666666666665,0.2227425405731871,0.8130560922333923,0.3240851087609513,0.8571428571428571,0.7307339928713011,0.3501634085262197,0.008596602625576127,0.7492298077066198,0.8009381052594153,2,High
0.19079200233866234,0.23865947322263242,0.9726726499561501,0.8166188003507993,0.49506714410999764,0.5399100032310465,0.4339875898358553,0.8294966676411092,0.8851110268669782,0.9372376007015987,2,High
0.19999999999999996,0.36034208623174097,0.6696469415372611,0.6100277082935368,1.0,0.8629135474284556,0.5642339848039863,0.026873004393748512,0.4927416950325839,0.2905578483612177,2,High
0.13367634471698095,0.3665254634061577,0.8362403516018877,0.0225865494660375,0.14212211846361217,0.7371129037239323,0.964807562654522,0.44558781572326994,0.6078962646348436,0.8936365297500006,2,High
0.5693439498517133,0.9136897981675683,0.856365414424374,0.5696398938348163,0.14285714285714285,0.8421052631578947,0.5607024682118379,0.7977836758435444,0.6728697656353644,0.9096954879796886,2,High
0.40000000000000013,0.12932896437104457,0.7658531128856307,0.713944254199648,0.9673392626392966,0.4330855348171012,0.5990258954879152,0.5206528316194189,0.7653403351884055,0.5760037613067447,2,High
0.06058008728462451,0.8469104574068753,0.5286575343592168,0.708727405059763,0.986957329895624,1.0,0.3980519498740289,0.7473448808675669,0.6675511864800643,0.5736305196390404,2,High
0.7327359405439414,1.0,0.49612433237429227,0.8240761675806473,0.9998399840742701,0.6842105263157894,0.10340965132827208,0.8887644320577656,0.4828845189304609,0.08026882675522627,2,High
0.7333333333333332,0.912181831309512,0.9359605506924954,0.173157448392942,0.9205454664228918,0.16351199235377373,0.7776050386097222,0.6173535261155285,0.9361550810546188,0.7618545205119271,2,High
0.3657818928286755,0.9217511372405194,0.5672168209810754,0.16447777787251533,0.32427248733640057,0.7098278101279015,0.08574925491138381,0.5014746230633188,0.44732464653432946,0.10026543215139738,2,High
0.0,0.3820362279314688,0.7049346941856537,0.2471429364716452,0.2537235702991034,0.8439343854100859,0.8341097132798153,1.0,0.6385668436061516,0.948185258504636,2,High
0.7613734270825414,0.5041788733558884,0.8786308808337769,0.6555450629166982,1.0,0.21052631578947367,0.8910759590509049,0.9356223784709023,0.8166338572072772,0.37824034973944476,2,High
0.5831803551064032,0.35071616326989796,0.5153639289787193,0.22348003322981175,0.2857142857142857,0.631578947368421,0.25007912666910187,0.8888888888888888,0.4416632152136322,0.23701066867554146,2,High
0.6911888078322357,0.5595877832903402,0.8526640569208195,0.12200950950267725,0.0,0.8077438340522849,0.8290137427924221,0.07484071372185633,0.7888155286409728,0.9373566423496706,2,High
0.9333333333333333,0.0,0.6987992215615442,0.28340577218120416,0.7600667232962159,0.7242433026718254,0.7655440840846846,0.3333333333333333,0.6931517008810478,0.3042085628230144,2,High
0.06666666666666665,0.0770197593221595,0.9882623421482962,0.4160445461290714,0.17595538765150218,0.41495558648524955,0.05845045312694985,0.876017349246638,0.8328051876990767,0.7541142363687425,2,High
0.8077682126710671,0.8359724636807365,0.9232114634613269,0.3195339072397359,0.7142857142857142,0.7436887413663366,0.4782728935875726,0.8888888888888888,0.8118766877186402,0.7626017217192079,2,High
0.3333333333333335,0.47416170550803816,0.6287661529672294,0.4970000000000001,0.8558467993353249,0.683733031334067,0.27461070280652067,0.7757616878549499,0.608319637779835,0.9247278278604183,2,High
0.0,0.4065938062105596,0.6338847083955078,0.2392418759290098,0.11695420292854881,0.8085600610000166,0.8715419890344609,1.0,0.5874693625631864,0.9187632522274596,2,High
0.0,0.24432861002452402,0.5652550768918706,0.16836725641516853,0.018349816870455907,0.99323954115299,0.5384363395076008,0.31906125354520093,0.5869643811175165,0.5466033332957703,2,High
0.10444572643541086,0.113156376589645,0.9576662820693767,0.4826651282775069,0.5309510073906312,0.5561413629753243,0.7729901634940658,0.42778098275519383,0.8404537684323705,0.5372495673280488,2,High
0.5333333333333334,0.739751745063929,0.8698894336875707,0.6207002533120521,0.8597753883911738,0.008728919402313538,0.033847320043509745,0.779825302082024,0.8335494396938237,0.4657125928088474,2,High
0.5621493855928342,0.8122231991522375,0.8771966588993478,0.8092240783892513,0.5714285714285714,0.7453265220769769,0.6589597567230134,0.8408621351230541,0.7622656428895137,0.1241939804026872,2,High
0.0,0.4400255795244671,0.5832006075137061,0.34945409431798125,0.42857142857142855,0.595776683921977,0.43865420765275,0.8888888888888888,0.43313048128144505,0.2641702318284014,2,High
0.49281008076301325,0.1465422327837049,0.8711188846935021,0.4980796407507279,0.34173588734931376,0.4943237479707998,0.055443061674303566,1.0,0.8570805030291568,0.34353051376818666,2,High
0.04786595291302227,0.01889445509724562,0.9262018618575257,0.28446032118914,0.14285714285714285,0.7651837879090263,0.42617222920164366,0.7065549607608518,0.8160382439676086,0.18243716542797916,2,High
0.03284015545993077,0.3951261930579494,0.5570896353294679,0.2047780699569689,0.4989431902712802,0.7101369648367873,0.5607274655914329,0.8615220926722799,0.4977296389043644,0.36899042421328376,2,High
0.30890527029251796,0.49591505453992163,0.34314785629585,0.10242238603625847,0.2857142857142857,0.9140221550322227,0.48468845140159583,0.8888888888888888,0.43722702617390874,0.4413622691079919,2,High
0.8869990732513156,0.44624945126722626,0.207059351228209,0.0033900278024605376,0.6894637892417761,0.46453929077328593,0.7241379310344828,0.7970837194786184,0.32944815589479787,0.35962984250043545,2,High
0.8152763927639342,0.7938640228507347,0.8524200738007224,0.9687497506975081,0.8898779844941442,0.26754823337705047,0.5890833253159986,0.9236180361803299,0.6898387121343579,0.08145230852311297,2,High
0.06315319255042252,0.6204837659487027,0.4727999125380621,0.11800536049251842,0.42857142857142855,0.6842105263157894,0.6188723409743565,0.9941442098062597,0.4510856562577392,0.40394595776512676,2,High
0.43339114928021233,0.08774972769133975,0.7271611741517132,0.39507111361466096,0.8096064037336365,0.6053088020633254,0.7586206896551724,0.20373582367419196,0.7059336430613395,0.5591074053211158,2,High
0.5124698081602397,0.040578120659586076,0.8774424816535605,0.5592352040707202,0.9345669407234672,0.8059448882945477,0.4274789671629292,0.8634426991702372,0.7338633558818639,0.8979015707467864,2,High
0.16114293394701723,0.05263157894736842,0.681674203341824,0.3458970956225844,0.958367429228947,0.7587970531160663,0.3377342086423767,0.3796826676894732,0.5161481947443519,0.7793714199309606,2,High
0.3964765184580119,0.861466812746076,0.9549492438966036,0.2572810300735157,0.06765341263358407,0.6204521635516161,0.17788126446170582,0.2689690739228073,0.8950356474812518,0.8218498278095439,2,High
0.32174924122157383,0.10526315789473684,0.602110953414946,0.6695743170994165,0.5714285714285714,0.7520843317259995,0.8195971778539588,0.7777777777777777,0.6214444749957623,0.07115840921117597,2,High
0.1283537054828097,0.10919444303988704,0.9517926660261886,0.8271371655458297,0.2750436546060208,0.7855423990653762,0.4482758620689655,0.366530852336824,0.7332902376464201,0.41784291386457467,2,High
0.08634471210684695,0.8188023146103127,0.5821915058819407,0.7686673592899546,0.978916379885521,0.9922323504841394,0.42397140281388634,0.794176148977928,0.6898722606262482,0.5727862198879797,2,High
0.9313630078834627,0.5221677358950092,0.7900443921568128,0.10084723994344433,0.42716405325009243,0.8926628153159256,0.7244776423189432,0.6677612919165947,0.624869319442465,0.8264284859511561,2,High
0.8215965161875498,0.6441830225332871,0.863113206565722,0.15076052257186745,0.04627824897332079,0.7398059759537119,0.896551724137931,0.07511691746519493,0.8400007724639581,0.934365748290543,2,High
0.5927944409347097,0.8072565747911034,0.8648664965253625,0.3685104232474197,0.8725833408541939,0.9416798217905601,0.7241379310344828,0.9504490769988532,0.6492585905585915,0.9806085407453612,2,High
0.24317157622679392,0.7027592819262153,0.9065457519366785,0.407215596898545,0.2857142857142857,0.281706650347268,0.8843990911517899,0.9216830318670906,0.753786182873279,0.29491248062167574,2,High
0.7729597239485696,0.19065350332030623,0.7795117258779747,0.46982452256831264,0.8571428571428571,0.231873902145866,0.24137931034482757,0.5555555555555556,0.6243428614255973,0.21803855072999087,2,High
0.28218503194591715,0.9271783020839146,0.47389763066808044,0.2221304061472692,0.8023411056563396,0.806037588271613,0.6206896551724138,0.7610181354203482,0.3662555762355795,0.08472071265740971,2,High
0.7912498473901316,0.09835514267641969,0.728525009156592,0.49562185096394584,0.8571428571428571,0.2208883386169494,0.22780148732951455,0.5336801740308846,0.5853383303495012,0.36098439216861017,2,High
0.5881008631604961,0.08081374514619352,0.6517411405222189,0.3367825079985173,0.5459304210582059,0.6127908365692043,0.17612292196680018,1.0,0.6237159720681051,0.5823581321222369,2,High
0.42478890194924845,0.13224557279184745,0.9829240047017295,0.7273353435204136,0.7142857142857142,0.24358770898743554,0.4363275254086717,1.0,0.8241304886410253,0.5817325088157426,2,High
0.605819075990496,0.3684210526315789,0.9134838643775764,0.2953017108811404,0.6232041018979733,0.765454898417301,0.2791009729926024,0.4243095159285659,0.9081926357124347,0.035403220314647044,2,High
0.06666666666666665,0.8160535525987771,0.5871187862041922,0.039775962465722,1.0,0.8809187500820046,0.7756890517456289,0.9719434722568464,0.5396826792138338,0.3902088688793214,2,High
0.7331960693539153,0.4211068147287175,0.609935142769725,0.21202676647598642,0.8569957885934809,0.5790015515708228,0.4829006179097425,0.5556699422050704,0.49680797372714824,0.38494337860849015,2,High
0.9894041144482164,0.09689798509069703,0.52711928351876,0.49181451879864235,0.2857142857142857,0.9473684210526315,0.370631762622218,0.7601179685248047,0.6501571435893555,0.8143716008531352,2,High
0.5020973722154278,0.6382022280487191,0.35174044007283584,0.5630786716890887,0.790208654747345,0.8980484824454121,0.10344827586206896,0.8818976481707965,0.3977644391519424,0.4767134854192146,2,High
0.26666666666666683,0.6842105263157894,0.9375037376644815,0.42675947254451785,0.2698010385593799,0.26902067000443897,0.8927105955143331,1.0,0.7113624442032742,0.2433544547563255,2,High
0.9931870920204189,0.28467234098815136,0.3640428205977954,0.1900877447877487,1.0,0.9419898094898042,0.3420600888704645,0.7891326244104131,0.3042866627567126,0.5808400110525264,2,High
0.12361398496410436,0.8421052631578947,0.8749158045107689,0.17502657893845192,0.8779700322197762,0.40678690145748264,0.3354810733686955,0.9838010860512851,0.8209970497181176,0.8041683909784627,2,High
0.7018016064141241,0.925319594138715,0.5489733012242715,0.7152155421287283,1.0,0.7339974635566461,0.11975778978579786,0.8363360106902068,0.5455548135120953,0.2384469277690262,2,High
0.631850819826646,0.6957134020737223,0.8476671310780095,0.16101389631238155,0.11798868082855665,0.3775831175894791,0.6851860748620868,0.9806578628666551,0.7970522881054048,0.32044475405200623,2,High
0.6338751896700023,0.9316645036321056,0.4445406392252501,0.6127593057629809,0.4711963472842846,0.6943946170505247,0.22080176338000052,0.5555555555555556,0.3919906852855805,0.9245568949153503,2,High
0.19999999999999996,0.6379142024890894,0.33388227191908365,0.48608729127519906,0.9771353092389246,0.9136730872994677,0.4013865979762108,0.6089065006647316,0.4620830856911858,0.0440013208831882,2,High
0.1030430373355739,0.9234550294754531,0.5068195189202352,0.7404543544399664,0.2857142857142857,1.0,0.4717769537913651,0.434300986659198,0.4134463785492684,0.2238746197019325,2,High
0.09734049107085783,0.04843235432240714,0.2848722696434735,0.1580744169647309,0.9671351881383665,0.894736842105263,0.0582814154860104,0.8888888888888888,0.4419167863586748,0.2343881897330845,2,High
0.3158219831454164,0.7894736842105263,0.8269836471216411,0.5338801075845627,0.8759050180584825,0.41414025650476954,0.7704594609639004,0.8742960970656246,0.6564091018415639,0.565703001614265,2,High
0.008796378497847139,0.6454679660492323,0.9045209036156594,0.04318080955834769,0.6954363317903275,0.7090640679015353,0.32399438042769385,0.9706787383405096,0.8246642140956928,0.25340271612661464,2,High
0.06421577689600878,0.06424105680837938,0.7809044892460876,0.4038529466137605,0.8623947637942668,0.6861454392926245,0.07910713008548087,0.2181374059377924,0.5752847330544829,0.7925734342591908,2,High
0.6645798457501657,0.8980318224997385,0.9385321393337078,0.23319283600224663,0.7142857142857142,0.995057529408287,0.7144234198714605,0.8888888888888888,0.6870267595661439,0.9937395372504968,2,High
0.5333333333333334,0.8523058000484766,0.8656123795981581,0.6477882625450001,0.9616100095676694,0.3463910843559563,0.009266549414700499,0.8590300074415206,0.8562044441092895,0.6866937207618425,2,High
0.5333333333333334,0.05263157894736842,0.8653429707735468,0.9308287355617895,1.0,0.7989974199002297,0.32922836395652044,0.7476192814270505,0.7523985442568916,0.965595466058041,2,High
0.06666666666666665,0.7292547077602636,0.9117040756716527,0.5048801697618048,0.1632342725582145,0.7669515934882892,0.4778400031756034,0.2539199795350003,0.7346131345091375,0.8171243921721376,2,High
0.7309680314846804,0.21612834648365128,0.5793508354636328,0.16313534488735326,0.13778863889574408,0.7405767923926095,0.7463863697483477,0.551613385807801,0.43434600976585436,0.704822602361351,2,High
0.8826603947707937,0.5936990650165417,0.7526295572933713,0.899310857727696,0.9657277254911567,0.14314304024661623,0.5075764746443348,0.6666666666666666,0.7858564807898354,0.30020188156876193,2,High
0.06666666666666665,0.5091107217293299,0.8999420665842848,0.063500696534289,0.7774712517687014,0.42105263157894735,0.9542449556157679,0.27136652915343445,0.8752344291746731,0.3851884678237914,2,High
0.9541301326996754,0.42105263157894735,0.573341023410698,0.12516566036913987,0.4731359986421615,0.5031452606566132,0.3967028991737571,0.8542275566116521,0.6329914804756507,0.11279879976237826,2,High
0.9547161826958752,0.5938405769343426,0.9695665766802843,0.5766452940215516,1.0,0.6822225379639149,0.6330522247973704,0.2934983867640283,0.8039440002261494,0.43283288340142134,2,High
0.8782178678561567,0.10526315789473684,0.8511270818269717,0.7442376486423247,0.9606318103734452,0.8802327722428481,0.6277454696236918,0.8390171838635295,0.8388668468827548,0.9388201538983411,2,High
0.9502775325312691,0.4201762130591503,0.20055739894413507,0.21583348048123854,1.0,0.9081138414720544,0.5418114864923682,0.8606485568923293,0.1958234746910127,0.6806047368647994,2,High
0.853309390430086,0.7157516691001354,0.5056172388903383,0.43877988796127204,0.057245469585346466,0.9579136391341427,0.47578776340371465,0.8000399048387458,0.6190655508332709,0.09402514004840988,2,High
0.4754584791006314,0.3892437662909688,0.3234700193368771,0.22074757871434086,0.9623208038544374,0.9473684210526315,0.7912062933766982,0.792430798501052,0.3410896773513083,0.02807850763915709,2,High
0.08567173065318348,0.2329147262625664,0.8827756928647194,0.8990688113365394,0.14285714285714285,0.7368421052631579,0.4384456565586982,0.7144275644893883,0.7926641026567347,0.5135746202010113,2,High
0.9249666284875492,0.7500526918617647,0.8731375143171691,0.1180160183259766,0.7767499590938024,0.7138289624391253,0.4999309554914806,0.7638332697014705,0.6443679007817394,0.6368825085903015,2,High
0.2628709946803351,0.8480984294521026,0.44591672607650457,0.47185704101170656,0.9245046371575018,0.7616596031632902,0.5660205993209496,0.7841038977549971,0.48841662036454125,0.08150363610358795,2,High
0.0609022925613389,0.5503561681163179,0.47994168806270376,0.1380525928105941,0.6366810277442916,0.8271665278394627,0.9280529099455201,0.6858812470177591,0.5569938568787922,0.6507424604342469,2,High
0.0,0.631578947368421,0.9128732357733144,0.9200858893209598,0.8798922483256092,0.6674478170232352,0.11992197292544116,0.49752635720419924,0.7817089348348388,0.6353509729881521,2,High
0.027160166570169886,0.3157894736842105,0.8845742237941474,0.41963014015053496,0.4867717855075069,0.9054579604882249,0.5312897413293982,0.3991775001608279,0.7646796998552503,0.29935161868124605,2,High
0.9211780679458411,0.8325090010098745,0.3307055769000779,0.14585138375280493,0.8441193585134011,0.5741492373470426,0.47961501757220026,0.899018276711799,0.3882951914960814,0.408120522302514,2,High
0.12308946412259246,0.8340179979915203,0.5801974727545169,0.07060974114483344,0.45052257688015895,0.5829266456383047,0.06627407686091985,0.760704662426543,0.4891856224264931,0.7704513964528049,2,High
0.2302462423070189,0.631578947368421,0.8181675728855247,0.5966637667663214,1.0,0.0,0.3981484953584385,0.9392992927339203,0.6131785931555596,0.2466234414453888,2,High
0.4666666666666668,0.05582677828718485,0.9762554698571416,0.6655969179163704,0.48699097411646164,0.3500932615074358,0.1499388976330593,1.0,0.9656898953982775,0.5092326651916314,2,High
0.26666666666666683,0.8421052631578947,0.9462849923432957,0.6137494015477318,0.5714285714285714,0.9952995019793897,0.06773366258770211,0.6686513213864799,0.7815955676980516,0.19812583118370589,2,High
0.8802134781423984,0.12665286022483918,0.8701010041807815,0.7479236909027298,0.770056211941726,0.7466942795503216,0.0,0.2673782604746605,0.7499472202334293,0.4998398913932014,2,High
0.27449973866463784,0.16719325754599534,0.18639968639756532,0.5170617424539218,0.8151188609509317,0.7461406259670479,0.8275862068965517,0.7124071170347827,0.2631532465711881,0.309120918267326,2,High
0.8117551953386786,0.436562541035752,0.45571016209759463,0.9181159351609622,0.4411662807200127,0.8560258892168561,0.33266703930481534,0.980408007768869,0.3975697236030746,0.3220531172032071,2,High
0.2580030036303409,0.3192093406722339,0.7579168354467872,0.120339189019808,0.8525016090876825,0.5177661220036257,0.23689810532603828,0.9927802808030617,0.6543978426223842,0.33597466209158666,2,High
0.8,0.46392321712228135,0.6483678182092585,0.14332348051164048,0.6244168213361869,0.8187566644226296,0.6334799223914934,0.5555555555555556,0.5723339380704054,0.8709272943733832,2,High
0.3434407224624905,0.7085314363560873,0.8867684765835732,0.559175613253643,0.13202779736161732,0.344100142591281,0.8620689655172413,0.8375447454704821,0.8953650635697936,0.4345846490078887,2,High
0.26642029963338165,0.8420404297280828,0.7969174670438495,0.4895146569444282,0.5714285714285714,0.7370366055525935,0.00029733952293038664,0.7776409072037304,0.5987597573403374,0.3701231835166426,2,High
0.27977696868299035,0.6527196176251353,0.9053514906885506,0.7234895994980801,0.2857142857142857,0.47412440391515076,0.6822971765854972,0.8224080816530636,0.8173252699088178,0.7525734526062189,2,High
0.5357688160875571,0.6409516134322097,0.40225103296831377,0.3053515807590692,0.9132419359624755,0.7894736842105263,0.6625728585008739,0.5991881724152588,0.47955325116727826,0.07570774206949316,2,High
0.8006560118391002,0.6446073660843881,0.6861884988900845,0.7992687558267173,0.8217800063423749,0.8160484257259605,0.7838889548008147,0.24972666173370833,0.6310456259898086,0.1359916953383544,2,High
0.6883174654833605,0.32193817606138925,0.2710749179486526,0.237929530473535,0.9202267610595432,0.7074519646008842,0.9086371046723858,0.7157319252685335,0.29977147033193885,0.3395444435404119,2,High
0.8882253048445862,0.49070418803519966,0.8135540142443736,0.07789706604051391,0.4607914489205336,0.9066073759180913,0.6619199607051764,0.6666666666666666,0.6303001223616451,0.7798919715112529,2,High
0.4988317604823048,0.044167080574832096,0.8796927595204198,0.5713730665040823,0.95404986597766,0.8167117680402858,0.4439386798776782,0.8710193923246455,0.7270594518296791,0.891082546907819,2,High
0.08686926224030193,0.06858099650550155,0.35669781549324386,0.3884862293767247,0.5714285714285714,0.9816589193053823,0.6295723218624595,0.7390577185335849,0.5548168080918324,0.12136324798779617,2,High
0.11160496906986164,0.8432749267444092,0.7926444846361695,0.6827999251602362,0.6179893519931535,0.8935671785187487,0.6567050764237087,0.5530862657618028,0.7773015478336489,0.8946666458778434,2,High
0.41203519185141646,0.6626454704676643,0.9370689739221112,0.7393752491000588,0.1170674460326793,0.3684210526315789,0.833811306130043,0.8433626598761802,0.9144580209489492,0.6218457441401791,2,High
0.0,0.40527682910973856,0.6017631167078379,0.43038753185191836,0.3047866431509555,0.5333424474766678,0.48275862068965514,0.9370274165524062,0.5010429916753467,0.28782077860089006,2,High
0.86770990617314,0.46709532943280163,0.7783644474083757,0.23340837333373865,0.0022355132281565715,0.788650074073837,0.4471966487864072,0.22048348971143378,0.8417635686950611,0.22280919703640656,2,High
0.8566946238221625,0.42644821810497924,0.8410386773520244,0.47048741928002696,0.30708294895250937,0.04723599242133655,0.4412057831727858,0.8110179205927923,0.6547367379925952,0.07767241889349967,2,High
0.2572262924362161,0.9191893998229373,0.845623725621698,0.6578759157981487,0.5714285714285714,0.8176527054402205,0.8042411373510018,0.4444444444444444,0.7426014532727669,0.7336514420597198,2,High
0.06666666666666665,0.8084691185641395,0.6053936976180875,0.7498116891657219,0.9087018932455215,1.0,0.44684931451455256,0.7777777777777777,0.6752775331901439,0.6868401807742361,2,High
0.612442350109327,0.8739186797957911,0.6027127865792051,0.2031306062436851,0.0,0.7698278682484309,0.06252981890896875,0.9560505462355591,0.7137175157510467,0.17309145444940768,2,High
0.003373353083908015,0.573621021446461,0.5713168960005087,0.1871132065176896,0.8607571640184728,0.8840841481560798,0.41641036015130795,0.5471221728457856,0.45105660748500154,0.7982289896309483,2,High
0.9333333333333333,0.932730927785628,0.7511495765525313,0.9974437752558539,0.7776821794076957,1.0,0.8486013151598164,0.0,0.5968916058305493,0.32845887070675545,2,High
0.8,0.08720967671392069,0.9416100169734369,0.5630234834420639,0.8081405510806418,0.8555721505534708,0.36848387189210396,0.5555555555555556,0.7936321563468413,0.15226822433209425,2,High
0.8161960488259186,0.6571516560409238,0.5323388448453387,0.4076046810137714,0.21630264788892095,0.9872136456637486,0.36060842739078136,0.8618954741790248,0.6141280774491245,0.13299414873278564,2,High
0.5396468482615044,0.6290867704230904,0.37234832373016813,0.4444237820861947,0.7210501945658975,0.7894736842105263,0.7553550784854287,0.661405404226524,0.3384429407585716,0.4172432392645189,2,High
0.9754183074625709,0.4972058904162021,0.660781865298464,0.8553629430148941,0.7142857142857142,0.837253613314981,0.7617993567936331,0.6769090385572621,0.6006989380784366,0.05474901552245759,2,High
0.23676195891647842,0.07255649786147056,0.8294370786839731,0.2858284739503387,0.32510209883908403,0.3012781741119164,0.896551724137931,0.3333333333333333,0.8059559854858114,0.30084290994356644,2,High
0.36677844811982907,0.6713615013837377,0.921003353443595,0.1119195173537231,0.5002395316853476,0.8289032441632254,0.8274705709105218,0.8888888888888888,0.8764198890239687,0.6548826294741796,2,High
0.5333333333333334,0.5800765535918957,0.5303388559884382,0.16191418192701598,0.4494174391478779,0.338829801163444,0.015095386969152977,0.7939913415594605,0.5509929445082472,0.4281329866631631,2,High
0.20685282696617768,0.6788003997635438,0.8714504228766811,0.7066143289883864,0.2857142857142857,0.6153485677116843,0.5030631166217013,0.877467510611926,0.7580680888249557,0.6118211265166565,2,High
0.7330887675272768,0.8872732103321932,0.20730803542415774,0.12370170804425994,0.8571428571428571,0.5563633948339034,0.43836943122525834,0.8412116113160182,0.2470322732315897,0.346326377859612,2,High
0.2048980365174773,0.6344791005695589,0.8610571753373406,0.46419997157982706,0.9947521037312743,0.003866870934850526,0.41695993740354137,0.8909297374378378,0.649860526068149,0.3862857345858378,2,High
0.7058812061494697,0.07987597991833728,0.11262409019290939,0.06369378737104721,0.14789817669954528,1.0,0.602839875225917,0.9464048464942676,0.29916086790593216,0.3041178190775796,2,High
0.4666666666666668,0.02214206104409143,0.7192721714241378,0.1594355092624757,0.0,0.12468164527596812,0.7131998841155499,1.0,0.5700335414016484,0.3920699159837737,2,High
0.3128022090193121,0.6599912801869265,0.4985814532677203,0.38709394561204,0.14285714285714285,0.5101070071205094,0.11669194036480546,0.9615537147061289,0.43156397220100523,0.293650414191121,2,High
0.821827613825258,0.04719900299095661,0.9167192072781942,0.48495224775660617,0.2857142857142857,0.8067060109146772,0.08442725960048579,0.6666666666666666,0.8532648031515878,0.11103218943171825,2,High
0.7843300011286365,0.8854585532998505,0.835178362631204,0.2691627990519454,0.8655374993953733,0.894736842105263,0.8539637936872256,1.0,0.8652388591754663,0.9885309376058097,2,High
0.8096555029528456,0.27459204297047496,0.8244792582849267,0.08540756093521959,1.0,0.24482876049037228,0.9750288716736754,0.34137958579403793,0.842941345557118,0.7947070576895122,2,High
0.7196364509427553,0.863014388530035,0.9200136330896467,0.4353982302732292,0.9236796848605078,0.7649601161040234,0.7307524188348964,0.6073064215581727,0.8676203232486236,0.16760304558164885,2,High
0.4156622018907201,0.006182448114757891,0.4364718180235476,0.6403370532478753,0.8739237877400571,0.9876351037704842,0.1724137931034483,0.6405629968488,0.4480036908930018,0.608222655992628,2,High
0.8336632528904984,0.04828902450313572,0.9411155291353062,0.5563168946457736,0.452145295554406,0.2588153402926094,0.36792985731856254,1.0,0.9446286094120033,0.5320132254274358,2,High
0.588300936459789,0.5078435838838772,0.7153596127228112,0.48789956721652294,0.8070040133990953,0.9353472804356756,0.11977731519622418,0.18322534375485194,0.536348711279679,0.04526457859309499,2,High
0.661773063147679,0.45485256047745937,0.7515141756206755,0.7822191704048098,0.5714285714285714,0.8870100997068616,0.8152482292783355,1.0,0.7522264536357715,0.4171099324535864,2,High
0.6237207063707554,0.894736842105263,0.8786743178668399,0.3327331457767674,0.14285714285714285,0.9134637155558594,0.26010488704871343,0.853100588642296,0.70443013512058,0.9385581059556133,2,High
0.8,0.894736842105263,0.6533720881966807,0.5092899075980413,0.42535234090211227,0.8444772224931804,0.5470620109616798,0.7777777777777777,0.5825319210287496,0.23146468488953892,2,High
0.2532760606758472,0.2840748805480588,0.7276788683294166,0.14652199076044578,0.8858370128374705,0.4840296652921486,0.2552316613698134,0.9776823233486339,0.6159682088701103,0.34002147724655735,2,High
0.4719721214978696,0.5992835727181769,0.9295225090651917,0.7035016001885939,0.7694839830921945,0.5101681021485621,0.7002346916957697,0.2133797975035508,0.815495549892866,0.3196020908876598,2,High
0.43571185439802684,0.3345851865252772,0.4439665346818253,0.28885830988894723,0.11734867542998091,0.6541302197853194,0.1761104703465287,0.8888888888888888,0.4879371024806108,0.299286443680592,2,High
0.3278422006294306,0.47368421052631576,0.8210000000000001,0.33353939219906487,0.696635644880312,0.9913297904675218,0.10628851691581184,1.0,0.8507831234128517,0.9237644951416218,2,High
1.0000000000000002,0.2643322500066565,0.7749939203351882,0.5573630836668354,0.2386264940506303,0.6842105263157894,0.5407428218419879,0.29794909260196095,0.766803252651863,0.018407709167088244,2,High
0.3301033316236886,0.7945736869099655,0.910883591998862,0.16376349564040563,0.0,0.7945736869099655,0.3515103483647825,0.5447888831900727,0.6719391317864192,0.26017450538538134,2,High
0.850104004436259,0.9078126280766378,0.4338196176376923,0.7661985178040519,0.874888566675437,0.7303042122774706,0.28464414481488426,0.6942711037173465,0.5104645539029515,0.11065230116451792,2,High
0.4666666666666668,0.7676255374073765,0.9620750320309135,0.3430931126444091,0.6994601860978625,0.21052631578947367,0.6148355027075756,1.0,0.8203294926273608,0.48769028965421296,2,High
0.17298510915846238,0.916064387506477,0.6220716148563994,0.30012975854690543,0.5406185588758297,0.9060878993615363,0.7800308086376639,0.24328369719487467,0.534585991164735,0.18669759285249576,2,High
1.0000000000000002,0.3438727196079002,0.38769962749117487,0.29028355373340703,1.0,0.967547127270396,0.36322695422586565,0.8203772686819473,0.30847288304927856,0.6435960607181928,2,High
0.707529611657707,0.27164039344227275,0.6422829926990565,0.17438578640430055,0.08756345355222941,0.7775848236983572,0.6251531637467607,0.5125493527628451,0.4831977051923624,0.703064720874328,2,High
1.0000000000000002,0.26860486005200307,0.21434540043284475,0.30560675713199414,0.7290703344268654,0.9316402165085623,0.9381718855853833,0.7330746414082919,0.24914306970857913,0.3626973304477016,2,High
0.0753064246267387,0.8810951190104125,0.5143360902179114,0.09814349171615133,0.13360025932849423,0.8318739708367567,0.6507035734689283,0.3333333333333333,0.5725370241611091,0.10416816337695137,2,High
0.6666666666666667,0.7811605993627956,0.8554755518863719,0.5935760740209662,0.7218070767669944,0.36010796778384824,0.4863896232668249,0.9824501542103463,0.8671151846558486,0.15236581708150065,2,High
0.17502031068092982,1.0,0.5654088172837484,0.8897518279612837,0.8571428571428571,0.7828145631015926,0.15940921994835744,0.652879331182427,0.6932868152047164,0.21321182816097514,2,High
0.408912726917764,0.19912751189166392,0.8898930273765542,0.8330053635564969,0.9690603894202307,0.7666760764149068,0.6448460812292997,0.5796196971175984,0.7126982564284502,0.4658956594037206,2,High
0.7333333333333332,0.1460781067493518,0.6470832162916201,0.17669419166114772,0.23032256941159399,0.7046180007430969,0.7586206896551724,0.6916128857513684,0.6149488353372319,0.8672483662585069,2,High
0.13541354032346123,0.3429263974961031,0.7031411642942029,0.9225319534272212,0.6406283496534343,0.9728630761881074,0.4304964981922083,0.8854218772386756,0.6386962420726235,0.23804605433490858,2,High
0.6202733727664168,0.9304399875474472,0.8593453467356307,0.32051433610355134,0.7167913778717496,0.9464452818367237,0.9310344827586207,0.07342445758880563,0.8557593373416496,0.9029533076894514,2,High
0.1631332364938694,0.029105339610103073,0.673201758869735,0.775289898318563,0.920999792486863,0.5677891678753771,0.7886555230394382,0.9503334947324398,0.5264173017389234,0.5273945860112919,2,High
0.3333333333333335,0.8742156078669621,0.8366788414063329,0.9474838896810688,0.743938916014887,0.7156566243490489,0.12448608791283723,0.9336137930408966,0.6564871931730425,0.7159116551921175,2,High
0.08107782977207585,0.9886227659694138,0.7558137857585506,0.37723709826922347,0.06176212759461086,0.9886227659694138,0.7604997579575778,0.8017963829534597,0.5721453029671363,0.9116167446581138,2,High
0.8666666666666669,0.025310727970999203,0.8345292915642643,0.35487142451799936,0.3544148330641407,0.8167945351868955,0.2182115338979608,0.6666666666666666,0.7920847437015541,0.07190961685510151,2,High
0.7891322383753406,0.8968817950574984,0.4681910154810883,0.8221192135168086,0.8396768116746545,1.0,0.853637081498109,0.8798324208683393,0.38288796123616337,0.9571472125735269,2,High
0.9442666320659665,0.631578947368421,0.9085360394447983,0.14219203736875613,0.6182855659969991,0.9042106628975006,0.5686896014816721,0.8888888888888888,0.6712786745831081,0.34411982872653407,2,High
0.8666666666666669,0.02308459034155465,0.9635082463920126,0.45154551133938886,0.42857142857142855,0.20406391752521455,0.18572662637570286,0.9376230240543931,0.9570153610534471,0.7327153298988708,2,High
0.6250578133753141,0.06711439158557587,0.15214672925947148,0.0404166502520904,0.07862098289312619,1.0,0.6112009158577262,0.9194637155695491,0.2964727284566808,0.3162413279937029,2,High
0.15820763954938108,0.7172044950925939,0.9661495102878708,0.5475898383980097,0.799039806901454,0.6084037836768985,0.8977105778775554,0.4689071172299404,0.837749635714309,0.486940989236575,2,High
0.6000000000000001,0.528900918019981,0.789296752356905,0.5213711929813759,1.0,0.8369350060653011,0.7361967522112602,0.1111111111111111,0.7408408257459149,0.7836838081784728,2,High
0.26666666666666683,0.8925556766922407,0.967212599285899,0.5297297928562683,0.6398969897966125,1.0,0.06896551724137931,0.6666666666666666,0.7813800522647726,0.42505388571661795,2,High
0.6154322695922991,0.3157894736842105,0.43991636686551516,0.026138835078425782,0.6263225682939653,0.36038031925403835,0.7241379310344828,0.9315842197841953,0.5313636008917308,0.023078710109711215,2,High
0.444732170812356,0.42105263157894735,0.6155056907721442,0.4336740106973724,0.9041453482592374,0.7908365985848435,0.9773091422196785,0.25877971531274024,0.6107000936375393,0.3271629946513138,2,High
0.9293576790262222,0.919483294352456,0.8783622763089931,0.5093622763089931,0.5042596296147621,0.8421052631578947,0.1297055428128731,0.2288483127340744,0.7163964391904803,0.4750344796207835,2,High
0.19999999999999996,0.39533904572684675,0.7348964655877701,0.4689371180565488,0.7873488384014412,0.2631578947368421,0.33600962295155024,0.3876175701322123,0.6366613395788017,0.13662186073632787,2,High
0.0,0.3157894736842105,0.8490491971564783,0.3155320931325157,0.8022140481313376,0.8488509063698356,0.39698858221060396,0.5413147532192357,0.7671069417348384,0.22769003326161275,2,High
0.06666666666666665,0.42803628063616955,0.5259994981925241,0.7443751934143307,0.6523349522919444,0.8053140000983772,0.3103448275862069,0.4591877035652469,0.524448675108505,0.37428825324610554,2,High
0.4666666666666668,0.27234982267523394,0.6386985865233178,0.6213718642830198,0.8446680977978968,0.8924388601206651,0.7032053420471122,0.4395931491436265,0.5789908366779564,0.013492932616588895,2,High
0.9676654911706397,0.8235100092940637,0.8679944181294665,0.14935330982341283,0.06928823320577256,0.3482487074456856,0.08569026318760027,0.8888888888888888,0.9018240499202989,0.025808362720734015,2,High
0.338896303811077,0.9989020453004454,0.7371198280917739,0.4043728311352602,1.0,0.41885672217983805,0.007912845938169624,0.45139815754162377,0.5369255578347435,0.02354639367956148,2,High
0.6666666666666667,0.823855948380912,0.8833164139811039,0.6803915623084797,0.6209624258232385,0.4371855809723505,0.3701270656487362,0.9274152200847411,0.8775065152226068,0.10120632826864029,2,High
0.577641950047348,0.7893128355823855,0.8498655305468745,0.3969213436612229,0.9050529641842545,0.9297173289847482,0.7241379310344828,0.9630761527383213,0.6429590516641783,0.9766310118874288,2,High
0.06100284857075099,0.4826270812040774,0.5596469231644229,0.20613094002834778,0.9225030520400903,0.7020962676713125,0.4611228997531689,0.4030484341286781,0.42933373778929573,0.7679735045003557,2,High
0.4310922822612666,0.05263157894736842,0.7758159882011614,0.1585746915181655,0.6418966923976855,0.8694826031394001,0.912633939100655,0.5007470170240222,0.6821119016057231,0.23540338919297202,2,High
0.8775368652736572,0.583238236292233,0.5400667945314058,0.07097831787462908,0.8571428571428571,0.9259140816967297,0.8452014159546702,0.7868362766169362,0.5464269785176257,0.8174718047462283,2,High
0.49246363703364493,0.5161327748551402,0.2010608184431215,0.14765006783508877,1.0,0.8624712923949828,0.5934408304610861,0.6881641419724818,0.3655057701601789,0.27217937486181076,2,High
0.9039251833436902,0.5085096513035247,0.5761308618707278,0.8325607212554375,0.9684912678682396,0.9241514605344923,0.21856264224941482,0.568639500034523,0.4603353347095551,0.06087855748912526,2,High
0.07754669484431295,0.9033263380349839,0.5041424029586529,0.7408367995773353,0.2857142857142857,1.0,0.4915585988276882,0.5192887949634012,0.43733153310039424,0.20188402430321994,2,High
0.9864281146438507,0.23101395573543534,0.9225817248991232,0.3741962967318059,1.0,0.8109029768781308,0.6066497737695005,0.866269079961973,0.9382399066411188,0.9012862624273794,2,High
0.3758793583261512,0.5621528848712561,0.15559294974719892,0.2079824320662168,1.0,0.7704310723627508,0.6386674903045103,0.5910105763829037,0.3386862160229228,0.29622488234523137,2,High
0.811612889105217,0.44855684261761897,0.3032967142516458,0.6269291186760727,0.8073733324062132,0.6224108770221971,0.9190211492014997,0.9806451848246385,0.39554157176295524,0.17625809946458815,2,High
0.5790829607930544,0.11145570239679312,0.9250394113226773,0.7019219448513024,0.42857142857142855,0.4189884500782619,0.2745096741892061,0.8845311723874418,0.9368432227679366,0.9480390275743488,2,High
0.7834851934372786,0.021889861376154778,0.7731499620552328,0.1313819285665958,0.1782460140629746,0.5877992246161114,0.14067368381843806,0.287121403761451,0.6267014834812316,0.4147389899398771,2,High
0.6359157250704766,0.008092353051628982,0.8570739053633714,0.4493683380206094,0.7582156308517001,0.7084875854706764,0.2784925157195398,0.7948616342201056,0.7954494563359732,0.9596245292019049,2,High
0.9257529636411892,0.6571021435355905,0.9894013537274416,0.11630727345010612,0.42857142857142855,0.48125389952788034,0.8482291818123581,0.5555555555555556,0.8718193434765161,0.6,2,High
0.2137367263998173,0.8173315475088682,0.5579414011946631,0.545761784469381,0.46637852876203534,0.631578947368421,0.5304085280002837,0.47384996681491637,0.46045824094604587,0.26410191637358926,2,High
0.7845149258711187,0.4689218417158433,0.8526408573200532,0.5677555967011952,0.4617537302761742,0.894736842105263,0.42981214565056686,0.39282753068150666,0.8200247387407398,0.271613805596661,2,High
0.9003229921262013,0.6320889349361071,0.7369815976374472,0.3758430094493851,0.21359358830099745,0.4741941980940019,0.6896551724137931,0.7238371828532282,0.7484573633388968,0.23170059448765207,2,High
0.3333333333333335,0.18193155140193218,0.9325122638879332,0.6978284649722716,0.5714285714285714,0.5938682833254504,0.8050484202381485,0.8285221640707456,0.8502540965801286,0.9392524607477534,2,High
0.3981338842921701,0.6812640278297422,0.22064869420813424,0.1639034380219866,0.9305708382583893,0.7112629404109855,0.7724837560461698,0.5555555555555556,0.3288987435328899,0.17134886364739937,2,High
0.6039805406366403,0.6284364152868629,0.8780416626747377,0.09637027894717223,0.0,0.7802043812536759,0.7748844734986043,0.045771291323324526,0.7439545131434603,0.911194162190992,2,High
0.5372525927675345,0.9969058478151045,0.8477636667453906,0.8804726665092193,0.2941126987875735,0.9427271927752883,0.28903888947705497,0.434646295858942,0.8478326517243358,0.6967666109667842,2,High
0.20149494338366167,0.22152471896326154,0.9308807269427177,0.5500753919960044,0.770787881407002,0.9375502363396292,0.6006185972622048,1.0,0.8950208952270732,0.5405963652864114,2,High
0.3070792475707449,0.34932275165089627,0.8851912396895292,0.3164332099492819,0.826803224696808,0.9170923607497203,0.13060767492681574,1.0,0.7191437738929553,0.9053094356780587,2,High
0.10651490435039093,0.7689003020513969,0.7114725196543285,0.9485502446931129,0.8292218384983244,0.5045442837650098,0.6214746326703916,0.9553026183617627,0.5828442657566855,0.29822601218699385,2,High
0.7885450414384982,0.21052631578947367,0.6032284101875778,0.2038228688896624,0.14285714285714285,0.6932539146538171,0.7443417996279745,0.5325506771784035,0.5004200828551272,0.6677320970290137,2,High
0.44599875482238566,0.35210428012293593,0.7590189166954754,0.583240074710657,0.6650013341188725,0.5463138234037666,0.6801708036496364,1.0,0.7925669792274549,0.35879962644671565,2,High
0.001048891154577014,0.4202245596148076,0.6112142628093327,0.19047200101955972,0.4308190524740936,0.6850385982799292,0.5853931016904144,0.8880148129267413,0.48239793161741434,0.3844886655621437,2,High
0.8378472704811527,0.47368421052631576,0.8513229094278272,0.6528645818855654,0.9594493530559078,0.22546602782150763,0.8331536108246052,0.9053818237971183,0.8517838600586117,0.3566145471391355,2,High
0.3760565980222514,0.16604769357880994,0.4235840663522842,0.15508434324598175,0.7142857142857142,0.4062264241753928,0.2979603093218541,0.769171879000145,0.5509552008136421,0.5338382036650197,2,High
0.28215371308429393,0.1621454863505799,0.7756478499951118,0.20412331644827097,0.3737361211617434,0.2833603764140945,0.896551724137931,0.3333333333333333,0.7297159549267866,0.34509987025718647,2,High
0.3333333333333335,0.4700855586337103,0.6494484731571077,0.6321493598238772,0.5616608020057853,0.631578947368421,0.10109053841518956,0.4368472904489441,0.6529647310065071,0.9404059114032789,2,High
0.7661337205770913,0.043999898093747866,0.8365152623006409,0.047920542141261374,1.0,0.30631629900494484,0.9485515238394354,0.68488910402431,0.7193107697060386,0.7587003388382884,2,High
0.9528415812081582,0.22293642599785313,0.9468585124027712,0.32031198246971837,0.5714285714285714,0.6191688371600416,0.10344827586206896,0.6079537986576022,0.7943126006835881,0.6750423279865329,2,High
0.15520004140708588,0.7541052958476994,0.9114559857145555,0.6816960095236297,0.8891428275663672,0.7014737169003309,0.20689655172413793,0.8640000230039365,0.7655224968983312,0.7986400289849601,2,High
0.8143953699504819,0.60884941586766,0.8604389075501696,0.23886372219702892,0.22781283098775093,0.3684210526315789,0.4548061942699487,0.7537854945269744,0.6713864048184125,0.7308317597211365,2,High
0.5203710767324018,0.28460113340252813,0.5279257846535196,0.14685271361353008,0.2857142857142857,0.631578947368421,0.28256668444875777,0.8888888888888888,0.43771732558924925,0.2071762614478908,2,High
0.26666666666666683,0.8421052631578947,0.8528538389496015,0.5362998928134854,0.5714285714285714,0.8335419649404457,0.025342032191289235,0.7369489481362561,0.6671099672039698,0.3056945933146036,2,High
0.6497131516251913,0.22300483279650563,0.561709345063548,0.17687952368258034,0.9467359089730093,0.5789473684210527,0.48275862068965514,0.6252390403123406,0.47118009981181935,0.15608975257396107,2,High
0.23417434701372042,0.3684210526315789,0.8206664165066571,0.9100504608208233,0.6446593150294007,0.8664291781253992,0.3254111715162405,0.7208205327549104,0.5702905476798944,0.37802764924939325,2,High
0.5449291767136405,0.742567461971901,0.2746951846366125,0.5696498608337671,0.7981384036217575,0.8729983592290685,0.24513040611952142,0.9347812416275219,0.44440745409783944,0.49,2,High
0.5379421857457747,0.10526315789473684,0.5795433606906691,0.44456883628214794,1.0,0.48096134591438094,0.8358461845499029,0.5632369762429578,0.4401995965131503,0.07585203282880283,2,High
0.029144359254455098,0.7466224707412701,0.8881363767802279,0.9650053537789307,0.9195950555452609,0.7072192309903592,0.07329893870228782,0.493018376535203,0.7630646399341873,0.4632488061377742,2,High
0.5333333333333334,0.9897480639417313,0.8452208528595718,0.8534184747381848,0.2718009439209211,0.9371164849943628,0.2993708188922367,0.4769089086289618,0.8275904287398416,0.7219135133245492,2,High
0.1729986133946452,0.6842105263157894,0.7714836896579398,0.9636485440643776,0.7992827429885254,0.8194671160798984,0.48275862068965514,0.9338911998978134,0.6892101086213027,0.5093724001149599,2,High
0.054277546689095735,0.3334876630782124,0.5951060031835145,0.08778755199495342,0.14285714285714285,0.5183984842725013,0.7726579862126972,0.7118979555742464,0.4692815822570407,0.02628326400672873,2,High
0.11588297986870012,0.18544792652310502,0.6761703186564589,0.35480563785120706,1.0,0.7673376262812369,0.40476705855277595,0.304249410892278,0.5382458203231056,0.8107497335558025,2,High
0.7100323410688855,0.54407256426272,0.8582888340690915,0.32101457000528444,0.9518030398583315,0.7374808506828967,0.1370940577258594,0.5180690310009245,0.5018477457501849,0.6281432331619631,2,High
0.4539651322727166,0.694238053468908,0.9008070186488549,0.5006673222227296,0.9863912131493391,0.8019951545454205,0.7931034482758621,0.9894153880050415,0.7275160651204291,0.3864338392897909,2,High
0.4927671345252167,0.6498882502352401,0.8620802684100178,0.4616649421263298,0.23601760650434825,0.43936193444576643,0.41078411976491813,0.2222222222222222,0.783449365939985,0.02152123245530438,2,High
0.8666666666666669,0.5558284359727492,0.5788278395973239,0.7258165774116103,0.38397884904336466,1.0,0.33625544045566247,0.8888888888888888,0.6580668453073861,0.4271681431183046,2,High
0.6003180179542963,0.9367416785407485,0.8458156161730129,0.3326072811196964,0.7424482626301905,0.9369927453467719,0.9310344827586207,0.06677267265143211,0.8469984498631575,0.8990620135010878,2,High
0.3905324169281805,0.12021197327129413,0.7987635258145797,0.05228402749215452,0.040575356022084064,0.6318896724978389,0.06406849151457605,0.4602237495641438,0.8523466295030048,0.11328467366628003,2,High
0.7963878383481799,0.475110063809929,0.9779638783834819,0.049119770112064275,0.7117055988201284,0.15646888355849206,0.583404357339105,0.2232256004588389,0.840488254310858,0.14454847979352248,2,High
0.14898413999854565,0.2538513017536205,0.9662347620999784,0.7847434782682082,0.5126303761915151,0.9040434350884847,0.7809086022978475,0.6012874851843771,0.8079851871158863,0.30916109516844836,2,High
0.33376200663329747,0.7261127337000169,0.41831769472640684,0.2234122410946157,0.20018371712855604,0.8313758915947538,0.29650737862414167,0.9554126644555675,0.4869070117262267,0.33226363407947795,2,High
0.826443985089571,0.4836831225805624,0.6565949732302323,0.09654696984088332,0.8571428571428571,0.9473684210526315,0.758044789024752,0.6437021725207915,0.6053863064699483,0.8591336089462575,2,High
0.24740557142166725,0.4861593609004387,0.45510835713250086,0.0909481114284334,0.789420612254761,0.7617924060114037,0.5961695320232756,0.9736635714324071,0.43361446467857256,0.6692216714265001,2,High
0.1020434615651265,0.8609095648510074,0.7000210826991073,0.4323506288833515,0.2186645604966997,0.9350171558809709,0.5738868368217537,0.9149637820290611,0.5269990242411627,0.9242912692867656,2,High
0.12558064464405014,0.006120543702065655,0.7140706457664615,0.31386161369460325,0.8571428571428571,0.9167657025423033,0.4346384839975528,0.12403225892658304,0.5141897342137552,0.9623233855838468,2,High
0.9115951252434287,0.6842105263157894,0.7200659783258285,0.6183190250486856,0.6977212496522449,0.9180012828306766,0.26786543086660103,0.6175528473574603,0.6923594399544716,0.6492761001947428,2,High
0.8004887940688324,0.06966091852403619,0.9075435147829313,0.5244290643059936,0.2857142857142857,0.7898595742648675,0.09178547330959806,0.6666666666666666,0.8319732978513849,0.10676442548043312,2,High
0.2162591912771344,0.047239744613831895,0.9390343474056333,0.8287706617719538,0.20696822483305755,0.4919122484996952,0.4518084431840411,0.8390247140187329,0.7412902088650162,0.24992725179444658,2,High
0.7785041070558298,0.03480101037269881,0.9645022048904804,0.48781141394176053,0.42857142857142855,0.24489726277385226,0.11428507550980935,0.8888888888888888,0.9572108097981634,0.9131835279197351,2,High
0.3708486863510498,0.0679743756047107,0.4168155238327824,0.1574907881893702,0.7559304480699289,0.3607496543029078,0.3103448275862069,0.8888888888888888,0.4667392148099588,0.5223062520334972,2,High
0.6734088219715015,0.5340019392892718,0.8641573601422214,0.2774377218735112,1.0,0.923714008672961,0.18945994317715092,0.23345914773028048,0.6900932848080599,0.8488207705982829,2,High
0.10989750103723023,0.12376513076008146,0.6246245997510647,0.3864231257779225,0.48744508984137325,0.7492814150878335,0.8154642246744294,0.6861965269134193,0.5256118456843614,0.15321248412217514,2,High
0.20342777634323772,0.23217542953623843,0.8600640020657377,0.6211983303207994,1.0,0.24962719864511412,0.4447298865414782,0.7892036989219036,0.703205102736413,0.04679958258019982,2,High
0.08417592735847312,0.35513011673287265,0.3867876663056648,0.09478766630566479,0.7503611117250598,0.9473684210526315,0.09474042130774415,0.22334568092240856,0.4205095671533567,0.6542922210188826,2,High
0.2479000997221661,0.8651054206139465,0.8643859341833706,0.7739091705249039,0.9084643925594637,0.7179341711623028,0.20689655172413793,0.9288056386573605,0.7090171691103189,0.7815011490313069,2,High
0.05058114532298982,0.2377597031415629,0.7449037884883637,0.036895393841861863,0.40884631860467546,0.8348381173806698,0.9227143855118913,0.582364757795017,0.6102910927276168,0.9353416916550424,2,High
0.10518982462803131,0.1274817173989227,0.6257544420892724,0.3828923684710233,0.4849231203364453,0.7464939751087026,0.8130292196351886,0.6901195905877517,0.5286780983344771,0.15435998024691738,2,High
0.8237821368693335,0.28193326594947377,0.8251864023777599,0.06357882304527991,0.3776097067085712,0.22560715231157877,0.10828939028413827,0.8888888888888888,0.7119039307389212,0.6269621033376007,2,High
0.6977658716466869,0.5579229355736361,0.8805147597688318,0.16307773936858116,0.07621598932852794,0.5157330762211487,0.7195155965103868,0.9481679916999661,0.8205318850819179,0.19104554095142237,2,High
0.6666666666666667,0.4621994910444752,0.9465432263876024,0.03367651514107592,0.8571428571428571,0.871767403141582,0.2833865403501714,0.7394032233849901,0.7911392974816351,0.712087984633728,2,High
0.6666666666666667,0.699716547678305,0.9007021990535454,0.27862938149327937,1.0,0.26927140959666374,0.6508758040541673,0.4900856875804897,0.7809896054488004,0.7765152965299017,2,High
0.6297579097675058,0.9530138266828857,0.9474117330092862,0.2864703980557163,0.7142857142857142,0.9125845231335661,0.5523213040901127,0.8888888888888888,0.8047727736981978,0.8892737293025171,2,High
0.2971243140464452,0.47368421052631576,0.3928642161776742,0.907510909129239,0.7142857142857142,0.8732972912117107,0.3103448275862069,0.6515795752971298,0.5396160656903519,0.19734055113960353,2,High
0.9333333333333333,0.8127294605476915,0.3785582324472021,0.07595341404223828,0.8571428571428571,0.7552021840822725,0.5404972671993651,0.9509044721770958,0.41387792309775584,0.22627880889824004,2,High
0.620031386832596,0.26735850942128553,0.7193756306426327,0.8706197737045354,0.21998654850031607,0.9431678063681881,0.18617442741455603,0.17996861316740415,0.7122096951356296,0.6371830511103982,2,High
0.8621082978747792,0.829509770443468,0.9406581851108455,0.7124956755284403,0.4334553951341654,0.9491677771546925,0.9274978173166388,0.8926875295487953,0.9446498242726812,0.4929487340436505,2,High
0.5342204679761893,0.6322793168233073,0.38105125455178424,0.13434992956428793,0.28761528852040547,0.7389432136278166,0.27540320621921244,0.890367446626982,0.550087297797224,0.4607885535446347,2,High
0.5754058382940748,0.025888591269395096,0.9959257297867593,0.722032467063526,0.5889958297899467,0.12467960134678316,0.6726936815821205,1.0,0.8120374616520875,0.8851156548866863,2,High
0.8716984233526276,0.5710024894432195,0.14316505828525705,0.2250754763502894,1.0,0.919066411834489,0.6047495922463693,0.8375264639049673,0.15333500504423897,0.6945755996329589,2,High
0.9264404217011297,0.46552155201449574,0.5644652715351738,0.836213121108932,0.9926147375369248,0.9392057625408115,0.24137931034482757,0.6436902945593214,0.4382698248541066,0.03439423116552979,2,High
0.7093335311224609,0.8084208964822677,0.96116027888267,0.745040106806129,0.3885705809037389,0.3052623771481806,0.22206855629835676,0.7466660073695747,0.927036439480684,0.1212002373469531,2,High
0.40000000000000013,0.8302788854224905,0.8538972094584593,0.9512828705330054,0.7463858824246685,0.5209897214679325,0.45874434056302893,0.8277113726605955,0.873796756666465,0.7272470117697267,2,High
0.7026687541612114,0.25894407237703465,0.9923799060627456,0.4856787057533823,0.5457127946467537,0.07158004604976037,0.06275826077680263,0.7977789374969692,0.7673491751134709,0.8499005740609997,2,High
0.8059037056148828,0.004660820222275862,0.6138037812752354,0.21650133608543112,0.42857142857142855,0.9333859603858039,0.1907356381151534,0.5653950649136935,0.6885314934607748,0.12025888573544345,2,High
0.8804411942832023,0.49543346465768745,0.7140911882269135,0.7274624863733505,0.5714285714285714,0.894736842105263,0.42333921724592727,0.8659313428613298,0.654105549052044,0.8724374772889173,2,High
0.0,0.6097195105496099,0.4687805841446514,0.19411400512741545,0.0,0.8639646999767058,0.496526927387805,1.0,0.45505918721292676,0.6018359204181211,2,High
0.2917610487822128,0.7860724422315901,0.48859626975785697,0.2686302473194536,0.9109165331047415,0.7238332349192833,0.6206896551724138,0.6320230962073995,0.4733562704405862,0.07505662926932764,2,High
0.49315859923096017,0.7044354700413897,0.6333447471161002,0.10786894942322015,0.7436060032958853,0.41025041983835797,0.14500834562314477,0.8219309987182667,0.5733432815570314,0.4447378988464401,2,High
0.9680068612271953,0.21475850913851088,0.8943319385353196,0.2687629493731465,0.9256995830845819,0.18103638130401156,0.10206186769600505,0.49329902719735774,0.754853289559594,0.5362061751044755,2,High
0.15812903146439783,0.5728522939001103,0.43612935582682466,0.06550548340667278,0.9020046091452879,0.8029541608456875,0.674833148968451,1.0,0.4479282604542524,0.6047548377572775,2,High
0.3275400699381736,0.005488354795414622,0.6887112472689348,0.4603689479799046,0.0,0.41830845418124,0.3436289799872083,0.0038621755967732526,0.6732434364495394,0.39482620209814523,2,High
0.10975075427603712,0.6874324240830699,0.4963603109263338,0.03720419125148168,0.9538384775613887,0.8793409143009939,0.7373912660223658,1.0,0.4889586174931615,0.5467009051312446,2,High
0.2684601501286437,0.6414903033425039,0.8859915644624816,0.24446577382032247,1.0,0.16497427682359306,0.03355509476104643,0.33632247243662816,0.8149016454185474,0.029730977480703462,2,High
0.4173108873942398,0.8895032183409126,0.8901162733058429,0.4776795510812182,1.0,0.7726079516430593,0.7041340610449839,0.8066292567681773,0.6875657780969948,0.9359943885152266,2,High
0.5175115826461654,0.7644919725992083,0.8901535844484055,0.4977457754201025,0.9636822028717866,0.8019645400161852,0.7317388945075016,1.0,0.7131560307868117,0.36372887710051255,2,High
0.831884663557586,0.604119471229673,0.7255198497003325,0.447997910726329,0.42857142857142855,0.9450810477225038,0.4467772381630198,0.3381622325858251,0.6821202456310024,0.30543564556955977,2,High
0.9543128682505448,0.3367670745708635,0.7436710511447059,0.3379583349028105,0.19180764116013074,0.4902470012504299,0.6896551724137931,0.4825170542356573,0.7994559669097843,0.4530427674946078,2,High
0.8354829992550867,0.5755531590709159,0.7733510467596267,0.7918383697094838,0.8571428571428571,0.9261439456041525,0.10122448352922075,0.2222222222222222,0.5274307988372905,0.09016325167605513,2,High
0.9748516976386704,0.4932259179456187,0.9067129244096677,0.30080424088304475,0.30367735882952124,0.4932259179456187,0.00433591420022927,0.9860287209103723,0.6704463247028088,0.44377224535419946,2,High
0.8224284487269078,0.5859323502010146,0.9361419948465302,0.4040241442971566,0.9810407637401032,0.5263157894736842,0.8690935198994598,0.20747614957563584,0.81406653408269,0.3453549871163253,2,High
0.7429028241359594,0.007554861159968044,0.7997180654764301,0.6070907804850062,0.5919346231484847,0.8043309573580545,0.47285914744555907,0.7458794751023571,0.6196406326735222,0.22988008664310625,2,High
0.26666666666666683,0.21369369516174516,0.6456980239034364,0.16073224795673355,0.7314800594494737,0.4273873903234903,0.8379621048401997,0.9799399306422806,0.4736307110076222,0.8759027031210974,2,High
0.5511400721105774,0.6456368990346661,0.401100985451034,0.10287946587432628,0.32387158309409403,0.7790159602618933,0.2666516868393566,0.9185667868509619,0.539770466007963,0.5711889705215163,2,High
0.8341902877342027,0.6230325318598778,0.626580531785077,0.3111122829551185,0.42857142857142855,1.0,0.4379636152655666,0.2763495204429959,0.5347381886474367,0.34769281474019553,2,High
0.3623301832468798,0.855084403417768,0.7508309951563866,0.7765282044507215,0.40166441660491403,0.5034235395419371,0.4612654540528001,0.9790723240260443,0.5815497073586767,0.7014563645292998,2,High
0.7025560700172165,0.27328886445329625,0.37664788198778326,0.022920185206197957,0.6483344357511782,0.4635532408098616,0.770546642263642,0.8589810527634306,0.4880304228051908,0.05864631564114045,2,High
0.7229224103471883,0.7368421052631579,0.8318111458571157,0.14850964938327654,0.5937376921131676,1.0,0.12498811652305847,0.8888888888888888,0.841942416552622,0.8272055925936435,2,High
0.25102924711101154,0.7335918512283849,0.8366419290533439,0.23034561293334826,0.3950626723807387,0.9876546687718512,0.9110284749419615,0.6927290325927586,0.7379568322938684,0.8354929681335278,2,High
0.7284462443760531,0.8478926053441475,0.5055664766338759,0.49153867809023954,0.00523616673994301,0.32350592993254756,0.5618353564633383,0.8888888888888888,0.6269179002240041,0.15890040498461197,2,High
1.0000000000000002,0.20940915268875118,0.8575566252738666,0.4263785097538648,1.0,0.5263157894736842,0.31107676203150786,0.13947850274760354,0.6995840200947849,0.3876591957418529,2,High
0.489224509975257,0.6679914867444351,0.5049003821319187,0.22639236869820106,0.8088046214815924,0.31499458163754945,0.1490780931290446,0.8153741832920948,0.5378201275130328,0.3102570581039211,2,High
0.2680912475066315,0.11313584148401512,0.16699594925610084,0.4588888269448276,0.1459098160856385,0.9955013236632696,0.3044500103173877,0.8912631902888299,0.3733300092737233,0.6857695524018568,2,High
0.06666666666666665,0.9015008507526862,0.9277204642198713,0.39406838903655705,0.39265621918279786,0.6251110367674011,0.34906518280756477,0.7777777777777777,0.7323389550976009,0.125530063563872,2,High
0.9345010660574709,0.2132919985571677,0.9356528572244838,0.8724299149058643,0.2857142857142857,0.7876298956987303,0.8572369680380517,0.5536093343486598,0.9605464994557443,0.19202228155344941,2,High
0.8829431526948252,0.6597429609192502,0.5532441472904223,0.034722402963949725,0.6445293455936073,0.22214402379536163,0.48275862068965514,0.8888888888888888,0.48218380714256676,0.04453178323378994,2,High
0.3990175432033489,0.10526315789473684,0.6499108769107733,0.32966175438268347,0.07248120371069766,0.044506002278498574,0.9368663037468377,1.0,0.5744635051944493,0.5550736842597489,2,High
0.2486145114606717,0.47368421052631576,0.43785513576629137,0.11131112285842791,0.44791302343499473,0.7993501587226431,0.3103448275862069,0.8738454262172263,0.34119483761262887,0.16952474683146565,2,High
0.030864084730161168,0.48196858828321276,0.7895371300976172,0.25944419064286267,0.6481483898639403,0.2387915120551359,0.13537663937602878,0.7777777777777777,0.7786743372940191,0.40550911120833655,2,High
0.0226219638153146,0.33960206717401537,0.9313213410855407,0.6063341498682882,0.0,0.9414152726801803,0.7208578811245719,0.8888888888888888,0.7572222193488439,0.8593704069908795,2,High
0.8802993085535733,0.6004725924530102,0.7691196097715152,0.3235811953248259,0.2565014816709147,0.4425778556109049,0.6896551724137931,0.6237187649900878,0.8097271711664504,0.2812592113299065,2,High
0.7333333333333332,0.3769812845269995,0.9598856227218312,0.03629486470666249,0.0,0.8292649153147638,0.8881390824476039,0.990964199665945,0.8872118917249019,0.22495539244379828,2,High
0.1201219085092472,0.3265403577801922,0.8457622083621334,0.17866468155473555,0.22865850607803373,0.768453133818223,0.1724137931034483,0.9556232825051373,0.6711846529311815,0.8830182862763871,2,High
0.2745499524882582,0.631578947368421,0.8949664700676025,0.2359795242309884,0.9662144893360369,0.14855926679022075,0.04875422433219126,0.3333333333333333,0.8245391606216743,0.03384310183802578,2,High
0.8346322232576247,0.869446492045493,0.41075766158221916,0.7631169000931862,0.4038341262445539,0.963545028149869,0.24600670408825476,0.5940358036195827,0.442204874612285,0.6572942213939004,2,High
0.35553523220060634,0.22800599642296687,0.45663587678391837,0.9153540631553816,0.7142857142857142,0.6491548965253586,0.4139192484100306,0.7037714482202015,0.378884925372546,0.7849725634708183,2,High
0.7718123491141164,0.7124678199857637,0.7514302311878441,0.6256503621261204,0.42857142857142855,0.850230024917026,0.41379310344827586,0.4444444444444444,0.7858158903987194,0.3635896170056217,2,High
1.0000000000000002,0.40030028058063777,0.38609144200345186,0.363187962510184,1.0,0.9816540175135805,0.40019673555283164,0.8501584814175588,0.29936022815456814,0.698542398215396,2,High
0.05604750365047964,0.8085710641594094,0.9036279835027248,0.5013974405817625,1.0,0.6231953976187997,0.4388172564847434,0.8711902838619104,0.8823784240473941,0.7572570043805756,2,High
0.787657451204775,0.12475139283456604,0.9885554146957851,0.4329857135863729,0.48500658247277983,0.11631093923058324,0.04810503714860204,0.8449948802989489,0.8706798525980695,0.8732724657479798,2,High
0.1939112881139145,0.0693742922956905,0.9795023187306022,0.4347120955815139,0.1883016505168742,0.4377953449272694,0.04545212253855584,0.9242346170686799,0.8738716324381007,0.6347948606102923,2,High
0.1422374221648236,0.6526675788114243,0.9516541267140205,0.27626712266494474,0.0,0.8595891230335908,0.8045583909530423,0.4444444444444444,0.7532195938785791,0.899691746571959,2,High
0.9324449249811505,0.42000056905662553,0.8051399243154689,0.3322142992121125,1.0,0.6810543387488239,0.657470021600473,0.4437041041509587,0.7442469653237244,0.8545669009283108,2,High
0.2006474033641528,0.3418497091983608,0.7706067620056813,0.13582520109167878,0.8217753946593674,0.4611652006883086,0.20723141553318242,0.944983947247905,0.6857145090648428,0.3424271671215328,2,High
0.4304739885518465,0.7320799107743657,0.4205946050419892,0.29305757223239,0.012925956469578677,0.9952378055112079,0.8714291408917638,0.4645514878415668,0.3526089600748866,0.11497649324078779,2,High
0.3910704524394611,0.9696120425757223,0.7541247950122868,0.23473875900783325,0.7746612584198176,0.3988090100558566,0.22608869042575205,0.8098539550589597,0.7278033701693414,0.5014434279776532,2,High
0.5260593578822834,0.6019178172138421,0.9763453422094055,0.40719917620230694,0.8415557668906072,0.1636373490403026,0.6169272540770431,0.802024362614611,0.8181818181818183,0.6331780736468501,2,High
0.1534015530388954,0.3157894736842105,0.7052423252831242,0.656111996579825,0.9001461850833473,0.894736842105263,0.6240320728706794,0.0776640782685076,0.5264811695791128,0.22107163069084024,2,High
0.25101272430371907,0.12081961019301862,0.6785334323051964,0.7022821337748554,0.6720610580475208,0.6842105263157894,0.5496288462681677,0.8888888888888888,0.5792429583738846,0.6123068678672005,2,High
0.09639673431438195,1.0,0.9515540489852843,0.39601330907313237,0.27509640441153027,0.6472263513935343,0.42008355654095964,0.4444444444444444,0.9357034586594392,0.8821958572424747,2,High
0.26218623834107246,0.15138656278020923,0.7534892988900379,0.31685482960764044,0.0,0.09224680977094477,0.9461438740142064,0.8539425511960042,0.6080196224417262,0.4645563924496624,2,High
0.3464832467215409,0.48925647638077197,0.9453532279139929,0.1803119584263396,0.7001965213697776,0.5159342789040468,0.48323298261670494,1.0,0.797829475152305,0.4330275129917689,2,High
0.8,0.4274794126820354,0.7356142860392073,0.11839591827451229,0.8222546168689506,0.9280880777433674,0.681233873037333,0.5555555555555556,0.6368176541309736,0.8743894557952067,2,High
0.3967724766864132,0.10526315789473684,0.36040580366552,0.48921534562997643,0.9024565309664855,0.6174324806809687,0.8385239902332896,0.7072898407188003,0.35575557521529255,0.22338889947926627,2,High
0.6841465832612572,0.4279525986557594,0.7414326838224365,0.0891769562121601,0.3231712498455511,0.9724001316927517,0.590727564636532,0.7486445834534601,0.6513932696460353,0.8786890062554057,2,High
0.22504481679211513,0.12503538167798559,0.7946263833537647,0.24488041686505502,0.7142857142857142,0.46059707914544484,0.8879773966814983,0.7918907506272421,0.7462966161640022,0.16693214140994675,2,High
0.627084096725296,0.2944072920589769,0.6923889588970418,0.6219690591737449,0.7142857142857142,0.627469214635686,0.8211214793709957,0.5885410305066978,0.6261771508264689,0.6735156536271987,2,High
0.16024675765482854,0.09234877400147551,0.2530788118769627,0.1960370136482243,1.0,0.894736842105263,0.04658363245536576,0.9278805934672896,0.42157426394769,0.34290268129892515,2,High
0.08855874852567205,0.9293032871457979,0.7465138019988649,0.9330133140480442,0.9530883960164169,0.8059749953442276,0.12507068355450512,0.5190687524572132,0.7408718242963844,0.18275612986528217,2,High
0.8913194167780573,0.5731908549993385,0.6155572663519222,0.4138750697192962,0.9471726783327349,0.32949565771885725,0.7907688355731236,1.0,0.5974224425272333,0.8604686877506283,2,High
0.5073221203665798,0.5468509576053319,0.15557128417724284,0.19425510721380673,0.5470707737851548,0.8857629166576886,0.5786322892759521,0.8888888888888888,0.31361499312005237,0.18195084097250652,2,High
0.9333333333333333,0.2335032143500811,0.8842387328718185,0.15485140415363352,0.7947769896212084,0.8584043798923486,0.8771227956086738,0.7636802383670092,0.7563332665812288,0.7172787387598373,2,High
0.7492773727689603,0.834670573015874,0.4703370620703705,0.8253258758592592,0.7484515130763435,0.8798674618212218,0.9014227280240824,0.9311577449147552,0.3731081916137763,0.7697901478836011,2,High
0.4666666666666668,0.8234473244712858,0.5017564640930405,0.380341952124054,0.1567142061861362,1.0,0.786413831496348,0.4444444444444444,0.5017327466345511,0.2334124373715823,2,High
0.4526304283304178,0.8430301381617311,0.8645096061271139,0.4783859418999418,1.0,0.8097864157864044,0.7102236370684628,0.8654951583284738,0.6683788877879846,0.944824273749271,2,High
0.842470711032428,0.05263157894736842,0.4555661330760972,0.6255782778761316,0.22081241264221046,0.9234572046576565,0.7993169579493685,0.6666666666666666,0.524433455843124,0.31101596870791776,2,High
0.83703870314992,0.29239897617098937,0.7013260607505998,0.04222097263756,0.26983412935748613,0.2046757318685475,0.2069043077668685,0.8888888888888888,0.576575009470803,0.6450078723833715,2,High
0.8656888628635827,0.47368421052631576,0.7083147548924558,0.7371786448054094,0.5714285714285714,0.8916490406218391,0.45333346794698753,0.8905185618940292,0.640833782516459,0.8892666471476868,2,High
0.5333333333333334,0.5229109757108292,0.9533186187532183,0.8447569433209192,0.7981516725287358,0.6567173554627944,0.6326981665794691,0.1111111111111111,0.8453850152368938,0.2241535756942532,2,High
0.4336888770285441,0.19335671266162519,0.5452622245942912,0.04110042997482359,0.2857142857142857,0.631578947368421,0.3274023049852359,0.8888888888888888,0.43227165894118724,0.16600221658855835,2,High
0.3903637209122092,0.6353827417451806,0.8760196821736969,0.42053345969528444,0.9082034330075444,0.8985406364820226,0.012324966588027945,0.48415822567253447,0.5824200513459774,0.8378318372052471,2,High
0.1679125770563821,0.802139772214586,0.8115298591009261,0.7011449155389311,0.891522238868162,0.8001725452834563,0.25668738042975187,0.8621493697692073,0.7076485792611218,0.7686328036203308,2,High
0.8333630206087163,0.47368421052631576,0.8178993601364526,0.7100249373113217,0.5714285714285714,0.7895674335012086,0.6205361002997444,0.9443949656521398,0.7397465592608393,0.865022265456537,2,High
0.763842422334684,0.899196175261025,0.4259147289038451,0.696001087532391,0.42857142857142855,0.8001818076390438,0.2571598736213883,0.5555555555555556,0.40938547280896304,0.8205909162449346,2,High
0.8097042880668018,0.5687323283507351,0.8239810497529859,0.5580970428806681,0.4216397942379987,0.8845218020349455,0.42215886902310495,0.4444444444444444,0.8499350328942881,0.24859746152150794,2,High
0.5231444907581717,0.2507454312177436,0.5130988040929341,0.4653623180498033,0.0,0.7814298611248723,0.2093044300135166,1.0,0.627158501156905,0.49596179866078915,2,High
0.15048603014303932,0.47819807810781734,0.4137478753729502,0.15371182579757353,0.5836804977212185,0.5127741867291794,0.3280889966996959,0.7682485017723855,0.33004990262118405,0.41144087101213256,2,High
0.22483116155738847,0.23993163868638107,0.5545911727590102,0.06644518705861877,0.7142857142857142,0.47368421052631576,0.33198388195307493,0.2843001261156934,0.5452508507159427,0.39921038251845375,2,High
0.06666666666666665,0.16362728114982797,0.9471783668369346,0.7026944849508792,0.5714285714285714,0.8535703517733401,0.6319570698462136,0.5555555555555556,0.710245406656527,0.6550474559921489,2,High
0.2836693813432686,0.21836799241948393,0.9670201628805962,0.8272725863701459,0.5714285714285714,0.7368421052631579,0.6500347635872347,0.9054435395522438,0.8596198988196502,0.9643558551231295,2,High
0.9333333333333333,0.6979150433989139,0.6456155625420142,0.8589713175209946,0.8571428571428571,0.9168488741154274,0.9328706067082041,0.058513755252106614,0.5589066576647344,0.5313604506039992,2,High
0.049213931759599636,0.32874050835778934,0.7459583080837061,0.334366368399132,0.6065813798282854,0.5409217046533691,0.11084920445455118,0.27690436862177736,0.6347348983200876,0.05214626929181984,2,High
0.6317796983360774,0.7092997618442715,0.49713563800329275,0.03202120995172861,0.5647701357260454,0.9449153131622272,0.24137931034482757,0.9470338361065378,0.5885462608530514,0.7755930859901218,2,High
0.18403715111523014,0.44180870125359734,0.8260422290669138,0.1907887306476367,0.7142857142857142,0.24240182506219207,0.1850411014796587,0.7777777777777777,0.8098435079016391,0.45373219785912877,2,High
0.7501952538565156,0.7235300627448561,0.8241138480110806,0.8768140582776691,0.5070591769186361,0.9421669222704785,0.48275862068965514,0.6275825239212621,0.7958108290154713,0.10098828476860906,2,High
0.24979171440905495,0.039309248217674876,0.8894312657549881,0.10851851653972178,0.2857142857142857,0.5123357147725849,0.8192887190204321,0.3333333333333333,0.9046863806216559,0.28740627148407466,2,High
0.3523006061933818,0.4060784687946986,0.7107431267529106,0.784141091148087,0.5098597408287787,0.6166047845841723,0.08858683399315348,0.39655757620016124,0.6666326943793672,0.941591272458402,2,High
0.9361645509980449,0.5789473684210527,0.8957680606295523,0.1629038082035198,0.360176304640762,0.5033527577608423,0.7256023539645058,0.5555555555555556,0.8410396736311132,0.46355172775832026,2,High
0.7688546495699216,0.05263157894736842,0.8982895736752683,0.040363021535515464,1.0,0.22576703554043326,0.9348954170374237,0.6864007312425491,0.7370436289738329,0.641196709408529,2,High
0.9712758605641313,0.6769328517408456,0.870420863400744,0.18109828105374765,0.7955911297802809,0.6842105263157894,0.5957431597878575,0.8888888888888888,0.6758558280123343,0.671703450984564,2,High
0.5126761913013579,0.5680751884042234,0.8254271423207841,0.03052571362558043,0.842387755691446,0.7622932341684533,0.45539901449378467,0.9003650789066531,0.8402853977092146,0.3004928565239816,2,High
0.9238292973259782,0.10526315789473684,0.8264442913741525,0.4589224910722619,0.9898171042778338,0.259406301576044,0.14530485552294797,0.6587466366605373,0.7541201546530283,0.4946643608420012,2,High
0.5424013273266719,0.6435105184122875,0.6475667336629721,0.024438275735270354,0.42857142857142855,0.8492642057842146,0.20064276276321483,0.5454800066740684,0.6758858337489329,0.1313728024026646,2,High
0.6484356395228841,0.9655424693983501,0.8528864565731155,0.4116407924429405,0.8571428571428571,0.7205586230072265,0.3875015397051995,0.7050341020631835,0.8425737903318238,0.7864368302282382,2,High
0.6666666666666667,0.453680289003305,0.9335940392850236,0.05569013321545986,0.8571428571428571,0.8547289990592415,0.28896808651507605,0.793358169645735,0.7623074969298845,0.6950921765615934,2,High
0.8272358413520914,0.8532307101951836,0.4768515352886668,0.7461707524056274,0.8289779819181603,0.7057125063305982,0.2763527367977798,0.7323847088576257,0.5222810959607801,0.11894308253145755,2,High
0.7305577639258134,0.5855210854388632,0.3644131553579569,0.7688310807956705,0.7083380655553142,0.6589903563450736,0.9489936817433241,1.0,0.3825916573593404,0.33780827649188205,2,High
0.2814511138172532,0.8216254396647051,0.8670122989040127,0.0673551980515778,0.6864916681163855,0.35674912067058967,0.2749238488250519,0.5987907384856225,0.8100426467819568,0.13751024908667708,2,High
0.7889112261504572,0.3421581671984512,0.8097055335017956,0.32267738855221934,0.7142857142857142,0.05263157894736842,0.252781133170522,0.8519263093904128,0.8061683226700804,0.7500201035354115,2,High
0.4666666666666668,0.06498439551715518,0.6985150603719383,0.2473479796012025,0.0,0.060418143566372484,0.8254763468725446,1.0,0.5832693845721884,0.47347035148259486,2,High
0.26051074011152414,0.05506154995597733,0.5433059369690983,0.12206291152639409,0.5714285714285714,0.899596784122481,0.3283822318821305,0.9470094138424205,0.6226038840233874,0.7832293259523698,2,High
0.11133973564072942,0.7183957803655416,0.8006275743338024,0.8539807930778117,0.8085439901111595,0.3157894736842105,0.6658388881973589,0.9633440038456602,0.7874114066275145,0.26922496899884485,2,High
0.32394745032293204,0.25204303327715616,0.715633547103202,0.11622364735468053,0.44868403502228876,0.274272756196528,0.8941243406007583,0.3567980408593369,0.6440147602460385,0.37669752812971724,2,High
0.5290319715547948,0.6986409740329851,0.27922588810688354,0.5920649201077396,0.7811056838087085,0.8667231466663662,0.21635098298712824,0.9480289125932266,0.43956074520794747,0.49,2,High
0.07745760710170635,0.15439345406107452,0.7138004268814814,0.3430686587802459,0.9170097066767432,0.8591435901605889,0.42495614527762726,0.1111111111111111,0.5462378160599403,0.9326165066578497,2,High
0.4547164881126745,0.9143481908376528,0.08164645936676132,0.12075516069859304,0.8699466198792773,0.545184492453672,0.40403485218067364,0.7578608135211239,0.1122392322305184,0.24127384374084593,2,High
0.8580362095756345,0.39133008272722414,0.49639770032536035,0.007129456856365488,0.4689091734416243,0.42105263157894735,0.5509154999530894,0.8888888888888888,0.6085628203812248,0.08241086287269035,2,High
0.0,0.5789473684210527,0.4615825580519648,0.08398388515670654,0.5999593743446383,0.9263207785892549,0.41379310344827586,0.6222327547995382,0.3472117768016151,0.6889824632587689,2,High
0.5317816825775054,0.21052631578947367,0.27557942482090825,0.7429228430784058,0.8571428571428571,0.7417420550184044,0.48275862068965514,0.9974139154069532,0.21023136378634155,0.5726765975538034,2,High
0.08251879272202522,0.27246452549496525,0.8117506731971105,0.6933289464716252,0.2857142857142857,0.8514118939160178,0.3732128970895055,0.4247971128439622,0.6414378907314945,0.6953047795321301,2,High
0.8029974720688158,0.9198694189202042,0.8558588840423234,0.37846208023948225,0.43499458300460525,0.8672378399728358,0.11526319711679903,0.3333333333333333,0.8185243416987843,0.4696356988490312,2,High
0.9835703127770448,0.49314041907981565,0.42378197225522807,0.44268246085854246,1.0,0.5068595809201842,0.7193985716967297,1.0,0.45666815308996533,0.46744072185628394,2,High
0.9239610528853727,0.6694121887663778,0.699042510118977,0.4375383480308225,0.16294060095991583,0.5115174519242726,0.6896551724137931,0.8420274866490852,0.6761280421689266,0.17319639410870277,2,High
0.853318739694935,0.7157664310972653,0.7027866468208653,0.36873082615399094,0.0,0.9052746791882093,0.034482758620689655,0.6666666666666666,0.655677209137578,0.9610065671372793,2,High
0.6123056753024689,0.13035163348927703,0.941168383627037,0.013784978445555596,0.7406550185052904,0.8089036978460035,0.07903778988824933,0.8478699712139927,0.8595383064690951,0.8736205279787044,2,High
0.22729622810395878,0.1398686633148837,0.26090978615253885,0.19068499079403445,0.8571428571428571,0.885204570690461,0.72807465973583,0.14391980991336778,0.2126920585345755,0.5547428126203526,2,High
0.7884247311605767,0.2757661290059461,0.5906592741852162,0.8048746774133557,0.7142857142857142,0.8003469864132717,0.7859795606257876,0.7548230286830929,0.5711572699819463,0.16694516130365397,2,High
0.9506057475873576,0.674461660708031,0.8631336988531653,0.8674771553452589,0.0529224132992599,0.9181218242293563,0.8148118312725924,0.7983587162830454,0.7532677100999163,0.33796015097441834,2,High
0.6054831673885749,0.7015257917533941,0.7215317496765533,0.8612817638521659,0.7025360698816252,0.741170921622559,0.9456643939379186,0.3150561087047505,0.7414943453388088,0.24584281656073348,2,High
0.08490548503927235,0.12115212101129223,0.8591886582047128,0.3220754261102108,0.12129355005610339,0.2552134131785644,0.9362394879174922,0.525157524934546,0.727342239700517,0.3167925317323274,2,High
0.5391359308391773,0.6178359532756328,0.3899707015650773,0.433373662006241,0.7142857142857142,0.7757306901177381,0.7466153155051505,0.6666666666666666,0.3588724820009613,0.42586090892829587,2,High
0.28419963826780836,0.9903025601844359,0.7477117920513674,0.24894181551658223,0.8571428571428571,0.31023641373819394,0.2885690590686703,0.8187225236657153,0.7551827189952688,0.5322439873867508,2,High
0.16626924881023675,0.47368421052631576,0.3923735096830384,0.7828714594917506,0.7142857142857142,0.7958173183744822,0.3103448275862069,0.5970566314487097,0.5051614337684013,0.3322848371644434,2,High
0.8070664517743417,0.7838949064939408,0.22754740732768486,0.15039610959508576,1.0,0.8891580643886777,0.4246381255490873,0.6081667562051354,0.2945600220956107,0.5415551047600085,2,High
0.178255071097821,0.35125400349827973,0.05720495529921648,0.5460957394924109,0.7142857142857142,0.8829153321672399,0.819841079695778,0.568033816045691,0.15618785882559433,0.3639843475528975,2,High
0.06666666666666665,0.26261389161158266,0.9750387602226747,0.7968837055869676,0.4278331386157193,0.3685570534128938,0.24084468658379674,0.7780648905383313,0.9103418346145215,0.899573637550578,2,High
0.9574676529471136,0.708731391608057,0.34002939065543,0.24405249743883758,0.9088592563152431,0.5598939581996473,0.5576582332841453,0.9291127549118557,0.3884562686464178,0.42637985205793294,2,High
0.3636316325999205,0.2902723773859859,0.9035182976543864,0.5513992381547558,0.3593107386191045,0.6890026853685468,0.8620689655172413,0.7205360921851409,0.7391431638442979,0.11166926873671049,2,High
0.3187077138246295,0.34702834574332353,0.8358602833781688,0.5954215147929076,0.4018461231076722,0.819012179723099,0.028031822819093298,0.0659487299025719,0.7137840579001459,0.04767845024206955,2,High
0.6666666666666667,0.8095385026916604,0.6245004919695587,0.6154506395604264,0.9410696715372904,0.7460513369222139,0.13793103448275862,0.8236124776932185,0.6030160676877923,0.3572482781065446,2,High
0.3804525448769521,0.8298405490992473,0.9569923005281887,0.2767501579745034,0.05048486951101998,0.5698501417166905,0.20274605105300553,0.22890913997015772,0.8815342950182745,0.8302624139396002,2,High
0.07831822952182513,0.20388774811246768,0.9180724982952394,0.8862737193679758,0.14285714285714285,0.7368421052631579,0.44224919162664217,0.7389392349272494,0.7985338596573756,0.5141261327858632,2,High
0.1945121628445468,0.2778134190409895,0.9669176824426683,0.736483774051447,0.4801103598729428,0.8800813178011158,0.8123072387433655,0.6265808312099334,0.781906681790202,0.253389267182097,2,High
0.8062739263474827,0.5839004681690653,0.8054253497958542,0.5363549541011849,0.42857142857142855,0.9046430416012883,0.4202833720836027,0.42353135661950225,0.8181240496624814,0.2689403450451628,2,High
0.7693259600335572,0.2752660684078064,0.8600296221562078,0.4541038709823826,0.5714285714285714,0.45786563171141004,0.0955153344914372,0.7777777777777777,0.7258534950487855,0.7630055299748321,2,High
0.07421827439156228,0.877363745990008,0.9793203553047595,0.8493787564333423,0.5876105879819191,0.9180717337928043,0.32596884356874956,0.7777777777777777,0.8283329768533122,0.7202256973293012,2,High
0.8651613339175275,0.5924023683057512,0.8982475951949749,0.3006758303198463,0.14285714285714285,0.29006789450623915,0.8861791386109155,1.0,0.794430539580619,0.5295847256462647,2,High
0.17360806691130604,0.36348323713180974,0.8127413413587208,0.22923103884954682,0.7574372145478278,0.9632663422018313,0.6070386552989513,0.32290905616715393,0.6574034742414032,0.3508351598532164,2,High
0.04879720450570896,0.25284872617068926,0.7874844776771933,0.3531546836745193,0.8954345617734807,0.7368421052631579,0.3448275862068966,0.02978243693492949,0.7082008420653142,0.8197423062827901,2,High
0.8865100985529641,0.45801834324766005,0.8584751526945773,0.5276553780875948,0.042521639756351204,0.6842105263157894,0.6155577331328542,0.25529460869938425,0.7996387652563627,0.059046970434110835,2,High
0.31047671072925154,0.24736698351127898,0.43928548017183683,0.5407005189524284,0.8571428571428571,0.9646618594983887,0.0798034938578463,0.8158721487845809,0.4546402017327936,0.5429289030898978,2,High
0.1619059951536883,0.9273189448177307,0.5356669688126536,0.7581905995153688,0.40136142510977735,0.701752114190574,0.6075537914323064,0.6878300026923954,0.48724158235092335,0.17142884890957988,2,High
0.23111251530661253,0.47368421052631576,0.7110950396793912,0.16420334900627098,0.2857142857142857,0.7894736842105263,0.1402284324414353,1.0,0.5860291039651895,0.9078339125639777,2,High
0.08662719572759434,0.9684833751669563,0.944814209538066,0.3936402603578539,0.2429417234408692,0.631578947368421,0.4792490968186809,0.4444444444444444,0.9237088862114482,0.9057189166354805,2,High
0.3818777040840064,0.18650888828841114,0.8570098211738612,0.2554563311225202,0.2251507410123854,0.9250555361624577,0.2203985690795316,0.1582160903237002,0.7085435457089675,0.6097252427732364,2,High
0.8360699065009544,0.03220711596390793,0.9228433931287436,0.4586040063065681,0.2857142857142857,0.8179499261849638,0.07951612419507328,0.6666666666666666,0.8674755164643668,0.11388064796685748,2,High
0.4549214717326718,0.33127859187337083,0.9900600527191583,0.9851771729823762,0.7478907978288549,0.8421052631578947,0.6571745724974415,0.08497382391089058,0.8270539395664931,0.11264266886014887,2,High
0.8087160250232632,0.8169979737576731,0.9805548272381358,0.2204948469692926,0.39121703561458643,0.3433137632313573,0.9864751335845916,0.48292201369502924,0.92573516930747,0.6339924975907263,2,High
0.6423693447889394,0.8612873593771532,0.9457198615465068,0.05511442668061178,0.07530114776668827,0.3100825190806699,0.8275862068965517,0.830321329514798,0.8514880075229555,0.24085853158012963,2,High
0.1333333333333333,0.10526315789473684,0.9657978245373496,0.777535810184266,0.41846911375923973,0.6916543372300339,0.272032383457561,0.2817064557602956,0.7478776894969997,0.3286876678224656,2,High
0.3333333333333335,0.17100640824181076,0.8363904733393277,0.21707770173861135,0.7652702757793634,0.894736842105263,0.8743755838088119,0.13093844058086357,0.8509162816797573,0.04371926148080417,2,High
0.4250304285268273,0.7566029698896004,0.7121446263998035,0.3810255599625349,0.9017531122926851,0.8387797556919152,0.11421626848444125,0.29863646821680045,0.5980679249832532,0.5896840767907319,2,High
0.0,0.4331708509698879,0.6063228611155919,0.23098381798016088,0.42857142857142855,0.6599740875339084,0.5623883274040135,0.8888888888888888,0.4674272547550859,0.34816061305154083,2,High
0.7333333333333332,0.8838849387095564,0.7095359217445434,0.6581442086027595,0.0,0.5664675269941811,0.4696054652950096,0.8888888888888888,0.6179547616169818,0.3068555595640911,2,High
0.19425882532986077,0.7704189891218931,0.5941178030483509,0.5870299594159726,0.48029131524057567,0.6506336424570541,0.6105692995480134,0.4846710229648922,0.5070176067723734,0.16103686346527762,2,High
0.6152898971375238,0.7112509313311278,0.9226974500969716,0.09750572054304008,0.9266046149583672,0.21052631578947367,0.7143303710955664,1.0,0.7319517842427032,0.3955507078116572,2,High
0.564795870394555,0.6926356542158996,0.6992576724902052,0.3416671281761246,0.8571428571428571,0.8669441082062277,0.09075915469035925,0.3742205015532868,0.6269137217780586,0.5298023229030627,2,High
0.48225456376228115,0.6223492714565441,0.8236347186223223,0.9072985446306973,0.4369220877297934,0.7522248984496194,0.9249874537129081,0.8953838460120614,0.7172895219168417,0.24669092282171076,2,High
0.06666666666666665,0.32325128386984747,0.7130151584906206,0.7750887196763551,0.6940322294961282,0.894736842105263,0.695066651177506,0.23797493261412242,0.551537689630364,0.15339277493197181,2,High
0.47842528253330835,0.7182758696842501,0.618233101711991,0.06302460165602058,0.42857142857142855,0.7987568019999801,0.1690289304827413,0.5555555555555556,0.6017925624109084,0.12813649364999688,2,High
0.38607605004580514,0.09504769295834824,0.9248923552273266,0.46863729490799555,1.0,0.8208972061524048,0.3577042155883181,0.9336614536782565,0.6267289560099637,0.875,2,High
0.6000000000000001,0.6515371697598358,0.8145352031064463,0.42487454631658333,1.0,0.9117978292059274,0.4910892258319393,0.1111111111111111,0.7206050275927354,0.7556880933815532,2,High
0.06666666666666665,0.6781807333452133,0.496875621608126,0.09274958559458278,0.5550619905084363,0.8007149912577702,0.5748913482641869,0.9508092259133859,0.5020527950121981,0.3717962274915355,2,High
0.2963860609718154,0.2986708151296512,0.826190016239661,0.3734113739507221,0.9363155836318244,0.7425483247813442,0.2185300946114375,0.9009353523161713,0.5496228252872862,0.8972895457288614,2,High
0.9033977531468511,0.16325961023186986,0.3766555503286729,0.1334876855909077,0.6894927779720208,0.7513412183474412,0.2223804725102495,1.0,0.4967838424195934,0.5557711230507029,2,High
0.13438807278437212,0.10609584693503064,0.4260125498729973,0.5019618153789323,0.5736887273950831,1.0,0.6885640626368564,0.7777777777777777,0.5804707834336155,0.09680306945920045,2,High
0.5576240065264588,0.2093015750830178,0.911054501223711,0.7607740340282902,0.7596885644359369,0.9640957868974505,0.48275862068965514,0.07579778321649346,0.791184136164797,0.43848744522752703,2,High
0.43040807809051335,0.8516469969937246,0.578795596543873,0.09042036216887712,0.0,0.808557151882186,0.20044584237267837,0.3333333333333333,0.5178228407989598,0.1407042477234992,2,High
0.19999999999999996,0.9056020431803549,0.593010451364182,0.7104185233277385,0.5419373113676079,0.6106957584322827,0.6617359230813753,0.6225799344681524,0.5452362212815312,0.21174244718293023,2,High
0.4674454265510842,0.05263157894736842,0.46730678318885516,0.20407315522352992,0.6661104096063685,0.4571650349356369,0.2754592621287496,0.9263585703061578,0.5152487525608731,0.5870949846030963,2,High
0.1937016528219782,0.8798197040520537,0.6159270828119117,0.22667734709261542,0.7142857142857142,0.8271881251046853,0.7404267599431597,0.3123388427399275,0.584165744423365,0.08334256230109782,2,High
0.0,0.2703624401448993,0.5438865091290666,0.17173082726672104,0.032482467507231064,0.9880327751289149,0.5282023511154533,0.30806919193882026,0.5665644796440339,0.5208819091368394,2,High
0.617659696482449,0.5928892340650912,0.9253582782009349,0.15524477236183667,0.352887015075219,0.2910416260249193,0.5791271152313862,0.918321716359637,0.7600376366904897,0.41291463738685735,2,High
0.7957246341718103,0.6162852802604508,0.8936612296907147,0.29666521465401174,1.0,0.5636537013130825,0.8231634146604931,0.3010467027720629,0.8138168538429311,0.25245470531957215,2,High
0.746100097091861,0.6002236458847917,0.6331283308289742,0.38536260922834364,1.0,0.5375130429175331,0.33162058921531634,0.4657223840419904,0.5225898176659621,0.3508526966110183,2,High
0.2403167770770621,0.05263157894736842,0.3668320736790525,0.3537759146880832,0.799830297994431,0.4629703293622659,0.2483987497281706,0.7558195364531072,0.34421428285629296,0.5919168460172712,2,High
0.92660878415904,0.3964302991147788,0.3313792131887023,0.4174504595645313,1.0,0.6035697008852212,0.7276161461246345,0.9184542046211553,0.4162486117686185,0.38330439207951994,2,High
0.7979545717115261,0.7746211775725536,0.9328344632640095,0.5226621469439621,0.14285714285714285,0.370035864438269,0.15295188785369102,0.4062710583582551,0.9173976564663708,0.5424224029680829,2,High
0.8255229477736237,0.03248188333661299,0.9650063218195954,0.48840180967539054,0.5502096214552772,0.6796958464748297,0.2817778563433265,0.5980938018449281,0.8578642210356121,0.09531376866417413,2,High
0.770506004234622,0.3279136975830169,0.3938015399278916,0.7387017141562218,0.7939414376456185,0.7014331478653688,0.8700124225543904,0.9016866807820734,0.470964527641322,0.20278795031759664,2,High
0.7445424591165717,0.19282769613172862,0.7155220533012288,0.32979551423646425,0.738305269535511,0.079179508433986,0.442173854922757,0.6479847903612691,0.6462143268665311,0.6428334585054835,2,High
0.7791478875291822,0.2626943237683218,0.34861675552572263,0.179841458728766,0.904342483409434,0.9121261780982124,0.8506759522804814,0.7777777777777777,0.41321771728826506,0.07865628777473581,2,High
0.19999999999999996,0.0,0.8769161699197284,0.3531189056913508,0.2957045151013477,0.33787313864508445,0.896551724137931,0.35664386856981134,0.8681665812648817,0.2817835853702642,2,High
0.3333333333333335,0.9242459418585613,0.7675104112417945,0.5119162990757804,0.7656902537388334,0.31997343834292113,0.8593277472925689,0.8888888888888888,0.5787943303795365,0.5867991588808591,2,High
0.2610273502666175,0.9330975033420955,0.5701796539510322,0.23132788452497233,0.895878205214312,0.8760138324999514,0.6487393899827778,0.8888888888888888,0.4416100025794887,0.11279836535749169,2,High
0.8790415988871231,0.23195726359718827,0.2900655589149449,0.251581361836247,0.9153125726209396,0.8304439986821193,0.8339870339071326,0.7777777777777777,0.4247202685567728,0.19847354171104836,2,High
0.3120087954068969,0.19581724865335817,0.7725762524013787,0.08449134607489675,0.3828759901576359,0.364168863862068,0.8634619239072536,0.3333333333333333,0.73122777937304,0.36301319311034513,2,High
0.46155445044107,0.5020179800890513,0.7013121891865509,0.09076839135184382,0.5054773745274251,0.878551977234844,0.5331606337347594,0.8632412012051097,0.5397221581612645,0.753086816210412,2,High
0.3028760903413089,0.6270377520926703,0.8811670151851687,0.17803099532899386,0.42857142857142855,0.9142408386653214,0.9250839510179818,0.7873647455821402,0.79328790296071,0.7425387441612424,2,High
0.7873116758120622,0.10271706916291257,0.9586384175591594,0.5206836153642644,0.7414749804027239,0.5188447801623997,0.3809784719277469,0.5555555555555556,0.8072213969727351,0.06667725960266525,2,High
0.5403118501048679,0.5899660791129492,0.7161871100629206,0.6388976088837065,0.007476982255215472,0.9944906446540518,0.38472471128825947,0.9941845693570547,0.5498357001620603,0.8710467775157301,2,High
0.9333333333333333,0.381213008054119,0.46430108763384903,0.01584038701063261,0.37450336807344725,0.4808120668661898,0.4305549760709146,0.8047830170031401,0.5957766828297915,0.2223276912806194,2,High
0.9274111456308017,0.03820466019431494,0.9650076130096941,0.10082742407782706,0.6624365325934296,0.9473684210526315,0.2536321124879967,0.6567963538291137,0.7278317373115066,0.8513324922330696,2,High
0.5339359345727659,0.10478742007413232,0.9251412932338089,0.2988044726546423,0.7149313584708203,0.4208147626686451,0.4120788068188561,0.0010043353990539794,0.6809901247456339,0.4944576588845108,2,High
0.07381968650698104,0.4623899686731878,0.5570515134823363,0.2103604965473037,0.9362353784003368,0.6616220426095335,0.47106699815196806,0.37100633928810295,0.42450255719249064,0.761244664583835,2,High
0.62219072673704,0.035112584154968464,0.799378214399718,0.4166246201939483,0.8094900643611141,0.38597734470906314,0.16100913945497258,0.14809565567284433,0.7220843738686884,0.41502834593666404,2,High
0.038698333781111635,0.8641855259622803,0.4245171775053197,0.6188865506582341,0.42857142857142855,0.9694486838570171,0.8765353445959767,0.9067722237148166,0.549961310060633,0.5912004971789966,2,High
0.24891318784511313,0.014015904332805546,0.7630614310683557,0.2200033792084258,0.5714285714285714,0.47835617863725094,0.7555597450307666,0.13083719869061522,0.7913560028734011,0.7140218690606017,2,High
0.920555245318271,0.05263157894736842,0.5019418109270041,0.5114249860393222,0.280237962279259,0.945350828208148,0.6843676877179053,0.6666666666666666,0.5424439324513932,0.5176999441572888,2,High
0.37566400303940234,0.23893895696653328,0.9111000856076972,0.39743921230957907,0.7142857142857142,0.9615747416411613,0.8620689655172413,0.25221334346467406,0.7669087298070111,0.04127240296341716,2,High
0.8339783759921132,0.5511038463344691,0.8757356244493462,0.5375873565772724,0.2857142857142857,0.05161309053876889,0.32858713516017535,0.750537535548983,0.7299003668764076,0.07451621800591522,2,High
0.12196813745507214,0.5161397069885567,0.9112016915427821,0.2696382350539134,0.7386397054534167,0.8241602170343244,0.37343179523538217,0.18433823596135165,0.8955981810509327,0.9543139711286949,2,High
0.4971244745354149,0.5814415402645273,0.8476160604453383,0.27111294216507364,0.6557888781421136,1.0,0.10344827586206896,0.9545024607771996,0.8654553758322903,0.8983839395546618,2,High
0.30515405910692084,0.8421052631578947,0.345466397317914,0.472721005608682,0.30780311045823155,0.655992911559098,0.08887278919323484,1.0,0.2577645785372735,0.22438235690659988,2,High
0.18812042959340575,0.1766519532735698,0.9278348377071413,0.7685370315023066,0.8571428571428571,0.7217249591787185,0.4643248045414917,0.7260645186996377,0.7574109637050773,0.623270966585163,2,High
0.600247335951882,0.3685512294483589,0.9160766741450834,0.05399257992144348,0.2862442913254612,0.00019526522516991195,0.7239673545159435,0.1112485199732677,0.7562017601571122,0.6244063937154835,2,High
0.6466097927764497,0.01583437412385553,0.8772716611016734,0.29985363800857856,0.7142857142857142,0.7158792745635004,0.17913383965105067,0.8112059009281394,0.8274678367527674,0.9539402824152722,2,High
0.46916848342075956,0.3157894736842105,0.6439944721597518,0.7728741824606582,0.29107532161591315,0.894736842105263,0.3415924783352248,0.3333333333333333,0.7099153684170649,0.7236589070028607,2,High
0.336681794199171,0.16053825857829276,0.46455734035833823,0.10198184696099497,0.14285714285714285,0.894736842105263,0.6095101446709127,0.9472348284993091,0.5162687743570599,0.3217579419545647,2,High
0.19999999999999996,0.0,0.8944214716936645,0.358120420483904,0.34036089717771545,0.4365872463928447,0.896551724137931,0.4608420934146694,0.8702459249979276,0.356806307258562,2,High
0.0399430006725488,0.5452361582133125,0.6266119698587647,0.09999999999999998,0.1599755717168066,0.3810346317913312,0.7586206896551724,0.6400379995516341,0.48909330539373946,0.03756067046405866,2,High
0.9350556914247989,0.5843863939730494,0.8831991034874684,0.8922735126807345,0.43964373058799333,0.9972804872240016,0.48275862068965514,0.4501856380826632,0.7482101111192376,0.09620048912927626,2,High
0.0013350903950549642,0.582109424619867,0.7717249022022032,0.11616284643998914,0.5714285714285714,0.26842798840153276,0.4813774926947707,0.7777777777777777,0.7392315130845031,0.17080105423703298,2,High
0.8034186066647351,0.8448041631563699,0.60475656815155,0.1483716871489425,0.8946885392846795,0.6066126078939744,0.9056144749997502,1.0,0.5170561964161764,0.37512848550275235,2,High
0.1438000650704972,0.5911263260637627,0.8064452425561053,0.29651316837573843,0.31877145645878446,0.040452621304658334,0.4083792766876739,0.589533268262836,0.8176440597811965,0.05272701073663204,2,High
0.45042288559574234,0.1822073840201684,0.7415432835565985,0.4730358208417077,0.8919509594376952,0.6187549096808491,0.8006304682868736,0.24929519067376293,0.6719302600338073,0.45799440308243666,2,High
0.19999999999999996,0.43679425761624935,0.6175611693468724,0.6340992205408877,1.0,0.8083048535823781,0.5857008506607203,0.07298701253043616,0.45301820908778767,0.3258350645857837,2,High
1.0000000000000002,0.9278043906569705,0.9743757633692038,0.21505452138946113,0.6112553475911671,0.5030302561198073,0.5549285911854962,0.5452300950689567,0.9139167190367147,0.2165050401065573,2,High
0.8495301822378616,0.9052983755250232,0.28393358484391173,0.348232203875581,1.0,1.0,0.8354778689897848,0.8348993925404621,0.402269349568323,0.9544362186854336,2,High
0.35758039765845306,0.16587410279837156,0.7200895866673409,0.7509678409366188,0.887442573101105,0.5183364235174178,0.7366795160302343,0.8013442235230815,0.6643158133318764,0.6416653906439255,2,High
0.5423542538644307,0.6458225061017325,0.41978225954213916,0.12111548112368935,0.2663837417190772,0.7012332084298789,0.3178560093689013,0.8888888888888888,0.5597291622505159,0.475297071194969,2,High
0.7738990941773194,0.9039231980010856,0.8572458478782684,0.5838206467291547,0.31671040361708325,0.8100796624915899,0.8635321401137571,0.9564984902955324,0.8256668855801161,0.6118175952525783,2,High
0.6995441045453011,0.5277554593306278,0.5882059474317193,0.25457442827292054,0.929548347402926,0.6056230753589728,0.447804246081346,0.4429247929287816,0.5026677124235978,0.2861665057950059,2,High
0.3227130652920681,0.7787642159523632,0.18360241711342498,0.9459464472164787,0.40581371134014566,0.8611991535538988,0.2618289726272346,0.7954782245132199,0.14625737338182696,0.32552875618548865,2,High
0.9080897201016733,0.5756258403642552,0.9156988412213515,0.31957216234088826,0.13384156670297853,0.26980095085043687,0.9589887207159499,1.0,0.7984055370310793,0.6106798129771235,2,High
0.45882339810176287,0.024768216520749183,0.9951764233166347,0.753882250519375,0.7142857142857142,0.21671836991966098,0.27789107780213884,1.0,0.9226116803905406,0.6047057937186898,2,High
0.3848428466602602,0.3971202842004106,0.8028207190028831,0.6171017344123007,1.0,0.5191164999747109,0.8918349482592933,0.38385717779913303,0.6453776987554654,0.2147596184851047,2,High
0.5333333333333334,0.5070158943374904,0.9496660398482464,0.47076801432627036,0.8083322140147255,0.22982621092566752,0.6560352932996815,0.7398139442336754,0.7856053135663691,0.6601251175284538,2,High
0.8253939683673993,0.28320576450057827,0.8226235902958354,0.06314362854080217,0.37415578206985894,0.22306215520936976,0.11329162596779045,0.8888888888888888,0.7153706193267788,0.6376001912248344,2,High
0.06666666666666665,0.5080883279689998,0.9187836720986544,0.01968827755386382,0.8571428571428571,0.6336297529351058,0.5424692704463799,0.2607024187321115,0.8043405448191938,0.5735925544650137,2,High
0.4188556002272137,0.7894736842105263,0.7576463159113868,0.34332717901203136,0.8912936188853237,0.8272192629785157,0.12817813781351023,0.3333333333333333,0.6114705862799465,0.6029291499147948,2,High
0.9346298995668934,0.44685661859201586,0.7437390427531292,0.822614224960782,0.6442463209645283,0.8410816582366634,0.3779690694135589,0.7756168340551781,0.6529112859350096,0.7039506499356302,2,High
0.5883524072155265,0.10526315789473684,0.5417356945883552,0.210161306447802,1.0,0.5605564324455681,0.5490294072220046,0.6472540120258774,0.4530536441163022,0.030482833506026194,2,High
0.8773926256390374,0.6083898461548926,0.9299505132310875,0.32289600892254017,0.3026877362694167,0.24843665586992214,0.9751621909817751,1.0,0.7842875452834628,0.5840222346146391,2,High
0.015363461572737824,0.47671647267882983,0.5812345769169072,0.3696131634651374,0.4121105768863523,0.5668183198109964,0.47679865714850683,0.895290331210863,0.4196222976730755,0.21923870191022332,2,High
0.03377689020697394,0.34245543963708464,0.6137269628934225,0.49730705275996634,0.14285714285714285,0.46035122754987867,0.4696555167300532,1.0,0.5855290530664414,0.33896748212234273,2,High
0.44509810515305215,0.1493808309814679,0.25197058526811267,0.1881762866229847,0.9768908269496986,0.7283281994025205,0.7986815245293831,0.7777777777777777,0.26936869495499816,0.15588227381633754,2,High
0.8096735884685587,0.09401452403984707,0.8616862021621454,0.6742158743784222,0.887674863320415,0.7669764165007468,0.007369794594582948,0.19847510630634382,0.738934525175283,0.435196584864983,2,High
0.4099449843090357,0.32247700465321927,0.8615138593225798,0.7847405830537584,0.9392267689025381,0.8342539597560246,0.6456469705845965,0.46101941829283705,0.7803731722593598,0.35969635970130964,2,High
0.5510867632457117,0.894736842105263,0.6832394435419473,0.1354728753723436,0.8381213250938804,0.9701802440962412,0.5804440279605894,0.0,0.6894483049222278,0.16267671016114396,2,High
0.23761140348217988,0.11437517311444859,0.43884826647239816,0.05279411842544031,0.14285714285714285,0.798585699430238,0.766134981858057,0.8646761695684831,0.4313908298378692,0.1692680427327432,2,High
0.9331796001090656,0.868117631794208,0.5787133048486719,0.8090714859492846,0.2857142857142857,0.89497957877516,0.17257282747338065,0.8334614443535565,0.6113774603566724,0.49493082004907946,2,High
0.24018808150471935,0.7051146724962742,0.9000118984953352,0.40381441291537995,0.2857142857142857,0.2840620409173269,0.8828559042265789,0.9117380494601752,0.7581853491486218,0.3025203921629659,2,High
0.5481247779120269,0.1253053759852722,0.8743076468699531,0.8944043852858495,0.06575248303429387,0.9431860401305323,0.13028028728688273,0.11994058194665395,0.7461171252408537,0.558890641656598,2,High
0.24960665963031525,0.17747631301196654,0.9580689489973199,0.8053465972558229,0.7508428722207531,0.7037921024856507,0.5469051633150628,0.749344432717192,0.776511855858004,0.7727764825850302,2,High
1.0000000000000002,0.2655696230765416,0.7753387349639962,0.5573944304512725,0.23918625805843546,0.6842105263157894,0.5412832836426273,0.2996905806262437,0.7674403824168444,0.01848607612818097,2,High
0.6268370948214481,0.09842501209275238,0.5458434591794694,0.11727157982500815,0.2949946264455503,0.7368421052631579,0.7769821100882561,0.5555555555555556,0.4144609864617457,0.5399308303065778,2,High
